page,whatsapp_url,utm_source,utm_medium,utm_campaign,utm_content
cases.html,https://wa.me/5511954346288?utm_source=site&utm_medium=whatsapp&utm_campaign=geral,site,whatsapp,geral,
cases.html,https://wa.me/5511954346288?utm_source=site&utm_medium=whatsapp&utm_campaign=geral,site,whatsapp,geral,
guia-como-comprar-imovel-litoral.html,https://wa.me/5511954346288?text=Ol%C3%A1!%20Li%20o%20guia%20e%20quero%20ajuda%20para%20comprar%20um%20im%C3%B3vel%20no%20litoral.,,,,
guia-como-comprar-imovel-litoral.html,https://wa.me/5511954346288?text=Olá!%20Li%20o%20guia%20de%20compra%20e%20quero%20ajuda%20para%20escolher%20um%20imóvel.,,,,
guia-como-comprar-imovel-temporada-litoral.html,https://wa.me/5511954346288?text=Olá!%20Li%20o%20guia%20de%20temporada%20e%20quero%20opções%20de%20imóvel%20para%20temporada.,,,,
imoveis.html,https://wa.me/5511954346288?utm_source=site&utm_medium=whatsapp&utm_campaign=geral,site,whatsapp,geral,
imoveis.html,https://wa.me/5511954346288?utm_source=site&utm_medium=whatsapp&utm_campaign=geral,site,whatsapp,geral,
imoveis.html,https://wa.me/5511954346288?utm_source=site&utm_medium=whatsapp&utm_campaign=geral,site,whatsapp,geral,
imoveis.html,https://wa.me/5511954346288?utm_source=site&utm_medium=whatsapp&utm_campaign=geral,site,whatsapp,geral,
imoveis.html,https://wa.me/5511954346288?utm_source=site&utm_medium=whatsapp&utm_campaign=geral,site,whatsapp,geral,
imoveis.html,https://wa.me/5511954346288?utm_source=site&utm_medium=whatsapp&utm_campaign=geral,site,whatsapp,geral,
imoveis.html,https://wa.me/5511954346288?utm_source=site&utm_medium=whatsapp&utm_campaign=geral,site,whatsapp,geral,
imoveis.html,https://wa.me/5511954346288?utm_source=site&utm_medium=whatsapp&utm_campaign=geral,site,whatsapp,geral,
imoveis.html,https://wa.me/5511954346288?utm_source=site&utm_medium=whatsapp&utm_campaign=geral,site,whatsapp,geral,
imoveis.html,https://wa.me/5511954346288?utm_source=site&utm_medium=whatsapp&utm_campaign=geral,site,whatsapp,geral,
imoveis.html,https://wa.me/5511954346288?utm_source=site&utm_medium=whatsapp&utm_campaign=geral,site,whatsapp,geral,
imoveis.html,https://wa.me/5511954346288?utm_source=site&utm_medium=whatsapp&utm_campaign=geral,site,whatsapp,geral,
index.html,https://wa.me/5511954346288?utm_source=site&utm_medium=whatsapp&utm_campaign=geral,site,whatsapp,geral,
index.html,https://wa.me/5511954346288?utm_source=site&utm_medium=whatsapp&utm_campaign=geral,site,whatsapp,geral,
index.html,https://wa.me/5511954346288?utm_source=site&utm_medium=whatsapp&utm_campaign=geral,site,whatsapp,geral,
index.html,https://wa.me/5511954346288?utm_source=site&utm_medium=whatsapp&utm_campaign=geral,site,whatsapp,geral,
index.html,https://wa.me/5511954346288?utm_source=site&utm_medium=whatsapp&utm_campaign=geral,site,whatsapp,geral,
index.html,https://wa.me/5511954346288?utm_source=site&utm_medium=whatsapp&utm_campaign=geral,site,whatsapp,geral,
index.html,https://wa.me/5511954346288?utm_source=site&utm_medium=whatsapp&utm_campaign=geral,site,whatsapp,geral,
index.html,https://wa.me/5511954346288?utm_source=site&utm_medium=whatsapp&utm_campaign=geral,site,whatsapp,geral,
index.html,https://wa.me/5511954346288?utm_source=site&utm_medium=whatsapp&utm_campaign=geral,site,whatsapp,geral,
index.html,https://wa.me/5511954346288?utm_source=site&utm_medium=whatsapp&utm_campaign=geral,site,whatsapp,geral,
index.html,https://wa.me/5511954346288?utm_source=site&utm_medium=whatsapp&utm_campaign=geral,site,whatsapp,geral,
index.html,https://wa.me/5511954346288?utm_source=site&utm_medium=whatsapp&utm_campaign=geral,site,whatsapp,geral,
index.html,https://wa.me/5511954346288?utm_source=site&utm_medium=whatsapp&utm_campaign=geral,site,whatsapp,geral,
index.html,https://wa.me/5511954346288?utm_source=site&utm_medium=whatsapp&utm_campaign=geral,site,whatsapp,geral,
investidores.html,https://wa.me/5511954346288?text=Ol%C3%A1%2C%20tenho%20interesse%20em%20investir%20na%20Praia%20Digital,,,,
landing-parcerias-anuncios.html,https://wa.me/5511954346288?text=Quero%20a%20parceria%20Praia%20Digital,,,,
landing-parcerias-anuncios.html,https://wa.me/5511954346288?text=Quero%20a%20proposta%20de%20parceria%20completa,,,,
landing-parcerias-captura-praia-digital-2026.html,https://wa.me/5511954346288?text=Quero%20ser%20parceiro%20da%20Praia%20Digital,,,,
landing-parcerias-captura-praia-digital-2026.html,https://wa.me/5511954346288?text=Quero%20iniciar%20o%20piloto,,,,
landing-parcerias-captura-praia-digital-conversao-2026.html,https://wa.me/5511954346288?text=Quero%20parceria%20com%20a%20Praia%20Digital,,,,
landing-parcerias-captura-praia-digital-conversao-2026.html,https://wa.me/5511954346288?text=Quero%20parceria%20com%20a%20Praia%20Digital,,,,
landing-parcerias-conversao-praia-digital-2026.html,https://wa.me/5511954346288?text=Quero%20parceria%20com%20a%20Praia%20Digital,,,,
landing-parcerias-conversao-praia-digital-2026.html,https://wa.me/5511954346288?text=Quero%20parceria%20com%20a%20Praia%20Digital,,,,
landing-parcerias-imobiliarias-litoral.html,https://wa.me/5511954346288?text=Ol%C3%A1%2C%20quero%20saber%20mais%20sobre%20a%20parceria%20Praia%20Digital,,,,
obrigado-segmentado.html,https://wa.me/5511954346288?text=Ol%C3%A1%2C%20acabei%20de%20solicitar%20parceria%20no%20site.,,,,
parcerias-litoral-paulista.html,https://wa.me/5511954346288?text=Quero%20saber%20mais%20sobre%20parceria,,,,
servicos-ia-investidores.html,https://wa.me/5511954346288?text=Olá!,,,,
servicos-ia-investidores.html,https://wa.me/5511954346288?text=Quero%20o%20plano%20Starter%20para%20investidores.,,,,
servicos-ia-investidores.html,https://wa.me/5511954346288?text=Quero%20o%20plano%20Professional%20para%20investidores.,,,,
servicos.html,https://wa.me/5511954346288?utm_source=site&utm_medium=whatsapp&utm_campaign=geral,site,whatsapp,geral,
servicos.html,https://wa.me/5511954346288?utm_source=site&utm_medium=whatsapp&utm_campaign=geral,site,whatsapp,geral,
blog\abordagem-proprietarios-whatsapp-litoral-2026.html,https://wa.me/5511954346288?text=Quero%20o%20modelo%20de%20abordagem%20WhatsApp,,,,
blog\agencia-ia-imobiliaria-litoral.html,https://wa.me/5511954346288?text=Olá!,,,,
blog\agencia-ia-imobiliaria-litoral.html,https://wa.me/5511954346288?text=Quero,,,,
blog\aluguel-temporada-ia-litoral.html,https://wa.me/5511954346288?text=Olá!,,,,
blog\aluguel-temporada-ia-litoral.html,https://wa.me/5511954346288?text=Quero,,,,
blog\apartamento-venda-santos-ia.html,https://wa.me/5511954346288?text=Olá!,,,,
blog\apartamento-venda-santos-ia.html,https://wa.me/5511954346288?text=Olá!,,,,
blog\apartamentos-venda-na-praia-2026.html,https://wa.me/5511954346288?text=Quero%20aplicar%20essas%20dicas%20no%20meu%20neg%C3%B3cio,,,,
blog\aposentado-bertioga-ia.html,https://wa.me/5511954346288?text=Olá!,,,,
blog\aposentado-bertioga-ia.html,https://wa.me/5511954346288?text=Olá!,,,,
blog\aposentado-mongagua-ia.html,https://wa.me/5511954346288?text=Olá!,,,,
blog\aposentado-mongagua-ia.html,https://wa.me/5511954346288?text=Olá!,,,,
blog\apto-aposentado-sao-vicente-ia.html,https://wa.me/5511954346288?text=Olá!,,,,
blog\apto-aposentado-sao-vicente-ia.html,https://wa.me/5511954346288?text=Olá!,,,,
blog\apto-familia-zona-norte-santos-ia.html,https://wa.me/5511954346288?text=Olá!,,,,
blog\apto-familia-zona-norte-santos-ia.html,https://wa.me/5511954346288?text=Olá!,,,,
blog\apto-frente-mar-santos-ia.html,https://wa.me/5511954346288?text=Olá!,,,,
blog\apto-frente-mar-santos-ia.html,https://wa.me/5511954346288?text=Olá!,,,,
blog\apto-investidor-guaruja-zona-leste-ia.html,https://wa.me/5511954346288?text=Olá!,,,,
blog\apto-investidor-guaruja-zona-leste-ia.html,https://wa.me/5511954346288?text=Olá!,,,,
blog\aumentar-aluguel-temporada-ia-litoral.html,https://wa.me/5511954346288?text=Olá!,,,,
blog\aumentar-aluguel-temporada-ia-litoral.html,https://wa.me/5511954346288?text=Olá!,,,,
blog\automacao-aluguel-temporada-litoral.html,https://wa.me/5511954346288?text=Olá!,,,,
blog\automacao-aluguel-temporada-litoral.html,https://wa.me/5511954346288?text=Olá!,,,,
blog\automacao-imoveis-litoral-sem-rebuild.html,https://wa.me/5511954346288?text=Olá!,,,,
blog\automacao-imoveis-litoral-sem-rebuild.html,https://wa.me/5511954346288?text=Olá!,,,,
blog\avaliacao-automatica-anuncios-imoveis-litoral.html,https://wa.me/5511954346288?text=Quero%20o%20checklist%20de%20avalia%C3%A7%C3%A3o%20de%20an%C3%BAncios,,,,
blog\avaliacao-manual-vs-automatica-imoveis-litoral-2026.html,https://wa.me/5511954346288?text=Quero%20testar%20a%20avalia%C3%A7%C3%A3o%20autom%C3%A1tica,,,,
blog\avancar-negociacao-ligacao-litoral-2026.html,https://wa.me/5511954346288?text=Quero%20o%20roteiro%20para%20ligacoes,,,,
blog\captacao-imoveis-alta-temporada-santos-ia.html,https://wa.me/5511954346288?text=Olá!,,,,
blog\captacao-imoveis-alta-temporada-santos-ia.html,https://wa.me/5511954346288?text=Olá!,,,,
blog\captacao-imoveis-baixa-temporada-guaruja-ia.html,https://wa.me/5511954346288?text=Olá!,,,,
blog\captacao-imoveis-baixa-temporada-guaruja-ia.html,https://wa.me/5511954346288?text=Olá!,,,,
blog\captacao-imoveis-baixa-temporada-imobiliaria.html,https://wa.me/5511954346288?text=Quero%20o%20plano%20de%20capta%C3%A7%C3%A3o%20offseason,,,,
blog\captacao-imoveis-feriado-bertioga-ia.html,https://wa.me/5511954346288?text=Olá!,,,,
blog\captacao-imoveis-feriado-bertioga-ia.html,https://wa.me/5511954346288?text=Olá!,,,,
blog\captacao-imoveis-inverno-saovicente-ia.html,https://wa.me/5511954346288?text=Olá!,,,,
blog\captacao-imoveis-inverno-saovicente-ia.html,https://wa.me/5511954346288?text=Olá!,,,,
blog\captacao-imoveis-verao-praiagrande-ia.html,https://wa.me/5511954346288?text=Olá!,,,,
blog\captacao-imoveis-verao-praiagrande-ia.html,https://wa.me/5511954346288?text=Olá!,,,,
blog\captacao-leads-ia-litoral-paulista-30-dias.html,https://wa.me/5511954346288?text=Olá!,,,,
blog\captacao-leads-ia-litoral-paulista-30-dias.html,https://wa.me/5511954346288?text=Quero,,,,
blog\captacao-leads-imobiliaria-litoral-ia.html,https://wa.me/5511954346288?text=Olá!,,,,
blog\captacao-leads-imobiliaria-litoral-ia.html,https://wa.me/5511954346288?text=Olá!,,,,
blog\casa-condominio-praiagrande-ia.html,https://wa.me/5511954346288?text=Olá!,,,,
blog\casa-condominio-praiagrande-ia.html,https://wa.me/5511954346288?text=Olá!,,,,
blog\casa-familia-praiagrande-zona-sul-ia.html,https://wa.me/5511954346288?text=Olá!,,,,
blog\casa-familia-praiagrande-zona-sul-ia.html,https://wa.me/5511954346288?text=Olá!,,,,
blog\casa-investidor-peruibe-ia.html,https://wa.me/5511954346288?text=Olá!,,,,
blog\casa-investidor-peruibe-ia.html,https://wa.me/5511954346288?text=Olá!,,,,
blog\casa-investidor-zona-sul-santos-ia.html,https://wa.me/5511954346288?text=Olá!,,,,
blog\casa-investidor-zona-sul-santos-ia.html,https://wa.me/5511954346288?text=Olá!,,,,
blog\casa-venda-guaruja-ia.html,https://wa.me/5511954346288?text=Olá!,,,,
blog\casa-venda-guaruja-ia.html,https://wa.me/5511954346288?text=Olá!,,,,
blog\cases-parcerias-imobiliarias-litoral-2026.html,https://wa.me/5511954346288?text=Quero%20um%20case%20similar,,,,
blog\chatbot-imobiliaria-gratis-litoral.html,https://wa.me/5511954346288?text=Olá!,,,,
blog\chatbot-imobiliaria-gratis-litoral.html,https://wa.me/5511954346288?text=Olá!,,,,
blog\checklist-imobiliaria-digital-vs-tradicional-litoral.html,https://wa.me/5511954346288?text=Olá!,,,,
blog\checklist-imobiliaria-digital-vs-tradicional-litoral.html,https://wa.me/5511954346288?text=Quero,,,,
blog\checklist-rapida-reduzir-objecao-antes-visita-litoral-2026.html,https://wa.me/5511954346288?text=Quero%20o%20modelo%20de%20follow-up,,,,
blog\checklist-rapido-captacao-imoveis-litoral-2026.html,https://wa.me/5511954346288?text=Quero%20o%20checklist%20de%20capta%C3%A7%C3%A3o%20r%C3%A1pido,,,,
blog\cobertura-aluguel-bertioga-ia.html,https://wa.me/5511954346288?text=Olá!,,,,
blog\cobertura-aluguel-bertioga-ia.html,https://wa.me/5511954346288?text=Olá!,,,,
blog\cobertura-aposentado-bertioga-ia.html,https://wa.me/5511954346288?text=Olá!,,,,
blog\cobertura-aposentado-bertioga-ia.html,https://wa.me/5511954346288?text=Olá!,,,,
blog\cobertura-familia-mongagua-ia.html,https://wa.me/5511954346288?text=Olá!,,,,
blog\cobertura-familia-mongagua-ia.html,https://wa.me/5511954346288?text=Olá!,,,,
blog\como-converter-visitantes-parceiros-litoral-2026.html,https://wa.me/5511954346288?text=Quero%20aumentar%20a%20convers%C3%A3o%20do%20meu%20site,,,,
blog\comparativo-bairros-litoral-paulista.html,https://wa.me/5511954346288?text=Olá!,,,,
blog\comparativo-bairros-litoral-paulista.html,https://wa.me/5511954346288?text=Quero,,,,
blog\construtoras-digitais-litoral-paulista.html,https://wa.me/5511954346288?text=Olá!,,,,
blog\construtoras-digitais-litoral-paulista.html,https://wa.me/5511954346288?text=Olá!,,,,
blog\consultoria-ia-imobiliaria-litoral-paulista-leve.html,https://wa.me/5511954346288?text=Olá!,,,,
blog\consultoria-ia-imobiliaria-litoral-paulista-leve.html,https://wa.me/5511954346288?text=Quero,,,,
blog\consultoria-ia-imobiliaria-litoral-personalizado.html,https://wa.me/5511954346288?text=Olá!,,,,
blog\consultoria-ia-imobiliaria-litoral-personalizado.html,https://wa.me/5511954346288?text=Quero,,,,
blog\corretores-autonomos-ia-competir-imobiliarias.html,https://wa.me/5511954346288?text=Olá!,,,,
blog\corretores-autonomos-ia-competir-imobiliarias.html,https://wa.me/5511954346288?text=Quero,,,,
blog\corretores-imoveis-dicas-litoral.html,https://wa.me/5511954346288?text=Olá!,,,,
blog\corretores-imoveis-dicas-litoral.html,https://wa.me/5511954346288?text=Olá!,,,,
blog\crm-ia-imobiliaria-litoral.html,https://wa.me/5511954346288?text=Olá!,,,,
blog\crm-ia-imobiliaria-litoral.html,https://wa.me/5511954346288?text=Quero,,,,
blog\diagnostico-ia-imobiliaria-gratis.html,https://wa.me/5511954346288?text=Olá!,,,,
blog\diagnostico-ia-imobiliaria-gratis.html,https://wa.me/5511954346288?text=Olá!,,,,
blog\diferenciacao-pequenas-imobiliarias-litoral-2026.html,https://wa.me/5511954346288?text=Quero%20o%20plano%20de%20diferencia%C3%A7%C3%A3o,,,,
blog\dossie-conquista-corretores-autonomos-litoral-paulista.html,https://wa.me/5511954346288?text=Olá!,,,,
blog\dossie-conquista-corretores-autonomos-litoral-paulista.html,https://wa.me/5511954346288?text=Quero,,,,
blog\dossie-conquista-pequenas-imobiliarias-litoral-paulista.html,https://wa.me/5511954346288?text=Olá!,,,,
blog\dossie-conquista-pequenas-imobiliarias-litoral-paulista.html,https://wa.me/5511954346288?text=Quero,,,,
blog\economia-anuncios-imobiliaria-ia.html,https://wa.me/5511954346288?text=Olá!,,,,
blog\economia-anuncios-imobiliaria-ia.html,https://wa.me/5511954346288?text=Olá!,,,,
blog\familia-guaruja-zona-leste-ia.html,https://wa.me/5511954346288?text=Olá!,,,,
blog\familia-guaruja-zona-leste-ia.html,https://wa.me/5511954346288?text=Olá!,,,,
blog\familia-itanhaem-zona-norte-ia.html,https://wa.me/5511954346288?text=Olá!,,,,
blog\familia-itanhaem-zona-norte-ia.html,https://wa.me/5511954346288?text=Olá!,,,,
blog\familia-praiagrande-zona-sul-ia.html,https://wa.me/5511954346288?text=Olá!,,,,
blog\familia-praiagrande-zona-sul-ia.html,https://wa.me/5511954346288?text=Olá!,,,,
blog\faq-bairro-imobiliarias-litoral-2026.html,https://wa.me/5511954346288?text=Quero%20ajuda%20para%20criar%20FAQ%20de%20bairro,,,,
blog\faq-bairro-reduzir-objecao-litoral-2026.html,https://wa.me/5511954346288?text=Quero%20ajuda%20para%20criar%20FAQ%20de%20bairro,,,,
blog\fechamento-rapido-leads-quentes-litoral-2026.html,https://wa.me/5511954346288?text=Quero%20automatizar%20meu%20fechamento%20no%20litoral,,,,
blog\ferramenta-ia-imobiliaria-gratis.html,https://wa.me/5511954346288?text=Olá!,,,,
blog\ferramenta-ia-imobiliaria-gratis.html,https://wa.me/5511954346288?text=Olá!,,,,
blog\ferramentas-ia-gratuitas-imobiliaria.html,https://wa.me/5511954346288?text=Olá!,,,,
blog\ferramentas-ia-gratuitas-imobiliaria.html,https://wa.me/5511954346288?text=Olá!,,,,
blog\followup-pos-visita-sem-insistencia-litoral-2026.html,https://wa.me/5511954346288?text=Quero%20os%20templates%20de%20follow-up,,,,
blog\framework-captacao-ia-imobiliaria-litoral-paulista.html,https://wa.me/5511954346288?text=Olá!,,,,
blog\framework-captacao-ia-imobiliaria-litoral-paulista.html,https://wa.me/5511954346288?text=Quero,,,,
blog\framework-captacao-imoveis-litoral.html,https://wa.me/5511954346288?text=Olá!,,,,
blog\framework-captacao-imoveis-litoral.html,https://wa.me/5511954346288?text=Olá!,,,,
blog\geracao-leads-alta-temporada-litoral.html,https://wa.me/5511954346288?text=Olá!,,,,
blog\geracao-leads-alta-temporada-litoral.html,https://wa.me/5511954346288?text=Olá!,,,,
blog\guia-imoveis-frente-mar-bertioga.html,https://wa.me/5511954346288?text=Olá!,,,,
blog\guia-imoveis-frente-mar-bertioga.html,https://wa.me/5511954346288?text=Quero,,,,
blog\guia-pratico-ia-imobiliaria-litoral-paulista.html,https://wa.me/5511954346288?text=Olá!,,,,
blog\guia-pratico-ia-imobiliaria-litoral-paulista.html,https://wa.me/5511954346288?text=Quero,,,,
blog\guia-seo-local-imobiliaria-litoral-paulista.html,https://wa.me/5511954346288?text=Olá!,,,,
blog\guia-seo-local-imobiliaria-litoral-paulista.html,https://wa.me/5511954346288?text=Quero,,,,
blog\ia-generativa-marketing-imobiliario-litoral.html,https://wa.me/5511954346288?text=Olá!,,,,
blog\ia-generativa-marketing-imobiliario-litoral.html,https://wa.me/5511954346288?text=Olá!,,,,
blog\ia-para-administradores-imoveis-litoral.html,https://wa.me/5511954346288?text=Olá!,,,,
blog\ia-para-administradores-imoveis-litoral.html,https://wa.me/5511954346288?text=Quero,,,,
blog\ia-para-aluguel-temporada-litoral.html,https://wa.me/5511954346288?text=Olá!,,,,
blog\ia-para-aluguel-temporada-litoral.html,https://wa.me/5511954346288?text=Olá!,,,,
blog\ia-para-apto-litoral.html,https://wa.me/5511954346288?text=Olá!,,,,
blog\ia-para-apto-litoral.html,https://wa.me/5511954346288?text=Olá!,,,,
blog\ia-para-casa-litoral.html,https://wa.me/5511954346288?text=Olá!,,,,
blog\ia-para-casa-litoral.html,https://wa.me/5511954346288?text=Olá!,,,,
blog\ia-para-corretores-autonomos-litoral-paulista.html,https://wa.me/5511954346288?text=Olá!,,,,
blog\ia-para-corretores-autonomos-litoral-paulista.html,https://wa.me/5511954346288?text=Quero,,,,
blog\ia-para-corretores-imoveis-litoral.html,https://wa.me/5511954346288?text=Olá!,,,,
blog\ia-para-corretores-imoveis-litoral.html,https://wa.me/5511954346288?text=Olá!,,,,
blog\ia-para-corretores-iniciantes-litoral.html,https://wa.me/5511954346288?text=Olá!,,,,
blog\ia-para-corretores-iniciantes-litoral.html,https://wa.me/5511954346288?text=Olá!,,,,
blog\ia-para-imobiliaria-bertioga.html,https://wa.me/5511954346288?text=Olá!,,,,
blog\ia-para-imobiliaria-guaruja.html,https://wa.me/5511954346288?text=Olá!,,,,
blog\ia-para-imobiliaria-itanhaem.html,https://wa.me/5511954346288?text=Olá!,,,,
blog\ia-para-imobiliaria-mongagua.html,https://wa.me/5511954346288?text=Olá!,,,,
blog\ia-para-imobiliaria-peruibe.html,https://wa.me/5511954346288?text=Olá!,,,,
blog\ia-para-imobiliaria-praia-grande.html,https://wa.me/5511954346288?text=Olá!,,,,
blog\ia-para-imobiliaria-santos.html,https://wa.me/5511954346288?text=Olá!,,,,
blog\ia-para-imobiliaria-sao-vicente.html,https://wa.me/5511954346288?text=Olá!,,,,
blog\ia-para-imobiliaria-tradicional-litoral-paulista.html,https://wa.me/5511954346288?text=Olá!,,,,
blog\ia-para-imobiliaria-tradicional-litoral-paulista.html,https://wa.me/5511954346288?text=Quero,,,,
blog\ia-para-imobiliarias-iniciantes.html,https://wa.me/5511954346288?text=Olá!,,,,
blog\ia-para-imobiliarias-iniciantes.html,https://wa.me/5511954346288?text=Olá!,,,,
blog\ia-para-imoveis-luxo-litoral.html,https://wa.me/5511954346288?text=Olá!,,,,
blog\ia-para-imoveis-luxo-litoral.html,https://wa.me/5511954346288?text=Olá!,,,,
blog\ia-para-investidores-imoveis-litoral.html,https://wa.me/5511954346288?text=Olá!,,,,
blog\ia-para-investidores-imoveis-litoral.html,https://wa.me/5511954346288?text=Olá!,,,,
blog\ia-para-investidores-litoral-paulista.html,https://wa.me/5511954346288?text=Olá!,,,,
blog\ia-para-investidores-litoral-paulista.html,https://wa.me/5511954346288?text=Quero,,,,
blog\ia-para-lancamentos-imoveis-litoral.html,https://wa.me/5511954346288?text=Olá!,,,,
blog\ia-para-lancamentos-imoveis-litoral.html,https://wa.me/5511954346288?text=Olá!,,,,
blog\ia-para-primeira-compra-imovel-litoral.html,https://wa.me/5511954346288?text=Olá!,,,,
blog\ia-para-primeira-compra-imovel-litoral.html,https://wa.me/5511954346288?text=Olá!,,,,
blog\ia-seo-local-rapido-imobiliaria.html,https://wa.me/5511954346288?text=Olá!,,,,
blog\ia-seo-local-rapido-imobiliaria.html,https://wa.me/5511954346288?text=Olá!,,,,
blog\ia-suporte-cliente-imobiliaria-litoral.html,https://wa.me/5511954346288?text=Olá!,,,,
blog\ia-suporte-cliente-imobiliaria-litoral.html,https://wa.me/5511954346288?text=Quero,,,,
blog\imoveis-desconto-litoral-paulista.html,https://wa.me/5511954346288?text=Olá!,,,,
blog\imoveis-desconto-litoral-paulista.html,https://wa.me/5511954346288?text=Olá!,,,,
blog\imoveis-na-planta-bertioga-ia.html,https://wa.me/5511954346288?text=Olá!,,,,
blog\imoveis-na-planta-bertioga-ia.html,https://wa.me/5511954346288?text=Olá!,,,,
blog\imoveis-na-planta-guaruja-zona-leste-ia.html,https://wa.me/5511954346288?text=Olá!,,,,
blog\imoveis-na-planta-guaruja-zona-leste-ia.html,https://wa.me/5511954346288?text=Olá!,,,,
blog\imoveis-na-planta-santos-ia.html,https://wa.me/5511954346288?text=Olá!,,,,
blog\imoveis-na-planta-santos-ia.html,https://wa.me/5511954346288?text=Olá!,,,,
blog\imoveis-na-planta-sao-vicente-ia.html,https://wa.me/5511954346288?text=Olá!,,,,
blog\imoveis-na-planta-sao-vicente-ia.html,https://wa.me/5511954346288?text=Olá!,,,,
blog\indicadores-crescimento-imobiliaria-litoral-2026.html,https://wa.me/5511954346288?text=Quero%20o%20modelo%20de%20relat%C3%B3rio%20semanal,,,,
blog\intencao-compra-litoral-requalificacao-2026.html,https://wa.me/5511954346288?text=Quero%20a%20planilha%20de%20qualifica%C3%A7%C3%A3o%20r%C3%A1pida,,,,
blog\investidor-guaruja-zona-oeste-ia.html,https://wa.me/5511954346288?text=Olá!,,,,
blog\investidor-guaruja-zona-oeste-ia.html,https://wa.me/5511954346288?text=Olá!,,,,
blog\investidor-sao-vicente-ia.html,https://wa.me/5511954346288?text=Olá!,,,,
blog\investidor-sao-vicente-ia.html,https://wa.me/5511954346288?text=Olá!,,,,
blog\investidor-zona-sul-santos-ia.html,https://wa.me/5511954346288?text=Olá!,,,,
blog\investidor-zona-sul-santos-ia.html,https://wa.me/5511954346288?text=Olá!,,,,
blog\investimento-no-litoral-bertioga.html,https://wa.me/5511954346288?text=Olá!,,,,
blog\investimento-no-litoral-bertioga.html,https://wa.me/5511954346288?text=Quero,,,,
blog\kit-abordagem-b2b-imobiliaria-litoral.html,https://wa.me/5511954346288?text=Olá!,,,,
blog\kit-abordagem-b2b-imobiliaria-litoral.html,https://wa.me/5511954346288?text=Quero,,,,
blog\lancamento-apto-aposentado-saovicente-ia.html,https://wa.me/5511954346288?text=Olá!,,,,
blog\lancamento-apto-aposentado-saovicente-ia.html,https://wa.me/5511954346288?text=Olá!,,,,
blog\lancamento-apto-familia-zona-norte-santos-ia.html,https://wa.me/5511954346288?text=Olá!,,,,
blog\lancamento-apto-familia-zona-norte-santos-ia.html,https://wa.me/5511954346288?text=Olá!,,,,
blog\lancamento-apto-investidor-guaruja-zona-leste-ia.html,https://wa.me/5511954346288?text=Olá!,,,,
blog\lancamento-apto-investidor-guaruja-zona-leste-ia.html,https://wa.me/5511954346288?text=Olá!,,,,
blog\lancamento-apto-investidor-santos-zona-norte-ia.html,https://wa.me/5511954346288?text=Olá!,,,,
blog\lancamento-apto-investidor-santos-zona-norte-ia.html,https://wa.me/5511954346288?text=Olá!,,,,
blog\lancamento-casa-familia-guaruja-zona-oeste-ia.html,https://wa.me/5511954346288?text=Olá!,,,,
blog\lancamento-casa-familia-guaruja-zona-oeste-ia.html,https://wa.me/5511954346288?text=Olá!,,,,
blog\lancamento-casa-familia-praiagrande-zona-sul-ia.html,https://wa.me/5511954346288?text=Olá!,,,,
blog\lancamento-casa-familia-praiagrande-zona-sul-ia.html,https://wa.me/5511954346288?text=Olá!,,,,
blog\lancamento-casa-investidor-peruibe-ia.html,https://wa.me/5511954346288?text=Olá!,,,,
blog\lancamento-casa-investidor-peruibe-ia.html,https://wa.me/5511954346288?text=Olá!,,,,
blog\lancamento-casa-investidor-zona-sul-santos-ia.html,https://wa.me/5511954346288?text=Olá!,,,,
blog\lancamento-casa-investidor-zona-sul-santos-ia.html,https://wa.me/5511954346288?text=Olá!,,,,
blog\lancamento-cobertura-aposentado-bertioga-ia.html,https://wa.me/5511954346288?text=Olá!,,,,
blog\lancamento-cobertura-aposentado-bertioga-ia.html,https://wa.me/5511954346288?text=Olá!,,,,
blog\lancamento-cobertura-familia-mongagua-ia.html,https://wa.me/5511954346288?text=Olá!,,,,
blog\lancamento-cobertura-familia-mongagua-ia.html,https://wa.me/5511954346288?text=Olá!,,,,
blog\lancamentos-bertioga-riviera-ia.html,https://wa.me/5511954346288?text=Olá!,,,,
blog\lancamentos-bertioga-riviera-ia.html,https://wa.me/5511954346288?text=Olá!,,,,
blog\lancamentos-guaruja-ia.html,https://wa.me/5511954346288?text=Olá!,,,,
blog\lancamentos-guaruja-ia.html,https://wa.me/5511954346288?text=Olá!,,,,
blog\lancamentos-praiagrande-ia.html,https://wa.me/5511954346288?text=Olá!,,,,
blog\lancamentos-praiagrande-ia.html,https://wa.me/5511954346288?text=Olá!,,,,
blog\lancamentos-santos-zona-norte-ia.html,https://wa.me/5511954346288?text=Olá!,,,,
blog\lancamentos-santos-zona-norte-ia.html,https://wa.me/5511954346288?text=Olá!,,,,
blog\marketing-digital-corretores-litoral.html,https://wa.me/5511954346288?text=Olá!,,,,
blog\marketing-digital-corretores-litoral.html,https://wa.me/5511954346288?text=Olá!,,,,
blog\marketing-digital-imobiliaria-litoral-paulista.html,https://wa.me/5511954346288?text=Olá!,,,,
blog\marketing-digital-imobiliaria-litoral-paulista.html,https://wa.me/5511954346288?text=Quero,,,,
blog\melhores-bairros-investir-litoral-paulista-2026.html,https://wa.me/5511954346288?text=Quero%20aplicar%20essas%20dicas%20no%20meu%20neg%C3%B3cio,,,,
blog\modelo-parceria-ganho-compartilhado-imobiliaria-litoral-paulista.html,https://wa.me/5511954346288?text=Olá!,,,,
blog\modelo-parceria-ganho-compartilhado-imobiliaria-litoral-paulista.html,https://wa.me/5511954346288?text=Quero,,,,
blog\modelo-proposta-imobiliaria-digital-litoral.html,https://wa.me/5511954346288?text=Olá!,,,,
blog\modelo-proposta-imobiliaria-digital-litoral.html,https://wa.me/5511954346288?text=Quero,,,,
blog\modelo-white-label-imobiliaria-ia.html,https://wa.me/5511954346288?text=Olá!,,,,
blog\modelo-white-label-imobiliaria-ia.html,https://wa.me/5511954346288?text=Quero,,,,
blog\negociacao-imoveis-litoral-dados-2026.html,https://wa.me/5511954346288?text=Quero%20o%20modelo%20de%20apresenta%C3%A7%C3%A3o%20por%20dados,,,,
blog\objecao-valor-alto-negociacao-litoral-2026.html,https://wa.me/5511954346288?text=Quero%20o%20modelo%20de%20follow-up%20para%20objecao%20de%20preco,,,,
blog\onboarding-parceiros-imobiliarias-litoral-2026.html,https://wa.me/5511954346288?text=Quero%20o%20kit%20de%20onboarding%20para%20parceiros,,,,
blog\orcamento-familiar-compra-imovel-litoral-2026.html,https://wa.me/5511954346288?text=Quero%20a%20planilha%20de%20or%C3%A7amento%20para%20compra%20no%20litoral,,,,
blog\parceria-ganho-compartilhado-imobiliaria.html,https://wa.me/5511954346288?text=Olá!,,,,
blog\parceria-ganho-compartilhado-imobiliaria.html,https://wa.me/5511954346288?text=Quero,,,,
blog\parcerias-imobiliarias-litoral-ia.html,https://wa.me/5511954346288?text=Olá!,,,,
blog\parcerias-imobiliarias-litoral-ia.html,https://wa.me/5511954346288?text=Olá!,,,,
blog\parcerias-imobiliarias-litoral-praia-digital-2026.html,https://wa.me/5511954346288?text=Quero%20saber%20mais%20sobre%20a%20parceria,,,,
blog\parcerias-imobiliarias-litoral-praia-digital-2026.html,https://wa.me/5511954346288?text=Quero%20saber%20mais%20sobre%20a%20parceria,,,,
blog\passo-a-passo-implementar-ia-imobiliaria-sem-investimento-inicial.html,https://wa.me/5511954346288?text=Olá!,,,,
blog\passo-a-passo-implementar-ia-imobiliaria-sem-investimento-inicial.html,https://wa.me/5511954346288?text=Quero,,,,
blog\pendencias-documentais-compra-imovel-litoral-2026.html,https://wa.me/5511954346288?text=Quero%20o%20checklist%20de%20documenta%C3%A7%C3%A3o,,,,
blog\piloto-30-dias-imobiliaria-ia-litoral-paulista.html,https://wa.me/5511954346288?text=Olá!,,,,
blog\piloto-30-dias-imobiliaria-ia-litoral-paulista.html,https://wa.me/5511954346288?text=Quero,,,,
blog\piloto-sem-custo-imobiliaria-litoral-2026.html,https://wa.me/5511954346288?text=Quero%20iniciar%20um%20piloto%20sem%20custo,,,,
blog\planejamento-sazonal-imoveis-litoral-ia.html,https://wa.me/5511954346288?text=Olá!,,,,
blog\planejamento-sazonal-imoveis-litoral-ia.html,https://wa.me/5511954346288?text=Olá!,,,,
blog\plano-captacao-ia-litoral-paulista-30-dias.html,https://wa.me/5511954346288?text=Olá!,,,,
blog\plano-captacao-ia-litoral-paulista-30-dias.html,https://wa.me/5511954346288?text=Quero,,,,
blog\pos-venda-corretores-litoral-ia.html,https://wa.me/5511954346288?text=Quero%20implementar%20p%C3%B3s-venda%20com%20IA%20na%20minha%20imobili%C3%A1ria,,,,
blog\pos-venda-inverno-imobiliarias-litoral-2026.html,https://wa.me/5511954346288?text=Quero%20o%20plano%20de%20p%C3%B3s-venda%20para%20inverno,,,,
blog\predicao-mercado-imoveis-litoral-2026.html,https://wa.me/5511954346288?text=Quero%20an%C3%A1lise%20de%20predi%C3%A7%C3%A3o%20para%20minha%20regi%C3%A3o,,,,
blog\primeira-compra-peruibe-ia.html,https://wa.me/5511954346288?text=Olá!,,,,
blog\primeira-compra-peruibe-ia.html,https://wa.me/5511954346288?text=Olá!,,,,
blog\primeira-compra-zona-norte-santos-ia.html,https://wa.me/5511954346288?text=Olá!,,,,
blog\primeira-compra-zona-norte-santos-ia.html,https://wa.me/5511954346288?text=Olá!,,,,
blog\primeiro-imovel-litoral-guia-iniciantes-2026.html,https://wa.me/5511954346288?text=Quero%20aplicar%20essas%20dicas%20no%20meu%20neg%C3%B3cio,,,,
blog\proposta-comercial-imobiliaria-litoral-2026.html,https://wa.me/5511954346288?text=Quero%20o%20modelo%20de%20proposta%20comercial,,,,
blog\proposta-sem-reuniao-fechar-litoral-2026.html,https://wa.me/5511954346288?text=Quero%20a%20proposta%20comercial%20pronta,,,,
blog\quanto-vale-terreno-litoral-paulista.html,https://wa.me/5511954346288?text=Olá!,,,,
blog\quanto-vale-terreno-litoral-paulista.html,https://wa.me/5511954346288?text=Quero,,,,
blog\quero-crescer-com-ia.html,https://wa.me/5511954346288?text=Olá!,,,,
blog\quero-crescer-com-ia.html,https://wa.me/5511954346288?text=Quero,,,,
blog\resultados-ia-imobiliaria-litoral.html,https://wa.me/5511954346288?text=Olá!,,,,
blog\resultados-ia-imobiliaria-litoral.html,https://wa.me/5511954346288?text=Quero,,,,
blog\retorno-parceria-imobiliaria-litoral-2026.html,https://wa.me/5511954346288?text=Quero%20medir%20o%20retorno%20da%20parceria,,,,
blog\roi-ia-imobiliaria-litoral-paulista.html,https://wa.me/5511954346288?text=Olá!,,,,
blog\roi-ia-imobiliaria-litoral-paulista.html,https://wa.me/5511954346288?text=Quero,,,,
blog\roteiro-pos-visita-imobiliaria-litoral-2026.html,https://wa.me/5511954346288?text=Quero%20automatizar%20o%20p%C3%B3s-visita,,,,
blog\scripts-ligacao-rapida-corretores-litoral-2026.html,https://wa.me/5511954346288?text=Quero%20os%20scripts%20de%20ligacao,,,,
blog\selecao-leads-qualificados-litoral-2026.html,https://wa.me/5511954346288?text=Quero%20a%20planilha%20de%20qualifica%C3%A7%C3%A3o%20de%20leads,,,,
blog\seo-local-imobiliaria-litoral-paulista.html,https://wa.me/5511954346288?text=Olá!,,,,
blog\seo-local-imobiliaria-litoral-paulista.html,https://wa.me/5511954346288?text=Olá!,,,,
blog\temporada-litoral-receita-imovel-2026.html,https://wa.me/5511954346288?text=Quero%20aplicar%20essas%20dicas%20no%20meu%20neg%C3%B3cio,,,,
blog\tendencias-ia-imobiliaria-2026.html,https://wa.me/5511954346288?text=Olá!,,,,
blog\tendencias-ia-imobiliaria-2026.html,https://wa.me/5511954346288?text=Olá!,,,,
blog\vendas-imoveis-litoral-com-ia.html,https://wa.me/5511954346288?text=Olá!,,,,
blog\vendas-imoveis-litoral-com-ia.html,https://wa.me/5511954346288?text=Olá!,,,,
blog\webinar-ia-imobiliaria-litoral.html,https://wa.me/5511954346288?text=Olá!,,,,
blog\webinar-ia-imobiliaria-litoral.html,https://wa.me/5511954346288?text=Olá!,,,,
blog\whatsapp-assistente-virtual-imobiliaria.html,https://wa.me/5511954346288?text=Quero%20um%20assistente%20virtual%20no%20WhatsApp%20para%20minha%20imobili%C3%A1ria,,,,
blog\zona-bertioga-imoveis-ia.html,https://wa.me/5511954346288?text=Olá!,,,,
blog\zona-bertioga-imoveis-ia.html,https://wa.me/5511954346288?text=Olá!,,,,
blog\zona-itanhaem-imoveis-ia.html,https://wa.me/5511954346288?text=Olá!,,,,
blog\zona-itanhaem-imoveis-ia.html,https://wa.me/5511954346288?text=Olá!,,,,
blog\zona-itapua-santos-imoveis-ia.html,https://wa.me/5511954346288?text=Olá!,,,,
blog\zona-itapua-santos-imoveis-ia.html,https://wa.me/5511954346288?text=Olá!,,,,
blog\zona-leste-guaruja-imoveis-ia.html,https://wa.me/5511954346288?text=Olá!,,,,
blog\zona-leste-guaruja-imoveis-ia.html,https://wa.me/5511954346288?text=Olá!,,,,
blog\zona-mongagua-imoveis-ia.html,https://wa.me/5511954346288?text=Olá!,,,,
blog\zona-mongagua-imoveis-ia.html,https://wa.me/5511954346288?text=Olá!,,,,
blog\zona-norte-santos-imoveis-ia.html,https://wa.me/5511954346288?text=Olá!,,,,
blog\zona-norte-santos-imoveis-ia.html,https://wa.me/5511954346288?text=Olá!,,,,
blog\zona-oeste-guaruja-imoveis-ia.html,https://wa.me/5511954346288?text=Olá!,,,,
blog\zona-oeste-guaruja-imoveis-ia.html,https://wa.me/5511954346288?text=Olá!,,,,
blog\zona-peruibe-imoveis-ia.html,https://wa.me/5511954346288?text=Olá!,,,,
blog\zona-peruibe-imoveis-ia.html,https://wa.me/5511954346288?text=Olá!,,,,
blog\zona-praiagrande-imoveis-ia.html,https://wa.me/5511954346288?text=Olá!,,,,
blog\zona-praiagrande-imoveis-ia.html,https://wa.me/5511954346288?text=Olá!,,,,
blog\zona-sao-vicente-imoveis-ia.html,https://wa.me/5511954346288?text=Olá!,,,,
blog\zona-sao-vicente-imoveis-ia.html,https://wa.me/5511954346288?text=Olá!,,,,
blog\zona-sul-santos-imoveis-ia.html,https://wa.me/5511954346288?text=Olá!,,,,
blog\zona-sul-santos-imoveis-ia.html,https://wa.me/5511954346288?text=Olá!,,,,
cidades\bertioga-imoveis-venda.html,https://wa.me/5511954346288?text=Ol%C3%A1%21+Tenho+interesse+em+im%C3%B3veis+%C3%A0+venda+em+Bertioga.,,,,
cidades\bertioga-imoveis-venda.html,https://wa.me/5511954346288?text=Ol%C3%A1%21+Quero+ver+oportunidades+de+im%C3%B3veis+%C3%A0+venda+em+Bertioga.,,,,
cidades\bertioga-imoveis-venda.html,https://wa.me/5511954346288?text=Ol%C3%A1%21+Tenho+interesse+em+im%C3%B3veis+alto+padr%C3%A3o+em+Bertioga.,,,,
cidades\bertioga-imoveis-venda.html,https://wa.me/5511954346288?text=Ol%C3%A1%21+Tenho+interesse+em+im%C3%B3veis+com+vista+mar+em+Bertioga.,,,,
cidades\bertioga-imoveis-venda.html,https://wa.me/5511954346288?text=,,,,
cidades\bertioga-imoveis-venda.html,https://wa.me/5511954346288?text=Ol%C3%A1%21+Quero+ver+oportunidades+de+im%C3%B3veis+%C3%A0+venda+em+Bertioga.,,,,
cidades\bertioga.html,https://wa.me/5511954346288?text=Olá!%20Tenho%20interesse%20em%20imóveis%20em%20Bertioga.,,,,
cidades\bertioga.html,https://wa.me/5511954346288?text=Olá!%20Quero%20imóveis%20em%20Bertioga.,,,,
cidades\bertioga.html,https://wa.me/5511954346288?text=Olá!%20Quero%20agendar%20visita%20em%20Bertioga.,,,,
cidades\bertioga.html,https://wa.me/5511954346288?text=Olá!%20Tenho%20interesse%20em%20imóveis%20alto%20padrão%20em%20Bertioga.,,,,
cidades\bertioga.html,https://wa.me/5511954346288?text=Olá!%20Tenho%20interesse%20em%20imóveis%20com%20vista%20mar%20em%20Bertioga.,,,,
cidades\bertioga.html,https://wa.me/5511954346288?text=,,,,
cidades\bertioga.html,https://wa.me/5511954346288?text=Olá!%20Tenho%20interesse%20em%20imóveis%20em%20Bertioga.,,,,
cidades\guaruja-imoveis-venda.html,https://wa.me/5511954346288?text=Ol%C3%A1%21+Tenho+interesse+em+im%C3%B3veis+%C3%A0+venda+em+Guaruj%C3%A1.,,,,
cidades\guaruja-imoveis-venda.html,https://wa.me/5511954346288?text=Ol%C3%A1%21+Quero+ver+oportunidades+de+im%C3%B3veis+%C3%A0+venda+em+Guaruj%C3%A1.,,,,
cidades\guaruja-imoveis-venda.html,https://wa.me/5511954346288?text=Ol%C3%A1%21+Tenho+interesse+em+im%C3%B3veis+no+Jardim+Acapulco%2C+Guaruj%C3%A1.,,,,
cidades\guaruja-imoveis-venda.html,https://wa.me/5511954346288?text=Ol%C3%A1%21+Tenho+interesse+em+im%C3%B3veis+em+Vicente+de+Carvalho%2C+Guaruj%C3%A1.,,,,
cidades\guaruja-imoveis-venda.html,https://wa.me/5511954346288?text=Ol%C3%A1%21+Tenho+interesse+em+im%C3%B3veis+no+centro+do+Guaruj%C3%A1.,,,,
cidades\guaruja-imoveis-venda.html,https://wa.me/5511954346288?text=,,,,
cidades\guaruja-imoveis-venda.html,https://wa.me/5511954346288?text=Ol%C3%A1%21+Quero+ver+oportunidades+de+im%C3%B3veis+%C3%A0+venda+em+Guaruj%C3%A1.,,,,
cidades\guaruja.html,https://wa.me/5511954346288?text=Olá!%20Tenho%20interesse%20em%20imóveis%20no%20Guarujá.,,,,
cidades\guaruja.html,https://wa.me/5511954346288?text=Olá!%20Quero%20imóveis%20no%20Guarujá.,,,,
cidades\guaruja.html,https://wa.me/5511954346288?text=Olá!%20Quero%20agendar%20visita%20no%20Guarujá.,,,,
cidades\guaruja.html,"https://wa.me/5511954346288?text=Olá!%20Tenho%20interesse%20em%20imóveis%20no%20Jardim%20Acapulco,%20Guarujá.",,,,
cidades\guaruja.html,"https://wa.me/5511954346288?text=Olá!%20Tenho%20interesse%20em%20imóveis%20em%20Vicente%20de%20Carvalho,%20Guarujá.",,,,
cidades\guaruja.html,https://wa.me/5511954346288?text=Olá!%20Tenho%20interesse%20em%20imóveis%20no%20centro%20do%20Guarujá.,,,,
cidades\guaruja.html,https://wa.me/5511954346288?text=,,,,
cidades\guaruja.html,https://wa.me/5511954346288?text=Olá!%20Tenho%20interesse%20em%20imóveis%20no%20Guarujá.,,,,
cidades\itanhaem-imoveis-venda.html,https://wa.me/5511954346288?text=Ol%C3%A1%21+Tenho+interesse+em+im%C3%B3veis+%C3%A0+venda+em+Itanha%C3%A9m.,,,,
cidades\itanhaem-imoveis-venda.html,https://wa.me/5511954346288?text=Ol%C3%A1%21+Quero+ver+oportunidades+de+im%C3%B3veis+%C3%A0+venda+em+Itanha%C3%A9m.,,,,
cidades\itanhaem-imoveis-venda.html,https://wa.me/5511954346288?text=Ol%C3%A1%21+Tenho+interesse+em+im%C3%B3veis+no+centro+de+Itanha%C3%A9m.,,,,
cidades\itanhaem-imoveis-venda.html,https://wa.me/5511954346288?text=Ol%C3%A1%21+Tenho+interesse+em+im%C3%B3veis+no+Cibratel%2C+Itanha%C3%A9m.,,,,
cidades\itanhaem-imoveis-venda.html,https://wa.me/5511954346288?text=Ol%C3%A1%21+Tenho+interesse+em+im%C3%B3veis+no+Jardim%E5%AE%89%E9%9D%99%E7%9A%84%2C+Itanha%C3%A9m.,,,,
cidades\itanhaem-imoveis-venda.html,https://wa.me/5511954346288?text=,,,,
cidades\itanhaem-imoveis-venda.html,https://wa.me/5511954346288?text=Ol%C3%A1%21+Quero+ver+oportunidades+de+im%C3%B3veis+%C3%A0+venda+em+Itanha%C3%A9m.,,,,
cidades\itanhaem.html,https://wa.me/5511954346288?text=Olá!%20Tenho%20interesse%20em%20imóveis%20em%20Itanhaém.,,,,
cidades\itanhaem.html,https://wa.me/5511954346288?text=Olá!%20Quero%20imóveis%20em%20Itanhaém.,,,,
cidades\itanhaem.html,https://wa.me/5511954346288?text=Olá!%20Quero%20agendar%20visita%20em%20Itanhaém.,,,,
cidades\itanhaem.html,https://wa.me/5511954346288?text=Olá!%20Tenho%20interesse%20em%20imóveis%20no%20centro%20de%20Itanhaém.,,,,
cidades\itanhaem.html,"https://wa.me/5511954346288?text=Olá!%20Tenho%20interesse%20em%20imóveis%20no%20Cibratel,%20Itanhaém.",,,,
cidades\itanhaem.html,"https://wa.me/5511954346288?text=Olá!%20Tenho%20interesse%20em%20imóveis%20no%20Jardim安静的,%20Itanhaém.",,,,
cidades\itanhaem.html,https://wa.me/5511954346288?text=,,,,
cidades\itanhaem.html,https://wa.me/5511954346288?text=Olá!%20Tenho%20interesse%20em%20imóveis%20em%20Itanhaém.,,,,
cidades\mongagua-imoveis-venda.html,https://wa.me/5511954346288?text=Ol%C3%A1%21+Tenho+interesse+em+im%C3%B3veis+%C3%A0+venda+em+Mongagu%C3%A1.,,,,
cidades\mongagua-imoveis-venda.html,https://wa.me/5511954346288?text=Ol%C3%A1%21+Quero+ver+oportunidades+de+im%C3%B3veis+%C3%A0+venda+em+Mongagu%C3%A1.,,,,
cidades\mongagua-imoveis-venda.html,https://wa.me/5511954346288?text=Ol%C3%A1%21+Tenho+interesse+em+im%C3%B3veis+no+centro+de+Mongagu%C3%A1.,,,,
cidades\mongagua-imoveis-venda.html,https://wa.me/5511954346288?text=Ol%C3%A1%21+Tenho+interesse+em+im%C3%B3veis+no+Jardim+Marina%2C+Mongagu%C3%A1.,,,,
cidades\mongagua-imoveis-venda.html,https://wa.me/5511954346288?text=,,,,
cidades\mongagua-imoveis-venda.html,https://wa.me/5511954346288?text=Ol%C3%A1%21+Quero+ver+oportunidades+de+im%C3%B3veis+%C3%A0+venda+em+Mongagu%C3%A1.,,,,
cidades\mongagua.html,https://wa.me/5511954346288?text=Olá!%20Tenho%20interesse%20em%20imóveis%20em%20Mongaguá.,,,,
cidades\mongagua.html,https://wa.me/5511954346288?text=Olá!%20Quero%20imóveis%20em%20Mongaguá.,,,,
cidades\mongagua.html,https://wa.me/5511954346288?text=Olá!%20Quero%20agendar%20visita%20em%20Mongaguá.,,,,
cidades\mongagua.html,https://wa.me/5511954346288?text=Olá!%20Tenho%20interesse%20em%20imóveis%20no%20centro%20de%20Mongaguá.,,,,
cidades\mongagua.html,"https://wa.me/5511954346288?text=Olá!%20Tenho%20interesse%20em%20imóveis%20no%20Jardim%20Marina,%20Mongaguá.",,,,
cidades\mongagua.html,https://wa.me/5511954346288?text=,,,,
cidades\mongagua.html,https://wa.me/5511954346288?text=Olá!%20Tenho%20interesse%20em%20imóveis%20em%20Mongaguá.,,,,
cidades\peruibe-imoveis-venda.html,https://wa.me/5511954346288?text=Ol%C3%A1%21+Tenho+interesse+em+im%C3%B3veis+%C3%A0+venda+em+Peru%C3%ADbe.,,,,
cidades\peruibe-imoveis-venda.html,https://wa.me/5511954346288?text=Ol%C3%A1%21+Quero+ver+oportunidades+de+im%C3%B3veis+%C3%A0+venda+em+Peru%C3%ADbe.,,,,
cidades\peruibe-imoveis-venda.html,https://wa.me/5511954346288?text=Ol%C3%A1%21+Tenho+interesse+em+im%C3%B3veis+no+centro+de+Peru%C3%ADbe.,,,,
cidades\peruibe-imoveis-venda.html,https://wa.me/5511954346288?text=Ol%C3%A1%21+Tenho+interesse+em+im%C3%B3veis+em+condom%C3%ADnios+fechados%2C+Peru%C3%ADbe.,,,,
cidades\peruibe-imoveis-venda.html,https://wa.me/5511954346288?text=,,,,
cidades\peruibe-imoveis-venda.html,https://wa.me/5511954346288?text=Ol%C3%A1%21+Quero+ver+oportunidades+de+im%C3%B3veis+%C3%A0+venda+em+Peru%C3%ADbe.,,,,
cidades\peruibe.html,https://wa.me/5511954346288?text=Olá!%20Tenho%20interesse%20em%20imóveis%20em%20Peruíbe.,,,,
cidades\peruibe.html,https://wa.me/5511954346288?text=Olá!%20Quero%20imóveis%20em%20Peruíbe.,,,,
cidades\peruibe.html,https://wa.me/5511954346288?text=Olá!%20Quero%20agendar%20visita%20em%20Peruíbe.,,,,
cidades\peruibe.html,https://wa.me/5511954346288?text=Olá!%20Tenho%20interesse%20em%20imóveis%20no%20centro%20de%20Peruíbe.,,,,
cidades\peruibe.html,"https://wa.me/5511954346288?text=Olá!%20Tenho%20interesse%20em%20imóveis%20em%20condomínios%20fechados,%20Peruíbe.",,,,
cidades\peruibe.html,https://wa.me/5511954346288?text=,,,,
cidades\peruibe.html,https://wa.me/5511954346288?text=Olá!%20Tenho%20interesse%20em%20imóveis%20em%20Peruíbe.,,,,
cidades\praia-grande-imoveis-venda.html,https://wa.me/5511954346288?text=Ol%C3%A1%21+Tenho+interesse+em+im%C3%B3veis+%C3%A0+venda+em+Praia+Grande.,,,,
cidades\praia-grande-imoveis-venda.html,https://wa.me/5511954346288?text=Ol%C3%A1%21+Quero+ver+oportunidades+de+im%C3%B3veis+%C3%A0+venda+em+Praia+Grande.,,,,
cidades\praia-grande-imoveis-venda.html,https://wa.me/5511954346288?text=Ol%C3%A1%21+Tenho+interesse+em+im%C3%B3veis+no+Boqueir%C3%A3o%2C+Praia+Grande.,,,,
cidades\praia-grande-imoveis-venda.html,https://wa.me/5511954346288?text=Ol%C3%A1%21+Tenho+interesse+em+im%C3%B3veis+no+Maracan%C3%A3%2C+Praia+Grande.,,,,
cidades\praia-grande-imoveis-venda.html,https://wa.me/5511954346288?text=Ol%C3%A1%21+Tenho+interesse+em+im%C3%B3veis+na+Vila+Tupi%2C+Praia+Grande.,,,,
cidades\praia-grande-imoveis-venda.html,https://wa.me/5511954346288?text=,,,,
cidades\praia-grande-imoveis-venda.html,https://wa.me/5511954346288?text=Ol%C3%A1%21+Quero+ver+oportunidades+de+im%C3%B3veis+%C3%A0+venda+em+Praia+Grande.,,,,
cidades\praia-grande.html,https://wa.me/5511954346288?text=Olá!%20Tenho%20interesse%20em%20imóveis%20em%20Praia%20Grande.,,,,
cidades\praia-grande.html,https://wa.me/5511954346288?text=Olá!%20Quero%20imóveis%20em%20Praia%20Grande.,,,,
cidades\praia-grande.html,https://wa.me/5511954346288?text=Olá!%20Quero%20agendar%20visita%20em%20Praia%20Grande.,,,,
cidades\praia-grande.html,"https://wa.me/5511954346288?text=Olá!%20Tenho%20interesse%20em%20imóveis%20no%20Boqueirão,%20Praia%20Grande.",,,,
cidades\praia-grande.html,"https://wa.me/5511954346288?text=Olá!%20Tenho%20interesse%20em%20imóveis%20no%20Maracanã,%20Praia%20Grande.",,,,
cidades\praia-grande.html,"https://wa.me/5511954346288?text=Olá!%20Tenho%20interesse%20em%20imóveis%20na%20Vila%20Tupi,%20Praia%20Grande.",,,,
cidades\praia-grande.html,https://wa.me/5511954346288?text=,,,,
cidades\praia-grande.html,https://wa.me/5511954346288?text=Olá!%20Tenho%20interesse%20em%20imóveis%20em%20Praia%20Grande.,,,,
cidades\santos-imoveis-venda.html,https://wa.me/5511954346288?text=Olá!%20Tenho%20interesse%20em%20imóveis%20à%20venda%20em%20Santos.,,,,
cidades\santos-imoveis-venda.html,https://wa.me/5511954346288?text=Olá!%20Quero%20ver%20oportunidades%20de%20imóveis%20à%20venda%20em%20Santos.,,,,
cidades\santos-imoveis-venda.html,"https://wa.me/5511954346288?text=Olá!%20Tenho%20interesse%20em%20imóveis%20no%20Gonzaga,%20Santos.",,,,
cidades\santos-imoveis-venda.html,"https://wa.me/5511954346288?text=Olá!%20Tenho%20interesse%20em%20imóveis%20no%20Boqueirão,%20Santos.",,,,
cidades\santos-imoveis-venda.html,"https://wa.me/5511954346288?text=Olá!%20Tenho%20interesse%20em%20imóveis%20na%20Pompéia,%20Santos.",,,,
cidades\santos-imoveis-venda.html,"https://wa.me/5511954346288?text=Olá!%20Tenho%20interesse%20em%20imóveis%20no%20Embaré,%20Santos.",,,,
cidades\santos-imoveis-venda.html,https://wa.me/5511954346288?text=,,,,
cidades\santos-imoveis-venda.html,https://wa.me/5511954346288?text=Olá!%20Quero%20ver%20oportunidades%20de%20imóveis%20à%20venda%20em%20Santos.,,,,
cidades\santos.html,https://wa.me/5511954346288?text=Olá!%20Tenho%20interesse%20em%20imóveis%20em%20Santos.,,,,
cidades\santos.html,https://wa.me/5511954346288?text=Olá!%20Quero%20imóveis%20em%20Santos.,,,,
cidades\santos.html,https://wa.me/5511954346288?text=Olá!%20Quero%20agendar%20visita%20em%20Santos.,,,,
cidades\santos.html,"https://wa.me/5511954346288?text=Olá!%20Tenho%20interesse%20em%20imóveis%20no%20Gonzaga,%20Santos.",,,,
cidades\santos.html,"https://wa.me/5511954346288?text=Olá!%20Tenho%20interesse%20em%20imóveis%20no%20Boqueirão,%20Santos.",,,,
cidades\santos.html,"https://wa.me/5511954346288?text=Olá!%20Tenho%20interesse%20em%20imóveis%20na%20Pompéia,%20Santos.",,,,
cidades\santos.html,"https://wa.me/5511954346288?text=Olá!%20Tenho%20interesse%20em%20imóveis%20no%20Embaré,%20Santos.",,,,
cidades\santos.html,https://wa.me/5511954346288?text=,,,,
cidades\santos.html,https://wa.me/5511954346288?text=Olá!%20Tenho%20interesse%20em%20imóveis%20em%20Santos.,,,,
cidades\sao-vicente-imoveis-venda.html,https://wa.me/5511954346288?text=Ol%C3%A1%21+Tenho+interesse+em+im%C3%B3veis+%C3%A0+venda+em+S%C3%A3o+Vicente.,,,,
cidades\sao-vicente-imoveis-venda.html,https://wa.me/5511954346288?text=Ol%C3%A1%21+Quero+ver+oportunidades+de+im%C3%B3veis+%C3%A0+venda+em+S%C3%A3o+Vicente.,,,,
cidades\sao-vicente-imoveis-venda.html,https://wa.me/5511954346288?text=Ol%C3%A1%21+Tenho+interesse+em+im%C3%B3veis+no+centro+de+S%C3%A3o+Vicente.,,,,
cidades\sao-vicente-imoveis-venda.html,https://wa.me/5511954346288?text=Ol%C3%A1%21+Tenho+interesse+em+im%C3%B3veis+no+Itarar%C3%A9%2C+S%C3%A3o+Vicente.,,,,
cidades\sao-vicente-imoveis-venda.html,https://wa.me/5511954346288?text=,,,,
cidades\sao-vicente-imoveis-venda.html,https://wa.me/5511954346288?text=Ol%C3%A1%21+Quero+ver+oportunidades+de+im%C3%B3veis+%C3%A0+venda+em+S%C3%A3o+Vicente.,,,,
cidades\sao-vicente.html,https://wa.me/5511954346288?text=Olá!%20Tenho%20interesse%20em%20imóveis%20em%20São%20Vicente.,,,,
cidades\sao-vicente.html,https://wa.me/5511954346288?text=Olá!%20Quero%20imóveis%20em%20São%20Vicente.,,,,
cidades\sao-vicente.html,https://wa.me/5511954346288?text=Olá!%20Quero%20agendar%20visita%20em%20São%20Vicente.,,,,
cidades\sao-vicente.html,https://wa.me/5511954346288?text=Olá!%20Tenho%20interesse%20em%20imóveis%20no%20centro%20de%20São%20Vicente.,,,,
cidades\sao-vicente.html,"https://wa.me/5511954346288?text=Olá!%20Tenho%20interesse%20em%20imóveis%20no%20Itararé,%20São%20Vicente.",,,,
cidades\sao-vicente.html,https://wa.me/5511954346288?text=,,,,
cidades\sao-vicente.html,https://wa.me/5511954346288?text=Olá!%20Tenho%20interesse%20em%20imóveis%20em%20São%20Vicente.,,,,
dono-norte\dono-caraguatatuba.html,https://wa.me/5511954346288?text=Olá!%20Simulei%20o%20yield%20do%20meu%20imóvel%20em%20Caraguatatuba%20pela%20Praia%20Digital%20e%20quero%20saber%20mais%20sobre%20gestão%20completa.,,,,
dono-norte\dono-ilhabela.html,https://wa.me/5511954346288?text=Olá!%20Simulei%20o%20yield%20do%20meu%20imóvel%20em%20Ilhabela%20pela%20Praia%20Digital%20e%20quero%20saber%20mais%20sobre%20gestão%20completa.,,,,
dono-norte\dono-sao-sebastiao.html,https://wa.me/5511954346288?text=Olá!%20Simulei%20o%20yield%20do%20meu%20imóvel%20em%20São%20Sebastião%20pela%20Praia%20Digital%20e%20quero%20saber%20mais%20sobre%20gestão%20completa.,,,,
dono-norte\dono-ubatuba.html,https://wa.me/5511954346288?text=Olá!%20Simulei%20o%20yield%20do%20meu%20imóvel%20em%20Ubatuba%20pela%20Praia%20Digital%20e%20quero%20saber%20mais%20sobre%20gestão%20completa.,,,,
imoveis\apartamento-vista-mar-santos.html,https://wa.me/5511954346288?text=Ol%C3%A1!%20Tenho%20interesse%20no%20Apartamento%20vista%20mar%20-%20Santos.%20Pode%20me%20enviar%20mais%20detalhes%3F,,,,
imoveis\apartamento-vista-mar-santos.html,https://wa.me/5511954346288?text=Ol%C3%A1!%20Tenho%20interesse%20no%20Apartamento%20vista%20mar%20-%20Santos.%20Pode%20me%20enviar%20mais%20detalhes%3F,,,,
imoveis\apartamento-vista-mar-santos.html,https://wa.me/5511954346288?text=Ol%C3%A1!%20Tenho%20interesse%20no%20im%C3%B3vel%3A%20IMOVEL,,,,
imoveis\apartamento-vista-mar-santos.html,https://wa.me/5511954346288?text=Ol%C3%A1!%20Tenho%20interesse%20no%20Apartamento%20vista%20mar%20-%20Santos.%20Pode%20me%20enviar%20mais%20detalhes%3F,,,,
imoveis\bertioga.html,https://wa.me/5511954346288?text=Ol%C3%A1!%20Tenho%20interesse%20no%20im%C3%B3vel%3A%20IMOVEL,,,,
imoveis\imovel-1181.html,https://wa.me/5511954346288?text=Tenho%20interesse%20no%20Casa%20Vista,,,,
imoveis\imovel-1182.html,https://wa.me/5511954346288?text=Tenho%20interesse%20no%20Apartamento%20Recanto,,,,
imoveis\imovel-1183.html,https://wa.me/5511954346288?text=Tenho%20interesse%20no%20Apartamento%20Jardim,,,,
imoveis\imovel-1184.html,https://wa.me/5511954346288?text=Tenho%20interesse%20no%20Casa%20Centro%20-%20Cod.%201184,,,,
imoveis\imovel-1185.html,https://wa.me/5511954346288?text=Tenho%20interesse%20no%20Studio%20Vista,,,,
imoveis\imovel-1186.html,https://wa.me/5511954346288?text=Tenho%20interesse%20no%20Apartamento%20Vista,,,,
imoveis\imovel-1187.html,https://wa.me/5511954346288?text=Tenho%20interesse%20no%20Apartamento%20Jardim,,,,
imoveis\imovel-1188.html,https://wa.me/5511954346288?text=Tenho%20interesse%20no%20Apartamento%20Costa,,,,
imoveis\imovel-1189.html,https://wa.me/5511954346288?text=Tenho%20interesse%20no%20Cobertura%20Maré,,,,
imoveis\imovel-1190.html,https://wa.me/5511954346288?text=Tenho%20interesse%20no%20Studio%20Centro%20-%20Cod.%201190,,,,
imoveis\imovel-1191.html,https://wa.me/5511954346288?text=Tenho%20interesse%20no%20Flat%20Costa,,,,
imoveis\imovel-1192.html,https://wa.me/5511954346288?text=Tenho%20interesse%20no%20Studio%20Costa,,,,
imoveis\imovel-1193.html,https://wa.me/5511954346288?text=Tenho%20interesse%20no%20Studio%20Beira-Mar%20-%20Cod.%201193,,,,
imoveis\imovel-1194.html,https://wa.me/5511954346288?text=Tenho%20interesse%20no%20Flat%20Costa,,,,
imoveis\imovel-1195.html,https://wa.me/5511954346288?text=Tenho%20interesse%20no%20Cobertura%20Praia,,,,
imoveis\imovel-1197.html,https://wa.me/5511954346288?text=Tenho%20interesse%20no%20Flat%20Maré,,,,
imoveis\imovel-1198.html,https://wa.me/5511954346288?text=Tenho%20interesse%20no%20Cobertura%20Porto,,,,
imoveis\imovel-1199.html,https://wa.me/5511954346288?text=Tenho%20interesse%20no%20Apartamento%20Vista,,,,
imoveis\imovel-1200.html,https://wa.me/5511954346288?text=Tenho%20interesse%20no%20Triplex%20Jardim,,,,
imoveis\imovel-1201.html,https://wa.me/5511954346288?text=Tenho%20interesse%20no%20Flat%20Recanto,,,,
imoveis\imovel-1202.html,https://wa.me/5511954346288?text=Tenho%20interesse%20no%20Flat%20Maré,,,,
imoveis\imovel-1203.html,https://wa.me/5511954346288?text=Tenho%20interesse%20no%20Cobertura%20Jardim,,,,
imoveis\imovel-1204.html,https://wa.me/5511954346288?text=Tenho%20interesse%20no%20Triplex%20Recanto,,,,
imoveis\imovel-1205.html,https://wa.me/5511954346288?text=Tenho%20interesse%20no%20Flat%20Costa,,,,
imoveis\imovel-1206.html,https://wa.me/5511954346288?text=Tenho%20interesse%20no%20Casa%20Recanto,,,,
imoveis\imovel-1207.html,https://wa.me/5511954346288?text=Tenho%20interesse%20no%20Apartamento%20Praia,,,,
imoveis\imovel-1208.html,https://wa.me/5511954346288?text=Tenho%20interesse%20no%20Flat%20Costa,,,,
imoveis\imovel-1209.html,https://wa.me/5511954346288?text=Tenho%20interesse%20no%20Flat%20Costa,,,,
imoveis\imovel-1210.html,https://wa.me/5511954346288?text=Tenho%20interesse%20no%20Flat%20Jardim,,,,
imoveis\imovel-1211.html,https://wa.me/5511954346288?text=Tenho%20interesse%20no%20Flat%20Beira-Mar%20-%20Cod.%201211,,,,
imoveis\imovel-1212.html,https://wa.me/5511954346288?text=Tenho%20interesse%20no%20Flat%20Praia,,,,
imoveis\imovel-1213.html,https://wa.me/5511954346288?text=Tenho%20interesse%20no%20Flat%20Maré,,,,
imoveis\imovel-1214.html,https://wa.me/5511954346288?text=Tenho%20interesse%20no%20Studio%20Costa,,,,
imoveis\imovel-1215.html,https://wa.me/5511954346288?text=Tenho%20interesse%20no%20Cobertura%20Beira-Mar%20-%20Cod.%201215,,,,
imoveis\imovel-1216.html,https://wa.me/5511954346288?text=Tenho%20interesse%20no%20Studio%20Recanto,,,,
imoveis\imoveis\1-quarto-s.html,https://wa.me/5511954346288?text=Olá!%20Tenho%20interesse%20em%201,,,,
imoveis\imoveis\1-quarto-s.html,https://wa.me/5511954346288?text=Olá!%20Tenho%20interesse%20em%201,,,,
imoveis\imoveis\1-quarto-s.html,https://wa.me/5511954346288?text=Ol%C3%A1!%20Tenho%20interesse%20no%20im%C3%B3vel%3A%20IMOVEL,,,,
imoveis\imoveis\1-quarto-s.html,https://wa.me/5511954346288?text=,,,,
imoveis\imoveis\1-quarto-s.html,https://wa.me/5511954346288?text=,,,,
imoveis\imoveis\1-quarto-s.html,https://wa.me/5511954346288?text=,,,,
imoveis\imoveis\1-quarto-s.html,https://wa.me/5511954346288?text=Olá!%20Tenho%20interesse%20em%201,,,,
imoveis\imoveis\1-quarto-s.html,https://wa.me/5511954346288?text=Tenho+interesse+em+1+Quarto+S+em+Litoral.+Gostaria+de+mais+informa%C3%A7%C3%B5es.,,,,
imoveis\imoveis\1-vaga.html,https://wa.me/5511954346288?text=Olá!%20Tenho%20interesse%20em%201,,,,
imoveis\imoveis\1-vaga.html,https://wa.me/5511954346288?text=Olá!%20Tenho%20interesse%20em%201,,,,
imoveis\imoveis\1-vaga.html,https://wa.me/5511954346288?text=Ol%C3%A1!%20Tenho%20interesse%20no%20im%C3%B3vel%3A%20IMOVEL,,,,
imoveis\imoveis\1-vaga.html,https://wa.me/5511954346288?text=,,,,
imoveis\imoveis\1-vaga.html,https://wa.me/5511954346288?text=,,,,
imoveis\imoveis\1-vaga.html,https://wa.me/5511954346288?text=,,,,
imoveis\imoveis\1-vaga.html,https://wa.me/5511954346288?text=Olá!%20Tenho%20interesse%20em%201,,,,
imoveis\imoveis\1-vaga.html,https://wa.me/5511954346288?text=Tenho+interesse+em+1+Vaga+em+Litoral.+Gostaria+de+mais+informa%C3%A7%C3%B5es.,,,,
imoveis\imoveis\100m2-sem-vaga.html,https://wa.me/5511954346288?text=Olá!%20Tenho%20interesse%20em%20100m%C2%B2%2C,,,,
imoveis\imoveis\100m2-sem-vaga.html,https://wa.me/5511954346288?text=Olá!%20Tenho%20interesse%20em%20100m%C2%B2%2C,,,,
imoveis\imoveis\100m2-sem-vaga.html,https://wa.me/5511954346288?text=Ol%C3%A1!%20Tenho%20interesse%20no%20im%C3%B3vel%3A%20IMOVEL,,,,
imoveis\imoveis\100m2-sem-vaga.html,https://wa.me/5511954346288?text=,,,,
imoveis\imoveis\100m2-sem-vaga.html,https://wa.me/5511954346288?text=,,,,
imoveis\imoveis\100m2-sem-vaga.html,https://wa.me/5511954346288?text=,,,,
imoveis\imoveis\100m2-sem-vaga.html,https://wa.me/5511954346288?text=Olá!%20Tenho%20interesse%20em%20100m%C2%B2%2C,,,,
imoveis\imoveis\100m2-sem-vaga.html,https://wa.me/5511954346288?text=Tenho+interesse+em+100M2+Sem+Vaga+em+Litoral.+Gostaria+de+mais+informa%C3%A7%C3%B5es.,,,,
imoveis\imoveis\100m2.html,https://wa.me/5511954346288?text=Olá!%20Tenho%20interesse%20em%20100m%C2%B2.,,,,
imoveis\imoveis\100m2.html,https://wa.me/5511954346288?text=Olá!%20Tenho%20interesse%20em%20100m%C2%B2.,,,,
imoveis\imoveis\100m2.html,https://wa.me/5511954346288?text=Ol%C3%A1!%20Tenho%20interesse%20no%20im%C3%B3vel%3A%20IMOVEL,,,,
imoveis\imoveis\100m2.html,https://wa.me/5511954346288?text=,,,,
imoveis\imoveis\100m2.html,https://wa.me/5511954346288?text=,,,,
imoveis\imoveis\100m2.html,https://wa.me/5511954346288?text=,,,,
imoveis\imoveis\100m2.html,https://wa.me/5511954346288?text=Olá!%20Tenho%20interesse%20em%20100m%C2%B2.,,,,
imoveis\imoveis\100m2.html,https://wa.me/5511954346288?text=Tenho+interesse+em+100M2+em+Litoral.+Gostaria+de+mais+informa%C3%A7%C3%B5es.,,,,
imoveis\imoveis\120m2-sem-vaga.html,https://wa.me/5511954346288?text=Olá!%20Tenho%20interesse%20em%20120m%C2%B2%2C,,,,
imoveis\imoveis\120m2-sem-vaga.html,https://wa.me/5511954346288?text=Olá!%20Tenho%20interesse%20em%20120m%C2%B2%2C,,,,
imoveis\imoveis\120m2-sem-vaga.html,https://wa.me/5511954346288?text=Ol%C3%A1!%20Tenho%20interesse%20no%20im%C3%B3vel%3A%20IMOVEL,,,,
imoveis\imoveis\120m2-sem-vaga.html,https://wa.me/5511954346288?text=,,,,
imoveis\imoveis\120m2-sem-vaga.html,https://wa.me/5511954346288?text=,,,,
imoveis\imoveis\120m2-sem-vaga.html,https://wa.me/5511954346288?text=,,,,
imoveis\imoveis\120m2-sem-vaga.html,https://wa.me/5511954346288?text=Olá!%20Tenho%20interesse%20em%20120m%C2%B2%2C,,,,
imoveis\imoveis\120m2-sem-vaga.html,https://wa.me/5511954346288?text=Tenho+interesse+em+120M2+Sem+Vaga+em+Litoral.+Gostaria+de+mais+informa%C3%A7%C3%B5es.,,,,
imoveis\imoveis\120m2.html,https://wa.me/5511954346288?text=Olá!%20Tenho%20interesse%20em%20120m%C2%B2.,,,,
imoveis\imoveis\120m2.html,https://wa.me/5511954346288?text=Olá!%20Tenho%20interesse%20em%20120m%C2%B2.,,,,
imoveis\imoveis\120m2.html,https://wa.me/5511954346288?text=Ol%C3%A1!%20Tenho%20interesse%20no%20im%C3%B3vel%3A%20IMOVEL,,,,
imoveis\imoveis\120m2.html,https://wa.me/5511954346288?text=,,,,
imoveis\imoveis\120m2.html,https://wa.me/5511954346288?text=,,,,
imoveis\imoveis\120m2.html,https://wa.me/5511954346288?text=,,,,
imoveis\imoveis\120m2.html,https://wa.me/5511954346288?text=Olá!%20Tenho%20interesse%20em%20120m%C2%B2.,,,,
imoveis\imoveis\120m2.html,https://wa.me/5511954346288?text=Tenho+interesse+em+120M2+em+Litoral.+Gostaria+de+mais+informa%C3%A7%C3%B5es.,,,,
imoveis\imoveis\2-quarto-s.html,https://wa.me/5511954346288?text=Olá!%20Tenho%20interesse%20em%202,,,,
imoveis\imoveis\2-quarto-s.html,https://wa.me/5511954346288?text=Olá!%20Tenho%20interesse%20em%202,,,,
imoveis\imoveis\2-quarto-s.html,https://wa.me/5511954346288?text=Ol%C3%A1!%20Tenho%20interesse%20no%20im%C3%B3vel%3A%20IMOVEL,,,,
imoveis\imoveis\2-quarto-s.html,https://wa.me/5511954346288?text=,,,,
imoveis\imoveis\2-quarto-s.html,https://wa.me/5511954346288?text=,,,,
imoveis\imoveis\2-quarto-s.html,https://wa.me/5511954346288?text=,,,,
imoveis\imoveis\2-quarto-s.html,https://wa.me/5511954346288?text=Olá!%20Tenho%20interesse%20em%202,,,,
imoveis\imoveis\2-quarto-s.html,https://wa.me/5511954346288?text=Tenho+interesse+em+2+Quarto+S+em+Litoral.+Gostaria+de+mais+informa%C3%A7%C3%B5es.,,,,
imoveis\imoveis\2-vagas.html,https://wa.me/5511954346288?text=Olá!%20Tenho%20interesse%20em%202,,,,
imoveis\imoveis\2-vagas.html,https://wa.me/5511954346288?text=Olá!%20Tenho%20interesse%20em%202,,,,
imoveis\imoveis\2-vagas.html,https://wa.me/5511954346288?text=Ol%C3%A1!%20Tenho%20interesse%20no%20im%C3%B3vel%3A%20IMOVEL,,,,
imoveis\imoveis\2-vagas.html,https://wa.me/5511954346288?text=,,,,
imoveis\imoveis\2-vagas.html,https://wa.me/5511954346288?text=,,,,
imoveis\imoveis\2-vagas.html,https://wa.me/5511954346288?text=,,,,
imoveis\imoveis\2-vagas.html,https://wa.me/5511954346288?text=Olá!%20Tenho%20interesse%20em%202,,,,
imoveis\imoveis\2-vagas.html,https://wa.me/5511954346288?text=Tenho+interesse+em+2+Vagas+em+Litoral.+Gostaria+de+mais+informa%C3%A7%C3%B5es.,,,,
imoveis\imoveis\3-quarto-s.html,https://wa.me/5511954346288?text=Olá!%20Tenho%20interesse%20em%203,,,,
imoveis\imoveis\3-quarto-s.html,https://wa.me/5511954346288?text=Olá!%20Tenho%20interesse%20em%203,,,,
imoveis\imoveis\3-quarto-s.html,https://wa.me/5511954346288?text=Ol%C3%A1!%20Tenho%20interesse%20no%20im%C3%B3vel%3A%20IMOVEL,,,,
imoveis\imoveis\3-quarto-s.html,https://wa.me/5511954346288?text=,,,,
imoveis\imoveis\3-quarto-s.html,https://wa.me/5511954346288?text=,,,,
imoveis\imoveis\3-quarto-s.html,https://wa.me/5511954346288?text=,,,,
imoveis\imoveis\3-quarto-s.html,https://wa.me/5511954346288?text=Olá!%20Tenho%20interesse%20em%203,,,,
imoveis\imoveis\3-quarto-s.html,https://wa.me/5511954346288?text=Tenho+interesse+em+3+Quarto+S+em+Litoral.+Gostaria+de+mais+informa%C3%A7%C3%B5es.,,,,
imoveis\imoveis\35m2-sem-vaga.html,https://wa.me/5511954346288?text=Olá!%20Tenho%20interesse%20em%2035m%C2%B2%2C,,,,
imoveis\imoveis\35m2-sem-vaga.html,https://wa.me/5511954346288?text=Olá!%20Tenho%20interesse%20em%2035m%C2%B2%2C,,,,
imoveis\imoveis\35m2-sem-vaga.html,https://wa.me/5511954346288?text=Ol%C3%A1!%20Tenho%20interesse%20no%20im%C3%B3vel%3A%20IMOVEL,,,,
imoveis\imoveis\35m2-sem-vaga.html,https://wa.me/5511954346288?text=,,,,
imoveis\imoveis\35m2-sem-vaga.html,https://wa.me/5511954346288?text=,,,,
imoveis\imoveis\35m2-sem-vaga.html,https://wa.me/5511954346288?text=,,,,
imoveis\imoveis\35m2-sem-vaga.html,https://wa.me/5511954346288?text=Olá!%20Tenho%20interesse%20em%2035m%C2%B2%2C,,,,
imoveis\imoveis\35m2-sem-vaga.html,https://wa.me/5511954346288?text=Tenho+interesse+em+35M2+Sem+Vaga+em+Litoral.+Gostaria+de+mais+informa%C3%A7%C3%B5es.,,,,
imoveis\imoveis\35m2.html,https://wa.me/5511954346288?text=Olá!%20Tenho%20interesse%20em%2035m%C2%B2.,,,,
imoveis\imoveis\35m2.html,https://wa.me/5511954346288?text=Olá!%20Tenho%20interesse%20em%2035m%C2%B2.,,,,
imoveis\imoveis\35m2.html,https://wa.me/5511954346288?text=Ol%C3%A1!%20Tenho%20interesse%20no%20im%C3%B3vel%3A%20IMOVEL,,,,
imoveis\imoveis\35m2.html,https://wa.me/5511954346288?text=,,,,
imoveis\imoveis\35m2.html,https://wa.me/5511954346288?text=,,,,
imoveis\imoveis\35m2.html,https://wa.me/5511954346288?text=,,,,
imoveis\imoveis\35m2.html,https://wa.me/5511954346288?text=Olá!%20Tenho%20interesse%20em%2035m%C2%B2.,,,,
imoveis\imoveis\35m2.html,https://wa.me/5511954346288?text=Tenho+interesse+em+35M2+em+Litoral.+Gostaria+de+mais+informa%C3%A7%C3%B5es.,,,,
imoveis\imoveis\4-quarto-s.html,https://wa.me/5511954346288?text=Olá!%20Tenho%20interesse%20em%204,,,,
imoveis\imoveis\4-quarto-s.html,https://wa.me/5511954346288?text=Olá!%20Tenho%20interesse%20em%204,,,,
imoveis\imoveis\4-quarto-s.html,https://wa.me/5511954346288?text=Ol%C3%A1!%20Tenho%20interesse%20no%20im%C3%B3vel%3A%20IMOVEL,,,,
imoveis\imoveis\4-quarto-s.html,https://wa.me/5511954346288?text=,,,,
imoveis\imoveis\4-quarto-s.html,https://wa.me/5511954346288?text=,,,,
imoveis\imoveis\4-quarto-s.html,https://wa.me/5511954346288?text=,,,,
imoveis\imoveis\4-quarto-s.html,https://wa.me/5511954346288?text=Olá!%20Tenho%20interesse%20em%204,,,,
imoveis\imoveis\4-quarto-s.html,https://wa.me/5511954346288?text=Tenho+interesse+em+4+Quarto+S+em+Litoral.+Gostaria+de+mais+informa%C3%A7%C3%B5es.,,,,
imoveis\imoveis\45m2-sem-vaga.html,https://wa.me/5511954346288?text=Olá!%20Tenho%20interesse%20em%2045m%C2%B2%2C,,,,
imoveis\imoveis\45m2-sem-vaga.html,https://wa.me/5511954346288?text=Olá!%20Tenho%20interesse%20em%2045m%C2%B2%2C,,,,
imoveis\imoveis\45m2-sem-vaga.html,https://wa.me/5511954346288?text=Ol%C3%A1!%20Tenho%20interesse%20no%20im%C3%B3vel%3A%20IMOVEL,,,,
imoveis\imoveis\45m2-sem-vaga.html,https://wa.me/5511954346288?text=,,,,
imoveis\imoveis\45m2-sem-vaga.html,https://wa.me/5511954346288?text=,,,,
imoveis\imoveis\45m2-sem-vaga.html,https://wa.me/5511954346288?text=,,,,
imoveis\imoveis\45m2-sem-vaga.html,https://wa.me/5511954346288?text=Olá!%20Tenho%20interesse%20em%2045m%C2%B2%2C,,,,
imoveis\imoveis\45m2-sem-vaga.html,https://wa.me/5511954346288?text=Tenho+interesse+em+45M2+Sem+Vaga+em+Litoral.+Gostaria+de+mais+informa%C3%A7%C3%B5es.,,,,
imoveis\imoveis\45m2.html,https://wa.me/5511954346288?text=Olá!%20Tenho%20interesse%20em%2045m%C2%B2.,,,,
imoveis\imoveis\45m2.html,https://wa.me/5511954346288?text=Olá!%20Tenho%20interesse%20em%2045m%C2%B2.,,,,
imoveis\imoveis\45m2.html,https://wa.me/5511954346288?text=Ol%C3%A1!%20Tenho%20interesse%20no%20im%C3%B3vel%3A%20IMOVEL,,,,
imoveis\imoveis\45m2.html,https://wa.me/5511954346288?text=,,,,
imoveis\imoveis\45m2.html,https://wa.me/5511954346288?text=,,,,
imoveis\imoveis\45m2.html,https://wa.me/5511954346288?text=,,,,
imoveis\imoveis\45m2.html,https://wa.me/5511954346288?text=Olá!%20Tenho%20interesse%20em%2045m%C2%B2.,,,,
imoveis\imoveis\45m2.html,https://wa.me/5511954346288?text=Tenho+interesse+em+45M2+em+Litoral.+Gostaria+de+mais+informa%C3%A7%C3%B5es.,,,,
imoveis\imoveis\60m2-sem-vaga.html,https://wa.me/5511954346288?text=Olá!%20Tenho%20interesse%20em%2060m%C2%B2%2C,,,,
imoveis\imoveis\60m2-sem-vaga.html,https://wa.me/5511954346288?text=Olá!%20Tenho%20interesse%20em%2060m%C2%B2%2C,,,,
imoveis\imoveis\60m2-sem-vaga.html,https://wa.me/5511954346288?text=Ol%C3%A1!%20Tenho%20interesse%20no%20im%C3%B3vel%3A%20IMOVEL,,,,
imoveis\imoveis\60m2-sem-vaga.html,https://wa.me/5511954346288?text=,,,,
imoveis\imoveis\60m2-sem-vaga.html,https://wa.me/5511954346288?text=,,,,
imoveis\imoveis\60m2-sem-vaga.html,https://wa.me/5511954346288?text=,,,,
imoveis\imoveis\60m2-sem-vaga.html,https://wa.me/5511954346288?text=Olá!%20Tenho%20interesse%20em%2060m%C2%B2%2C,,,,
imoveis\imoveis\60m2-sem-vaga.html,https://wa.me/5511954346288?text=Tenho+interesse+em+60M2+Sem+Vaga+em+Litoral.+Gostaria+de+mais+informa%C3%A7%C3%B5es.,,,,
imoveis\imoveis\60m2.html,https://wa.me/5511954346288?text=Olá!%20Tenho%20interesse%20em%2060m%C2%B2.,,,,
imoveis\imoveis\60m2.html,https://wa.me/5511954346288?text=Olá!%20Tenho%20interesse%20em%2060m%C2%B2.,,,,
imoveis\imoveis\60m2.html,https://wa.me/5511954346288?text=Ol%C3%A1!%20Tenho%20interesse%20no%20im%C3%B3vel%3A%20IMOVEL,,,,
imoveis\imoveis\60m2.html,https://wa.me/5511954346288?text=,,,,
imoveis\imoveis\60m2.html,https://wa.me/5511954346288?text=,,,,
imoveis\imoveis\60m2.html,https://wa.me/5511954346288?text=,,,,
imoveis\imoveis\60m2.html,https://wa.me/5511954346288?text=Olá!%20Tenho%20interesse%20em%2060m%C2%B2.,,,,
imoveis\imoveis\60m2.html,https://wa.me/5511954346288?text=Tenho+interesse+em+60M2+em+Litoral.+Gostaria+de+mais+informa%C3%A7%C3%B5es.,,,,
imoveis\imoveis\80m2-sem-vaga.html,https://wa.me/5511954346288?text=Olá!%20Tenho%20interesse%20em%2080m%C2%B2%2C,,,,
imoveis\imoveis\80m2-sem-vaga.html,https://wa.me/5511954346288?text=Olá!%20Tenho%20interesse%20em%2080m%C2%B2%2C,,,,
imoveis\imoveis\80m2-sem-vaga.html,https://wa.me/5511954346288?text=Ol%C3%A1!%20Tenho%20interesse%20no%20im%C3%B3vel%3A%20IMOVEL,,,,
imoveis\imoveis\80m2-sem-vaga.html,https://wa.me/5511954346288?text=,,,,
imoveis\imoveis\80m2-sem-vaga.html,https://wa.me/5511954346288?text=,,,,
imoveis\imoveis\80m2-sem-vaga.html,https://wa.me/5511954346288?text=,,,,
imoveis\imoveis\80m2-sem-vaga.html,https://wa.me/5511954346288?text=Olá!%20Tenho%20interesse%20em%2080m%C2%B2%2C,,,,
imoveis\imoveis\80m2-sem-vaga.html,https://wa.me/5511954346288?text=Tenho+interesse+em+80M2+Sem+Vaga+em+Litoral.+Gostaria+de+mais+informa%C3%A7%C3%B5es.,,,,
imoveis\imoveis\80m2.html,https://wa.me/5511954346288?text=Olá!%20Tenho%20interesse%20em%2080m%C2%B2.,,,,
imoveis\imoveis\80m2.html,https://wa.me/5511954346288?text=Olá!%20Tenho%20interesse%20em%2080m%C2%B2.,,,,
imoveis\imoveis\80m2.html,https://wa.me/5511954346288?text=Ol%C3%A1!%20Tenho%20interesse%20no%20im%C3%B3vel%3A%20IMOVEL,,,,
imoveis\imoveis\80m2.html,https://wa.me/5511954346288?text=,,,,
imoveis\imoveis\80m2.html,https://wa.me/5511954346288?text=,,,,
imoveis\imoveis\80m2.html,https://wa.me/5511954346288?text=,,,,
imoveis\imoveis\80m2.html,https://wa.me/5511954346288?text=Olá!%20Tenho%20interesse%20em%2080m%C2%B2.,,,,
imoveis\imoveis\80m2.html,https://wa.me/5511954346288?text=Tenho+interesse+em+80M2+em+Litoral.+Gostaria+de+mais+informa%C3%A7%C3%B5es.,,,,
imoveis\imoveis\Apartamento Bertioga.html,https://wa.me/5511954346288?text=Olá!%20Tenho%20interesse%20em%20Apartamento,,,,
imoveis\imoveis\Apartamento Bertioga.html,https://wa.me/5511954346288?text=Olá!%20Tenho%20interesse%20em%20Apartamento,,,,
imoveis\imoveis\Apartamento Bertioga.html,https://wa.me/5511954346288?text=Ol%C3%A1!%20Tenho%20interesse%20no%20im%C3%B3vel%3A%20IMOVEL,,,,
imoveis\imoveis\Apartamento Bertioga.html,https://wa.me/5511954346288?text=,,,,
imoveis\imoveis\Apartamento Bertioga.html,https://wa.me/5511954346288?text=,,,,
imoveis\imoveis\Apartamento Bertioga.html,https://wa.me/5511954346288?text=,,,,
imoveis\imoveis\Apartamento Bertioga.html,https://wa.me/5511954346288?text=Olá!%20Tenho%20interesse%20em%20Apartamento,,,,
imoveis\imoveis\Apartamento Bertioga.html,https://wa.me/5511954346288?text=Tenho+interesse+em+Apartamento+Bertioga+em+bertioga.+Gostaria+de+mais+informa%C3%A7%C3%B5es.,,,,
imoveis\imoveis\Apartamento Centro.html,https://wa.me/5511954346288?text=Olá!%20Tenho%20interesse%20em%20Apartamento,,,,
imoveis\imoveis\Apartamento Centro.html,https://wa.me/5511954346288?text=Olá!%20Tenho%20interesse%20em%20Apartamento,,,,
imoveis\imoveis\Apartamento Centro.html,https://wa.me/5511954346288?text=Ol%C3%A1!%20Tenho%20interesse%20no%20im%C3%B3vel%3A%20IMOVEL,,,,
imoveis\imoveis\Apartamento Centro.html,https://wa.me/5511954346288?text=,,,,
imoveis\imoveis\Apartamento Centro.html,https://wa.me/5511954346288?text=,,,,
imoveis\imoveis\Apartamento Centro.html,https://wa.me/5511954346288?text=,,,,
imoveis\imoveis\Apartamento Centro.html,https://wa.me/5511954346288?text=Olá!%20Tenho%20interesse%20em%20Apartamento,,,,
imoveis\imoveis\Apartamento Centro.html,https://wa.me/5511954346288?text=Tenho+interesse+em+Apartamento+Centro+em+Litoral.+Gostaria+de+mais+informa%C3%A7%C3%B5es.,,,,
landings\landing-investidores-seed.html,https://wa.me/5511954346288?text=Tenho%20interesse%20em%20investir,,,,
landings\landing-parcerias-imobiliarias.html,https://wa.me/5511954346288?text=Quero%20propor%20parceria,,,,
landings\onboarding-parceiros.html,https://wa.me/5511954346288?text=Quero%20ser%20parceiro,,,,
litoral-prime-imoveis\guia-como-comprar-imovel-litoral.html,https://wa.me/5511954346288?text=Ol%C3%A1!%20Li%20o%20guia%20e%20quero%20ajuda%20para%20comprar%20um%20im%C3%B3vel%20no%20litoral.,,,,
litoral-prime-imoveis\guia-como-comprar-imovel-litoral.html,https://wa.me/5511954346288?text=Olá!%20Li%20o%20guia%20de%20compra%20e%20quero%20ajuda%20para%20escolher%20um%20imóvel.,,,,
litoral-prime-imoveis\guia-como-comprar-imovel-temporada-litoral.html,https://wa.me/5511954346288?text=Olá!%20Li%20o%20guia%20de%20temporada%20e%20quero%20opções%20de%20imóvel%20para%20temporada.,,,,
litoral-prime-imoveis\imoveis.html,https://wa.me/5511954346288?utm_source=site&utm_medium=whatsapp&utm_campaign=geral,site,whatsapp,geral,
litoral-prime-imoveis\imoveis.html,https://wa.me/5511954346288?utm_source=site&utm_medium=whatsapp&utm_campaign=geral,site,whatsapp,geral,
litoral-prime-imoveis\imoveis.html,https://wa.me/5511954346288?utm_source=site&utm_medium=whatsapp&utm_campaign=geral,site,whatsapp,geral,
litoral-prime-imoveis\imoveis.html,https://wa.me/5511954346288?utm_source=site&utm_medium=whatsapp&utm_campaign=geral,site,whatsapp,geral,
litoral-prime-imoveis\imoveis.html,https://wa.me/5511954346288?utm_source=site&utm_medium=whatsapp&utm_campaign=geral,site,whatsapp,geral,
litoral-prime-imoveis\imoveis.html,https://wa.me/5511954346288?utm_source=site&utm_medium=whatsapp&utm_campaign=geral,site,whatsapp,geral,
litoral-prime-imoveis\imoveis.html,https://wa.me/5511954346288?utm_source=site&utm_medium=whatsapp&utm_campaign=geral,site,whatsapp,geral,
litoral-prime-imoveis\imoveis.html,https://wa.me/5511954346288?utm_source=site&utm_medium=whatsapp&utm_campaign=geral,site,whatsapp,geral,
litoral-prime-imoveis\imoveis.html,https://wa.me/5511954346288?utm_source=site&utm_medium=whatsapp&utm_campaign=geral,site,whatsapp,geral,
litoral-prime-imoveis\imoveis.html,https://wa.me/5511954346288?utm_source=site&utm_medium=whatsapp&utm_campaign=geral,site,whatsapp,geral,
litoral-prime-imoveis\imoveis.html,https://wa.me/5511954346288?utm_source=site&utm_medium=whatsapp&utm_campaign=geral,site,whatsapp,geral,
litoral-prime-imoveis\index.html,https://wa.me/5511954346288?utm_source=site&utm_medium=whatsapp&utm_campaign=geral,site,whatsapp,geral,
litoral-prime-imoveis\index.html,https://wa.me/5511954346288?utm_source=site&utm_medium=whatsapp&utm_campaign=geral,site,whatsapp,geral,
litoral-prime-imoveis\index.html,https://wa.me/5511954346288?utm_source=site&utm_medium=whatsapp&utm_campaign=geral,site,whatsapp,geral,
litoral-prime-imoveis\index.html,https://wa.me/5511954346288?utm_source=site&utm_medium=whatsapp&utm_campaign=geral,site,whatsapp,geral,
litoral-prime-imoveis\index.html,https://wa.me/5511954346288?utm_source=site&utm_medium=whatsapp&utm_campaign=geral,site,whatsapp,geral,
litoral-prime-imoveis\index.html,https://wa.me/5511954346288?utm_source=site&utm_medium=whatsapp&utm_campaign=geral,site,whatsapp,geral,
litoral-prime-imoveis\index.html,https://wa.me/5511954346288?utm_source=site&utm_medium=whatsapp&utm_campaign=geral,site,whatsapp,geral,
litoral-prime-imoveis\index.html,https://wa.me/5511954346288?utm_source=site&utm_medium=whatsapp&utm_campaign=geral,site,whatsapp,geral,
litoral-prime-imoveis\index.html,https://wa.me/5511954346288?utm_source=site&utm_medium=whatsapp&utm_campaign=geral,site,whatsapp,geral,
litoral-prime-imoveis\index.html,https://wa.me/5511954346288?utm_source=site&utm_medium=whatsapp&utm_campaign=geral,site,whatsapp,geral,
litoral-prime-imoveis\index.html,https://wa.me/5511954346288?utm_source=site&utm_medium=whatsapp&utm_campaign=geral,site,whatsapp,geral,
litoral-prime-imoveis\servicos.html,https://wa.me/5511954346288?text=Olá!%20Quero%20conhecer%20os%20serviços%20da%20Litoral%20Prime%20Imóveis.,,,,
litoral-prime-imoveis\cidades\bertioga-imoveis-venda.html,https://wa.me/5511954346288?text=Ol%C3%A1%21+Tenho+interesse+em+im%C3%B3veis+%C3%A0+venda+em+Bertioga.,,,,
litoral-prime-imoveis\cidades\bertioga-imoveis-venda.html,https://wa.me/5511954346288?text=Ol%C3%A1%21+Quero+ver+oportunidades+de+im%C3%B3veis+%C3%A0+venda+em+Bertioga.,,,,
litoral-prime-imoveis\cidades\bertioga-imoveis-venda.html,https://wa.me/5511954346288?text=Ol%C3%A1%21+Tenho+interesse+em+im%C3%B3veis+alto+padr%C3%A3o+em+Bertioga.,,,,
litoral-prime-imoveis\cidades\bertioga-imoveis-venda.html,https://wa.me/5511954346288?text=Ol%C3%A1%21+Tenho+interesse+em+im%C3%B3veis+com+vista+mar+em+Bertioga.,,,,
litoral-prime-imoveis\cidades\bertioga-imoveis-venda.html,https://wa.me/5511954346288?text=,,,,
litoral-prime-imoveis\cidades\bertioga-imoveis-venda.html,https://wa.me/5511954346288?text=Ol%C3%A1%21+Quero+ver+oportunidades+de+im%C3%B3veis+%C3%A0+venda+em+Bertioga.,,,,
litoral-prime-imoveis\cidades\bertioga.html,https://wa.me/5511954346288?text=Olá!%20Tenho%20interesse%20em%20imóveis%20em%20Bertioga.,,,,
litoral-prime-imoveis\cidades\bertioga.html,https://wa.me/5511954346288?text=Olá!%20Quero%20imóveis%20em%20Bertioga.,,,,
litoral-prime-imoveis\cidades\bertioga.html,https://wa.me/5511954346288?text=Olá!%20Quero%20agendar%20visita%20em%20Bertioga.,,,,
litoral-prime-imoveis\cidades\bertioga.html,https://wa.me/5511954346288?text=Olá!%20Tenho%20interesse%20em%20imóveis%20alto%20padrão%20em%20Bertioga.,,,,
litoral-prime-imoveis\cidades\bertioga.html,https://wa.me/5511954346288?text=Olá!%20Tenho%20interesse%20em%20imóveis%20com%20vista%20mar%20em%20Bertioga.,,,,
litoral-prime-imoveis\cidades\bertioga.html,https://wa.me/5511954346288?text=,,,,
litoral-prime-imoveis\cidades\bertioga.html,https://wa.me/5511954346288?text=Olá!%20Tenho%20interesse%20em%20imóveis%20em%20Bertioga.,,,,
litoral-prime-imoveis\cidades\guaruja-imoveis-venda.html,https://wa.me/5511954346288?text=Ol%C3%A1%21+Tenho+interesse+em+im%C3%B3veis+%C3%A0+venda+em+Guaruj%C3%A1.,,,,
litoral-prime-imoveis\cidades\guaruja-imoveis-venda.html,https://wa.me/5511954346288?text=Ol%C3%A1%21+Quero+ver+oportunidades+de+im%C3%B3veis+%C3%A0+venda+em+Guaruj%C3%A1.,,,,
litoral-prime-imoveis\cidades\guaruja-imoveis-venda.html,https://wa.me/5511954346288?text=Ol%C3%A1%21+Tenho+interesse+em+im%C3%B3veis+no+Jardim+Acapulco%2C+Guaruj%C3%A1.,,,,
litoral-prime-imoveis\cidades\guaruja-imoveis-venda.html,https://wa.me/5511954346288?text=Ol%C3%A1%21+Tenho+interesse+em+im%C3%B3veis+em+Vicente+de+Carvalho%2C+Guaruj%C3%A1.,,,,
litoral-prime-imoveis\cidades\guaruja-imoveis-venda.html,https://wa.me/5511954346288?text=Ol%C3%A1%21+Tenho+interesse+em+im%C3%B3veis+no+centro+do+Guaruj%C3%A1.,,,,
litoral-prime-imoveis\cidades\guaruja-imoveis-venda.html,https://wa.me/5511954346288?text=,,,,
litoral-prime-imoveis\cidades\guaruja-imoveis-venda.html,https://wa.me/5511954346288?text=Ol%C3%A1%21+Quero+ver+oportunidades+de+im%C3%B3veis+%C3%A0+venda+em+Guaruj%C3%A1.,,,,
litoral-prime-imoveis\cidades\guaruja.html,https://wa.me/5511954346288?text=Olá!%20Tenho%20interesse%20em%20imóveis%20no%20Guarujá.,,,,
litoral-prime-imoveis\cidades\guaruja.html,https://wa.me/5511954346288?text=Olá!%20Quero%20imóveis%20no%20Guarujá.,,,,
litoral-prime-imoveis\cidades\guaruja.html,https://wa.me/5511954346288?text=Olá!%20Quero%20agendar%20visita%20no%20Guarujá.,,,,
litoral-prime-imoveis\cidades\guaruja.html,"https://wa.me/5511954346288?text=Olá!%20Tenho%20interesse%20em%20imóveis%20no%20Jardim%20Acapulco,%20Guarujá.",,,,
litoral-prime-imoveis\cidades\guaruja.html,"https://wa.me/5511954346288?text=Olá!%20Tenho%20interesse%20em%20imóveis%20em%20Vicente%20de%20Carvalho,%20Guarujá.",,,,
litoral-prime-imoveis\cidades\guaruja.html,https://wa.me/5511954346288?text=Olá!%20Tenho%20interesse%20em%20imóveis%20no%20centro%20do%20Guarujá.,,,,
litoral-prime-imoveis\cidades\guaruja.html,https://wa.me/5511954346288?text=,,,,
litoral-prime-imoveis\cidades\guaruja.html,https://wa.me/5511954346288?text=Olá!%20Tenho%20interesse%20em%20imóveis%20no%20Guarujá.,,,,
litoral-prime-imoveis\cidades\itanhaem-imoveis-venda.html,https://wa.me/5511954346288?text=Ol%C3%A1%21+Tenho+interesse+em+im%C3%B3veis+%C3%A0+venda+em+Itanha%C3%A9m.,,,,
litoral-prime-imoveis\cidades\itanhaem-imoveis-venda.html,https://wa.me/5511954346288?text=Ol%C3%A1%21+Quero+ver+oportunidades+de+im%C3%B3veis+%C3%A0+venda+em+Itanha%C3%A9m.,,,,
litoral-prime-imoveis\cidades\itanhaem-imoveis-venda.html,https://wa.me/5511954346288?text=Ol%C3%A1%21+Tenho+interesse+em+im%C3%B3veis+no+centro+de+Itanha%C3%A9m.,,,,
litoral-prime-imoveis\cidades\itanhaem-imoveis-venda.html,https://wa.me/5511954346288?text=Ol%C3%A1%21+Tenho+interesse+em+im%C3%B3veis+no+Cibratel%2C+Itanha%C3%A9m.,,,,
litoral-prime-imoveis\cidades\itanhaem-imoveis-venda.html,https://wa.me/5511954346288?text=Ol%C3%A1%21+Tenho+interesse+em+im%C3%B3veis+no+Jardim%E5%AE%89%E9%9D%99%E7%9A%84%2C+Itanha%C3%A9m.,,,,
litoral-prime-imoveis\cidades\itanhaem-imoveis-venda.html,https://wa.me/5511954346288?text=,,,,
litoral-prime-imoveis\cidades\itanhaem-imoveis-venda.html,https://wa.me/5511954346288?text=Ol%C3%A1%21+Quero+ver+oportunidades+de+im%C3%B3veis+%C3%A0+venda+em+Itanha%C3%A9m.,,,,
litoral-prime-imoveis\cidades\itanhaem.html,https://wa.me/5511954346288?text=Olá!%20Tenho%20interesse%20em%20imóveis%20em%20Itanhaém.,,,,
litoral-prime-imoveis\cidades\itanhaem.html,https://wa.me/5511954346288?text=Olá!%20Quero%20imóveis%20em%20Itanhaém.,,,,
litoral-prime-imoveis\cidades\itanhaem.html,https://wa.me/5511954346288?text=Olá!%20Quero%20agendar%20visita%20em%20Itanhaém.,,,,
litoral-prime-imoveis\cidades\itanhaem.html,https://wa.me/5511954346288?text=Olá!%20Tenho%20interesse%20em%20imóveis%20no%20centro%20de%20Itanhaém.,,,,
litoral-prime-imoveis\cidades\itanhaem.html,"https://wa.me/5511954346288?text=Olá!%20Tenho%20interesse%20em%20imóveis%20no%20Cibratel,%20Itanhaém.",,,,
litoral-prime-imoveis\cidades\itanhaem.html,"https://wa.me/5511954346288?text=Olá!%20Tenho%20interesse%20em%20imóveis%20no%20Jardim安静的,%20Itanhaém.",,,,
litoral-prime-imoveis\cidades\itanhaem.html,https://wa.me/5511954346288?text=,,,,
litoral-prime-imoveis\cidades\itanhaem.html,https://wa.me/5511954346288?text=Olá!%20Tenho%20interesse%20em%20imóveis%20em%20Itanhaém.,,,,
litoral-prime-imoveis\cidades\mongagua-imoveis-venda.html,https://wa.me/5511954346288?text=Ol%C3%A1%21+Tenho+interesse+em+im%C3%B3veis+%C3%A0+venda+em+Mongagu%C3%A1.,,,,
litoral-prime-imoveis\cidades\mongagua-imoveis-venda.html,https://wa.me/5511954346288?text=Ol%C3%A1%21+Quero+ver+oportunidades+de+im%C3%B3veis+%C3%A0+venda+em+Mongagu%C3%A1.,,,,
litoral-prime-imoveis\cidades\mongagua-imoveis-venda.html,https://wa.me/5511954346288?text=Ol%C3%A1%21+Tenho+interesse+em+im%C3%B3veis+no+centro+de+Mongagu%C3%A1.,,,,
litoral-prime-imoveis\cidades\mongagua-imoveis-venda.html,https://wa.me/5511954346288?text=Ol%C3%A1%21+Tenho+interesse+em+im%C3%B3veis+no+Jardim+Marina%2C+Mongagu%C3%A1.,,,,
litoral-prime-imoveis\cidades\mongagua-imoveis-venda.html,https://wa.me/5511954346288?text=,,,,
litoral-prime-imoveis\cidades\mongagua-imoveis-venda.html,https://wa.me/5511954346288?text=Ol%C3%A1%21+Quero+ver+oportunidades+de+im%C3%B3veis+%C3%A0+venda+em+Mongagu%C3%A1.,,,,
litoral-prime-imoveis\cidades\mongagua.html,https://wa.me/5511954346288?text=Olá!%20Tenho%20interesse%20em%20imóveis%20em%20Mongaguá.,,,,
litoral-prime-imoveis\cidades\mongagua.html,https://wa.me/5511954346288?text=Olá!%20Quero%20imóveis%20em%20Mongaguá.,,,,
litoral-prime-imoveis\cidades\mongagua.html,https://wa.me/5511954346288?text=Olá!%20Quero%20agendar%20visita%20em%20Mongaguá.,,,,
litoral-prime-imoveis\cidades\mongagua.html,https://wa.me/5511954346288?text=Olá!%20Tenho%20interesse%20em%20imóveis%20no%20centro%20de%20Mongaguá.,,,,
litoral-prime-imoveis\cidades\mongagua.html,"https://wa.me/5511954346288?text=Olá!%20Tenho%20interesse%20em%20imóveis%20no%20Jardim%20Marina,%20Mongaguá.",,,,
litoral-prime-imoveis\cidades\mongagua.html,https://wa.me/5511954346288?text=,,,,
litoral-prime-imoveis\cidades\mongagua.html,https://wa.me/5511954346288?text=Olá!%20Tenho%20interesse%20em%20imóveis%20em%20Mongaguá.,,,,
litoral-prime-imoveis\cidades\peruibe-imoveis-venda.html,https://wa.me/5511954346288?text=Ol%C3%A1%21+Tenho+interesse+em+im%C3%B3veis+%C3%A0+venda+em+Peru%C3%ADbe.,,,,
litoral-prime-imoveis\cidades\peruibe-imoveis-venda.html,https://wa.me/5511954346288?text=Ol%C3%A1%21+Quero+ver+oportunidades+de+im%C3%B3veis+%C3%A0+venda+em+Peru%C3%ADbe.,,,,
litoral-prime-imoveis\cidades\peruibe-imoveis-venda.html,https://wa.me/5511954346288?text=Ol%C3%A1%21+Tenho+interesse+em+im%C3%B3veis+no+centro+de+Peru%C3%ADbe.,,,,
litoral-prime-imoveis\cidades\peruibe-imoveis-venda.html,https://wa.me/5511954346288?text=Ol%C3%A1%21+Tenho+interesse+em+im%C3%B3veis+em+condom%C3%ADnios+fechados%2C+Peru%C3%ADbe.,,,,
litoral-prime-imoveis\cidades\peruibe-imoveis-venda.html,https://wa.me/5511954346288?text=,,,,
litoral-prime-imoveis\cidades\peruibe-imoveis-venda.html,https://wa.me/5511954346288?text=Ol%C3%A1%21+Quero+ver+oportunidades+de+im%C3%B3veis+%C3%A0+venda+em+Peru%C3%ADbe.,,,,
litoral-prime-imoveis\cidades\peruibe.html,https://wa.me/5511954346288?text=Olá!%20Tenho%20interesse%20em%20imóveis%20em%20Peruíbe.,,,,
litoral-prime-imoveis\cidades\peruibe.html,https://wa.me/5511954346288?text=Olá!%20Quero%20imóveis%20em%20Peruíbe.,,,,
litoral-prime-imoveis\cidades\peruibe.html,https://wa.me/5511954346288?text=Olá!%20Quero%20agendar%20visita%20em%20Peruíbe.,,,,
litoral-prime-imoveis\cidades\peruibe.html,https://wa.me/5511954346288?text=Olá!%20Tenho%20interesse%20em%20imóveis%20no%20centro%20de%20Peruíbe.,,,,
litoral-prime-imoveis\cidades\peruibe.html,"https://wa.me/5511954346288?text=Olá!%20Tenho%20interesse%20em%20imóveis%20em%20condomínios%20fechados,%20Peruíbe.",,,,
litoral-prime-imoveis\cidades\peruibe.html,https://wa.me/5511954346288?text=,,,,
litoral-prime-imoveis\cidades\peruibe.html,https://wa.me/5511954346288?text=Olá!%20Tenho%20interesse%20em%20imóveis%20em%20Peruíbe.,,,,
litoral-prime-imoveis\cidades\praia-grande-imoveis-venda.html,https://wa.me/5511954346288?text=Ol%C3%A1%21+Tenho+interesse+em+im%C3%B3veis+%C3%A0+venda+em+Praia+Grande.,,,,
litoral-prime-imoveis\cidades\praia-grande-imoveis-venda.html,https://wa.me/5511954346288?text=Ol%C3%A1%21+Quero+ver+oportunidades+de+im%C3%B3veis+%C3%A0+venda+em+Praia+Grande.,,,,
litoral-prime-imoveis\cidades\praia-grande-imoveis-venda.html,https://wa.me/5511954346288?text=Ol%C3%A1%21+Tenho+interesse+em+im%C3%B3veis+no+Boqueir%C3%A3o%2C+Praia+Grande.,,,,
litoral-prime-imoveis\cidades\praia-grande-imoveis-venda.html,https://wa.me/5511954346288?text=Ol%C3%A1%21+Tenho+interesse+em+im%C3%B3veis+no+Maracan%C3%A3%2C+Praia+Grande.,,,,
litoral-prime-imoveis\cidades\praia-grande-imoveis-venda.html,https://wa.me/5511954346288?text=Ol%C3%A1%21+Tenho+interesse+em+im%C3%B3veis+na+Vila+Tupi%2C+Praia+Grande.,,,,
litoral-prime-imoveis\cidades\praia-grande-imoveis-venda.html,https://wa.me/5511954346288?text=,,,,
litoral-prime-imoveis\cidades\praia-grande-imoveis-venda.html,https://wa.me/5511954346288?text=Ol%C3%A1%21+Quero+ver+oportunidades+de+im%C3%B3veis+%C3%A0+venda+em+Praia+Grande.,,,,
litoral-prime-imoveis\cidades\praia-grande.html,https://wa.me/5511954346288?text=Olá!%20Tenho%20interesse%20em%20imóveis%20em%20Praia%20Grande.,,,,
litoral-prime-imoveis\cidades\praia-grande.html,https://wa.me/5511954346288?text=Olá!%20Quero%20imóveis%20em%20Praia%20Grande.,,,,
litoral-prime-imoveis\cidades\praia-grande.html,https://wa.me/5511954346288?text=Olá!%20Quero%20agendar%20visita%20em%20Praia%20Grande.,,,,
litoral-prime-imoveis\cidades\praia-grande.html,"https://wa.me/5511954346288?text=Olá!%20Tenho%20interesse%20em%20imóveis%20no%20Boqueirão,%20Praia%20Grande.",,,,
litoral-prime-imoveis\cidades\praia-grande.html,"https://wa.me/5511954346288?text=Olá!%20Tenho%20interesse%20em%20imóveis%20no%20Maracanã,%20Praia%20Grande.",,,,
litoral-prime-imoveis\cidades\praia-grande.html,"https://wa.me/5511954346288?text=Olá!%20Tenho%20interesse%20em%20imóveis%20na%20Vila%20Tupi,%20Praia%20Grande.",,,,
litoral-prime-imoveis\cidades\praia-grande.html,https://wa.me/5511954346288?text=,,,,
litoral-prime-imoveis\cidades\praia-grande.html,https://wa.me/5511954346288?text=Olá!%20Tenho%20interesse%20em%20imóveis%20em%20Praia%20Grande.,,,,
litoral-prime-imoveis\cidades\santos-imoveis-venda.html,https://wa.me/5511954346288?text=Olá!%20Tenho%20interesse%20em%20imóveis%20à%20venda%20em%20Santos.,,,,
litoral-prime-imoveis\cidades\santos-imoveis-venda.html,https://wa.me/5511954346288?text=Olá!%20Quero%20ver%20oportunidades%20de%20imóveis%20à%20venda%20em%20Santos.,,,,
litoral-prime-imoveis\cidades\santos-imoveis-venda.html,"https://wa.me/5511954346288?text=Olá!%20Tenho%20interesse%20em%20imóveis%20no%20Gonzaga,%20Santos.",,,,
litoral-prime-imoveis\cidades\santos-imoveis-venda.html,"https://wa.me/5511954346288?text=Olá!%20Tenho%20interesse%20em%20imóveis%20no%20Boqueirão,%20Santos.",,,,
litoral-prime-imoveis\cidades\santos-imoveis-venda.html,"https://wa.me/5511954346288?text=Olá!%20Tenho%20interesse%20em%20imóveis%20na%20Pompéia,%20Santos.",,,,
litoral-prime-imoveis\cidades\santos-imoveis-venda.html,"https://wa.me/5511954346288?text=Olá!%20Tenho%20interesse%20em%20imóveis%20no%20Embaré,%20Santos.",,,,
litoral-prime-imoveis\cidades\santos-imoveis-venda.html,https://wa.me/5511954346288?text=,,,,
litoral-prime-imoveis\cidades\santos-imoveis-venda.html,https://wa.me/5511954346288?text=Olá!%20Quero%20ver%20oportunidades%20de%20imóveis%20à%20venda%20em%20Santos.,,,,
litoral-prime-imoveis\cidades\santos.html,https://wa.me/5511954346288?text=Olá!%20Tenho%20interesse%20em%20imóveis%20em%20Santos.,,,,
litoral-prime-imoveis\cidades\santos.html,https://wa.me/5511954346288?text=Olá!%20Quero%20imóveis%20em%20Santos.,,,,
litoral-prime-imoveis\cidades\santos.html,https://wa.me/5511954346288?text=Olá!%20Quero%20agendar%20visita%20em%20Santos.,,,,
litoral-prime-imoveis\cidades\santos.html,"https://wa.me/5511954346288?text=Olá!%20Tenho%20interesse%20em%20imóveis%20no%20Gonzaga,%20Santos.",,,,
litoral-prime-imoveis\cidades\santos.html,"https://wa.me/5511954346288?text=Olá!%20Tenho%20interesse%20em%20imóveis%20no%20Boqueirão,%20Santos.",,,,
litoral-prime-imoveis\cidades\santos.html,"https://wa.me/5511954346288?text=Olá!%20Tenho%20interesse%20em%20imóveis%20na%20Pompéia,%20Santos.",,,,
litoral-prime-imoveis\cidades\santos.html,"https://wa.me/5511954346288?text=Olá!%20Tenho%20interesse%20em%20imóveis%20no%20Embaré,%20Santos.",,,,
litoral-prime-imoveis\cidades\santos.html,https://wa.me/5511954346288?text=,,,,
litoral-prime-imoveis\cidades\santos.html,https://wa.me/5511954346288?text=Olá!%20Tenho%20interesse%20em%20imóveis%20em%20Santos.,,,,
litoral-prime-imoveis\cidades\sao-vicente-imoveis-venda.html,https://wa.me/5511954346288?text=Ol%C3%A1%21+Tenho+interesse+em+im%C3%B3veis+%C3%A0+venda+em+S%C3%A3o+Vicente.,,,,
litoral-prime-imoveis\cidades\sao-vicente-imoveis-venda.html,https://wa.me/5511954346288?text=Ol%C3%A1%21+Quero+ver+oportunidades+de+im%C3%B3veis+%C3%A0+venda+em+S%C3%A3o+Vicente.,,,,
litoral-prime-imoveis\cidades\sao-vicente-imoveis-venda.html,https://wa.me/5511954346288?text=Ol%C3%A1%21+Tenho+interesse+em+im%C3%B3veis+no+centro+de+S%C3%A3o+Vicente.,,,,
litoral-prime-imoveis\cidades\sao-vicente-imoveis-venda.html,https://wa.me/5511954346288?text=Ol%C3%A1%21+Tenho+interesse+em+im%C3%B3veis+no+Itarar%C3%A9%2C+S%C3%A3o+Vicente.,,,,
litoral-prime-imoveis\cidades\sao-vicente-imoveis-venda.html,https://wa.me/5511954346288?text=,,,,
litoral-prime-imoveis\cidades\sao-vicente-imoveis-venda.html,https://wa.me/5511954346288?text=Ol%C3%A1%21+Quero+ver+oportunidades+de+im%C3%B3veis+%C3%A0+venda+em+S%C3%A3o+Vicente.,,,,
litoral-prime-imoveis\cidades\sao-vicente.html,https://wa.me/5511954346288?text=Olá!%20Tenho%20interesse%20em%20imóveis%20em%20São%20Vicente.,,,,
litoral-prime-imoveis\cidades\sao-vicente.html,https://wa.me/5511954346288?text=Olá!%20Quero%20imóveis%20em%20São%20Vicente.,,,,
litoral-prime-imoveis\cidades\sao-vicente.html,https://wa.me/5511954346288?text=Olá!%20Quero%20agendar%20visita%20em%20São%20Vicente.,,,,
litoral-prime-imoveis\cidades\sao-vicente.html,https://wa.me/5511954346288?text=Olá!%20Tenho%20interesse%20em%20imóveis%20no%20centro%20de%20São%20Vicente.,,,,
litoral-prime-imoveis\cidades\sao-vicente.html,"https://wa.me/5511954346288?text=Olá!%20Tenho%20interesse%20em%20imóveis%20no%20Itararé,%20São%20Vicente.",,,,
litoral-prime-imoveis\cidades\sao-vicente.html,https://wa.me/5511954346288?text=,,,,
litoral-prime-imoveis\cidades\sao-vicente.html,https://wa.me/5511954346288?text=Olá!%20Tenho%20interesse%20em%20imóveis%20em%20São%20Vicente.,,,,
litoral-prime-imoveis\servicos\automacao.html,https://wa.me/5511954346288?text=Olá!%20Quero%20automação%20imobiliária.,,,,
litoral-prime-imoveis\servicos\automacao.html,https://wa.me/5511954346288?text=Olá!%20Quero%20automação%20imobiliária.,,,,
litoral-prime-imoveis\servicos\automacao.html,https://wa.me/5511954346288?text=Olá!%20Quero%20automação%20imobiliária.,,,,
litoral-prime-imoveis\servicos\automacao.html,https://wa.me/5511954346288?text=,,,,
litoral-prime-imoveis\servicos\automacao.html,https://wa.me/5511954346288?text=Olá!%20Quero%20automação%20imobiliária.,,,,
litoral-prime-imoveis\servicos\avaliacao.html,https://wa.me/5511954346288?text=Olá!%20Quero%20uma%20avaliação%20de%20imóvel%20no%20litoral.,,,,
litoral-prime-imoveis\servicos\avaliacao.html,https://wa.me/5511954346288?text=Olá!%20Quero%20uma%20avaliação%20do%20meu%20imóvel.,,,,
litoral-prime-imoveis\servicos\avaliacao.html,https://wa.me/5511954346288?text=Olá!%20Quero%20uma%20avaliação%20do%20meu%20imóvel.,,,,
litoral-prime-imoveis\servicos\avaliacao.html,https://wa.me/5511954346288?text=,,,,
litoral-prime-imoveis\servicos\avaliacao.html,https://wa.me/5511954346288?text=Olá!%20Quero%20uma%20avaliação%20de%20imóvel%20no%20litoral.,,,,
litoral-prime-imoveis\servicos\captacao.html,https://wa.me/5511954346288?text=Olá!%20Quero%20captação%20digital%20para%20meu%20imóvel.,,,,
litoral-prime-imoveis\servicos\captacao.html,https://wa.me/5511954346288?text=Olá!%20Quero%20contratar%20captação%20digital.,,,,
litoral-prime-imoveis\servicos\captacao.html,https://wa.me/5511954346288?text=Olá!%20Quero%20contratar%20captação%20digital.,,,,
litoral-prime-imoveis\servicos\captacao.html,https://wa.me/5511954346288?text=,,,,
litoral-prime-imoveis\servicos\captacao.html,https://wa.me/5511954346288?text=Olá!%20Quero%20captação%20digital%20para%20meu%20imóvel.,,,,
litoral-prime-imoveis\servicos\captura-rapida.html,https://wa.me/5511954346288?text=Ol%C3%A1!%20Quero%20comprar%20um%20im%C3%B3vel%20no%20litoral.,,,,
litoral-prime-imoveis\servicos\captura-rapida.html,https://wa.me/5511954346288?text=Ol%C3%A1!%20Quero%20vender%20meu%20im%C3%B3vel%20no%20litoral.,,,,
litoral-prime-imoveis\servicos\captura-rapida.html,https://wa.me/5511954346288?text=Ol%C3%A1!%20Quero%20avalia%C3%A7%C3%A3o%20de%20im%C3%B3vel%20no%20litoral.,,,,
litoral-prime-imoveis\servicos\captura-rapida.html,https://wa.me/5511954346288?text=Ol%C3%A1!%20Quero%20im%C3%B3vel%20para%20temporada%20no%20litoral.,,,,
litoral-prime-imoveis\servicos\captura-rapida.html,https://wa.me/5511954346288?text=Ol%C3%A1!%20Li%20o%20guia%20do%20investidor%20e%20quero%20ajuda%20para%20escolher%20um%20im%C3%B3vel%20no%20litoral.,,,,
litoral-prime-imoveis\servicos\captura-rapida.html,https://wa.me/5511954346288?text=Ol%C3%A1!%20Quero%20conhecer%20os%20servi%C3%A7os%20da%20Litoral%20Prime%20Im%C3%B3veis.,,,,
litoral-prime-imoveis\servicos\captura-rapida.html,https://wa.me/5511954346288?text=,,,,
litoral-prime-imoveis\servicos\checklist-leads.html,https://wa.me/5511954346288?text=,,,,
litoral-prime-imoveis\servicos\checklist-leads.html,https://wa.me/5511954346288?text=Ol%C3%A1!%20Quero%20receber%20o%20checklist%20gratuito%20para%20vender%20meu%20im%C3%B3vel%20no%20litoral.,,,,
litoral-prime-imoveis\servicos\consulta-rapida.html,https://wa.me/5511954346288?text=Ol%C3%A1!%20Quero%20avalia%C3%A7%C3%A3o%20de%20im%C3%B3veis.,,,,
litoral-prime-imoveis\servicos\consulta-rapida.html,https://wa.me/5511954346288?text=Ol%C3%A1!%20Quero%20capta%C3%A7%C3%A3o%20digital.,,,,
litoral-prime-imoveis\servicos\consulta-rapida.html,https://wa.me/5511954346288?text=Ol%C3%A1!%20Quero%20automa%C3%A7%C3%A3o%20para%20im%C3%B3veis.,,,,
litoral-prime-imoveis\servicos\consulta-rapida.html,https://wa.me/5511954346288?text=,,,,
litoral-prime-imoveis\servicos\consultoria-proptech.html,https://wa.me/5511954346288?text=Olá!%20Quero%20consultoria%20proptech.,,,,
litoral-prime-imoveis\servicos\consultoria-proptech.html,https://wa.me/5511954346288?text=Olá!%20Quero%20consultoria%20proptech.,,,,
litoral-prime-imoveis\servicos\consultoria-proptech.html,https://wa.me/5511954346288?text=Olá!%20Quero%20consultoria%20proptech.,,,,
litoral-prime-imoveis\servicos\consultoria-proptech.html,https://wa.me/5511954346288?text=,,,,
litoral-prime-imoveis\servicos\consultoria-proptech.html,https://wa.me/5511954346288?text=Olá!%20Quero%20consultoria%20proptech.,,,,
litoral-prime-imoveis\servicos\descricao-ia.html,https://wa.me/5511954346288?text=Olá!%20Quero%20descrição%20com%20IA%20para%20meu%20imóvel.,,,,
litoral-prime-imoveis\servicos\descricao-ia.html,https://wa.me/5511954346288?text=Olá!%20Quero%20descrição%20com%20IA%20para%20meus%20imóveis.,,,,
litoral-prime-imoveis\servicos\descricao-ia.html,https://wa.me/5511954346288?text=Olá!%20Quero%20descrição%20com%20IA%20para%20meus%20imóveis.,,,,
litoral-prime-imoveis\servicos\descricao-ia.html,https://wa.me/5511954346288?text=,,,,
litoral-prime-imoveis\servicos\descricao-ia.html,https://wa.me/5511954346288?text=Olá!%20Quero%20descrição%20com%20IA%20para%20meu%20imóvel.,,,,
litoral-prime-imoveis\servicos\guia-aluguel-temporada.html,https://wa.me/5511954346288?text=Ol%C3%A1!%20Li%20o%20guia%20de%20temporada%20e%20quero%20ajuda%20para%20alugar%20meu%20im%C3%B3vel.,,,,
litoral-prime-imoveis\servicos\guia-aluguel-temporada.html,https://wa.me/5511954346288?text=Ol%C3%A1!%20Li%20o%20guia%20de%20temporada%20e%20quero%20ajuda%20para%20alugar%20meu%20im%C3%B3vel.,,,,
litoral-prime-imoveis\servicos\quero-vender-imovel-litoral.html,https://wa.me/5511954346288?text=Ol%C3%A1!%20Quero%20vender%20meu%20im%C3%B3vel%20no%20litoral.,,,,
litoral-prime-imoveis\servicos\quero-vender-imovel-litoral.html,https://wa.me/5511954346288?text=Ol%C3%A1!%20Quero%20vender%20meu%20im%C3%B3vel%20no%20litoral.,,,,
litoral-prime-imoveis\servicos\template-cidade-servico.html,https://wa.me/5511954346288?text=Ol%C3%A1!%20Tenho%20interesse%20no%20servi%C3%A7o%3A%20SERVICO%20em%20CIDADE.,,,,
litoral-prime-imoveis\servicos\template-cidade-servico.html,https://wa.me/5511954346288?text=,,,,
litoral-prime-imoveis\servicos\venda-imovel.html,https://wa.me/5511954346288?text=Olá!%20Quero%20vender%20meu%20imóvel%20no%20litoral.,,,,
litoral-prime-imoveis\servicos\venda-imovel.html,https://wa.me/5511954346288?text=Olá!%20Quero%20vender%20meu%20imóvel%20no%20litoral.,,,,
litoral-prime-imoveis\servicos\venda-imovel.html,https://wa.me/5511954346288?text=,,,,
litoral-prime-imoveis\servicos\venda-imovel.html,https://wa.me/5511954346288?text=,,,,
litoral-prime-imoveis\servicos\venda-imovel.html,https://wa.me/5511954346288?text=Olá!%20Quero%20vender%20meu%20imóvel%20no%20litoral.,,,,
litoral-prime-imoveis\servicos\cidade-servico\bertioga-automacao.html,https://wa.me/5511954346288?text=Ol%C3%A1%21%20Tenho%20interesse%20em%20Automa%C3%A7%C3%A3o%20Imobili%C3%A1ria%20em%20Bertioga.%20Pode%20me%20enviar%20mais%20detalhes%3F,,,,
litoral-prime-imoveis\servicos\cidade-servico\bertioga-automacao.html,https://wa.me/5511954346288?text=,,,,
litoral-prime-imoveis\servicos\cidade-servico\bertioga-avaliacao.html,https://wa.me/5511954346288?text=Ol%C3%A1%21%20Tenho%20interesse%20em%20Avalia%C3%A7%C3%A3o%20de%20Im%C3%B3veis%20em%20Bertioga.%20Pode%20me%20enviar%20mais%20detalhes%3F,,,,
litoral-prime-imoveis\servicos\cidade-servico\bertioga-avaliacao.html,https://wa.me/5511954346288?text=,,,,
litoral-prime-imoveis\servicos\cidade-servico\bertioga-captacao.html,https://wa.me/5511954346288?text=Ol%C3%A1%21%20Tenho%20interesse%20em%20Capta%C3%A7%C3%A3o%20Digital%20em%20Bertioga.%20Pode%20me%20enviar%20mais%20detalhes%3F,,,,
litoral-prime-imoveis\servicos\cidade-servico\bertioga-captacao.html,https://wa.me/5511954346288?text=,,,,
litoral-prime-imoveis\servicos\cidade-servico\bertioga-consultoria.html,https://wa.me/5511954346288?text=Ol%C3%A1%21%20Tenho%20interesse%20em%20Consultoria%20Proptech%20em%20Bertioga.%20Pode%20me%20enviar%20mais%20detalhes%3F,,,,
litoral-prime-imoveis\servicos\cidade-servico\bertioga-consultoria.html,https://wa.me/5511954346288?text=,,,,
litoral-prime-imoveis\servicos\cidade-servico\bertioga-descricao-ia.html,https://wa.me/5511954346288?text=Ol%C3%A1%21%20Tenho%20interesse%20em%20Descri%C3%A7%C3%A3o%20com%20IA%20em%20Bertioga.%20Pode%20me%20enviar%20mais%20detalhes%3F,,,,
litoral-prime-imoveis\servicos\cidade-servico\bertioga-descricao-ia.html,https://wa.me/5511954346288?text=,,,,
litoral-prime-imoveis\servicos\cidade-servico\bertioga-venda-imovel.html,https://wa.me/5511954346288?text=Ol%C3%A1%21%20Tenho%20interesse%20em%20Venda%20de%20Im%C3%B3vel%20em%20Bertioga.%20Pode%20me%20enviar%20mais%20detalhes%3F,,,,
litoral-prime-imoveis\servicos\cidade-servico\bertioga-venda-imovel.html,https://wa.me/5511954346288?text=,,,,
litoral-prime-imoveis\servicos\cidade-servico\guaruja-automacao.html,https://wa.me/5511954346288?text=Ol%C3%A1%21%20Tenho%20interesse%20em%20Automa%C3%A7%C3%A3o%20Imobili%C3%A1ria%20em%20Guaruj%C3%A1.%20Pode%20me%20enviar%20mais%20detalhes%3F,,,,
litoral-prime-imoveis\servicos\cidade-servico\guaruja-automacao.html,https://wa.me/5511954346288?text=,,,,
litoral-prime-imoveis\servicos\cidade-servico\guaruja-avaliacao.html,https://wa.me/5511954346288?text=Ol%C3%A1%21%20Tenho%20interesse%20em%20Avalia%C3%A7%C3%A3o%20de%20Im%C3%B3veis%20em%20Guaruj%C3%A1.%20Pode%20me%20enviar%20mais%20detalhes%3F,,,,
litoral-prime-imoveis\servicos\cidade-servico\guaruja-avaliacao.html,https://wa.me/5511954346288?text=,,,,
litoral-prime-imoveis\servicos\cidade-servico\guaruja-captacao.html,https://wa.me/5511954346288?text=Ol%C3%A1%21%20Tenho%20interesse%20em%20Capta%C3%A7%C3%A3o%20Digital%20em%20Guaruj%C3%A1.%20Pode%20me%20enviar%20mais%20detalhes%3F,,,,
litoral-prime-imoveis\servicos\cidade-servico\guaruja-captacao.html,https://wa.me/5511954346288?text=,,,,
litoral-prime-imoveis\servicos\cidade-servico\guaruja-consultoria.html,https://wa.me/5511954346288?text=Ol%C3%A1%21%20Tenho%20interesse%20em%20Consultoria%20Proptech%20em%20Guaruj%C3%A1.%20Pode%20me%20enviar%20mais%20detalhes%3F,,,,
litoral-prime-imoveis\servicos\cidade-servico\guaruja-consultoria.html,https://wa.me/5511954346288?text=,,,,
litoral-prime-imoveis\servicos\cidade-servico\guaruja-descricao-ia.html,https://wa.me/5511954346288?text=Ol%C3%A1%21%20Tenho%20interesse%20em%20Descri%C3%A7%C3%A3o%20com%20IA%20em%20Guaruj%C3%A1.%20Pode%20me%20enviar%20mais%20detalhes%3F,,,,
litoral-prime-imoveis\servicos\cidade-servico\guaruja-descricao-ia.html,https://wa.me/5511954346288?text=,,,,
litoral-prime-imoveis\servicos\cidade-servico\guaruja-venda-imovel.html,https://wa.me/5511954346288?text=Ol%C3%A1%21%20Tenho%20interesse%20em%20Venda%20de%20Im%C3%B3vel%20em%20Guaruj%C3%A1.%20Pode%20me%20enviar%20mais%20detalhes%3F,,,,
litoral-prime-imoveis\servicos\cidade-servico\guaruja-venda-imovel.html,https://wa.me/5511954346288?text=,,,,
litoral-prime-imoveis\servicos\cidade-servico\itanhaem-automacao.html,https://wa.me/5511954346288?text=Ol%C3%A1%21%20Tenho%20interesse%20em%20Automa%C3%A7%C3%A3o%20Imobili%C3%A1ria%20em%20Itanha%C3%A9m.%20Pode%20me%20enviar%20mais%20detalhes%3F,,,,
litoral-prime-imoveis\servicos\cidade-servico\itanhaem-automacao.html,https://wa.me/5511954346288?text=,,,,
litoral-prime-imoveis\servicos\cidade-servico\itanhaem-avaliacao.html,https://wa.me/5511954346288?text=Ol%C3%A1%21%20Tenho%20interesse%20em%20Avalia%C3%A7%C3%A3o%20de%20Im%C3%B3veis%20em%20Itanha%C3%A9m.%20Pode%20me%20enviar%20mais%20detalhes%3F,,,,
litoral-prime-imoveis\servicos\cidade-servico\itanhaem-avaliacao.html,https://wa.me/5511954346288?text=,,,,
litoral-prime-imoveis\servicos\cidade-servico\itanhaem-captacao.html,https://wa.me/5511954346288?text=Ol%C3%A1%21%20Tenho%20interesse%20em%20Capta%C3%A7%C3%A3o%20Digital%20em%20Itanha%C3%A9m.%20Pode%20me%20enviar%20mais%20detalhes%3F,,,,
litoral-prime-imoveis\servicos\cidade-servico\itanhaem-captacao.html,https://wa.me/5511954346288?text=,,,,
litoral-prime-imoveis\servicos\cidade-servico\itanhaem-consultoria.html,https://wa.me/5511954346288?text=Ol%C3%A1%21%20Tenho%20interesse%20em%20Consultoria%20Proptech%20em%20Itanha%C3%A9m.%20Pode%20me%20enviar%20mais%20detalhes%3F,,,,
litoral-prime-imoveis\servicos\cidade-servico\itanhaem-consultoria.html,https://wa.me/5511954346288?text=,,,,
litoral-prime-imoveis\servicos\cidade-servico\itanhaem-descricao-ia.html,https://wa.me/5511954346288?text=Ol%C3%A1%21%20Tenho%20interesse%20em%20Descri%C3%A7%C3%A3o%20com%20IA%20em%20Itanha%C3%A9m.%20Pode%20me%20enviar%20mais%20detalhes%3F,,,,
litoral-prime-imoveis\servicos\cidade-servico\itanhaem-descricao-ia.html,https://wa.me/5511954346288?text=,,,,
litoral-prime-imoveis\servicos\cidade-servico\itanhaem-venda-imovel.html,https://wa.me/5511954346288?text=Ol%C3%A1%21%20Tenho%20interesse%20em%20Venda%20de%20Im%C3%B3vel%20em%20Itanha%C3%A9m.%20Pode%20me%20enviar%20mais%20detalhes%3F,,,,
litoral-prime-imoveis\servicos\cidade-servico\itanhaem-venda-imovel.html,https://wa.me/5511954346288?text=,,,,
litoral-prime-imoveis\servicos\cidade-servico\mongagua-automacao.html,https://wa.me/5511954346288?text=Ol%C3%A1%21%20Tenho%20interesse%20em%20Automa%C3%A7%C3%A3o%20Imobili%C3%A1ria%20em%20Mongagu%C3%A1.%20Pode%20me%20enviar%20mais%20detalhes%3F,,,,
litoral-prime-imoveis\servicos\cidade-servico\mongagua-automacao.html,https://wa.me/5511954346288?text=,,,,
litoral-prime-imoveis\servicos\cidade-servico\mongagua-avaliacao.html,https://wa.me/5511954346288?text=Ol%C3%A1%21%20Tenho%20interesse%20em%20Avalia%C3%A7%C3%A3o%20de%20Im%C3%B3veis%20em%20Mongagu%C3%A1.%20Pode%20me%20enviar%20mais%20detalhes%3F,,,,
litoral-prime-imoveis\servicos\cidade-servico\mongagua-avaliacao.html,https://wa.me/5511954346288?text=,,,,
litoral-prime-imoveis\servicos\cidade-servico\mongagua-captacao.html,https://wa.me/5511954346288?text=Ol%C3%A1%21%20Tenho%20interesse%20em%20Capta%C3%A7%C3%A3o%20Digital%20em%20Mongagu%C3%A1.%20Pode%20me%20enviar%20mais%20detalhes%3F,,,,
litoral-prime-imoveis\servicos\cidade-servico\mongagua-captacao.html,https://wa.me/5511954346288?text=,,,,
litoral-prime-imoveis\servicos\cidade-servico\mongagua-consultoria.html,https://wa.me/5511954346288?text=Ol%C3%A1%21%20Tenho%20interesse%20em%20Consultoria%20Proptech%20em%20Mongagu%C3%A1.%20Pode%20me%20enviar%20mais%20detalhes%3F,,,,
litoral-prime-imoveis\servicos\cidade-servico\mongagua-consultoria.html,https://wa.me/5511954346288?text=,,,,
litoral-prime-imoveis\servicos\cidade-servico\mongagua-descricao-ia.html,https://wa.me/5511954346288?text=Ol%C3%A1%21%20Tenho%20interesse%20em%20Descri%C3%A7%C3%A3o%20com%20IA%20em%20Mongagu%C3%A1.%20Pode%20me%20enviar%20mais%20detalhes%3F,,,,
litoral-prime-imoveis\servicos\cidade-servico\mongagua-descricao-ia.html,https://wa.me/5511954346288?text=,,,,
litoral-prime-imoveis\servicos\cidade-servico\mongagua-venda-imovel.html,https://wa.me/5511954346288?text=Ol%C3%A1%21%20Tenho%20interesse%20em%20Venda%20de%20Im%C3%B3vel%20em%20Mongagu%C3%A1.%20Pode%20me%20enviar%20mais%20detalhes%3F,,,,
litoral-prime-imoveis\servicos\cidade-servico\mongagua-venda-imovel.html,https://wa.me/5511954346288?text=,,,,
litoral-prime-imoveis\servicos\cidade-servico\peruibe-automacao.html,https://wa.me/5511954346288?text=Ol%C3%A1%21%20Tenho%20interesse%20em%20Automa%C3%A7%C3%A3o%20Imobili%C3%A1ria%20em%20Peru%C3%ADbe.%20Pode%20me%20enviar%20mais%20detalhes%3F,,,,
litoral-prime-imoveis\servicos\cidade-servico\peruibe-automacao.html,https://wa.me/5511954346288?text=,,,,
litoral-prime-imoveis\servicos\cidade-servico\peruibe-avaliacao.html,https://wa.me/5511954346288?text=Ol%C3%A1%21%20Tenho%20interesse%20em%20Avalia%C3%A7%C3%A3o%20de%20Im%C3%B3veis%20em%20Peru%C3%ADbe.%20Pode%20me%20enviar%20mais%20detalhes%3F,,,,
litoral-prime-imoveis\servicos\cidade-servico\peruibe-avaliacao.html,https://wa.me/5511954346288?text=,,,,
litoral-prime-imoveis\servicos\cidade-servico\peruibe-captacao.html,https://wa.me/5511954346288?text=Ol%C3%A1%21%20Tenho%20interesse%20em%20Capta%C3%A7%C3%A3o%20Digital%20em%20Peru%C3%ADbe.%20Pode%20me%20enviar%20mais%20detalhes%3F,,,,
litoral-prime-imoveis\servicos\cidade-servico\peruibe-captacao.html,https://wa.me/5511954346288?text=,,,,
litoral-prime-imoveis\servicos\cidade-servico\peruibe-consultoria.html,https://wa.me/5511954346288?text=Ol%C3%A1%21%20Tenho%20interesse%20em%20Consultoria%20Proptech%20em%20Peru%C3%ADbe.%20Pode%20me%20enviar%20mais%20detalhes%3F,,,,
litoral-prime-imoveis\servicos\cidade-servico\peruibe-consultoria.html,https://wa.me/5511954346288?text=,,,,
litoral-prime-imoveis\servicos\cidade-servico\peruibe-descricao-ia.html,https://wa.me/5511954346288?text=Ol%C3%A1%21%20Tenho%20interesse%20em%20Descri%C3%A7%C3%A3o%20com%20IA%20em%20Peru%C3%ADbe.%20Pode%20me%20enviar%20mais%20detalhes%3F,,,,
litoral-prime-imoveis\servicos\cidade-servico\peruibe-descricao-ia.html,https://wa.me/5511954346288?text=,,,,
litoral-prime-imoveis\servicos\cidade-servico\peruibe-venda-imovel.html,https://wa.me/5511954346288?text=Ol%C3%A1%21%20Tenho%20interesse%20em%20Venda%20de%20Im%C3%B3vel%20em%20Peru%C3%ADbe.%20Pode%20me%20enviar%20mais%20detalhes%3F,,,,
litoral-prime-imoveis\servicos\cidade-servico\peruibe-venda-imovel.html,https://wa.me/5511954346288?text=,,,,
litoral-prime-imoveis\servicos\cidade-servico\praia-grande-automacao.html,https://wa.me/5511954346288?text=Ol%C3%A1%21%20Tenho%20interesse%20em%20Automa%C3%A7%C3%A3o%20Imobili%C3%A1ria%20em%20Praia%20Grande.%20Pode%20me%20enviar%20mais%20detalhes%3F,,,,
litoral-prime-imoveis\servicos\cidade-servico\praia-grande-automacao.html,https://wa.me/5511954346288?text=,,,,
litoral-prime-imoveis\servicos\cidade-servico\praia-grande-avaliacao.html,https://wa.me/5511954346288?text=Ol%C3%A1%21%20Tenho%20interesse%20em%20Avalia%C3%A7%C3%A3o%20de%20Im%C3%B3veis%20em%20Praia%20Grande.%20Pode%20me%20enviar%20mais%20detalhes%3F,,,,
litoral-prime-imoveis\servicos\cidade-servico\praia-grande-avaliacao.html,https://wa.me/5511954346288?text=,,,,
litoral-prime-imoveis\servicos\cidade-servico\praia-grande-captacao.html,https://wa.me/5511954346288?text=Ol%C3%A1%21%20Tenho%20interesse%20em%20Capta%C3%A7%C3%A3o%20Digital%20em%20Praia%20Grande.%20Pode%20me%20enviar%20mais%20detalhes%3F,,,,
litoral-prime-imoveis\servicos\cidade-servico\praia-grande-captacao.html,https://wa.me/5511954346288?text=,,,,
litoral-prime-imoveis\servicos\cidade-servico\praia-grande-consultoria.html,https://wa.me/5511954346288?text=Ol%C3%A1%21%20Tenho%20interesse%20em%20Consultoria%20Proptech%20em%20Praia%20Grande.%20Pode%20me%20enviar%20mais%20detalhes%3F,,,,
litoral-prime-imoveis\servicos\cidade-servico\praia-grande-consultoria.html,https://wa.me/5511954346288?text=,,,,
litoral-prime-imoveis\servicos\cidade-servico\praia-grande-descricao-ia.html,https://wa.me/5511954346288?text=Ol%C3%A1%21%20Tenho%20interesse%20em%20Descri%C3%A7%C3%A3o%20com%20IA%20em%20Praia%20Grande.%20Pode%20me%20enviar%20mais%20detalhes%3F,,,,
litoral-prime-imoveis\servicos\cidade-servico\praia-grande-descricao-ia.html,https://wa.me/5511954346288?text=,,,,
litoral-prime-imoveis\servicos\cidade-servico\praia-grande-venda-imovel.html,https://wa.me/5511954346288?text=Ol%C3%A1%21%20Tenho%20interesse%20em%20Venda%20de%20Im%C3%B3vel%20em%20Praia%20Grande.%20Pode%20me%20enviar%20mais%20detalhes%3F,,,,
litoral-prime-imoveis\servicos\cidade-servico\praia-grande-venda-imovel.html,https://wa.me/5511954346288?text=,,,,
litoral-prime-imoveis\servicos\cidade-servico\santos-automacao.html,https://wa.me/5511954346288?text=Ol%C3%A1%21%20Tenho%20interesse%20em%20Automa%C3%A7%C3%A3o%20Imobili%C3%A1ria%20em%20Santos.%20Pode%20me%20enviar%20mais%20detalhes%3F,,,,
litoral-prime-imoveis\servicos\cidade-servico\santos-automacao.html,https://wa.me/5511954346288?text=,,,,
litoral-prime-imoveis\servicos\cidade-servico\santos-avaliacao.html,https://wa.me/5511954346288?text=Ol%C3%A1%21%20Tenho%20interesse%20em%20Avalia%C3%A7%C3%A3o%20de%20Im%C3%B3veis%20em%20Santos.%20Pode%20me%20enviar%20mais%20detalhes%3F,,,,
litoral-prime-imoveis\servicos\cidade-servico\santos-avaliacao.html,https://wa.me/5511954346288?text=,,,,
litoral-prime-imoveis\servicos\cidade-servico\santos-captacao.html,https://wa.me/5511954346288?text=Ol%C3%A1%21%20Tenho%20interesse%20em%20Capta%C3%A7%C3%A3o%20Digital%20em%20Santos.%20Pode%20me%20enviar%20mais%20detalhes%3F,,,,
litoral-prime-imoveis\servicos\cidade-servico\santos-captacao.html,https://wa.me/5511954346288?text=,,,,
litoral-prime-imoveis\servicos\cidade-servico\santos-consultoria.html,https://wa.me/5511954346288?text=Ol%C3%A1%21%20Tenho%20interesse%20em%20Consultoria%20Proptech%20em%20Santos.%20Pode%20me%20enviar%20mais%20detalhes%3F,,,,
litoral-prime-imoveis\servicos\cidade-servico\santos-consultoria.html,https://wa.me/5511954346288?text=,,,,
litoral-prime-imoveis\servicos\cidade-servico\santos-descricao-ia.html,https://wa.me/5511954346288?text=Ol%C3%A1%21%20Tenho%20interesse%20em%20Descri%C3%A7%C3%A3o%20com%20IA%20em%20Santos.%20Pode%20me%20enviar%20mais%20detalhes%3F,,,,
litoral-prime-imoveis\servicos\cidade-servico\santos-descricao-ia.html,https://wa.me/5511954346288?text=,,,,
litoral-prime-imoveis\servicos\cidade-servico\santos-venda-imovel.html,https://wa.me/5511954346288?text=Ol%C3%A1%21%20Tenho%20interesse%20em%20Venda%20de%20Im%C3%B3vel%20em%20Santos.%20Pode%20me%20enviar%20mais%20detalhes%3F,,,,
litoral-prime-imoveis\servicos\cidade-servico\santos-venda-imovel.html,https://wa.me/5511954346288?text=,,,,
litoral-prime-imoveis\servicos\cidade-servico\sao-vicente-automacao.html,https://wa.me/5511954346288?text=Ol%C3%A1%21%20Tenho%20interesse%20em%20Automa%C3%A7%C3%A3o%20Imobili%C3%A1ria%20em%20S%C3%A3o%20Vicente.%20Pode%20me%20enviar%20mais%20detalhes%3F,,,,
litoral-prime-imoveis\servicos\cidade-servico\sao-vicente-automacao.html,https://wa.me/5511954346288?text=,,,,
litoral-prime-imoveis\servicos\cidade-servico\sao-vicente-avaliacao.html,https://wa.me/5511954346288?text=Ol%C3%A1%21%20Tenho%20interesse%20em%20Avalia%C3%A7%C3%A3o%20de%20Im%C3%B3veis%20em%20S%C3%A3o%20Vicente.%20Pode%20me%20enviar%20mais%20detalhes%3F,,,,
litoral-prime-imoveis\servicos\cidade-servico\sao-vicente-avaliacao.html,https://wa.me/5511954346288?text=,,,,
litoral-prime-imoveis\servicos\cidade-servico\sao-vicente-captacao.html,https://wa.me/5511954346288?text=Ol%C3%A1%21%20Tenho%20interesse%20em%20Capta%C3%A7%C3%A3o%20Digital%20em%20S%C3%A3o%20Vicente.%20Pode%20me%20enviar%20mais%20detalhes%3F,,,,
litoral-prime-imoveis\servicos\cidade-servico\sao-vicente-captacao.html,https://wa.me/5511954346288?text=,,,,
litoral-prime-imoveis\servicos\cidade-servico\sao-vicente-consultoria.html,https://wa.me/5511954346288?text=Ol%C3%A1%21%20Tenho%20interesse%20em%20Consultoria%20Proptech%20em%20S%C3%A3o%20Vicente.%20Pode%20me%20enviar%20mais%20detalhes%3F,,,,
litoral-prime-imoveis\servicos\cidade-servico\sao-vicente-consultoria.html,https://wa.me/5511954346288?text=,,,,
litoral-prime-imoveis\servicos\cidade-servico\sao-vicente-descricao-ia.html,https://wa.me/5511954346288?text=Ol%C3%A1%21%20Tenho%20interesse%20em%20Descri%C3%A7%C3%A3o%20com%20IA%20em%20S%C3%A3o%20Vicente.%20Pode%20me%20enviar%20mais%20detalhes%3F,,,,
litoral-prime-imoveis\servicos\cidade-servico\sao-vicente-descricao-ia.html,https://wa.me/5511954346288?text=,,,,
litoral-prime-imoveis\servicos\cidade-servico\sao-vicente-venda-imovel.html,https://wa.me/5511954346288?text=Ol%C3%A1%21%20Tenho%20interesse%20em%20Venda%20de%20Im%C3%B3vel%20em%20S%C3%A3o%20Vicente.%20Pode%20me%20enviar%20mais%20detalhes%3F,,,,
litoral-prime-imoveis\servicos\cidade-servico\sao-vicente-venda-imovel.html,https://wa.me/5511954346288?text=,,,,
servicos\automacao.html,https://wa.me/5511954346288?text=Olá!%20Quero%20automação%20imobiliária.,,,,
servicos\automacao.html,https://wa.me/5511954346288?text=Olá!%20Quero%20automação%20imobiliária.,,,,
servicos\automacao.html,https://wa.me/5511954346288?text=Olá!%20Quero%20automação%20imobiliária.,,,,
servicos\automacao.html,https://wa.me/5511954346288?text=,,,,
servicos\automacao.html,https://wa.me/5511954346288?text=Olá!%20Quero%20automação%20imobiliária.,,,,
servicos\avaliacao.html,https://wa.me/5511954346288?text=Olá!%20Quero%20uma%20avaliação%20de%20imóvel%20no%20litoral.,,,,
servicos\avaliacao.html,https://wa.me/5511954346288?text=Olá!%20Quero%20uma%20avaliação%20do%20meu%20imóvel.,,,,
servicos\avaliacao.html,https://wa.me/5511954346288?text=Olá!%20Quero%20uma%20avaliação%20do%20meu%20imóvel.,,,,
servicos\avaliacao.html,https://wa.me/5511954346288?text=,,,,
servicos\avaliacao.html,https://wa.me/5511954346288?text=Olá!%20Quero%20uma%20avaliação%20de%20imóvel%20no%20litoral.,,,,
servicos\captacao.html,https://wa.me/5511954346288?text=Olá!%20Quero%20captação%20digital%20para%20meu%20imóvel.,,,,
servicos\captacao.html,https://wa.me/5511954346288?text=Olá!%20Quero%20contratar%20captação%20digital.,,,,
servicos\captacao.html,https://wa.me/5511954346288?text=Olá!%20Quero%20contratar%20captação%20digital.,,,,
servicos\captacao.html,https://wa.me/5511954346288?text=,,,,
servicos\captacao.html,https://wa.me/5511954346288?text=Olá!%20Quero%20captação%20digital%20para%20meu%20imóvel.,,,,
servicos\captura-rapida.html,https://wa.me/5511954346288?text=Ol%C3%A1!%20Quero%20comprar%20um%20im%C3%B3vel%20no%20litoral.,,,,
servicos\captura-rapida.html,https://wa.me/5511954346288?text=Ol%C3%A1!%20Quero%20vender%20meu%20im%C3%B3vel%20no%20litoral.,,,,
servicos\captura-rapida.html,https://wa.me/5511954346288?text=Ol%C3%A1!%20Quero%20avalia%C3%A7%C3%A3o%20de%20im%C3%B3vel%20no%20litoral.,,,,
servicos\captura-rapida.html,https://wa.me/5511954346288?text=Ol%C3%A1!%20Quero%20im%C3%B3vel%20para%20temporada%20no%20litoral.,,,,
servicos\captura-rapida.html,https://wa.me/5511954346288?text=Ol%C3%A1!%20Li%20o%20guia%20do%20investidor%20e%20quero%20ajuda%20para%20escolher%20um%20im%C3%B3vel%20no%20litoral.,,,,
servicos\captura-rapida.html,https://wa.me/5511954346288?text=Ol%C3%A1!%20Quero%20conhecer%20os%20servi%C3%A7os%20da%20Litoral%20Prime%20Im%C3%B3veis.,,,,
servicos\captura-rapida.html,https://wa.me/5511954346288?text=,,,,
servicos\checklist-leads.html,https://wa.me/5511954346288?text=,,,,
servicos\checklist-leads.html,https://wa.me/5511954346288?text=Ol%C3%A1!%20Quero%20receber%20o%20checklist%20gratuito%20para%20vender%20meu%20im%C3%B3vel%20no%20litoral.,,,,
servicos\consulta-rapida.html,https://wa.me/5511954346288?text=Ol%C3%A1!%20Quero%20avalia%C3%A7%C3%A3o%20de%20im%C3%B3veis.,,,,
servicos\consulta-rapida.html,https://wa.me/5511954346288?text=Ol%C3%A1!%20Quero%20capta%C3%A7%C3%A3o%20digital.,,,,
servicos\consulta-rapida.html,https://wa.me/5511954346288?text=Ol%C3%A1!%20Quero%20automa%C3%A7%C3%A3o%20para%20im%C3%B3veis.,,,,
servicos\consulta-rapida.html,https://wa.me/5511954346288?text=,,,,
servicos\consultoria-proptech.html,https://wa.me/5511954346288?text=Olá!%20Quero%20consultoria%20proptech.,,,,
servicos\consultoria-proptech.html,https://wa.me/5511954346288?text=Olá!%20Quero%20consultoria%20proptech.,,,,
servicos\consultoria-proptech.html,https://wa.me/5511954346288?text=Olá!%20Quero%20consultoria%20proptech.,,,,
servicos\consultoria-proptech.html,https://wa.me/5511954346288?text=,,,,
servicos\consultoria-proptech.html,https://wa.me/5511954346288?text=Olá!%20Quero%20consultoria%20proptech.,,,,
servicos\descricao-ia.html,https://wa.me/5511954346288?text=Olá!%20Quero%20descrição%20com%20IA%20para%20meu%20imóvel.,,,,
servicos\descricao-ia.html,https://wa.me/5511954346288?text=Olá!%20Quero%20descrição%20com%20IA%20para%20meus%20imóveis.,,,,
servicos\descricao-ia.html,https://wa.me/5511954346288?text=Olá!%20Quero%20descrição%20com%20IA%20para%20meus%20imóveis.,,,,
servicos\descricao-ia.html,https://wa.me/5511954346288?text=,,,,
servicos\descricao-ia.html,https://wa.me/5511954346288?text=Olá!%20Quero%20descrição%20com%20IA%20para%20meu%20imóvel.,,,,
servicos\guia-aluguel-temporada.html,https://wa.me/5511954346288?text=Ol%C3%A1!%20Li%20o%20guia%20de%20temporada%20e%20quero%20ajuda%20para%20alugar%20meu%20im%C3%B3vel.,,,,
servicos\guia-aluguel-temporada.html,https://wa.me/5511954346288?text=Ol%C3%A1!%20Li%20o%20guia%20de%20temporada%20e%20quero%20ajuda%20para%20alugar%20meu%20im%C3%B3vel.,,,,
servicos\quero-vender-imovel-litoral.html,https://wa.me/5511954346288?text=Ol%C3%A1!%20Quero%20vender%20meu%20im%C3%B3vel%20no%20litoral.,,,,
servicos\quero-vender-imovel-litoral.html,https://wa.me/5511954346288?text=Ol%C3%A1!%20Quero%20vender%20meu%20im%C3%B3vel%20no%20litoral.,,,,
servicos\template-cidade-servico.html,https://wa.me/5511954346288?text=Ol%C3%A1!%20Tenho%20interesse%20no%20servi%C3%A7o%3A%20SERVICO%20em%20CIDADE.,,,,
servicos\template-cidade-servico.html,https://wa.me/5511954346288?text=,,,,
servicos\venda-imovel.html,https://wa.me/5511954346288?text=Olá!%20Quero%20vender%20meu%20imóvel%20no%20litoral.,,,,
servicos\venda-imovel.html,https://wa.me/5511954346288?text=Olá!%20Quero%20vender%20meu%20imóvel%20no%20litoral.,,,,
servicos\venda-imovel.html,https://wa.me/5511954346288?text=,,,,
servicos\venda-imovel.html,https://wa.me/5511954346288?text=,,,,
servicos\venda-imovel.html,https://wa.me/5511954346288?text=Olá!%20Quero%20vender%20meu%20imóvel%20no%20litoral.,,,,
servicos\cidade-servico\bertioga-automacao.html,https://wa.me/5511954346288?text=Ol%C3%A1%21%20Tenho%20interesse%20em%20Automa%C3%A7%C3%A3o%20Imobili%C3%A1ria%20em%20Bertioga.%20Pode%20me%20enviar%20mais%20detalhes%3F,,,,
servicos\cidade-servico\bertioga-automacao.html,https://wa.me/5511954346288?text=,,,,
servicos\cidade-servico\bertioga-avaliacao.html,https://wa.me/5511954346288?text=Ol%C3%A1%21%20Tenho%20interesse%20em%20Avalia%C3%A7%C3%A3o%20de%20Im%C3%B3veis%20em%20Bertioga.%20Pode%20me%20enviar%20mais%20detalhes%3F,,,,
servicos\cidade-servico\bertioga-avaliacao.html,https://wa.me/5511954346288?text=,,,,
servicos\cidade-servico\bertioga-captacao.html,https://wa.me/5511954346288?text=Ol%C3%A1%21%20Tenho%20interesse%20em%20Capta%C3%A7%C3%A3o%20Digital%20em%20Bertioga.%20Pode%20me%20enviar%20mais%20detalhes%3F,,,,
servicos\cidade-servico\bertioga-captacao.html,https://wa.me/5511954346288?text=,,,,
servicos\cidade-servico\bertioga-consultoria.html,https://wa.me/5511954346288?text=Ol%C3%A1%21%20Tenho%20interesse%20em%20Consultoria%20Proptech%20em%20Bertioga.%20Pode%20me%20enviar%20mais%20detalhes%3F,,,,
servicos\cidade-servico\bertioga-consultoria.html,https://wa.me/5511954346288?text=,,,,
servicos\cidade-servico\bertioga-descricao-ia.html,https://wa.me/5511954346288?text=Ol%C3%A1%21%20Tenho%20interesse%20em%20Descri%C3%A7%C3%A3o%20com%20IA%20em%20Bertioga.%20Pode%20me%20enviar%20mais%20detalhes%3F,,,,
servicos\cidade-servico\bertioga-descricao-ia.html,https://wa.me/5511954346288?text=,,,,
servicos\cidade-servico\bertioga-venda-imovel.html,https://wa.me/5511954346288?text=Ol%C3%A1%21%20Tenho%20interesse%20em%20Venda%20de%20Im%C3%B3vel%20em%20Bertioga.%20Pode%20me%20enviar%20mais%20detalhes%3F,,,,
servicos\cidade-servico\bertioga-venda-imovel.html,https://wa.me/5511954346288?text=,,,,
servicos\cidade-servico\guaruja-automacao.html,https://wa.me/5511954346288?text=Ol%C3%A1%21%20Tenho%20interesse%20em%20Automa%C3%A7%C3%A3o%20Imobili%C3%A1ria%20em%20Guaruj%C3%A1.%20Pode%20me%20enviar%20mais%20detalhes%3F,,,,
servicos\cidade-servico\guaruja-automacao.html,https://wa.me/5511954346288?text=,,,,
servicos\cidade-servico\guaruja-avaliacao.html,https://wa.me/5511954346288?text=Ol%C3%A1%21%20Tenho%20interesse%20em%20Avalia%C3%A7%C3%A3o%20de%20Im%C3%B3veis%20em%20Guaruj%C3%A1.%20Pode%20me%20enviar%20mais%20detalhes%3F,,,,
servicos\cidade-servico\guaruja-avaliacao.html,https://wa.me/5511954346288?text=,,,,
servicos\cidade-servico\guaruja-captacao.html,https://wa.me/5511954346288?text=Ol%C3%A1%21%20Tenho%20interesse%20em%20Capta%C3%A7%C3%A3o%20Digital%20em%20Guaruj%C3%A1.%20Pode%20me%20enviar%20mais%20detalhes%3F,,,,
servicos\cidade-servico\guaruja-captacao.html,https://wa.me/5511954346288?text=,,,,
servicos\cidade-servico\guaruja-consultoria.html,https://wa.me/5511954346288?text=Ol%C3%A1%21%20Tenho%20interesse%20em%20Consultoria%20Proptech%20em%20Guaruj%C3%A1.%20Pode%20me%20enviar%20mais%20detalhes%3F,,,,
servicos\cidade-servico\guaruja-consultoria.html,https://wa.me/5511954346288?text=,,,,
servicos\cidade-servico\guaruja-descricao-ia.html,https://wa.me/5511954346288?text=Ol%C3%A1%21%20Tenho%20interesse%20em%20Descri%C3%A7%C3%A3o%20com%20IA%20em%20Guaruj%C3%A1.%20Pode%20me%20enviar%20mais%20detalhes%3F,,,,
servicos\cidade-servico\guaruja-descricao-ia.html,https://wa.me/5511954346288?text=,,,,
servicos\cidade-servico\guaruja-venda-imovel.html,https://wa.me/5511954346288?text=Ol%C3%A1%21%20Tenho%20interesse%20em%20Venda%20de%20Im%C3%B3vel%20em%20Guaruj%C3%A1.%20Pode%20me%20enviar%20mais%20detalhes%3F,,,,
servicos\cidade-servico\guaruja-venda-imovel.html,https://wa.me/5511954346288?text=,,,,
servicos\cidade-servico\itanhaem-automacao.html,https://wa.me/5511954346288?text=Ol%C3%A1%21%20Tenho%20interesse%20em%20Automa%C3%A7%C3%A3o%20Imobili%C3%A1ria%20em%20Itanha%C3%A9m.%20Pode%20me%20enviar%20mais%20detalhes%3F,,,,
servicos\cidade-servico\itanhaem-automacao.html,https://wa.me/5511954346288?text=,,,,
servicos\cidade-servico\itanhaem-avaliacao.html,https://wa.me/5511954346288?text=Ol%C3%A1%21%20Tenho%20interesse%20em%20Avalia%C3%A7%C3%A3o%20de%20Im%C3%B3veis%20em%20Itanha%C3%A9m.%20Pode%20me%20enviar%20mais%20detalhes%3F,,,,
servicos\cidade-servico\itanhaem-avaliacao.html,https://wa.me/5511954346288?text=,,,,
servicos\cidade-servico\itanhaem-captacao.html,https://wa.me/5511954346288?text=Ol%C3%A1%21%20Tenho%20interesse%20em%20Capta%C3%A7%C3%A3o%20Digital%20em%20Itanha%C3%A9m.%20Pode%20me%20enviar%20mais%20detalhes%3F,,,,
servicos\cidade-servico\itanhaem-captacao.html,https://wa.me/5511954346288?text=,,,,
servicos\cidade-servico\itanhaem-consultoria.html,https://wa.me/5511954346288?text=Ol%C3%A1%21%20Tenho%20interesse%20em%20Consultoria%20Proptech%20em%20Itanha%C3%A9m.%20Pode%20me%20enviar%20mais%20detalhes%3F,,,,
servicos\cidade-servico\itanhaem-consultoria.html,https://wa.me/5511954346288?text=,,,,
servicos\cidade-servico\itanhaem-descricao-ia.html,https://wa.me/5511954346288?text=Ol%C3%A1%21%20Tenho%20interesse%20em%20Descri%C3%A7%C3%A3o%20com%20IA%20em%20Itanha%C3%A9m.%20Pode%20me%20enviar%20mais%20detalhes%3F,,,,
servicos\cidade-servico\itanhaem-descricao-ia.html,https://wa.me/5511954346288?text=,,,,
servicos\cidade-servico\itanhaem-venda-imovel.html,https://wa.me/5511954346288?text=Ol%C3%A1%21%20Tenho%20interesse%20em%20Venda%20de%20Im%C3%B3vel%20em%20Itanha%C3%A9m.%20Pode%20me%20enviar%20mais%20detalhes%3F,,,,
servicos\cidade-servico\itanhaem-venda-imovel.html,https://wa.me/5511954346288?text=,,,,
servicos\cidade-servico\mongagua-automacao.html,https://wa.me/5511954346288?text=Ol%C3%A1%21%20Tenho%20interesse%20em%20Automa%C3%A7%C3%A3o%20Imobili%C3%A1ria%20em%20Mongagu%C3%A1.%20Pode%20me%20enviar%20mais%20detalhes%3F,,,,
servicos\cidade-servico\mongagua-automacao.html,https://wa.me/5511954346288?text=,,,,
servicos\cidade-servico\mongagua-avaliacao.html,https://wa.me/5511954346288?text=Ol%C3%A1%21%20Tenho%20interesse%20em%20Avalia%C3%A7%C3%A3o%20de%20Im%C3%B3veis%20em%20Mongagu%C3%A1.%20Pode%20me%20enviar%20mais%20detalhes%3F,,,,
servicos\cidade-servico\mongagua-avaliacao.html,https://wa.me/5511954346288?text=,,,,
servicos\cidade-servico\mongagua-captacao.html,https://wa.me/5511954346288?text=Ol%C3%A1%21%20Tenho%20interesse%20em%20Capta%C3%A7%C3%A3o%20Digital%20em%20Mongagu%C3%A1.%20Pode%20me%20enviar%20mais%20detalhes%3F,,,,
servicos\cidade-servico\mongagua-captacao.html,https://wa.me/5511954346288?text=,,,,
servicos\cidade-servico\mongagua-consultoria.html,https://wa.me/5511954346288?text=Ol%C3%A1%21%20Tenho%20interesse%20em%20Consultoria%20Proptech%20em%20Mongagu%C3%A1.%20Pode%20me%20enviar%20mais%20detalhes%3F,,,,
servicos\cidade-servico\mongagua-consultoria.html,https://wa.me/5511954346288?text=,,,,
servicos\cidade-servico\mongagua-descricao-ia.html,https://wa.me/5511954346288?text=Ol%C3%A1%21%20Tenho%20interesse%20em%20Descri%C3%A7%C3%A3o%20com%20IA%20em%20Mongagu%C3%A1.%20Pode%20me%20enviar%20mais%20detalhes%3F,,,,
servicos\cidade-servico\mongagua-descricao-ia.html,https://wa.me/5511954346288?text=,,,,
servicos\cidade-servico\mongagua-venda-imovel.html,https://wa.me/5511954346288?text=Ol%C3%A1%21%20Tenho%20interesse%20em%20Venda%20de%20Im%C3%B3vel%20em%20Mongagu%C3%A1.%20Pode%20me%20enviar%20mais%20detalhes%3F,,,,
servicos\cidade-servico\mongagua-venda-imovel.html,https://wa.me/5511954346288?text=,,,,
servicos\cidade-servico\peruibe-automacao.html,https://wa.me/5511954346288?text=Ol%C3%A1%21%20Tenho%20interesse%20em%20Automa%C3%A7%C3%A3o%20Imobili%C3%A1ria%20em%20Peru%C3%ADbe.%20Pode%20me%20enviar%20mais%20detalhes%3F,,,,
servicos\cidade-servico\peruibe-automacao.html,https://wa.me/5511954346288?text=,,,,
servicos\cidade-servico\peruibe-avaliacao.html,https://wa.me/5511954346288?text=Ol%C3%A1%21%20Tenho%20interesse%20em%20Avalia%C3%A7%C3%A3o%20de%20Im%C3%B3veis%20em%20Peru%C3%ADbe.%20Pode%20me%20enviar%20mais%20detalhes%3F,,,,
servicos\cidade-servico\peruibe-avaliacao.html,https://wa.me/5511954346288?text=,,,,
servicos\cidade-servico\peruibe-captacao.html,https://wa.me/5511954346288?text=Ol%C3%A1%21%20Tenho%20interesse%20em%20Capta%C3%A7%C3%A3o%20Digital%20em%20Peru%C3%ADbe.%20Pode%20me%20enviar%20mais%20detalhes%3F,,,,
servicos\cidade-servico\peruibe-captacao.html,https://wa.me/5511954346288?text=,,,,
servicos\cidade-servico\peruibe-consultoria.html,https://wa.me/5511954346288?text=Ol%C3%A1%21%20Tenho%20interesse%20em%20Consultoria%20Proptech%20em%20Peru%C3%ADbe.%20Pode%20me%20enviar%20mais%20detalhes%3F,,,,
servicos\cidade-servico\peruibe-consultoria.html,https://wa.me/5511954346288?text=,,,,
servicos\cidade-servico\peruibe-descricao-ia.html,https://wa.me/5511954346288?text=Ol%C3%A1%21%20Tenho%20interesse%20em%20Descri%C3%A7%C3%A3o%20com%20IA%20em%20Peru%C3%ADbe.%20Pode%20me%20enviar%20mais%20detalhes%3F,,,,
servicos\cidade-servico\peruibe-descricao-ia.html,https://wa.me/5511954346288?text=,,,,
servicos\cidade-servico\peruibe-venda-imovel.html,https://wa.me/5511954346288?text=Ol%C3%A1%21%20Tenho%20interesse%20em%20Venda%20de%20Im%C3%B3vel%20em%20Peru%C3%ADbe.%20Pode%20me%20enviar%20mais%20detalhes%3F,,,,
servicos\cidade-servico\peruibe-venda-imovel.html,https://wa.me/5511954346288?text=,,,,
servicos\cidade-servico\praia-grande-automacao.html,https://wa.me/5511954346288?text=Ol%C3%A1%21%20Tenho%20interesse%20em%20Automa%C3%A7%C3%A3o%20Imobili%C3%A1ria%20em%20Praia%20Grande.%20Pode%20me%20enviar%20mais%20detalhes%3F,,,,
servicos\cidade-servico\praia-grande-automacao.html,https://wa.me/5511954346288?text=,,,,
servicos\cidade-servico\praia-grande-avaliacao.html,https://wa.me/5511954346288?text=Ol%C3%A1%21%20Tenho%20interesse%20em%20Avalia%C3%A7%C3%A3o%20de%20Im%C3%B3veis%20em%20Praia%20Grande.%20Pode%20me%20enviar%20mais%20detalhes%3F,,,,
servicos\cidade-servico\praia-grande-avaliacao.html,https://wa.me/5511954346288?text=,,,,
servicos\cidade-servico\praia-grande-captacao.html,https://wa.me/5511954346288?text=Ol%C3%A1%21%20Tenho%20interesse%20em%20Capta%C3%A7%C3%A3o%20Digital%20em%20Praia%20Grande.%20Pode%20me%20enviar%20mais%20detalhes%3F,,,,
servicos\cidade-servico\praia-grande-captacao.html,https://wa.me/5511954346288?text=,,,,
servicos\cidade-servico\praia-grande-consultoria.html,https://wa.me/5511954346288?text=Ol%C3%A1%21%20Tenho%20interesse%20em%20Consultoria%20Proptech%20em%20Praia%20Grande.%20Pode%20me%20enviar%20mais%20detalhes%3F,,,,
servicos\cidade-servico\praia-grande-consultoria.html,https://wa.me/5511954346288?text=,,,,
servicos\cidade-servico\praia-grande-descricao-ia.html,https://wa.me/5511954346288?text=Ol%C3%A1%21%20Tenho%20interesse%20em%20Descri%C3%A7%C3%A3o%20com%20IA%20em%20Praia%20Grande.%20Pode%20me%20enviar%20mais%20detalhes%3F,,,,
servicos\cidade-servico\praia-grande-descricao-ia.html,https://wa.me/5511954346288?text=,,,,
servicos\cidade-servico\praia-grande-venda-imovel.html,https://wa.me/5511954346288?text=Ol%C3%A1%21%20Tenho%20interesse%20em%20Venda%20de%20Im%C3%B3vel%20em%20Praia%20Grande.%20Pode%20me%20enviar%20mais%20detalhes%3F,,,,
servicos\cidade-servico\praia-grande-venda-imovel.html,https://wa.me/5511954346288?text=,,,,
servicos\cidade-servico\santos-automacao.html,https://wa.me/5511954346288?text=Ol%C3%A1%21%20Tenho%20interesse%20em%20Automa%C3%A7%C3%A3o%20Imobili%C3%A1ria%20em%20Santos.%20Pode%20me%20enviar%20mais%20detalhes%3F,,,,
servicos\cidade-servico\santos-automacao.html,https://wa.me/5511954346288?text=,,,,
servicos\cidade-servico\santos-avaliacao.html,https://wa.me/5511954346288?text=Ol%C3%A1%21%20Tenho%20interesse%20em%20Avalia%C3%A7%C3%A3o%20de%20Im%C3%B3veis%20em%20Santos.%20Pode%20me%20enviar%20mais%20detalhes%3F,,,,
servicos\cidade-servico\santos-avaliacao.html,https://wa.me/5511954346288?text=,,,,
servicos\cidade-servico\santos-captacao.html,https://wa.me/5511954346288?text=Ol%C3%A1%21%20Tenho%20interesse%20em%20Capta%C3%A7%C3%A3o%20Digital%20em%20Santos.%20Pode%20me%20enviar%20mais%20detalhes%3F,,,,
servicos\cidade-servico\santos-captacao.html,https://wa.me/5511954346288?text=,,,,
servicos\cidade-servico\santos-consultoria.html,https://wa.me/5511954346288?text=Ol%C3%A1%21%20Tenho%20interesse%20em%20Consultoria%20Proptech%20em%20Santos.%20Pode%20me%20enviar%20mais%20detalhes%3F,,,,
servicos\cidade-servico\santos-consultoria.html,https://wa.me/5511954346288?text=,,,,
servicos\cidade-servico\santos-descricao-ia.html,https://wa.me/5511954346288?text=Ol%C3%A1%21%20Tenho%20interesse%20em%20Descri%C3%A7%C3%A3o%20com%20IA%20em%20Santos.%20Pode%20me%20enviar%20mais%20detalhes%3F,,,,
servicos\cidade-servico\santos-descricao-ia.html,https://wa.me/5511954346288?text=,,,,
servicos\cidade-servico\santos-venda-imovel.html,https://wa.me/5511954346288?text=Ol%C3%A1%21%20Tenho%20interesse%20em%20Venda%20de%20Im%C3%B3vel%20em%20Santos.%20Pode%20me%20enviar%20mais%20detalhes%3F,,,,
servicos\cidade-servico\santos-venda-imovel.html,https://wa.me/5511954346288?text=,,,,
servicos\cidade-servico\sao-vicente-automacao.html,https://wa.me/5511954346288?text=Ol%C3%A1%21%20Tenho%20interesse%20em%20Automa%C3%A7%C3%A3o%20Imobili%C3%A1ria%20em%20S%C3%A3o%20Vicente.%20Pode%20me%20enviar%20mais%20detalhes%3F,,,,
servicos\cidade-servico\sao-vicente-automacao.html,https://wa.me/5511954346288?text=,,,,
servicos\cidade-servico\sao-vicente-avaliacao.html,https://wa.me/5511954346288?text=Ol%C3%A1%21%20Tenho%20interesse%20em%20Avalia%C3%A7%C3%A3o%20de%20Im%C3%B3veis%20em%20S%C3%A3o%20Vicente.%20Pode%20me%20enviar%20mais%20detalhes%3F,,,,
servicos\cidade-servico\sao-vicente-avaliacao.html,https://wa.me/5511954346288?text=,,,,
servicos\cidade-servico\sao-vicente-captacao.html,https://wa.me/5511954346288?text=Ol%C3%A1%21%20Tenho%20interesse%20em%20Capta%C3%A7%C3%A3o%20Digital%20em%20S%C3%A3o%20Vicente.%20Pode%20me%20enviar%20mais%20detalhes%3F,,,,
servicos\cidade-servico\sao-vicente-captacao.html,https://wa.me/5511954346288?text=,,,,
servicos\cidade-servico\sao-vicente-consultoria.html,https://wa.me/5511954346288?text=Ol%C3%A1%21%20Tenho%20interesse%20em%20Consultoria%20Proptech%20em%20S%C3%A3o%20Vicente.%20Pode%20me%20enviar%20mais%20detalhes%3F,,,,
servicos\cidade-servico\sao-vicente-consultoria.html,https://wa.me/5511954346288?text=,,,,
servicos\cidade-servico\sao-vicente-descricao-ia.html,https://wa.me/5511954346288?text=Ol%C3%A1%21%20Tenho%20interesse%20em%20Descri%C3%A7%C3%A3o%20com%20IA%20em%20S%C3%A3o%20Vicente.%20Pode%20me%20enviar%20mais%20detalhes%3F,,,,
servicos\cidade-servico\sao-vicente-descricao-ia.html,https://wa.me/5511954346288?text=,,,,
servicos\cidade-servico\sao-vicente-venda-imovel.html,https://wa.me/5511954346288?text=Ol%C3%A1%21%20Tenho%20interesse%20em%20Venda%20de%20Im%C3%B3vel%20em%20S%C3%A3o%20Vicente.%20Pode%20me%20enviar%20mais%20detalhes%3F,,,,
servicos\cidade-servico\sao-vicente-venda-imovel.html,https://wa.me/5511954346288?text=,,,,
