nome,telefone,cidade_interesse,tipo_interesse,estagio,mensagem,whatsapp_link,data_acao,score,ordem,janela_contato,acao_sugerida,canal_sugerido
Ana Santos,551438908386,Santos,Venda,primeiro_contato,"Olá, Ana Santos! Tudo bem? Vi que você tem interesse em Venda na região de Santos. Quer que eu envie 3 opções compatíveis com o seu perfil?",https://wa.me/551438908386?text=Ol%C3%A1%2C%20Ana%20Santos%21%20Tudo%20bem%3F%20Vi%20que%20voc%C3%AA%20tem%20interesse%20em%20Venda%20na%20regi%C3%A3o%20de%20Santos.%20Quer%20que%20eu%20envie%203%20opç%C3%B5es%20compat%C3%ADveis%20com%20o%20seu%20perfil%3F,2026-07-24,60,1,09:00 - 12:00,Mensagem inicial personalizada para Ana Santos sobre Venda em Santos,whatsapp
Wanessa Martins,551461939909,Praia Grande,Venda,primeiro_contato,"Olá, Wanessa Martins! Tudo bem? Vi que você tem interesse em Venda na região de Praia Grande. Quer que eu envie 3 opções compatíveis com o seu perfil?",https://wa.me/551461939909?text=Ol%C3%A1%2C%20Wanessa%20Martins%21%20Tudo%20bem%3F%20Vi%20que%20voc%C3%AA%20tem%20interesse%20em%20Venda%20na%20regi%C3%A3o%20de%20Praia%20Grande.%20Quer%20que%20eu%20envie%203%20opç%C3%B5es%20compat%C3%ADveis%20com%20o%20seu%20perfil%3F,2026-07-24,60,2,09:00 - 12:00,Mensagem inicial personalizada para Wanessa Martins sobre Venda em Praia Grande,whatsapp
Mariana Dias,5513944445555,Bertioga,Venda,primeiro_contato,"Olá, Mariana Dias! Tudo bem? Vi que você tem interesse em Venda na região de Bertioga. Quer que eu envie 3 opções compatíveis com o seu perfil?",https://wa.me/5513944445555?text=Ol%C3%A1%2C%20Mariana%20Dias%21%20Tudo%20bem%3F%20Vi%20que%20voc%C3%AA%20tem%20interesse%20em%20Venda%20na%20regi%C3%A3o%20de%20Bertioga.%20Quer%20que%20eu%20envie%203%20opç%C3%B5es%20compat%C3%ADveis%20com%20o%20seu%20perfil%3F,2026-07-24,60,3,09:00 - 12:00,Mensagem inicial personalizada para Mariana Dias sobre Venda em Bertioga,whatsapp
Eduardo Mendes,551613542784,Bertioga,Venda,primeiro_contato,"Olá, Eduardo Mendes! Tudo bem? Vi que você tem interesse em Venda na região de Bertioga. Quer que eu envie 3 opções compatíveis com o seu perfil?",https://wa.me/551613542784?text=Ol%C3%A1%2C%20Eduardo%20Mendes%21%20Tudo%20bem%3F%20Vi%20que%20voc%C3%AA%20tem%20interesse%20em%20Venda%20na%20regi%C3%A3o%20de%20Bertioga.%20Quer%20que%20eu%20envie%203%20opç%C3%B5es%20compat%C3%ADveis%20com%20o%20seu%20perfil%3F,2026-07-24,60,4,09:00 - 12:00,Mensagem inicial personalizada para Eduardo Mendes sobre Venda em Bertioga,whatsapp
Ursula Souza,551634874016,Bertioga,Venda,primeiro_contato,"Olá, Ursula Souza! Tudo bem? Vi que você tem interesse em Venda na região de Bertioga. Quer que eu envie 3 opções compatíveis com o seu perfil?",https://wa.me/551634874016?text=Ol%C3%A1%2C%20Ursula%20Souza%21%20Tudo%20bem%3F%20Vi%20que%20voc%C3%AA%20tem%20interesse%20em%20Venda%20na%20regi%C3%A3o%20de%20Bertioga.%20Quer%20que%20eu%20envie%203%20opç%C3%B5es%20compat%C3%ADveis%20com%20o%20seu%20perfil%3F,2026-07-24,60,5,09:00 - 12:00,Mensagem inicial personalizada para Ursula Souza sobre Venda em Bertioga,whatsapp
Bruno Silva,551624278680,Bertioga,Venda,primeiro_contato,"Olá, Bruno Silva! Tudo bem? Vi que você tem interesse em Venda na região de Bertioga. Quer que eu envie 3 opções compatíveis com o seu perfil?",https://wa.me/551624278680?text=Ol%C3%A1%2C%20Bruno%20Silva%21%20Tudo%20bem%3F%20Vi%20que%20voc%C3%AA%20tem%20interesse%20em%20Venda%20na%20regi%C3%A3o%20de%20Bertioga.%20Quer%20que%20eu%20envie%203%20opç%C3%B5es%20compat%C3%ADveis%20com%20o%20seu%20perfil%3F,2026-07-24,60,6,09:00 - 12:00,Mensagem inicial personalizada para Bruno Silva sobre Venda em Bertioga,whatsapp
Eduardo Ribeiro,551159826204,Bertioga,Venda,primeiro_contato,"Olá, Eduardo Ribeiro! Tudo bem? Vi que você tem interesse em Venda na região de Bertioga. Quer que eu envie 3 opções compatíveis com o seu perfil?",https://wa.me/551159826204?text=Ol%C3%A1%2C%20Eduardo%20Ribeiro%21%20Tudo%20bem%3F%20Vi%20que%20voc%C3%AA%20tem%20interesse%20em%20Venda%20na%20regi%C3%A3o%20de%20Bertioga.%20Quer%20que%20eu%20envie%203%20opç%C3%B5es%20compat%C3%ADveis%20com%20o%20seu%20perfil%3F,2026-07-24,60,7,09:00 - 12:00,Mensagem inicial personalizada para Eduardo Ribeiro sobre Venda em Bertioga,whatsapp
Bruno Mendes,551633158692,Bertioga,Venda,primeiro_contato,"Olá, Bruno Mendes! Tudo bem? Vi que você tem interesse em Venda na região de Bertioga. Quer que eu envie 3 opções compatíveis com o seu perfil?",https://wa.me/551633158692?text=Ol%C3%A1%2C%20Bruno%20Mendes%21%20Tudo%20bem%3F%20Vi%20que%20voc%C3%AA%20tem%20interesse%20em%20Venda%20na%20regi%C3%A3o%20de%20Bertioga.%20Quer%20que%20eu%20envie%203%20opç%C3%B5es%20compat%C3%ADveis%20com%20o%20seu%20perfil%3F,2026-07-24,60,8,09:00 - 12:00,Mensagem inicial personalizada para Bruno Mendes sobre Venda em Bertioga,whatsapp
Helena Martins,551326025634,Bertioga,Venda,primeiro_contato,"Olá, Helena Martins! Tudo bem? Vi que você tem interesse em Venda na região de Bertioga. Quer que eu envie 3 opções compatíveis com o seu perfil?",https://wa.me/551326025634?text=Ol%C3%A1%2C%20Helena%20Martins%21%20Tudo%20bem%3F%20Vi%20que%20voc%C3%AA%20tem%20interesse%20em%20Venda%20na%20regi%C3%A3o%20de%20Bertioga.%20Quer%20que%20eu%20envie%203%20opç%C3%B5es%20compat%C3%ADveis%20com%20o%20seu%20perfil%3F,2026-07-24,60,9,09:00 - 12:00,Mensagem inicial personalizada para Helena Martins sobre Venda em Bertioga,whatsapp
Ana Santos,551438908386,Santos,Venda,reengajamento,"Olá, Ana Santos! Lembrete rápido: a Litoral Prime Imóveis tem novas opções no litoral de SP. Quer que eu envie as melhores oportunidades desta semana?",https://wa.me/551438908386?text=Ol%C3%A1%2C%20Ana%20Santos%21%20Lembrete%20r%C3%A1pido:%20a%20Litoral%20Prime%20Im%C3%B3veis%20tem%20novas%20opç%C3%B5es%20no%20litoral%20de%20SP.%20Quer%20que%20eu%20envie%20as%20melhores%20oportunidades%20desta%20semana%3F,2026-07-24,60,10,09:00 - 12:00,Follow-up leve para Ana Santos sobre Venda,whatsapp
Wanessa Martins,551461939909,Praia Grande,Venda,reengajamento,"Olá, Wanessa Martins! Lembrete rápido: a Litoral Prime Imóveis tem novas opções no litoral de SP. Quer que eu envie as melhores oportunidades desta semana?",https://wa.me/551461939909?text=Ol%C3%A1%2C%20Wanessa%20Martins%21%20Lembrete%20r%C3%A1pido:%20a%20Litoral%20Prime%20Im%C3%B3veis%20tem%20novas%20opç%C3%B5es%20no%20litoral%20de%20SP.%20Quer%20que%20eu%20envie%20as%20melhores%20oportunidades%20desta%20semana%3F,2026-07-24,60,11,09:00 - 12:00,Follow-up leve para Wanessa Martins sobre Venda,whatsapp
Mariana Dias,5513944445555,Bertioga,Venda,reengajamento,"Olá, Mariana Dias! Lembrete rápido: a Litoral Prime Imóveis tem novas opções no litoral de SP. Quer que eu envie as melhores oportunidades desta semana?",https://wa.me/5513944445555?text=Ol%C3%A1%2C%20Mariana%20Dias%21%20Lembrete%20r%C3%A1pido:%20a%20Litoral%20Prime%20Im%C3%B3veis%20tem%20novas%20opç%C3%B5es%20no%20litoral%20de%20SP.%20Quer%20que%20eu%20envie%20as%20melhores%20oportunidades%20desta%20semana%3F,2026-07-24,60,12,09:00 - 12:00,Follow-up leve para Mariana Dias sobre Venda,whatsapp
Eduardo Mendes,551613542784,Bertioga,Venda,reengajamento,"Olá, Eduardo Mendes! Lembrete rápido: a Litoral Prime Imóveis tem novas opções no litoral de SP. Quer que eu envie as melhores oportunidades desta semana?",https://wa.me/551613542784?text=Ol%C3%A1%2C%20Eduardo%20Mendes%21%20Lembrete%20r%C3%A1pido:%20a%20Litoral%20Prime%20Im%C3%B3veis%20tem%20novas%20opç%C3%B5es%20no%20litoral%20de%20SP.%20Quer%20que%20eu%20envie%20as%20melhores%20oportunidades%20desta%20semana%3F,2026-07-24,60,13,09:00 - 12:00,Follow-up leve para Eduardo Mendes sobre Venda,whatsapp
Ursula Souza,551634874016,Bertioga,Venda,reengajamento,"Olá, Ursula Souza! Lembrete rápido: a Litoral Prime Imóveis tem novas opções no litoral de SP. Quer que eu envie as melhores oportunidades desta semana?",https://wa.me/551634874016?text=Ol%C3%A1%2C%20Ursula%20Souza%21%20Lembrete%20r%C3%A1pido:%20a%20Litoral%20Prime%20Im%C3%B3veis%20tem%20novas%20opç%C3%B5es%20no%20litoral%20de%20SP.%20Quer%20que%20eu%20envie%20as%20melhores%20oportunidades%20desta%20semana%3F,2026-07-24,60,14,09:00 - 12:00,Follow-up leve para Ursula Souza sobre Venda,whatsapp
Bruno Silva,551624278680,Bertioga,Venda,reengajamento,"Olá, Bruno Silva! Lembrete rápido: a Litoral Prime Imóveis tem novas opções no litoral de SP. Quer que eu envie as melhores oportunidades desta semana?",https://wa.me/551624278680?text=Ol%C3%A1%2C%20Bruno%20Silva%21%20Lembrete%20r%C3%A1pido:%20a%20Litoral%20Prime%20Im%C3%B3veis%20tem%20novas%20opç%C3%B5es%20no%20litoral%20de%20SP.%20Quer%20que%20eu%20envie%20as%20melhores%20oportunidades%20desta%20semana%3F,2026-07-24,60,15,09:00 - 12:00,Follow-up leve para Bruno Silva sobre Venda,whatsapp
Eduardo Ribeiro,551159826204,Bertioga,Venda,reengajamento,"Olá, Eduardo Ribeiro! Lembrete rápido: a Litoral Prime Imóveis tem novas opções no litoral de SP. Quer que eu envie as melhores oportunidades desta semana?",https://wa.me/551159826204?text=Ol%C3%A1%2C%20Eduardo%20Ribeiro%21%20Lembrete%20r%C3%A1pido:%20a%20Litoral%20Prime%20Im%C3%B3veis%20tem%20novas%20opç%C3%B5es%20no%20litoral%20de%20SP.%20Quer%20que%20eu%20envie%20as%20melhores%20oportunidades%20desta%20semana%3F,2026-07-24,60,16,09:00 - 12:00,Follow-up leve para Eduardo Ribeiro sobre Venda,whatsapp
Bruno Mendes,551633158692,Bertioga,Venda,reengajamento,"Olá, Bruno Mendes! Lembrete rápido: a Litoral Prime Imóveis tem novas opções no litoral de SP. Quer que eu envie as melhores oportunidades desta semana?",https://wa.me/551633158692?text=Ol%C3%A1%2C%20Bruno%20Mendes%21%20Lembrete%20r%C3%A1pido:%20a%20Litoral%20Prime%20Im%C3%B3veis%20tem%20novas%20opç%C3%B5es%20no%20litoral%20de%20SP.%20Quer%20que%20eu%20envie%20as%20melhores%20oportunidades%20desta%20semana%3F,2026-07-24,60,17,09:00 - 12:00,Follow-up leve para Bruno Mendes sobre Venda,whatsapp
Helena Martins,551326025634,Bertioga,Venda,reengajamento,"Olá, Helena Martins! Lembrete rápido: a Litoral Prime Imóveis tem novas opções no litoral de SP. Quer que eu envie as melhores oportunidades desta semana?",https://wa.me/551326025634?text=Ol%C3%A1%2C%20Helena%20Martins%21%20Lembrete%20r%C3%A1pido:%20a%20Litoral%20Prime%20Im%C3%B3veis%20tem%20novas%20opç%C3%B5es%20no%20litoral%20de%20SP.%20Quer%20que%20eu%20envie%20as%20melhores%20oportunidades%20desta%20semana%3F,2026-07-24,60,18,09:00 - 12:00,Follow-up leve para Helena Martins sobre Venda,whatsapp
Ana Santos,551438908386,Santos,Venda,oferta,"{nome}, selecionei {tipo_interesse.lower()}s exclusivos em {cidade_interesse}. Se quiser, envio a pré-seleção agora por aqui.",https://wa.me/551438908386?text={nome}%2C%20selecionei%20{tipo_interesse.lower()}s%20exclusivos%20em%20{cidade_interesse}.%20Se%20quiser%2C%20envio%20a%20pr%C3%A9-seleç%C3%A3o%20agora%20por%20aqui.,2026-07-24,60,19,09:00 - 12:00,Enviar pré-seleção de Venda em Santos e propor visita,whatsapp
Wanessa Martins,551461939909,Praia Grande,Venda,oferta,"{nome}, selecionei {tipo_interesse.lower()}s exclusivos em {cidade_interesse}. Se quiser, envio a pré-seleção agora por aqui.",https://wa.me/551461939909?text={nome}%2C%20selecionei%20{tipo_interesse.lower()}s%20exclusivos%20em%20{cidade_interesse}.%20Se%20quiser%2C%20envio%20a%20pr%C3%A9-seleç%C3%A3o%20agora%20por%20aqui.,2026-07-24,60,20,09:00 - 12:00,Enviar pré-seleção de Venda em Praia Grande e propor visita,whatsapp
Mariana Dias,5513944445555,Bertioga,Venda,oferta,"{nome}, selecionei {tipo_interesse.lower()}s exclusivos em {cidade_interesse}. Se quiser, envio a pré-seleção agora por aqui.",https://wa.me/5513944445555?text={nome}%2C%20selecionei%20{tipo_interesse.lower()}s%20exclusivos%20em%20{cidade_interesse}.%20Se%20quiser%2C%20envio%20a%20pr%C3%A9-seleç%C3%A3o%20agora%20por%20aqui.,2026-07-24,60,21,09:00 - 12:00,Enviar pré-seleção de Venda em Bertioga e propor visita,whatsapp
Eduardo Mendes,551613542784,Bertioga,Venda,oferta,"{nome}, selecionei {tipo_interesse.lower()}s exclusivos em {cidade_interesse}. Se quiser, envio a pré-seleção agora por aqui.",https://wa.me/551613542784?text={nome}%2C%20selecionei%20{tipo_interesse.lower()}s%20exclusivos%20em%20{cidade_interesse}.%20Se%20quiser%2C%20envio%20a%20pr%C3%A9-seleç%C3%A3o%20agora%20por%20aqui.,2026-07-24,60,22,09:00 - 12:00,Enviar pré-seleção de Venda em Bertioga e propor visita,whatsapp
Ursula Souza,551634874016,Bertioga,Venda,oferta,"{nome}, selecionei {tipo_interesse.lower()}s exclusivos em {cidade_interesse}. Se quiser, envio a pré-seleção agora por aqui.",https://wa.me/551634874016?text={nome}%2C%20selecionei%20{tipo_interesse.lower()}s%20exclusivos%20em%20{cidade_interesse}.%20Se%20quiser%2C%20envio%20a%20pr%C3%A9-seleç%C3%A3o%20agora%20por%20aqui.,2026-07-24,60,23,09:00 - 12:00,Enviar pré-seleção de Venda em Bertioga e propor visita,whatsapp
Bruno Silva,551624278680,Bertioga,Venda,oferta,"{nome}, selecionei {tipo_interesse.lower()}s exclusivos em {cidade_interesse}. Se quiser, envio a pré-seleção agora por aqui.",https://wa.me/551624278680?text={nome}%2C%20selecionei%20{tipo_interesse.lower()}s%20exclusivos%20em%20{cidade_interesse}.%20Se%20quiser%2C%20envio%20a%20pr%C3%A9-seleç%C3%A3o%20agora%20por%20aqui.,2026-07-24,60,24,09:00 - 12:00,Enviar pré-seleção de Venda em Bertioga e propor visita,whatsapp
Eduardo Ribeiro,551159826204,Bertioga,Venda,oferta,"{nome}, selecionei {tipo_interesse.lower()}s exclusivos em {cidade_interesse}. Se quiser, envio a pré-seleção agora por aqui.",https://wa.me/551159826204?text={nome}%2C%20selecionei%20{tipo_interesse.lower()}s%20exclusivos%20em%20{cidade_interesse}.%20Se%20quiser%2C%20envio%20a%20pr%C3%A9-seleç%C3%A3o%20agora%20por%20aqui.,2026-07-24,60,25,09:00 - 12:00,Enviar pré-seleção de Venda em Bertioga e propor visita,whatsapp
Bruno Mendes,551633158692,Bertioga,Venda,oferta,"{nome}, selecionei {tipo_interesse.lower()}s exclusivos em {cidade_interesse}. Se quiser, envio a pré-seleção agora por aqui.",https://wa.me/551633158692?text={nome}%2C%20selecionei%20{tipo_interesse.lower()}s%20exclusivos%20em%20{cidade_interesse}.%20Se%20quiser%2C%20envio%20a%20pr%C3%A9-seleç%C3%A3o%20agora%20por%20aqui.,2026-07-24,60,26,09:00 - 12:00,Enviar pré-seleção de Venda em Bertioga e propor visita,whatsapp
Helena Martins,551326025634,Bertioga,Venda,oferta,"{nome}, selecionei {tipo_interesse.lower()}s exclusivos em {cidade_interesse}. Se quiser, envio a pré-seleção agora por aqui.",https://wa.me/551326025634?text={nome}%2C%20selecionei%20{tipo_interesse.lower()}s%20exclusivos%20em%20{cidade_interesse}.%20Se%20quiser%2C%20envio%20a%20pr%C3%A9-seleç%C3%A3o%20agora%20por%20aqui.,2026-07-24,60,27,09:00 - 12:00,Enviar pré-seleção de Venda em Bertioga e propor visita,whatsapp
Ana Santos,551438908386,Santos,Venda,cross-sell,"Ana Santos, além de Venda em Santos, temos Avaliação, Captação Digital, Descrição com IA que ajudam a vender/alugar mais rápido. Quer que eu envie detalhes?",https://wa.me/551438908386?text=Ana%20Santos%2C%20al%C3%A9m%20de%20Venda%20em%20Santos%2C%20temos%20Avaliaç%C3%A3o%2C%20Captaç%C3%A3o%20Digital%2C%20Descriç%C3%A3o%20com%20IA%20que%20ajudam%20a%20vender/alugar%20mais%20r%C3%A1pido.%20Quer%20que%20eu%20envie%20detalhes%3F,2026-07-24,60,28,09:00 - 12:00,Oferecer serviço complementar: ,whatsapp
Wanessa Martins,551461939909,Praia Grande,Venda,cross-sell,"Wanessa Martins, além de Venda em Praia Grande, temos Avaliação, Captação Digital, Descrição com IA que ajudam a vender/alugar mais rápido. Quer que eu envie detalhes?",https://wa.me/551461939909?text=Wanessa%20Martins%2C%20al%C3%A9m%20de%20Venda%20em%20Praia%20Grande%2C%20temos%20Avaliaç%C3%A3o%2C%20Captaç%C3%A3o%20Digital%2C%20Descriç%C3%A3o%20com%20IA%20que%20ajudam%20a%20vender/alugar%20mais%20r%C3%A1pido.%20Quer%20que%20eu%20envie%20detalhes%3F,2026-07-24,60,29,09:00 - 12:00,Oferecer serviço complementar: ,whatsapp
Mariana Dias,5513944445555,Bertioga,Venda,cross-sell,"Mariana Dias, além de Venda em Bertioga, temos Avaliação, Captação Digital, Descrição com IA que ajudam a vender/alugar mais rápido. Quer que eu envie detalhes?",https://wa.me/5513944445555?text=Mariana%20Dias%2C%20al%C3%A9m%20de%20Venda%20em%20Bertioga%2C%20temos%20Avaliaç%C3%A3o%2C%20Captaç%C3%A3o%20Digital%2C%20Descriç%C3%A3o%20com%20IA%20que%20ajudam%20a%20vender/alugar%20mais%20r%C3%A1pido.%20Quer%20que%20eu%20envie%20detalhes%3F,2026-07-24,60,30,09:00 - 12:00,Oferecer serviço complementar: ,whatsapp
Eduardo Mendes,551613542784,Bertioga,Venda,cross-sell,"Eduardo Mendes, além de Venda em Bertioga, temos Avaliação, Captação Digital, Descrição com IA que ajudam a vender/alugar mais rápido. Quer que eu envie detalhes?",https://wa.me/551613542784?text=Eduardo%20Mendes%2C%20al%C3%A9m%20de%20Venda%20em%20Bertioga%2C%20temos%20Avaliaç%C3%A3o%2C%20Captaç%C3%A3o%20Digital%2C%20Descriç%C3%A3o%20com%20IA%20que%20ajudam%20a%20vender/alugar%20mais%20r%C3%A1pido.%20Quer%20que%20eu%20envie%20detalhes%3F,2026-07-24,60,31,09:00 - 12:00,Oferecer serviço complementar: ,whatsapp
Ursula Souza,551634874016,Bertioga,Venda,cross-sell,"Ursula Souza, além de Venda em Bertioga, temos Avaliação, Captação Digital, Descrição com IA que ajudam a vender/alugar mais rápido. Quer que eu envie detalhes?",https://wa.me/551634874016?text=Ursula%20Souza%2C%20al%C3%A9m%20de%20Venda%20em%20Bertioga%2C%20temos%20Avaliaç%C3%A3o%2C%20Captaç%C3%A3o%20Digital%2C%20Descriç%C3%A3o%20com%20IA%20que%20ajudam%20a%20vender/alugar%20mais%20r%C3%A1pido.%20Quer%20que%20eu%20envie%20detalhes%3F,2026-07-24,60,32,09:00 - 12:00,Oferecer serviço complementar: ,whatsapp
Bruno Silva,551624278680,Bertioga,Venda,cross-sell,"Bruno Silva, além de Venda em Bertioga, temos Avaliação, Captação Digital, Descrição com IA que ajudam a vender/alugar mais rápido. Quer que eu envie detalhes?",https://wa.me/551624278680?text=Bruno%20Silva%2C%20al%C3%A9m%20de%20Venda%20em%20Bertioga%2C%20temos%20Avaliaç%C3%A3o%2C%20Captaç%C3%A3o%20Digital%2C%20Descriç%C3%A3o%20com%20IA%20que%20ajudam%20a%20vender/alugar%20mais%20r%C3%A1pido.%20Quer%20que%20eu%20envie%20detalhes%3F,2026-07-24,60,33,09:00 - 12:00,Oferecer serviço complementar: ,whatsapp
Eduardo Ribeiro,551159826204,Bertioga,Venda,cross-sell,"Eduardo Ribeiro, além de Venda em Bertioga, temos Avaliação, Captação Digital, Descrição com IA que ajudam a vender/alugar mais rápido. Quer que eu envie detalhes?",https://wa.me/551159826204?text=Eduardo%20Ribeiro%2C%20al%C3%A9m%20de%20Venda%20em%20Bertioga%2C%20temos%20Avaliaç%C3%A3o%2C%20Captaç%C3%A3o%20Digital%2C%20Descriç%C3%A3o%20com%20IA%20que%20ajudam%20a%20vender/alugar%20mais%20r%C3%A1pido.%20Quer%20que%20eu%20envie%20detalhes%3F,2026-07-24,60,34,09:00 - 12:00,Oferecer serviço complementar: ,whatsapp
Bruno Mendes,551633158692,Bertioga,Venda,cross-sell,"Bruno Mendes, além de Venda em Bertioga, temos Avaliação, Captação Digital, Descrição com IA que ajudam a vender/alugar mais rápido. Quer que eu envie detalhes?",https://wa.me/551633158692?text=Bruno%20Mendes%2C%20al%C3%A9m%20de%20Venda%20em%20Bertioga%2C%20temos%20Avaliaç%C3%A3o%2C%20Captaç%C3%A3o%20Digital%2C%20Descriç%C3%A3o%20com%20IA%20que%20ajudam%20a%20vender/alugar%20mais%20r%C3%A1pido.%20Quer%20que%20eu%20envie%20detalhes%3F,2026-07-24,60,35,09:00 - 12:00,Oferecer serviço complementar: ,whatsapp
Helena Martins,551326025634,Bertioga,Venda,cross-sell,"Helena Martins, além de Venda em Bertioga, temos Avaliação, Captação Digital, Descrição com IA que ajudam a vender/alugar mais rápido. Quer que eu envie detalhes?",https://wa.me/551326025634?text=Helena%20Martins%2C%20al%C3%A9m%20de%20Venda%20em%20Bertioga%2C%20temos%20Avaliaç%C3%A3o%2C%20Captaç%C3%A3o%20Digital%2C%20Descriç%C3%A3o%20com%20IA%20que%20ajudam%20a%20vender/alugar%20mais%20r%C3%A1pido.%20Quer%20que%20eu%20envie%20detalhes%3F,2026-07-24,60,36,09:00 - 12:00,Oferecer serviço complementar: ,whatsapp
Mariana Souza,551200330923,Mongaguá,Venda,primeiro_contato,"Olá, Mariana Souza! Tudo bem? Vi que você tem interesse em Venda na região de Mongaguá. Quer que eu envie 3 opções compatíveis com o seu perfil?",https://wa.me/551200330923?text=Ol%C3%A1%2C%20Mariana%20Souza%21%20Tudo%20bem%3F%20Vi%20que%20voc%C3%AA%20tem%20interesse%20em%20Venda%20na%20regi%C3%A3o%20de%20Mongagu%C3%A1.%20Quer%20que%20eu%20envie%203%20opç%C3%B5es%20compat%C3%ADveis%20com%20o%20seu%20perfil%3F,2026-07-24,40,37,12:00 - 15:00,Mensagem inicial personalizada para Mariana Souza sobre Venda em Mongaguá,whatsapp
Bruno Cardoso,5511977778888,São Vicente,Venda,primeiro_contato,"Olá, Bruno Cardoso! Tudo bem? Vi que você tem interesse em Venda na região de São Vicente. Quer que eu envie 3 opções compatíveis com o seu perfil?",https://wa.me/5511977778888?text=Ol%C3%A1%2C%20Bruno%20Cardoso%21%20Tudo%20bem%3F%20Vi%20que%20voc%C3%AA%20tem%20interesse%20em%20Venda%20na%20regi%C3%A3o%20de%20S%C3%A3o%20Vicente.%20Quer%20que%20eu%20envie%203%20opç%C3%B5es%20compat%C3%ADveis%20com%20o%20seu%20perfil%3F,2026-07-24,40,38,12:00 - 15:00,Mensagem inicial personalizada para Bruno Cardoso sobre Venda em São Vicente,whatsapp
Daniela Almeida,551474529912,São Vicente,Venda,primeiro_contato,"Olá, Daniela Almeida! Tudo bem? Vi que você tem interesse em Venda na região de São Vicente. Quer que eu envie 3 opções compatíveis com o seu perfil?",https://wa.me/551474529912?text=Ol%C3%A1%2C%20Daniela%20Almeida%21%20Tudo%20bem%3F%20Vi%20que%20voc%C3%AA%20tem%20interesse%20em%20Venda%20na%20regi%C3%A3o%20de%20S%C3%A3o%20Vicente.%20Quer%20que%20eu%20envie%203%20opç%C3%B5es%20compat%C3%ADveis%20com%20o%20seu%20perfil%3F,2026-07-24,40,39,12:00 - 15:00,Mensagem inicial personalizada para Daniela Almeida sobre Venda em São Vicente,whatsapp
Wanessa Almeida,551290586518,São Vicente,Venda,primeiro_contato,"Olá, Wanessa Almeida! Tudo bem? Vi que você tem interesse em Venda na região de São Vicente. Quer que eu envie 3 opções compatíveis com o seu perfil?",https://wa.me/551290586518?text=Ol%C3%A1%2C%20Wanessa%20Almeida%21%20Tudo%20bem%3F%20Vi%20que%20voc%C3%AA%20tem%20interesse%20em%20Venda%20na%20regi%C3%A3o%20de%20S%C3%A3o%20Vicente.%20Quer%20que%20eu%20envie%203%20opç%C3%B5es%20compat%C3%ADveis%20com%20o%20seu%20perfil%3F,2026-07-24,40,40,12:00 - 15:00,Mensagem inicial personalizada para Wanessa Almeida sobre Venda em São Vicente,whatsapp
Ana Martins,551771657262,São Vicente,Venda,primeiro_contato,"Olá, Ana Martins! Tudo bem? Vi que você tem interesse em Venda na região de São Vicente. Quer que eu envie 3 opções compatíveis com o seu perfil?",https://wa.me/551771657262?text=Ol%C3%A1%2C%20Ana%20Martins%21%20Tudo%20bem%3F%20Vi%20que%20voc%C3%AA%20tem%20interesse%20em%20Venda%20na%20regi%C3%A3o%20de%20S%C3%A3o%20Vicente.%20Quer%20que%20eu%20envie%203%20opç%C3%B5es%20compat%C3%ADveis%20com%20o%20seu%20perfil%3F,2026-07-24,40,41,12:00 - 15:00,Mensagem inicial personalizada para Ana Martins sobre Venda em São Vicente,whatsapp
Vinicius Lima,551977694531,São Vicente,Venda,primeiro_contato,"Olá, Vinicius Lima! Tudo bem? Vi que você tem interesse em Venda na região de São Vicente. Quer que eu envie 3 opções compatíveis com o seu perfil?",https://wa.me/551977694531?text=Ol%C3%A1%2C%20Vinicius%20Lima%21%20Tudo%20bem%3F%20Vi%20que%20voc%C3%AA%20tem%20interesse%20em%20Venda%20na%20regi%C3%A3o%20de%20S%C3%A3o%20Vicente.%20Quer%20que%20eu%20envie%203%20opç%C3%B5es%20compat%C3%ADveis%20com%20o%20seu%20perfil%3F,2026-07-24,40,42,12:00 - 15:00,Mensagem inicial personalizada para Vinicius Lima sobre Venda em São Vicente,whatsapp
Pedro Souza,551899650752,São Vicente,Venda,primeiro_contato,"Olá, Pedro Souza! Tudo bem? Vi que você tem interesse em Venda na região de São Vicente. Quer que eu envie 3 opções compatíveis com o seu perfil?",https://wa.me/551899650752?text=Ol%C3%A1%2C%20Pedro%20Souza%21%20Tudo%20bem%3F%20Vi%20que%20voc%C3%AA%20tem%20interesse%20em%20Venda%20na%20regi%C3%A3o%20de%20S%C3%A3o%20Vicente.%20Quer%20que%20eu%20envie%203%20opç%C3%B5es%20compat%C3%ADveis%20com%20o%20seu%20perfil%3F,2026-07-24,40,43,12:00 - 15:00,Mensagem inicial personalizada para Pedro Souza sobre Venda em São Vicente,whatsapp
Mariana Rocha,551554948083,São Vicente,Venda,primeiro_contato,"Olá, Mariana Rocha! Tudo bem? Vi que você tem interesse em Venda na região de São Vicente. Quer que eu envie 3 opções compatíveis com o seu perfil?",https://wa.me/551554948083?text=Ol%C3%A1%2C%20Mariana%20Rocha%21%20Tudo%20bem%3F%20Vi%20que%20voc%C3%AA%20tem%20interesse%20em%20Venda%20na%20regi%C3%A3o%20de%20S%C3%A3o%20Vicente.%20Quer%20que%20eu%20envie%203%20opç%C3%B5es%20compat%C3%ADveis%20com%20o%20seu%20perfil%3F,2026-07-24,40,44,12:00 - 15:00,Mensagem inicial personalizada para Mariana Rocha sobre Venda em São Vicente,whatsapp
Olivia Ferreira,551937770143,São Vicente,Venda,primeiro_contato,"Olá, Olivia Ferreira! Tudo bem? Vi que você tem interesse em Venda na região de São Vicente. Quer que eu envie 3 opções compatíveis com o seu perfil?",https://wa.me/551937770143?text=Ol%C3%A1%2C%20Olivia%20Ferreira%21%20Tudo%20bem%3F%20Vi%20que%20voc%C3%AA%20tem%20interesse%20em%20Venda%20na%20regi%C3%A3o%20de%20S%C3%A3o%20Vicente.%20Quer%20que%20eu%20envie%203%20opç%C3%B5es%20compat%C3%ADveis%20com%20o%20seu%20perfil%3F,2026-07-24,40,45,12:00 - 15:00,Mensagem inicial personalizada para Olivia Ferreira sobre Venda em São Vicente,whatsapp
Helena Lima,551678856855,São Vicente,Venda,primeiro_contato,"Olá, Helena Lima! Tudo bem? Vi que você tem interesse em Venda na região de São Vicente. Quer que eu envie 3 opções compatíveis com o seu perfil?",https://wa.me/551678856855?text=Ol%C3%A1%2C%20Helena%20Lima%21%20Tudo%20bem%3F%20Vi%20que%20voc%C3%AA%20tem%20interesse%20em%20Venda%20na%20regi%C3%A3o%20de%20S%C3%A3o%20Vicente.%20Quer%20que%20eu%20envie%203%20opç%C3%B5es%20compat%C3%ADveis%20com%20o%20seu%20perfil%3F,2026-07-24,40,46,12:00 - 15:00,Mensagem inicial personalizada para Helena Lima sobre Venda em São Vicente,whatsapp
Mariana Souza,551200330923,Mongaguá,Venda,reengajamento,"Olá, Mariana Souza! Lembrete rápido: a Litoral Prime Imóveis tem novas opções no litoral de SP. Quer que eu envie as melhores oportunidades desta semana?",https://wa.me/551200330923?text=Ol%C3%A1%2C%20Mariana%20Souza%21%20Lembrete%20r%C3%A1pido:%20a%20Litoral%20Prime%20Im%C3%B3veis%20tem%20novas%20opç%C3%B5es%20no%20litoral%20de%20SP.%20Quer%20que%20eu%20envie%20as%20melhores%20oportunidades%20desta%20semana%3F,2026-07-24,40,47,12:00 - 15:00,Follow-up leve para Mariana Souza sobre Venda,whatsapp
Bruno Cardoso,5511977778888,São Vicente,Venda,reengajamento,"Olá, Bruno Cardoso! Lembrete rápido: a Litoral Prime Imóveis tem novas opções no litoral de SP. Quer que eu envie as melhores oportunidades desta semana?",https://wa.me/5511977778888?text=Ol%C3%A1%2C%20Bruno%20Cardoso%21%20Lembrete%20r%C3%A1pido:%20a%20Litoral%20Prime%20Im%C3%B3veis%20tem%20novas%20opç%C3%B5es%20no%20litoral%20de%20SP.%20Quer%20que%20eu%20envie%20as%20melhores%20oportunidades%20desta%20semana%3F,2026-07-24,40,48,12:00 - 15:00,Follow-up leve para Bruno Cardoso sobre Venda,whatsapp
Daniela Almeida,551474529912,São Vicente,Venda,reengajamento,"Olá, Daniela Almeida! Lembrete rápido: a Litoral Prime Imóveis tem novas opções no litoral de SP. Quer que eu envie as melhores oportunidades desta semana?",https://wa.me/551474529912?text=Ol%C3%A1%2C%20Daniela%20Almeida%21%20Lembrete%20r%C3%A1pido:%20a%20Litoral%20Prime%20Im%C3%B3veis%20tem%20novas%20opç%C3%B5es%20no%20litoral%20de%20SP.%20Quer%20que%20eu%20envie%20as%20melhores%20oportunidades%20desta%20semana%3F,2026-07-24,40,49,12:00 - 15:00,Follow-up leve para Daniela Almeida sobre Venda,whatsapp
Wanessa Almeida,551290586518,São Vicente,Venda,reengajamento,"Olá, Wanessa Almeida! Lembrete rápido: a Litoral Prime Imóveis tem novas opções no litoral de SP. Quer que eu envie as melhores oportunidades desta semana?",https://wa.me/551290586518?text=Ol%C3%A1%2C%20Wanessa%20Almeida%21%20Lembrete%20r%C3%A1pido:%20a%20Litoral%20Prime%20Im%C3%B3veis%20tem%20novas%20opç%C3%B5es%20no%20litoral%20de%20SP.%20Quer%20que%20eu%20envie%20as%20melhores%20oportunidades%20desta%20semana%3F,2026-07-24,40,50,12:00 - 15:00,Follow-up leve para Wanessa Almeida sobre Venda,whatsapp
Ana Martins,551771657262,São Vicente,Venda,reengajamento,"Olá, Ana Martins! Lembrete rápido: a Litoral Prime Imóveis tem novas opções no litoral de SP. Quer que eu envie as melhores oportunidades desta semana?",https://wa.me/551771657262?text=Ol%C3%A1%2C%20Ana%20Martins%21%20Lembrete%20r%C3%A1pido:%20a%20Litoral%20Prime%20Im%C3%B3veis%20tem%20novas%20opç%C3%B5es%20no%20litoral%20de%20SP.%20Quer%20que%20eu%20envie%20as%20melhores%20oportunidades%20desta%20semana%3F,2026-07-24,40,51,12:00 - 15:00,Follow-up leve para Ana Martins sobre Venda,whatsapp
Vinicius Lima,551977694531,São Vicente,Venda,reengajamento,"Olá, Vinicius Lima! Lembrete rápido: a Litoral Prime Imóveis tem novas opções no litoral de SP. Quer que eu envie as melhores oportunidades desta semana?",https://wa.me/551977694531?text=Ol%C3%A1%2C%20Vinicius%20Lima%21%20Lembrete%20r%C3%A1pido:%20a%20Litoral%20Prime%20Im%C3%B3veis%20tem%20novas%20opç%C3%B5es%20no%20litoral%20de%20SP.%20Quer%20que%20eu%20envie%20as%20melhores%20oportunidades%20desta%20semana%3F,2026-07-24,40,52,12:00 - 15:00,Follow-up leve para Vinicius Lima sobre Venda,whatsapp
Pedro Souza,551899650752,São Vicente,Venda,reengajamento,"Olá, Pedro Souza! Lembrete rápido: a Litoral Prime Imóveis tem novas opções no litoral de SP. Quer que eu envie as melhores oportunidades desta semana?",https://wa.me/551899650752?text=Ol%C3%A1%2C%20Pedro%20Souza%21%20Lembrete%20r%C3%A1pido:%20a%20Litoral%20Prime%20Im%C3%B3veis%20tem%20novas%20opç%C3%B5es%20no%20litoral%20de%20SP.%20Quer%20que%20eu%20envie%20as%20melhores%20oportunidades%20desta%20semana%3F,2026-07-24,40,53,12:00 - 15:00,Follow-up leve para Pedro Souza sobre Venda,whatsapp
Mariana Rocha,551554948083,São Vicente,Venda,reengajamento,"Olá, Mariana Rocha! Lembrete rápido: a Litoral Prime Imóveis tem novas opções no litoral de SP. Quer que eu envie as melhores oportunidades desta semana?",https://wa.me/551554948083?text=Ol%C3%A1%2C%20Mariana%20Rocha%21%20Lembrete%20r%C3%A1pido:%20a%20Litoral%20Prime%20Im%C3%B3veis%20tem%20novas%20opç%C3%B5es%20no%20litoral%20de%20SP.%20Quer%20que%20eu%20envie%20as%20melhores%20oportunidades%20desta%20semana%3F,2026-07-24,40,54,12:00 - 15:00,Follow-up leve para Mariana Rocha sobre Venda,whatsapp
Olivia Ferreira,551937770143,São Vicente,Venda,reengajamento,"Olá, Olivia Ferreira! Lembrete rápido: a Litoral Prime Imóveis tem novas opções no litoral de SP. Quer que eu envie as melhores oportunidades desta semana?",https://wa.me/551937770143?text=Ol%C3%A1%2C%20Olivia%20Ferreira%21%20Lembrete%20r%C3%A1pido:%20a%20Litoral%20Prime%20Im%C3%B3veis%20tem%20novas%20opç%C3%B5es%20no%20litoral%20de%20SP.%20Quer%20que%20eu%20envie%20as%20melhores%20oportunidades%20desta%20semana%3F,2026-07-24,40,55,12:00 - 15:00,Follow-up leve para Olivia Ferreira sobre Venda,whatsapp
Helena Lima,551678856855,São Vicente,Venda,reengajamento,"Olá, Helena Lima! Lembrete rápido: a Litoral Prime Imóveis tem novas opções no litoral de SP. Quer que eu envie as melhores oportunidades desta semana?",https://wa.me/551678856855?text=Ol%C3%A1%2C%20Helena%20Lima%21%20Lembrete%20r%C3%A1pido:%20a%20Litoral%20Prime%20Im%C3%B3veis%20tem%20novas%20opç%C3%B5es%20no%20litoral%20de%20SP.%20Quer%20que%20eu%20envie%20as%20melhores%20oportunidades%20desta%20semana%3F,2026-07-24,40,56,12:00 - 15:00,Follow-up leve para Helena Lima sobre Venda,whatsapp
Mariana Souza,551200330923,Mongaguá,Venda,oferta,"{nome}, selecionei {tipo_interesse.lower()}s exclusivos em {cidade_interesse}. Se quiser, envio a pré-seleção agora por aqui.",https://wa.me/551200330923?text={nome}%2C%20selecionei%20{tipo_interesse.lower()}s%20exclusivos%20em%20{cidade_interesse}.%20Se%20quiser%2C%20envio%20a%20pr%C3%A9-seleç%C3%A3o%20agora%20por%20aqui.,2026-07-24,40,57,12:00 - 15:00,Enviar pré-seleção de Venda em Mongaguá e propor visita,whatsapp
Bruno Cardoso,5511977778888,São Vicente,Venda,oferta,"{nome}, selecionei {tipo_interesse.lower()}s exclusivos em {cidade_interesse}. Se quiser, envio a pré-seleção agora por aqui.",https://wa.me/5511977778888?text={nome}%2C%20selecionei%20{tipo_interesse.lower()}s%20exclusivos%20em%20{cidade_interesse}.%20Se%20quiser%2C%20envio%20a%20pr%C3%A9-seleç%C3%A3o%20agora%20por%20aqui.,2026-07-24,40,58,12:00 - 15:00,Enviar pré-seleção de Venda em São Vicente e propor visita,whatsapp
Daniela Almeida,551474529912,São Vicente,Venda,oferta,"{nome}, selecionei {tipo_interesse.lower()}s exclusivos em {cidade_interesse}. Se quiser, envio a pré-seleção agora por aqui.",https://wa.me/551474529912?text={nome}%2C%20selecionei%20{tipo_interesse.lower()}s%20exclusivos%20em%20{cidade_interesse}.%20Se%20quiser%2C%20envio%20a%20pr%C3%A9-seleç%C3%A3o%20agora%20por%20aqui.,2026-07-24,40,59,12:00 - 15:00,Enviar pré-seleção de Venda em São Vicente e propor visita,whatsapp
Wanessa Almeida,551290586518,São Vicente,Venda,oferta,"{nome}, selecionei {tipo_interesse.lower()}s exclusivos em {cidade_interesse}. Se quiser, envio a pré-seleção agora por aqui.",https://wa.me/551290586518?text={nome}%2C%20selecionei%20{tipo_interesse.lower()}s%20exclusivos%20em%20{cidade_interesse}.%20Se%20quiser%2C%20envio%20a%20pr%C3%A9-seleç%C3%A3o%20agora%20por%20aqui.,2026-07-24,40,60,12:00 - 15:00,Enviar pré-seleção de Venda em São Vicente e propor visita,whatsapp
Ana Martins,551771657262,São Vicente,Venda,oferta,"{nome}, selecionei {tipo_interesse.lower()}s exclusivos em {cidade_interesse}. Se quiser, envio a pré-seleção agora por aqui.",https://wa.me/551771657262?text={nome}%2C%20selecionei%20{tipo_interesse.lower()}s%20exclusivos%20em%20{cidade_interesse}.%20Se%20quiser%2C%20envio%20a%20pr%C3%A9-seleç%C3%A3o%20agora%20por%20aqui.,2026-07-24,40,61,12:00 - 15:00,Enviar pré-seleção de Venda em São Vicente e propor visita,whatsapp
Vinicius Lima,551977694531,São Vicente,Venda,oferta,"{nome}, selecionei {tipo_interesse.lower()}s exclusivos em {cidade_interesse}. Se quiser, envio a pré-seleção agora por aqui.",https://wa.me/551977694531?text={nome}%2C%20selecionei%20{tipo_interesse.lower()}s%20exclusivos%20em%20{cidade_interesse}.%20Se%20quiser%2C%20envio%20a%20pr%C3%A9-seleç%C3%A3o%20agora%20por%20aqui.,2026-07-24,40,62,12:00 - 15:00,Enviar pré-seleção de Venda em São Vicente e propor visita,whatsapp
Pedro Souza,551899650752,São Vicente,Venda,oferta,"{nome}, selecionei {tipo_interesse.lower()}s exclusivos em {cidade_interesse}. Se quiser, envio a pré-seleção agora por aqui.",https://wa.me/551899650752?text={nome}%2C%20selecionei%20{tipo_interesse.lower()}s%20exclusivos%20em%20{cidade_interesse}.%20Se%20quiser%2C%20envio%20a%20pr%C3%A9-seleç%C3%A3o%20agora%20por%20aqui.,2026-07-24,40,63,12:00 - 15:00,Enviar pré-seleção de Venda em São Vicente e propor visita,whatsapp
Mariana Rocha,551554948083,São Vicente,Venda,oferta,"{nome}, selecionei {tipo_interesse.lower()}s exclusivos em {cidade_interesse}. Se quiser, envio a pré-seleção agora por aqui.",https://wa.me/551554948083?text={nome}%2C%20selecionei%20{tipo_interesse.lower()}s%20exclusivos%20em%20{cidade_interesse}.%20Se%20quiser%2C%20envio%20a%20pr%C3%A9-seleç%C3%A3o%20agora%20por%20aqui.,2026-07-24,40,64,12:00 - 15:00,Enviar pré-seleção de Venda em São Vicente e propor visita,whatsapp
Olivia Ferreira,551937770143,São Vicente,Venda,oferta,"{nome}, selecionei {tipo_interesse.lower()}s exclusivos em {cidade_interesse}. Se quiser, envio a pré-seleção agora por aqui.",https://wa.me/551937770143?text={nome}%2C%20selecionei%20{tipo_interesse.lower()}s%20exclusivos%20em%20{cidade_interesse}.%20Se%20quiser%2C%20envio%20a%20pr%C3%A9-seleç%C3%A3o%20agora%20por%20aqui.,2026-07-24,40,65,12:00 - 15:00,Enviar pré-seleção de Venda em São Vicente e propor visita,whatsapp
Helena Lima,551678856855,São Vicente,Venda,oferta,"{nome}, selecionei {tipo_interesse.lower()}s exclusivos em {cidade_interesse}. Se quiser, envio a pré-seleção agora por aqui.",https://wa.me/551678856855?text={nome}%2C%20selecionei%20{tipo_interesse.lower()}s%20exclusivos%20em%20{cidade_interesse}.%20Se%20quiser%2C%20envio%20a%20pr%C3%A9-seleç%C3%A3o%20agora%20por%20aqui.,2026-07-24,40,66,12:00 - 15:00,Enviar pré-seleção de Venda em São Vicente e propor visita,whatsapp
Mariana Souza,551200330923,Mongaguá,Venda,cross-sell,"Mariana Souza, além de Venda em Mongaguá, temos Avaliação, Captação Digital, Descrição com IA que ajudam a vender/alugar mais rápido. Quer que eu envie detalhes?",https://wa.me/551200330923?text=Mariana%20Souza%2C%20al%C3%A9m%20de%20Venda%20em%20Mongagu%C3%A1%2C%20temos%20Avaliaç%C3%A3o%2C%20Captaç%C3%A3o%20Digital%2C%20Descriç%C3%A3o%20com%20IA%20que%20ajudam%20a%20vender/alugar%20mais%20r%C3%A1pido.%20Quer%20que%20eu%20envie%20detalhes%3F,2026-07-24,40,67,12:00 - 15:00,Oferecer serviço complementar: ,whatsapp
Bruno Cardoso,5511977778888,São Vicente,Venda,cross-sell,"Bruno Cardoso, além de Venda em São Vicente, temos Avaliação, Captação Digital, Descrição com IA que ajudam a vender/alugar mais rápido. Quer que eu envie detalhes?",https://wa.me/5511977778888?text=Bruno%20Cardoso%2C%20al%C3%A9m%20de%20Venda%20em%20S%C3%A3o%20Vicente%2C%20temos%20Avaliaç%C3%A3o%2C%20Captaç%C3%A3o%20Digital%2C%20Descriç%C3%A3o%20com%20IA%20que%20ajudam%20a%20vender/alugar%20mais%20r%C3%A1pido.%20Quer%20que%20eu%20envie%20detalhes%3F,2026-07-24,40,68,12:00 - 15:00,Oferecer serviço complementar: ,whatsapp
Daniela Almeida,551474529912,São Vicente,Venda,cross-sell,"Daniela Almeida, além de Venda em São Vicente, temos Avaliação, Captação Digital, Descrição com IA que ajudam a vender/alugar mais rápido. Quer que eu envie detalhes?",https://wa.me/551474529912?text=Daniela%20Almeida%2C%20al%C3%A9m%20de%20Venda%20em%20S%C3%A3o%20Vicente%2C%20temos%20Avaliaç%C3%A3o%2C%20Captaç%C3%A3o%20Digital%2C%20Descriç%C3%A3o%20com%20IA%20que%20ajudam%20a%20vender/alugar%20mais%20r%C3%A1pido.%20Quer%20que%20eu%20envie%20detalhes%3F,2026-07-24,40,69,12:00 - 15:00,Oferecer serviço complementar: ,whatsapp
Wanessa Almeida,551290586518,São Vicente,Venda,cross-sell,"Wanessa Almeida, além de Venda em São Vicente, temos Avaliação, Captação Digital, Descrição com IA que ajudam a vender/alugar mais rápido. Quer que eu envie detalhes?",https://wa.me/551290586518?text=Wanessa%20Almeida%2C%20al%C3%A9m%20de%20Venda%20em%20S%C3%A3o%20Vicente%2C%20temos%20Avaliaç%C3%A3o%2C%20Captaç%C3%A3o%20Digital%2C%20Descriç%C3%A3o%20com%20IA%20que%20ajudam%20a%20vender/alugar%20mais%20r%C3%A1pido.%20Quer%20que%20eu%20envie%20detalhes%3F,2026-07-24,40,70,12:00 - 15:00,Oferecer serviço complementar: ,whatsapp
Ana Martins,551771657262,São Vicente,Venda,cross-sell,"Ana Martins, além de Venda em São Vicente, temos Avaliação, Captação Digital, Descrição com IA que ajudam a vender/alugar mais rápido. Quer que eu envie detalhes?",https://wa.me/551771657262?text=Ana%20Martins%2C%20al%C3%A9m%20de%20Venda%20em%20S%C3%A3o%20Vicente%2C%20temos%20Avaliaç%C3%A3o%2C%20Captaç%C3%A3o%20Digital%2C%20Descriç%C3%A3o%20com%20IA%20que%20ajudam%20a%20vender/alugar%20mais%20r%C3%A1pido.%20Quer%20que%20eu%20envie%20detalhes%3F,2026-07-24,40,71,12:00 - 15:00,Oferecer serviço complementar: ,whatsapp
Vinicius Lima,551977694531,São Vicente,Venda,cross-sell,"Vinicius Lima, além de Venda em São Vicente, temos Avaliação, Captação Digital, Descrição com IA que ajudam a vender/alugar mais rápido. Quer que eu envie detalhes?",https://wa.me/551977694531?text=Vinicius%20Lima%2C%20al%C3%A9m%20de%20Venda%20em%20S%C3%A3o%20Vicente%2C%20temos%20Avaliaç%C3%A3o%2C%20Captaç%C3%A3o%20Digital%2C%20Descriç%C3%A3o%20com%20IA%20que%20ajudam%20a%20vender/alugar%20mais%20r%C3%A1pido.%20Quer%20que%20eu%20envie%20detalhes%3F,2026-07-24,40,72,12:00 - 15:00,Oferecer serviço complementar: ,whatsapp
Pedro Souza,551899650752,São Vicente,Venda,cross-sell,"Pedro Souza, além de Venda em São Vicente, temos Avaliação, Captação Digital, Descrição com IA que ajudam a vender/alugar mais rápido. Quer que eu envie detalhes?",https://wa.me/551899650752?text=Pedro%20Souza%2C%20al%C3%A9m%20de%20Venda%20em%20S%C3%A3o%20Vicente%2C%20temos%20Avaliaç%C3%A3o%2C%20Captaç%C3%A3o%20Digital%2C%20Descriç%C3%A3o%20com%20IA%20que%20ajudam%20a%20vender/alugar%20mais%20r%C3%A1pido.%20Quer%20que%20eu%20envie%20detalhes%3F,2026-07-24,40,73,12:00 - 15:00,Oferecer serviço complementar: ,whatsapp
Mariana Rocha,551554948083,São Vicente,Venda,cross-sell,"Mariana Rocha, além de Venda em São Vicente, temos Avaliação, Captação Digital, Descrição com IA que ajudam a vender/alugar mais rápido. Quer que eu envie detalhes?",https://wa.me/551554948083?text=Mariana%20Rocha%2C%20al%C3%A9m%20de%20Venda%20em%20S%C3%A3o%20Vicente%2C%20temos%20Avaliaç%C3%A3o%2C%20Captaç%C3%A3o%20Digital%2C%20Descriç%C3%A3o%20com%20IA%20que%20ajudam%20a%20vender/alugar%20mais%20r%C3%A1pido.%20Quer%20que%20eu%20envie%20detalhes%3F,2026-07-24,40,74,12:00 - 15:00,Oferecer serviço complementar: ,whatsapp
Olivia Ferreira,551937770143,São Vicente,Venda,cross-sell,"Olivia Ferreira, além de Venda em São Vicente, temos Avaliação, Captação Digital, Descrição com IA que ajudam a vender/alugar mais rápido. Quer que eu envie detalhes?",https://wa.me/551937770143?text=Olivia%20Ferreira%2C%20al%C3%A9m%20de%20Venda%20em%20S%C3%A3o%20Vicente%2C%20temos%20Avaliaç%C3%A3o%2C%20Captaç%C3%A3o%20Digital%2C%20Descriç%C3%A3o%20com%20IA%20que%20ajudam%20a%20vender/alugar%20mais%20r%C3%A1pido.%20Quer%20que%20eu%20envie%20detalhes%3F,2026-07-24,40,75,12:00 - 15:00,Oferecer serviço complementar: ,whatsapp
Helena Lima,551678856855,São Vicente,Venda,cross-sell,"Helena Lima, além de Venda em São Vicente, temos Avaliação, Captação Digital, Descrição com IA que ajudam a vender/alugar mais rápido. Quer que eu envie detalhes?",https://wa.me/551678856855?text=Helena%20Lima%2C%20al%C3%A9m%20de%20Venda%20em%20S%C3%A3o%20Vicente%2C%20temos%20Avaliaç%C3%A3o%2C%20Captaç%C3%A3o%20Digital%2C%20Descriç%C3%A3o%20com%20IA%20que%20ajudam%20a%20vender/alugar%20mais%20r%C3%A1pido.%20Quer%20que%20eu%20envie%20detalhes%3F,2026-07-24,40,76,12:00 - 15:00,Oferecer serviço complementar: ,whatsapp
Roberto Lima,5511911112222,Santos,Aluguel,primeiro_contato,"Olá, Roberto Lima! Tudo bem? Vi que você tem interesse em Aluguel na região de Santos. Quer que eu envie 3 opções compatíveis com o seu perfil?",https://wa.me/5511911112222?text=Ol%C3%A1%2C%20Roberto%20Lima%21%20Tudo%20bem%3F%20Vi%20que%20voc%C3%AA%20tem%20interesse%20em%20Aluguel%20na%20regi%C3%A3o%20de%20Santos.%20Quer%20que%20eu%20envie%203%20opç%C3%B5es%20compat%C3%ADveis%20com%20o%20seu%20perfil%3F,2026-07-24,30,77,15:00 - 18:00,Mensagem inicial personalizada para Roberto Lima sobre Aluguel em Santos,whatsapp
Vinicius Santos,551143321819,Santos,Aluguel,primeiro_contato,"Olá, Vinicius Santos! Tudo bem? Vi que você tem interesse em Aluguel na região de Santos. Quer que eu envie 3 opções compatíveis com o seu perfil?",https://wa.me/551143321819?text=Ol%C3%A1%2C%20Vinicius%20Santos%21%20Tudo%20bem%3F%20Vi%20que%20voc%C3%AA%20tem%20interesse%20em%20Aluguel%20na%20regi%C3%A3o%20de%20Santos.%20Quer%20que%20eu%20envie%203%20opç%C3%B5es%20compat%C3%ADveis%20com%20o%20seu%20perfil%3F,2026-07-24,30,78,15:00 - 18:00,Mensagem inicial personalizada para Vinicius Santos sobre Aluguel em Santos,whatsapp
Igor Rocha,551126542351,Santos,Compra,primeiro_contato,"Olá, Igor Rocha! Tudo bem? Vi que você tem interesse em Compra na região de Santos. Quer que eu envie 3 opções compatíveis com o seu perfil?",https://wa.me/551126542351?text=Ol%C3%A1%2C%20Igor%20Rocha%21%20Tudo%20bem%3F%20Vi%20que%20voc%C3%AA%20tem%20interesse%20em%20Compra%20na%20regi%C3%A3o%20de%20Santos.%20Quer%20que%20eu%20envie%203%20opç%C3%B5es%20compat%C3%ADveis%20com%20o%20seu%20perfil%3F,2026-07-24,30,79,15:00 - 18:00,Mensagem inicial personalizada para Igor Rocha sobre Compra em Santos,whatsapp
Mariana Martins,551694078161,Santos,Aluguel,primeiro_contato,"Olá, Mariana Martins! Tudo bem? Vi que você tem interesse em Aluguel na região de Santos. Quer que eu envie 3 opções compatíveis com o seu perfil?",https://wa.me/551694078161?text=Ol%C3%A1%2C%20Mariana%20Martins%21%20Tudo%20bem%3F%20Vi%20que%20voc%C3%AA%20tem%20interesse%20em%20Aluguel%20na%20regi%C3%A3o%20de%20Santos.%20Quer%20que%20eu%20envie%203%20opç%C3%B5es%20compat%C3%ADveis%20com%20o%20seu%20perfil%3F,2026-07-24,30,80,15:00 - 18:00,Mensagem inicial personalizada para Mariana Martins sobre Aluguel em Santos,whatsapp
Vinicius Almeida,551693103413,Santos,Aluguel,primeiro_contato,"Olá, Vinicius Almeida! Tudo bem? Vi que você tem interesse em Aluguel na região de Santos. Quer que eu envie 3 opções compatíveis com o seu perfil?",https://wa.me/551693103413?text=Ol%C3%A1%2C%20Vinicius%20Almeida%21%20Tudo%20bem%3F%20Vi%20que%20voc%C3%AA%20tem%20interesse%20em%20Aluguel%20na%20regi%C3%A3o%20de%20Santos.%20Quer%20que%20eu%20envie%203%20opç%C3%B5es%20compat%C3%ADveis%20com%20o%20seu%20perfil%3F,2026-07-24,30,81,15:00 - 18:00,Mensagem inicial personalizada para Vinicius Almeida sobre Aluguel em Santos,whatsapp
Nicholas Lima,551852553419,Santos,Aluguel,primeiro_contato,"Olá, Nicholas Lima! Tudo bem? Vi que você tem interesse em Aluguel na região de Santos. Quer que eu envie 3 opções compatíveis com o seu perfil?",https://wa.me/551852553419?text=Ol%C3%A1%2C%20Nicholas%20Lima%21%20Tudo%20bem%3F%20Vi%20que%20voc%C3%AA%20tem%20interesse%20em%20Aluguel%20na%20regi%C3%A3o%20de%20Santos.%20Quer%20que%20eu%20envie%203%20opç%C3%B5es%20compat%C3%ADveis%20com%20o%20seu%20perfil%3F,2026-07-24,30,82,15:00 - 18:00,Mensagem inicial personalizada para Nicholas Lima sobre Aluguel em Santos,whatsapp
Sofia Araujo,551427648350,Santos,Compra,primeiro_contato,"Olá, Sofia Araujo! Tudo bem? Vi que você tem interesse em Compra na região de Santos. Quer que eu envie 3 opções compatíveis com o seu perfil?",https://wa.me/551427648350?text=Ol%C3%A1%2C%20Sofia%20Araujo%21%20Tudo%20bem%3F%20Vi%20que%20voc%C3%AA%20tem%20interesse%20em%20Compra%20na%20regi%C3%A3o%20de%20Santos.%20Quer%20que%20eu%20envie%203%20opç%C3%B5es%20compat%C3%ADveis%20com%20o%20seu%20perfil%3F,2026-07-24,30,83,15:00 - 18:00,Mensagem inicial personalizada para Sofia Araujo sobre Compra em Santos,whatsapp
Lucas Costa,551513953767,Santos,Compra,primeiro_contato,"Olá, Lucas Costa! Tudo bem? Vi que você tem interesse em Compra na região de Santos. Quer que eu envie 3 opções compatíveis com o seu perfil?",https://wa.me/551513953767?text=Ol%C3%A1%2C%20Lucas%20Costa%21%20Tudo%20bem%3F%20Vi%20que%20voc%C3%AA%20tem%20interesse%20em%20Compra%20na%20regi%C3%A3o%20de%20Santos.%20Quer%20que%20eu%20envie%203%20opç%C3%B5es%20compat%C3%ADveis%20com%20o%20seu%20perfil%3F,2026-07-24,30,84,15:00 - 18:00,Mensagem inicial personalizada para Lucas Costa sobre Compra em Santos,whatsapp
Helena Araujo,551984969653,Santos,Aluguel,primeiro_contato,"Olá, Helena Araujo! Tudo bem? Vi que você tem interesse em Aluguel na região de Santos. Quer que eu envie 3 opções compatíveis com o seu perfil?",https://wa.me/551984969653?text=Ol%C3%A1%2C%20Helena%20Araujo%21%20Tudo%20bem%3F%20Vi%20que%20voc%C3%AA%20tem%20interesse%20em%20Aluguel%20na%20regi%C3%A3o%20de%20Santos.%20Quer%20que%20eu%20envie%203%20opç%C3%B5es%20compat%C3%ADveis%20com%20o%20seu%20perfil%3F,2026-07-24,30,85,15:00 - 18:00,Mensagem inicial personalizada para Helena Araujo sobre Aluguel em Santos,whatsapp
Aline Costa,5513922223333,Guarujá,Compra,primeiro_contato,"Olá, Aline Costa! Tudo bem? Vi que você tem interesse em Compra na região de Guarujá. Quer que eu envie 3 opções compatíveis com o seu perfil?",https://wa.me/5513922223333?text=Ol%C3%A1%2C%20Aline%20Costa%21%20Tudo%20bem%3F%20Vi%20que%20voc%C3%AA%20tem%20interesse%20em%20Compra%20na%20regi%C3%A3o%20de%20Guaruj%C3%A1.%20Quer%20que%20eu%20envie%203%20opç%C3%B5es%20compat%C3%ADveis%20com%20o%20seu%20perfil%3F,2026-07-24,30,86,15:00 - 18:00,Mensagem inicial personalizada para Aline Costa sobre Compra em Guarujá,whatsapp
Eduardo Ribeiro,551810122691,Guarujá,Compra,primeiro_contato,"Olá, Eduardo Ribeiro! Tudo bem? Vi que você tem interesse em Compra na região de Guarujá. Quer que eu envie 3 opções compatíveis com o seu perfil?",https://wa.me/551810122691?text=Ol%C3%A1%2C%20Eduardo%20Ribeiro%21%20Tudo%20bem%3F%20Vi%20que%20voc%C3%AA%20tem%20interesse%20em%20Compra%20na%20regi%C3%A3o%20de%20Guaruj%C3%A1.%20Quer%20que%20eu%20envie%203%20opç%C3%B5es%20compat%C3%ADveis%20com%20o%20seu%20perfil%3F,2026-07-24,30,87,15:00 - 18:00,Mensagem inicial personalizada para Eduardo Ribeiro sobre Compra em Guarujá,whatsapp
Ursula Ferreira,551948018451,Guarujá,Compra,primeiro_contato,"Olá, Ursula Ferreira! Tudo bem? Vi que você tem interesse em Compra na região de Guarujá. Quer que eu envie 3 opções compatíveis com o seu perfil?",https://wa.me/551948018451?text=Ol%C3%A1%2C%20Ursula%20Ferreira%21%20Tudo%20bem%3F%20Vi%20que%20voc%C3%AA%20tem%20interesse%20em%20Compra%20na%20regi%C3%A3o%20de%20Guaruj%C3%A1.%20Quer%20que%20eu%20envie%203%20opç%C3%B5es%20compat%C3%ADveis%20com%20o%20seu%20perfil%3F,2026-07-24,30,88,15:00 - 18:00,Mensagem inicial personalizada para Ursula Ferreira sobre Compra em Guarujá,whatsapp
Fernanda Ferreira,551148281489,Guarujá,Aluguel,primeiro_contato,"Olá, Fernanda Ferreira! Tudo bem? Vi que você tem interesse em Aluguel na região de Guarujá. Quer que eu envie 3 opções compatíveis com o seu perfil?",https://wa.me/551148281489?text=Ol%C3%A1%2C%20Fernanda%20Ferreira%21%20Tudo%20bem%3F%20Vi%20que%20voc%C3%AA%20tem%20interesse%20em%20Aluguel%20na%20regi%C3%A3o%20de%20Guaruj%C3%A1.%20Quer%20que%20eu%20envie%203%20opç%C3%B5es%20compat%C3%ADveis%20com%20o%20seu%20perfil%3F,2026-07-24,30,89,15:00 - 18:00,Mensagem inicial personalizada para Fernanda Ferreira sobre Aluguel em Guarujá,whatsapp
Zeca Oliveira,551980957015,Guarujá,Compra,primeiro_contato,"Olá, Zeca Oliveira! Tudo bem? Vi que você tem interesse em Compra na região de Guarujá. Quer que eu envie 3 opções compatíveis com o seu perfil?",https://wa.me/551980957015?text=Ol%C3%A1%2C%20Zeca%20Oliveira%21%20Tudo%20bem%3F%20Vi%20que%20voc%C3%AA%20tem%20interesse%20em%20Compra%20na%20regi%C3%A3o%20de%20Guaruj%C3%A1.%20Quer%20que%20eu%20envie%203%20opç%C3%B5es%20compat%C3%ADveis%20com%20o%20seu%20perfil%3F,2026-07-24,30,90,15:00 - 18:00,Mensagem inicial personalizada para Zeca Oliveira sobre Compra em Guarujá,whatsapp
Juliana Souza,551139117182,Guarujá,Aluguel,primeiro_contato,"Olá, Juliana Souza! Tudo bem? Vi que você tem interesse em Aluguel na região de Guarujá. Quer que eu envie 3 opções compatíveis com o seu perfil?",https://wa.me/551139117182?text=Ol%C3%A1%2C%20Juliana%20Souza%21%20Tudo%20bem%3F%20Vi%20que%20voc%C3%AA%20tem%20interesse%20em%20Aluguel%20na%20regi%C3%A3o%20de%20Guaruj%C3%A1.%20Quer%20que%20eu%20envie%203%20opç%C3%B5es%20compat%C3%ADveis%20com%20o%20seu%20perfil%3F,2026-07-24,30,91,15:00 - 18:00,Mensagem inicial personalizada para Juliana Souza sobre Aluguel em Guarujá,whatsapp
Sofia Oliveira,551589638346,Guarujá,Compra,primeiro_contato,"Olá, Sofia Oliveira! Tudo bem? Vi que você tem interesse em Compra na região de Guarujá. Quer que eu envie 3 opções compatíveis com o seu perfil?",https://wa.me/551589638346?text=Ol%C3%A1%2C%20Sofia%20Oliveira%21%20Tudo%20bem%3F%20Vi%20que%20voc%C3%AA%20tem%20interesse%20em%20Compra%20na%20regi%C3%A3o%20de%20Guaruj%C3%A1.%20Quer%20que%20eu%20envie%203%20opç%C3%B5es%20compat%C3%ADveis%20com%20o%20seu%20perfil%3F,2026-07-24,30,92,15:00 - 18:00,Mensagem inicial personalizada para Sofia Oliveira sobre Compra em Guarujá,whatsapp
Vinicius Pereira,551887133150,Guarujá,Compra,primeiro_contato,"Olá, Vinicius Pereira! Tudo bem? Vi que você tem interesse em Compra na região de Guarujá. Quer que eu envie 3 opções compatíveis com o seu perfil?",https://wa.me/551887133150?text=Ol%C3%A1%2C%20Vinicius%20Pereira%21%20Tudo%20bem%3F%20Vi%20que%20voc%C3%AA%20tem%20interesse%20em%20Compra%20na%20regi%C3%A3o%20de%20Guaruj%C3%A1.%20Quer%20que%20eu%20envie%203%20opç%C3%B5es%20compat%C3%ADveis%20com%20o%20seu%20perfil%3F,2026-07-24,30,93,15:00 - 18:00,Mensagem inicial personalizada para Vinicius Pereira sobre Compra em Guarujá,whatsapp
Helena Almeida,551401031051,Guarujá,Compra,primeiro_contato,"Olá, Helena Almeida! Tudo bem? Vi que você tem interesse em Compra na região de Guarujá. Quer que eu envie 3 opções compatíveis com o seu perfil?",https://wa.me/551401031051?text=Ol%C3%A1%2C%20Helena%20Almeida%21%20Tudo%20bem%3F%20Vi%20que%20voc%C3%AA%20tem%20interesse%20em%20Compra%20na%20regi%C3%A3o%20de%20Guaruj%C3%A1.%20Quer%20que%20eu%20envie%203%20opç%C3%B5es%20compat%C3%ADveis%20com%20o%20seu%20perfil%3F,2026-07-24,30,94,15:00 - 18:00,Mensagem inicial personalizada para Helena Almeida sobre Compra em Guarujá,whatsapp
Igor Nunes,551838299737,Guarujá,Compra,primeiro_contato,"Olá, Igor Nunes! Tudo bem? Vi que você tem interesse em Compra na região de Guarujá. Quer que eu envie 3 opções compatíveis com o seu perfil?",https://wa.me/551838299737?text=Ol%C3%A1%2C%20Igor%20Nunes%21%20Tudo%20bem%3F%20Vi%20que%20voc%C3%AA%20tem%20interesse%20em%20Compra%20na%20regi%C3%A3o%20de%20Guaruj%C3%A1.%20Quer%20que%20eu%20envie%203%20opç%C3%B5es%20compat%C3%ADveis%20com%20o%20seu%20perfil%3F,2026-07-24,30,95,15:00 - 18:00,Mensagem inicial personalizada para Igor Nunes sobre Compra em Guarujá,whatsapp
Thiago Rocha,5511933334444,Praia Grande,Aluguel,primeiro_contato,"Olá, Thiago Rocha! Tudo bem? Vi que você tem interesse em Aluguel na região de Praia Grande. Quer que eu envie 3 opções compatíveis com o seu perfil?",https://wa.me/5511933334444?text=Ol%C3%A1%2C%20Thiago%20Rocha%21%20Tudo%20bem%3F%20Vi%20que%20voc%C3%AA%20tem%20interesse%20em%20Aluguel%20na%20regi%C3%A3o%20de%20Praia%20Grande.%20Quer%20que%20eu%20envie%203%20opç%C3%B5es%20compat%C3%ADveis%20com%20o%20seu%20perfil%3F,2026-07-24,30,96,15:00 - 18:00,Mensagem inicial personalizada para Thiago Rocha sobre Aluguel em Praia Grande,whatsapp
Gustavo Santos,551265667010,Praia Grande,Aluguel,primeiro_contato,"Olá, Gustavo Santos! Tudo bem? Vi que você tem interesse em Aluguel na região de Praia Grande. Quer que eu envie 3 opções compatíveis com o seu perfil?",https://wa.me/551265667010?text=Ol%C3%A1%2C%20Gustavo%20Santos%21%20Tudo%20bem%3F%20Vi%20que%20voc%C3%AA%20tem%20interesse%20em%20Aluguel%20na%20regi%C3%A3o%20de%20Praia%20Grande.%20Quer%20que%20eu%20envie%203%20opç%C3%B5es%20compat%C3%ADveis%20com%20o%20seu%20perfil%3F,2026-07-24,30,97,15:00 - 18:00,Mensagem inicial personalizada para Gustavo Santos sobre Aluguel em Praia Grande,whatsapp
Lucas Rocha,551233387262,Praia Grande,Aluguel,primeiro_contato,"Olá, Lucas Rocha! Tudo bem? Vi que você tem interesse em Aluguel na região de Praia Grande. Quer que eu envie 3 opções compatíveis com o seu perfil?",https://wa.me/551233387262?text=Ol%C3%A1%2C%20Lucas%20Rocha%21%20Tudo%20bem%3F%20Vi%20que%20voc%C3%AA%20tem%20interesse%20em%20Aluguel%20na%20regi%C3%A3o%20de%20Praia%20Grande.%20Quer%20que%20eu%20envie%203%20opç%C3%B5es%20compat%C3%ADveis%20com%20o%20seu%20perfil%3F,2026-07-24,30,98,15:00 - 18:00,Mensagem inicial personalizada para Lucas Rocha sobre Aluguel em Praia Grande,whatsapp
Helena Martins,551278108013,Praia Grande,Aluguel,primeiro_contato,"Olá, Helena Martins! Tudo bem? Vi que você tem interesse em Aluguel na região de Praia Grande. Quer que eu envie 3 opções compatíveis com o seu perfil?",https://wa.me/551278108013?text=Ol%C3%A1%2C%20Helena%20Martins%21%20Tudo%20bem%3F%20Vi%20que%20voc%C3%AA%20tem%20interesse%20em%20Aluguel%20na%20regi%C3%A3o%20de%20Praia%20Grande.%20Quer%20que%20eu%20envie%203%20opç%C3%B5es%20compat%C3%ADveis%20com%20o%20seu%20perfil%3F,2026-07-24,30,99,15:00 - 18:00,Mensagem inicial personalizada para Helena Martins sobre Aluguel em Praia Grande,whatsapp
Quésia Souza,551702606474,Praia Grande,Aluguel,primeiro_contato,"Olá, Quésia Souza! Tudo bem? Vi que você tem interesse em Aluguel na região de Praia Grande. Quer que eu envie 3 opções compatíveis com o seu perfil?",https://wa.me/551702606474?text=Ol%C3%A1%2C%20Qu%C3%A9sia%20Souza%21%20Tudo%20bem%3F%20Vi%20que%20voc%C3%AA%20tem%20interesse%20em%20Aluguel%20na%20regi%C3%A3o%20de%20Praia%20Grande.%20Quer%20que%20eu%20envie%203%20opç%C3%B5es%20compat%C3%ADveis%20com%20o%20seu%20perfil%3F,2026-07-24,30,100,15:00 - 18:00,Mensagem inicial personalizada para Quésia Souza sobre Aluguel em Praia Grande,whatsapp
Yasmin Rocha,551972343098,Praia Grande,Aluguel,primeiro_contato,"Olá, Yasmin Rocha! Tudo bem? Vi que você tem interesse em Aluguel na região de Praia Grande. Quer que eu envie 3 opções compatíveis com o seu perfil?",https://wa.me/551972343098?text=Ol%C3%A1%2C%20Yasmin%20Rocha%21%20Tudo%20bem%3F%20Vi%20que%20voc%C3%AA%20tem%20interesse%20em%20Aluguel%20na%20regi%C3%A3o%20de%20Praia%20Grande.%20Quer%20que%20eu%20envie%203%20opç%C3%B5es%20compat%C3%ADveis%20com%20o%20seu%20perfil%3F,2026-07-24,30,101,15:00 - 18:00,Mensagem inicial personalizada para Yasmin Rocha sobre Aluguel em Praia Grande,whatsapp
Bruno Silva,551888208121,Praia Grande,Aluguel,primeiro_contato,"Olá, Bruno Silva! Tudo bem? Vi que você tem interesse em Aluguel na região de Praia Grande. Quer que eu envie 3 opções compatíveis com o seu perfil?",https://wa.me/551888208121?text=Ol%C3%A1%2C%20Bruno%20Silva%21%20Tudo%20bem%3F%20Vi%20que%20voc%C3%AA%20tem%20interesse%20em%20Aluguel%20na%20regi%C3%A3o%20de%20Praia%20Grande.%20Quer%20que%20eu%20envie%203%20opç%C3%B5es%20compat%C3%ADveis%20com%20o%20seu%20perfil%3F,2026-07-24,30,102,15:00 - 18:00,Mensagem inicial personalizada para Bruno Silva sobre Aluguel em Praia Grande,whatsapp
Tiago Almeida,551954353462,Praia Grande,Aluguel,primeiro_contato,"Olá, Tiago Almeida! Tudo bem? Vi que você tem interesse em Aluguel na região de Praia Grande. Quer que eu envie 3 opções compatíveis com o seu perfil?",https://wa.me/551954353462?text=Ol%C3%A1%2C%20Tiago%20Almeida%21%20Tudo%20bem%3F%20Vi%20que%20voc%C3%AA%20tem%20interesse%20em%20Aluguel%20na%20regi%C3%A3o%20de%20Praia%20Grande.%20Quer%20que%20eu%20envie%203%20opç%C3%B5es%20compat%C3%ADveis%20com%20o%20seu%20perfil%3F,2026-07-24,30,103,15:00 - 18:00,Mensagem inicial personalizada para Tiago Almeida sobre Aluguel em Praia Grande,whatsapp
Juliana Ferreira,551610799118,Praia Grande,Aluguel,primeiro_contato,"Olá, Juliana Ferreira! Tudo bem? Vi que você tem interesse em Aluguel na região de Praia Grande. Quer que eu envie 3 opções compatíveis com o seu perfil?",https://wa.me/551610799118?text=Ol%C3%A1%2C%20Juliana%20Ferreira%21%20Tudo%20bem%3F%20Vi%20que%20voc%C3%AA%20tem%20interesse%20em%20Aluguel%20na%20regi%C3%A3o%20de%20Praia%20Grande.%20Quer%20que%20eu%20envie%203%20opç%C3%B5es%20compat%C3%ADveis%20com%20o%20seu%20perfil%3F,2026-07-24,30,104,15:00 - 18:00,Mensagem inicial personalizada para Juliana Ferreira sobre Aluguel em Praia Grande,whatsapp
Vinicius Ribeiro,551184124118,Bertioga,Aluguel,primeiro_contato,"Olá, Vinicius Ribeiro! Tudo bem? Vi que você tem interesse em Aluguel na região de Bertioga. Quer que eu envie 3 opções compatíveis com o seu perfil?",https://wa.me/551184124118?text=Ol%C3%A1%2C%20Vinicius%20Ribeiro%21%20Tudo%20bem%3F%20Vi%20que%20voc%C3%AA%20tem%20interesse%20em%20Aluguel%20na%20regi%C3%A3o%20de%20Bertioga.%20Quer%20que%20eu%20envie%203%20opç%C3%B5es%20compat%C3%ADveis%20com%20o%20seu%20perfil%3F,2026-07-24,30,105,15:00 - 18:00,Mensagem inicial personalizada para Vinicius Ribeiro sobre Aluguel em Bertioga,whatsapp
Daniela Costa,551173375433,Bertioga,Compra,primeiro_contato,"Olá, Daniela Costa! Tudo bem? Vi que você tem interesse em Compra na região de Bertioga. Quer que eu envie 3 opções compatíveis com o seu perfil?",https://wa.me/551173375433?text=Ol%C3%A1%2C%20Daniela%20Costa%21%20Tudo%20bem%3F%20Vi%20que%20voc%C3%AA%20tem%20interesse%20em%20Compra%20na%20regi%C3%A3o%20de%20Bertioga.%20Quer%20que%20eu%20envie%203%20opç%C3%B5es%20compat%C3%ADveis%20com%20o%20seu%20perfil%3F,2026-07-24,30,106,15:00 - 18:00,Mensagem inicial personalizada para Daniela Costa sobre Compra em Bertioga,whatsapp
Nicholas Pereira,551514586850,Bertioga,Aluguel,primeiro_contato,"Olá, Nicholas Pereira! Tudo bem? Vi que você tem interesse em Aluguel na região de Bertioga. Quer que eu envie 3 opções compatíveis com o seu perfil?",https://wa.me/551514586850?text=Ol%C3%A1%2C%20Nicholas%20Pereira%21%20Tudo%20bem%3F%20Vi%20que%20voc%C3%AA%20tem%20interesse%20em%20Aluguel%20na%20regi%C3%A3o%20de%20Bertioga.%20Quer%20que%20eu%20envie%203%20opç%C3%B5es%20compat%C3%ADveis%20com%20o%20seu%20perfil%3F,2026-07-24,30,107,15:00 - 18:00,Mensagem inicial personalizada para Nicholas Pereira sobre Aluguel em Bertioga,whatsapp
Roberto Lima,5511911112222,Santos,Aluguel,reengajamento,"Olá, Roberto Lima! Lembrete rápido: a Litoral Prime Imóveis tem novas opções no litoral de SP. Quer que eu envie as melhores oportunidades desta semana?",https://wa.me/5511911112222?text=Ol%C3%A1%2C%20Roberto%20Lima%21%20Lembrete%20r%C3%A1pido:%20a%20Litoral%20Prime%20Im%C3%B3veis%20tem%20novas%20opç%C3%B5es%20no%20litoral%20de%20SP.%20Quer%20que%20eu%20envie%20as%20melhores%20oportunidades%20desta%20semana%3F,2026-07-24,30,108,15:00 - 18:00,Follow-up leve para Roberto Lima sobre Aluguel,whatsapp
Vinicius Santos,551143321819,Santos,Aluguel,reengajamento,"Olá, Vinicius Santos! Lembrete rápido: a Litoral Prime Imóveis tem novas opções no litoral de SP. Quer que eu envie as melhores oportunidades desta semana?",https://wa.me/551143321819?text=Ol%C3%A1%2C%20Vinicius%20Santos%21%20Lembrete%20r%C3%A1pido:%20a%20Litoral%20Prime%20Im%C3%B3veis%20tem%20novas%20opç%C3%B5es%20no%20litoral%20de%20SP.%20Quer%20que%20eu%20envie%20as%20melhores%20oportunidades%20desta%20semana%3F,2026-07-24,30,109,15:00 - 18:00,Follow-up leve para Vinicius Santos sobre Aluguel,whatsapp
Igor Rocha,551126542351,Santos,Compra,reengajamento,"Olá, Igor Rocha! Lembrete rápido: a Litoral Prime Imóveis tem novas opções no litoral de SP. Quer que eu envie as melhores oportunidades desta semana?",https://wa.me/551126542351?text=Ol%C3%A1%2C%20Igor%20Rocha%21%20Lembrete%20r%C3%A1pido:%20a%20Litoral%20Prime%20Im%C3%B3veis%20tem%20novas%20opç%C3%B5es%20no%20litoral%20de%20SP.%20Quer%20que%20eu%20envie%20as%20melhores%20oportunidades%20desta%20semana%3F,2026-07-24,30,110,15:00 - 18:00,Follow-up leve para Igor Rocha sobre Compra,whatsapp
Mariana Martins,551694078161,Santos,Aluguel,reengajamento,"Olá, Mariana Martins! Lembrete rápido: a Litoral Prime Imóveis tem novas opções no litoral de SP. Quer que eu envie as melhores oportunidades desta semana?",https://wa.me/551694078161?text=Ol%C3%A1%2C%20Mariana%20Martins%21%20Lembrete%20r%C3%A1pido:%20a%20Litoral%20Prime%20Im%C3%B3veis%20tem%20novas%20opç%C3%B5es%20no%20litoral%20de%20SP.%20Quer%20que%20eu%20envie%20as%20melhores%20oportunidades%20desta%20semana%3F,2026-07-24,30,111,15:00 - 18:00,Follow-up leve para Mariana Martins sobre Aluguel,whatsapp
Vinicius Almeida,551693103413,Santos,Aluguel,reengajamento,"Olá, Vinicius Almeida! Lembrete rápido: a Litoral Prime Imóveis tem novas opções no litoral de SP. Quer que eu envie as melhores oportunidades desta semana?",https://wa.me/551693103413?text=Ol%C3%A1%2C%20Vinicius%20Almeida%21%20Lembrete%20r%C3%A1pido:%20a%20Litoral%20Prime%20Im%C3%B3veis%20tem%20novas%20opç%C3%B5es%20no%20litoral%20de%20SP.%20Quer%20que%20eu%20envie%20as%20melhores%20oportunidades%20desta%20semana%3F,2026-07-24,30,112,15:00 - 18:00,Follow-up leve para Vinicius Almeida sobre Aluguel,whatsapp
Nicholas Lima,551852553419,Santos,Aluguel,reengajamento,"Olá, Nicholas Lima! Lembrete rápido: a Litoral Prime Imóveis tem novas opções no litoral de SP. Quer que eu envie as melhores oportunidades desta semana?",https://wa.me/551852553419?text=Ol%C3%A1%2C%20Nicholas%20Lima%21%20Lembrete%20r%C3%A1pido:%20a%20Litoral%20Prime%20Im%C3%B3veis%20tem%20novas%20opç%C3%B5es%20no%20litoral%20de%20SP.%20Quer%20que%20eu%20envie%20as%20melhores%20oportunidades%20desta%20semana%3F,2026-07-24,30,113,15:00 - 18:00,Follow-up leve para Nicholas Lima sobre Aluguel,whatsapp
Sofia Araujo,551427648350,Santos,Compra,reengajamento,"Olá, Sofia Araujo! Lembrete rápido: a Litoral Prime Imóveis tem novas opções no litoral de SP. Quer que eu envie as melhores oportunidades desta semana?",https://wa.me/551427648350?text=Ol%C3%A1%2C%20Sofia%20Araujo%21%20Lembrete%20r%C3%A1pido:%20a%20Litoral%20Prime%20Im%C3%B3veis%20tem%20novas%20opç%C3%B5es%20no%20litoral%20de%20SP.%20Quer%20que%20eu%20envie%20as%20melhores%20oportunidades%20desta%20semana%3F,2026-07-24,30,114,15:00 - 18:00,Follow-up leve para Sofia Araujo sobre Compra,whatsapp
Lucas Costa,551513953767,Santos,Compra,reengajamento,"Olá, Lucas Costa! Lembrete rápido: a Litoral Prime Imóveis tem novas opções no litoral de SP. Quer que eu envie as melhores oportunidades desta semana?",https://wa.me/551513953767?text=Ol%C3%A1%2C%20Lucas%20Costa%21%20Lembrete%20r%C3%A1pido:%20a%20Litoral%20Prime%20Im%C3%B3veis%20tem%20novas%20opç%C3%B5es%20no%20litoral%20de%20SP.%20Quer%20que%20eu%20envie%20as%20melhores%20oportunidades%20desta%20semana%3F,2026-07-24,30,115,15:00 - 18:00,Follow-up leve para Lucas Costa sobre Compra,whatsapp
Helena Araujo,551984969653,Santos,Aluguel,reengajamento,"Olá, Helena Araujo! Lembrete rápido: a Litoral Prime Imóveis tem novas opções no litoral de SP. Quer que eu envie as melhores oportunidades desta semana?",https://wa.me/551984969653?text=Ol%C3%A1%2C%20Helena%20Araujo%21%20Lembrete%20r%C3%A1pido:%20a%20Litoral%20Prime%20Im%C3%B3veis%20tem%20novas%20opç%C3%B5es%20no%20litoral%20de%20SP.%20Quer%20que%20eu%20envie%20as%20melhores%20oportunidades%20desta%20semana%3F,2026-07-24,30,116,15:00 - 18:00,Follow-up leve para Helena Araujo sobre Aluguel,whatsapp
Aline Costa,5513922223333,Guarujá,Compra,reengajamento,"Olá, Aline Costa! Lembrete rápido: a Litoral Prime Imóveis tem novas opções no litoral de SP. Quer que eu envie as melhores oportunidades desta semana?",https://wa.me/5513922223333?text=Ol%C3%A1%2C%20Aline%20Costa%21%20Lembrete%20r%C3%A1pido:%20a%20Litoral%20Prime%20Im%C3%B3veis%20tem%20novas%20opç%C3%B5es%20no%20litoral%20de%20SP.%20Quer%20que%20eu%20envie%20as%20melhores%20oportunidades%20desta%20semana%3F,2026-07-24,30,117,15:00 - 18:00,Follow-up leve para Aline Costa sobre Compra,whatsapp
Eduardo Ribeiro,551810122691,Guarujá,Compra,reengajamento,"Olá, Eduardo Ribeiro! Lembrete rápido: a Litoral Prime Imóveis tem novas opções no litoral de SP. Quer que eu envie as melhores oportunidades desta semana?",https://wa.me/551810122691?text=Ol%C3%A1%2C%20Eduardo%20Ribeiro%21%20Lembrete%20r%C3%A1pido:%20a%20Litoral%20Prime%20Im%C3%B3veis%20tem%20novas%20opç%C3%B5es%20no%20litoral%20de%20SP.%20Quer%20que%20eu%20envie%20as%20melhores%20oportunidades%20desta%20semana%3F,2026-07-24,30,118,15:00 - 18:00,Follow-up leve para Eduardo Ribeiro sobre Compra,whatsapp
Ursula Ferreira,551948018451,Guarujá,Compra,reengajamento,"Olá, Ursula Ferreira! Lembrete rápido: a Litoral Prime Imóveis tem novas opções no litoral de SP. Quer que eu envie as melhores oportunidades desta semana?",https://wa.me/551948018451?text=Ol%C3%A1%2C%20Ursula%20Ferreira%21%20Lembrete%20r%C3%A1pido:%20a%20Litoral%20Prime%20Im%C3%B3veis%20tem%20novas%20opç%C3%B5es%20no%20litoral%20de%20SP.%20Quer%20que%20eu%20envie%20as%20melhores%20oportunidades%20desta%20semana%3F,2026-07-24,30,119,15:00 - 18:00,Follow-up leve para Ursula Ferreira sobre Compra,whatsapp
Fernanda Ferreira,551148281489,Guarujá,Aluguel,reengajamento,"Olá, Fernanda Ferreira! Lembrete rápido: a Litoral Prime Imóveis tem novas opções no litoral de SP. Quer que eu envie as melhores oportunidades desta semana?",https://wa.me/551148281489?text=Ol%C3%A1%2C%20Fernanda%20Ferreira%21%20Lembrete%20r%C3%A1pido:%20a%20Litoral%20Prime%20Im%C3%B3veis%20tem%20novas%20opç%C3%B5es%20no%20litoral%20de%20SP.%20Quer%20que%20eu%20envie%20as%20melhores%20oportunidades%20desta%20semana%3F,2026-07-24,30,120,15:00 - 18:00,Follow-up leve para Fernanda Ferreira sobre Aluguel,whatsapp
Zeca Oliveira,551980957015,Guarujá,Compra,reengajamento,"Olá, Zeca Oliveira! Lembrete rápido: a Litoral Prime Imóveis tem novas opções no litoral de SP. Quer que eu envie as melhores oportunidades desta semana?",https://wa.me/551980957015?text=Ol%C3%A1%2C%20Zeca%20Oliveira%21%20Lembrete%20r%C3%A1pido:%20a%20Litoral%20Prime%20Im%C3%B3veis%20tem%20novas%20opç%C3%B5es%20no%20litoral%20de%20SP.%20Quer%20que%20eu%20envie%20as%20melhores%20oportunidades%20desta%20semana%3F,2026-07-24,30,121,15:00 - 18:00,Follow-up leve para Zeca Oliveira sobre Compra,whatsapp
Juliana Souza,551139117182,Guarujá,Aluguel,reengajamento,"Olá, Juliana Souza! Lembrete rápido: a Litoral Prime Imóveis tem novas opções no litoral de SP. Quer que eu envie as melhores oportunidades desta semana?",https://wa.me/551139117182?text=Ol%C3%A1%2C%20Juliana%20Souza%21%20Lembrete%20r%C3%A1pido:%20a%20Litoral%20Prime%20Im%C3%B3veis%20tem%20novas%20opç%C3%B5es%20no%20litoral%20de%20SP.%20Quer%20que%20eu%20envie%20as%20melhores%20oportunidades%20desta%20semana%3F,2026-07-24,30,122,15:00 - 18:00,Follow-up leve para Juliana Souza sobre Aluguel,whatsapp
Sofia Oliveira,551589638346,Guarujá,Compra,reengajamento,"Olá, Sofia Oliveira! Lembrete rápido: a Litoral Prime Imóveis tem novas opções no litoral de SP. Quer que eu envie as melhores oportunidades desta semana?",https://wa.me/551589638346?text=Ol%C3%A1%2C%20Sofia%20Oliveira%21%20Lembrete%20r%C3%A1pido:%20a%20Litoral%20Prime%20Im%C3%B3veis%20tem%20novas%20opç%C3%B5es%20no%20litoral%20de%20SP.%20Quer%20que%20eu%20envie%20as%20melhores%20oportunidades%20desta%20semana%3F,2026-07-24,30,123,15:00 - 18:00,Follow-up leve para Sofia Oliveira sobre Compra,whatsapp
Vinicius Pereira,551887133150,Guarujá,Compra,reengajamento,"Olá, Vinicius Pereira! Lembrete rápido: a Litoral Prime Imóveis tem novas opções no litoral de SP. Quer que eu envie as melhores oportunidades desta semana?",https://wa.me/551887133150?text=Ol%C3%A1%2C%20Vinicius%20Pereira%21%20Lembrete%20r%C3%A1pido:%20a%20Litoral%20Prime%20Im%C3%B3veis%20tem%20novas%20opç%C3%B5es%20no%20litoral%20de%20SP.%20Quer%20que%20eu%20envie%20as%20melhores%20oportunidades%20desta%20semana%3F,2026-07-24,30,124,15:00 - 18:00,Follow-up leve para Vinicius Pereira sobre Compra,whatsapp
Helena Almeida,551401031051,Guarujá,Compra,reengajamento,"Olá, Helena Almeida! Lembrete rápido: a Litoral Prime Imóveis tem novas opções no litoral de SP. Quer que eu envie as melhores oportunidades desta semana?",https://wa.me/551401031051?text=Ol%C3%A1%2C%20Helena%20Almeida%21%20Lembrete%20r%C3%A1pido:%20a%20Litoral%20Prime%20Im%C3%B3veis%20tem%20novas%20opç%C3%B5es%20no%20litoral%20de%20SP.%20Quer%20que%20eu%20envie%20as%20melhores%20oportunidades%20desta%20semana%3F,2026-07-24,30,125,15:00 - 18:00,Follow-up leve para Helena Almeida sobre Compra,whatsapp
Igor Nunes,551838299737,Guarujá,Compra,reengajamento,"Olá, Igor Nunes! Lembrete rápido: a Litoral Prime Imóveis tem novas opções no litoral de SP. Quer que eu envie as melhores oportunidades desta semana?",https://wa.me/551838299737?text=Ol%C3%A1%2C%20Igor%20Nunes%21%20Lembrete%20r%C3%A1pido:%20a%20Litoral%20Prime%20Im%C3%B3veis%20tem%20novas%20opç%C3%B5es%20no%20litoral%20de%20SP.%20Quer%20que%20eu%20envie%20as%20melhores%20oportunidades%20desta%20semana%3F,2026-07-24,30,126,15:00 - 18:00,Follow-up leve para Igor Nunes sobre Compra,whatsapp
Thiago Rocha,5511933334444,Praia Grande,Aluguel,reengajamento,"Olá, Thiago Rocha! Lembrete rápido: a Litoral Prime Imóveis tem novas opções no litoral de SP. Quer que eu envie as melhores oportunidades desta semana?",https://wa.me/5511933334444?text=Ol%C3%A1%2C%20Thiago%20Rocha%21%20Lembrete%20r%C3%A1pido:%20a%20Litoral%20Prime%20Im%C3%B3veis%20tem%20novas%20opç%C3%B5es%20no%20litoral%20de%20SP.%20Quer%20que%20eu%20envie%20as%20melhores%20oportunidades%20desta%20semana%3F,2026-07-24,30,127,15:00 - 18:00,Follow-up leve para Thiago Rocha sobre Aluguel,whatsapp
Gustavo Santos,551265667010,Praia Grande,Aluguel,reengajamento,"Olá, Gustavo Santos! Lembrete rápido: a Litoral Prime Imóveis tem novas opções no litoral de SP. Quer que eu envie as melhores oportunidades desta semana?",https://wa.me/551265667010?text=Ol%C3%A1%2C%20Gustavo%20Santos%21%20Lembrete%20r%C3%A1pido:%20a%20Litoral%20Prime%20Im%C3%B3veis%20tem%20novas%20opç%C3%B5es%20no%20litoral%20de%20SP.%20Quer%20que%20eu%20envie%20as%20melhores%20oportunidades%20desta%20semana%3F,2026-07-24,30,128,15:00 - 18:00,Follow-up leve para Gustavo Santos sobre Aluguel,whatsapp
Lucas Rocha,551233387262,Praia Grande,Aluguel,reengajamento,"Olá, Lucas Rocha! Lembrete rápido: a Litoral Prime Imóveis tem novas opções no litoral de SP. Quer que eu envie as melhores oportunidades desta semana?",https://wa.me/551233387262?text=Ol%C3%A1%2C%20Lucas%20Rocha%21%20Lembrete%20r%C3%A1pido:%20a%20Litoral%20Prime%20Im%C3%B3veis%20tem%20novas%20opç%C3%B5es%20no%20litoral%20de%20SP.%20Quer%20que%20eu%20envie%20as%20melhores%20oportunidades%20desta%20semana%3F,2026-07-24,30,129,15:00 - 18:00,Follow-up leve para Lucas Rocha sobre Aluguel,whatsapp
Helena Martins,551278108013,Praia Grande,Aluguel,reengajamento,"Olá, Helena Martins! Lembrete rápido: a Litoral Prime Imóveis tem novas opções no litoral de SP. Quer que eu envie as melhores oportunidades desta semana?",https://wa.me/551278108013?text=Ol%C3%A1%2C%20Helena%20Martins%21%20Lembrete%20r%C3%A1pido:%20a%20Litoral%20Prime%20Im%C3%B3veis%20tem%20novas%20opç%C3%B5es%20no%20litoral%20de%20SP.%20Quer%20que%20eu%20envie%20as%20melhores%20oportunidades%20desta%20semana%3F,2026-07-24,30,130,15:00 - 18:00,Follow-up leve para Helena Martins sobre Aluguel,whatsapp
Quésia Souza,551702606474,Praia Grande,Aluguel,reengajamento,"Olá, Quésia Souza! Lembrete rápido: a Litoral Prime Imóveis tem novas opções no litoral de SP. Quer que eu envie as melhores oportunidades desta semana?",https://wa.me/551702606474?text=Ol%C3%A1%2C%20Qu%C3%A9sia%20Souza%21%20Lembrete%20r%C3%A1pido:%20a%20Litoral%20Prime%20Im%C3%B3veis%20tem%20novas%20opç%C3%B5es%20no%20litoral%20de%20SP.%20Quer%20que%20eu%20envie%20as%20melhores%20oportunidades%20desta%20semana%3F,2026-07-24,30,131,15:00 - 18:00,Follow-up leve para Quésia Souza sobre Aluguel,whatsapp
Yasmin Rocha,551972343098,Praia Grande,Aluguel,reengajamento,"Olá, Yasmin Rocha! Lembrete rápido: a Litoral Prime Imóveis tem novas opções no litoral de SP. Quer que eu envie as melhores oportunidades desta semana?",https://wa.me/551972343098?text=Ol%C3%A1%2C%20Yasmin%20Rocha%21%20Lembrete%20r%C3%A1pido:%20a%20Litoral%20Prime%20Im%C3%B3veis%20tem%20novas%20opç%C3%B5es%20no%20litoral%20de%20SP.%20Quer%20que%20eu%20envie%20as%20melhores%20oportunidades%20desta%20semana%3F,2026-07-24,30,132,15:00 - 18:00,Follow-up leve para Yasmin Rocha sobre Aluguel,whatsapp
Bruno Silva,551888208121,Praia Grande,Aluguel,reengajamento,"Olá, Bruno Silva! Lembrete rápido: a Litoral Prime Imóveis tem novas opções no litoral de SP. Quer que eu envie as melhores oportunidades desta semana?",https://wa.me/551888208121?text=Ol%C3%A1%2C%20Bruno%20Silva%21%20Lembrete%20r%C3%A1pido:%20a%20Litoral%20Prime%20Im%C3%B3veis%20tem%20novas%20opç%C3%B5es%20no%20litoral%20de%20SP.%20Quer%20que%20eu%20envie%20as%20melhores%20oportunidades%20desta%20semana%3F,2026-07-24,30,133,15:00 - 18:00,Follow-up leve para Bruno Silva sobre Aluguel,whatsapp
Tiago Almeida,551954353462,Praia Grande,Aluguel,reengajamento,"Olá, Tiago Almeida! Lembrete rápido: a Litoral Prime Imóveis tem novas opções no litoral de SP. Quer que eu envie as melhores oportunidades desta semana?",https://wa.me/551954353462?text=Ol%C3%A1%2C%20Tiago%20Almeida%21%20Lembrete%20r%C3%A1pido:%20a%20Litoral%20Prime%20Im%C3%B3veis%20tem%20novas%20opç%C3%B5es%20no%20litoral%20de%20SP.%20Quer%20que%20eu%20envie%20as%20melhores%20oportunidades%20desta%20semana%3F,2026-07-24,30,134,15:00 - 18:00,Follow-up leve para Tiago Almeida sobre Aluguel,whatsapp
Juliana Ferreira,551610799118,Praia Grande,Aluguel,reengajamento,"Olá, Juliana Ferreira! Lembrete rápido: a Litoral Prime Imóveis tem novas opções no litoral de SP. Quer que eu envie as melhores oportunidades desta semana?",https://wa.me/551610799118?text=Ol%C3%A1%2C%20Juliana%20Ferreira%21%20Lembrete%20r%C3%A1pido:%20a%20Litoral%20Prime%20Im%C3%B3veis%20tem%20novas%20opç%C3%B5es%20no%20litoral%20de%20SP.%20Quer%20que%20eu%20envie%20as%20melhores%20oportunidades%20desta%20semana%3F,2026-07-24,30,135,15:00 - 18:00,Follow-up leve para Juliana Ferreira sobre Aluguel,whatsapp
Vinicius Ribeiro,551184124118,Bertioga,Aluguel,reengajamento,"Olá, Vinicius Ribeiro! Lembrete rápido: a Litoral Prime Imóveis tem novas opções no litoral de SP. Quer que eu envie as melhores oportunidades desta semana?",https://wa.me/551184124118?text=Ol%C3%A1%2C%20Vinicius%20Ribeiro%21%20Lembrete%20r%C3%A1pido:%20a%20Litoral%20Prime%20Im%C3%B3veis%20tem%20novas%20opç%C3%B5es%20no%20litoral%20de%20SP.%20Quer%20que%20eu%20envie%20as%20melhores%20oportunidades%20desta%20semana%3F,2026-07-24,30,136,15:00 - 18:00,Follow-up leve para Vinicius Ribeiro sobre Aluguel,whatsapp
Daniela Costa,551173375433,Bertioga,Compra,reengajamento,"Olá, Daniela Costa! Lembrete rápido: a Litoral Prime Imóveis tem novas opções no litoral de SP. Quer que eu envie as melhores oportunidades desta semana?",https://wa.me/551173375433?text=Ol%C3%A1%2C%20Daniela%20Costa%21%20Lembrete%20r%C3%A1pido:%20a%20Litoral%20Prime%20Im%C3%B3veis%20tem%20novas%20opç%C3%B5es%20no%20litoral%20de%20SP.%20Quer%20que%20eu%20envie%20as%20melhores%20oportunidades%20desta%20semana%3F,2026-07-24,30,137,15:00 - 18:00,Follow-up leve para Daniela Costa sobre Compra,whatsapp
Nicholas Pereira,551514586850,Bertioga,Aluguel,reengajamento,"Olá, Nicholas Pereira! Lembrete rápido: a Litoral Prime Imóveis tem novas opções no litoral de SP. Quer que eu envie as melhores oportunidades desta semana?",https://wa.me/551514586850?text=Ol%C3%A1%2C%20Nicholas%20Pereira%21%20Lembrete%20r%C3%A1pido:%20a%20Litoral%20Prime%20Im%C3%B3veis%20tem%20novas%20opç%C3%B5es%20no%20litoral%20de%20SP.%20Quer%20que%20eu%20envie%20as%20melhores%20oportunidades%20desta%20semana%3F,2026-07-24,30,138,15:00 - 18:00,Follow-up leve para Nicholas Pereira sobre Aluguel,whatsapp
Roberto Lima,5511911112222,Santos,Aluguel,oferta,"{nome}, selecionei {tipo_interesse.lower()}s exclusivos em {cidade_interesse}. Se quiser, envio a pré-seleção agora por aqui.",https://wa.me/5511911112222?text={nome}%2C%20selecionei%20{tipo_interesse.lower()}s%20exclusivos%20em%20{cidade_interesse}.%20Se%20quiser%2C%20envio%20a%20pr%C3%A9-seleç%C3%A3o%20agora%20por%20aqui.,2026-07-24,30,139,15:00 - 18:00,Enviar pré-seleção de Aluguel em Santos e propor visita,whatsapp
Vinicius Santos,551143321819,Santos,Aluguel,oferta,"{nome}, selecionei {tipo_interesse.lower()}s exclusivos em {cidade_interesse}. Se quiser, envio a pré-seleção agora por aqui.",https://wa.me/551143321819?text={nome}%2C%20selecionei%20{tipo_interesse.lower()}s%20exclusivos%20em%20{cidade_interesse}.%20Se%20quiser%2C%20envio%20a%20pr%C3%A9-seleç%C3%A3o%20agora%20por%20aqui.,2026-07-24,30,140,15:00 - 18:00,Enviar pré-seleção de Aluguel em Santos e propor visita,whatsapp
Igor Rocha,551126542351,Santos,Compra,oferta,"{nome}, selecionei {tipo_interesse.lower()}s exclusivos em {cidade_interesse}. Se quiser, envio a pré-seleção agora por aqui.",https://wa.me/551126542351?text={nome}%2C%20selecionei%20{tipo_interesse.lower()}s%20exclusivos%20em%20{cidade_interesse}.%20Se%20quiser%2C%20envio%20a%20pr%C3%A9-seleç%C3%A3o%20agora%20por%20aqui.,2026-07-24,30,141,15:00 - 18:00,Enviar pré-seleção de Compra em Santos e propor visita,whatsapp
Mariana Martins,551694078161,Santos,Aluguel,oferta,"{nome}, selecionei {tipo_interesse.lower()}s exclusivos em {cidade_interesse}. Se quiser, envio a pré-seleção agora por aqui.",https://wa.me/551694078161?text={nome}%2C%20selecionei%20{tipo_interesse.lower()}s%20exclusivos%20em%20{cidade_interesse}.%20Se%20quiser%2C%20envio%20a%20pr%C3%A9-seleç%C3%A3o%20agora%20por%20aqui.,2026-07-24,30,142,15:00 - 18:00,Enviar pré-seleção de Aluguel em Santos e propor visita,whatsapp
Vinicius Almeida,551693103413,Santos,Aluguel,oferta,"{nome}, selecionei {tipo_interesse.lower()}s exclusivos em {cidade_interesse}. Se quiser, envio a pré-seleção agora por aqui.",https://wa.me/551693103413?text={nome}%2C%20selecionei%20{tipo_interesse.lower()}s%20exclusivos%20em%20{cidade_interesse}.%20Se%20quiser%2C%20envio%20a%20pr%C3%A9-seleç%C3%A3o%20agora%20por%20aqui.,2026-07-24,30,143,15:00 - 18:00,Enviar pré-seleção de Aluguel em Santos e propor visita,whatsapp
Nicholas Lima,551852553419,Santos,Aluguel,oferta,"{nome}, selecionei {tipo_interesse.lower()}s exclusivos em {cidade_interesse}. Se quiser, envio a pré-seleção agora por aqui.",https://wa.me/551852553419?text={nome}%2C%20selecionei%20{tipo_interesse.lower()}s%20exclusivos%20em%20{cidade_interesse}.%20Se%20quiser%2C%20envio%20a%20pr%C3%A9-seleç%C3%A3o%20agora%20por%20aqui.,2026-07-24,30,144,15:00 - 18:00,Enviar pré-seleção de Aluguel em Santos e propor visita,whatsapp
Sofia Araujo,551427648350,Santos,Compra,oferta,"{nome}, selecionei {tipo_interesse.lower()}s exclusivos em {cidade_interesse}. Se quiser, envio a pré-seleção agora por aqui.",https://wa.me/551427648350?text={nome}%2C%20selecionei%20{tipo_interesse.lower()}s%20exclusivos%20em%20{cidade_interesse}.%20Se%20quiser%2C%20envio%20a%20pr%C3%A9-seleç%C3%A3o%20agora%20por%20aqui.,2026-07-24,30,145,15:00 - 18:00,Enviar pré-seleção de Compra em Santos e propor visita,whatsapp
Lucas Costa,551513953767,Santos,Compra,oferta,"{nome}, selecionei {tipo_interesse.lower()}s exclusivos em {cidade_interesse}. Se quiser, envio a pré-seleção agora por aqui.",https://wa.me/551513953767?text={nome}%2C%20selecionei%20{tipo_interesse.lower()}s%20exclusivos%20em%20{cidade_interesse}.%20Se%20quiser%2C%20envio%20a%20pr%C3%A9-seleç%C3%A3o%20agora%20por%20aqui.,2026-07-24,30,146,15:00 - 18:00,Enviar pré-seleção de Compra em Santos e propor visita,whatsapp
Helena Araujo,551984969653,Santos,Aluguel,oferta,"{nome}, selecionei {tipo_interesse.lower()}s exclusivos em {cidade_interesse}. Se quiser, envio a pré-seleção agora por aqui.",https://wa.me/551984969653?text={nome}%2C%20selecionei%20{tipo_interesse.lower()}s%20exclusivos%20em%20{cidade_interesse}.%20Se%20quiser%2C%20envio%20a%20pr%C3%A9-seleç%C3%A3o%20agora%20por%20aqui.,2026-07-24,30,147,15:00 - 18:00,Enviar pré-seleção de Aluguel em Santos e propor visita,whatsapp
Aline Costa,5513922223333,Guarujá,Compra,oferta,"{nome}, selecionei {tipo_interesse.lower()}s exclusivos em {cidade_interesse}. Se quiser, envio a pré-seleção agora por aqui.",https://wa.me/5513922223333?text={nome}%2C%20selecionei%20{tipo_interesse.lower()}s%20exclusivos%20em%20{cidade_interesse}.%20Se%20quiser%2C%20envio%20a%20pr%C3%A9-seleç%C3%A3o%20agora%20por%20aqui.,2026-07-24,30,148,15:00 - 18:00,Enviar pré-seleção de Compra em Guarujá e propor visita,whatsapp
Eduardo Ribeiro,551810122691,Guarujá,Compra,oferta,"{nome}, selecionei {tipo_interesse.lower()}s exclusivos em {cidade_interesse}. Se quiser, envio a pré-seleção agora por aqui.",https://wa.me/551810122691?text={nome}%2C%20selecionei%20{tipo_interesse.lower()}s%20exclusivos%20em%20{cidade_interesse}.%20Se%20quiser%2C%20envio%20a%20pr%C3%A9-seleç%C3%A3o%20agora%20por%20aqui.,2026-07-24,30,149,15:00 - 18:00,Enviar pré-seleção de Compra em Guarujá e propor visita,whatsapp
Ursula Ferreira,551948018451,Guarujá,Compra,oferta,"{nome}, selecionei {tipo_interesse.lower()}s exclusivos em {cidade_interesse}. Se quiser, envio a pré-seleção agora por aqui.",https://wa.me/551948018451?text={nome}%2C%20selecionei%20{tipo_interesse.lower()}s%20exclusivos%20em%20{cidade_interesse}.%20Se%20quiser%2C%20envio%20a%20pr%C3%A9-seleç%C3%A3o%20agora%20por%20aqui.,2026-07-24,30,150,15:00 - 18:00,Enviar pré-seleção de Compra em Guarujá e propor visita,whatsapp
Fernanda Ferreira,551148281489,Guarujá,Aluguel,oferta,"{nome}, selecionei {tipo_interesse.lower()}s exclusivos em {cidade_interesse}. Se quiser, envio a pré-seleção agora por aqui.",https://wa.me/551148281489?text={nome}%2C%20selecionei%20{tipo_interesse.lower()}s%20exclusivos%20em%20{cidade_interesse}.%20Se%20quiser%2C%20envio%20a%20pr%C3%A9-seleç%C3%A3o%20agora%20por%20aqui.,2026-07-24,30,151,15:00 - 18:00,Enviar pré-seleção de Aluguel em Guarujá e propor visita,whatsapp
Zeca Oliveira,551980957015,Guarujá,Compra,oferta,"{nome}, selecionei {tipo_interesse.lower()}s exclusivos em {cidade_interesse}. Se quiser, envio a pré-seleção agora por aqui.",https://wa.me/551980957015?text={nome}%2C%20selecionei%20{tipo_interesse.lower()}s%20exclusivos%20em%20{cidade_interesse}.%20Se%20quiser%2C%20envio%20a%20pr%C3%A9-seleç%C3%A3o%20agora%20por%20aqui.,2026-07-24,30,152,15:00 - 18:00,Enviar pré-seleção de Compra em Guarujá e propor visita,whatsapp
Juliana Souza,551139117182,Guarujá,Aluguel,oferta,"{nome}, selecionei {tipo_interesse.lower()}s exclusivos em {cidade_interesse}. Se quiser, envio a pré-seleção agora por aqui.",https://wa.me/551139117182?text={nome}%2C%20selecionei%20{tipo_interesse.lower()}s%20exclusivos%20em%20{cidade_interesse}.%20Se%20quiser%2C%20envio%20a%20pr%C3%A9-seleç%C3%A3o%20agora%20por%20aqui.,2026-07-24,30,153,15:00 - 18:00,Enviar pré-seleção de Aluguel em Guarujá e propor visita,whatsapp
Sofia Oliveira,551589638346,Guarujá,Compra,oferta,"{nome}, selecionei {tipo_interesse.lower()}s exclusivos em {cidade_interesse}. Se quiser, envio a pré-seleção agora por aqui.",https://wa.me/551589638346?text={nome}%2C%20selecionei%20{tipo_interesse.lower()}s%20exclusivos%20em%20{cidade_interesse}.%20Se%20quiser%2C%20envio%20a%20pr%C3%A9-seleç%C3%A3o%20agora%20por%20aqui.,2026-07-24,30,154,15:00 - 18:00,Enviar pré-seleção de Compra em Guarujá e propor visita,whatsapp
Vinicius Pereira,551887133150,Guarujá,Compra,oferta,"{nome}, selecionei {tipo_interesse.lower()}s exclusivos em {cidade_interesse}. Se quiser, envio a pré-seleção agora por aqui.",https://wa.me/551887133150?text={nome}%2C%20selecionei%20{tipo_interesse.lower()}s%20exclusivos%20em%20{cidade_interesse}.%20Se%20quiser%2C%20envio%20a%20pr%C3%A9-seleç%C3%A3o%20agora%20por%20aqui.,2026-07-24,30,155,15:00 - 18:00,Enviar pré-seleção de Compra em Guarujá e propor visita,whatsapp
Helena Almeida,551401031051,Guarujá,Compra,oferta,"{nome}, selecionei {tipo_interesse.lower()}s exclusivos em {cidade_interesse}. Se quiser, envio a pré-seleção agora por aqui.",https://wa.me/551401031051?text={nome}%2C%20selecionei%20{tipo_interesse.lower()}s%20exclusivos%20em%20{cidade_interesse}.%20Se%20quiser%2C%20envio%20a%20pr%C3%A9-seleç%C3%A3o%20agora%20por%20aqui.,2026-07-24,30,156,15:00 - 18:00,Enviar pré-seleção de Compra em Guarujá e propor visita,whatsapp
Igor Nunes,551838299737,Guarujá,Compra,oferta,"{nome}, selecionei {tipo_interesse.lower()}s exclusivos em {cidade_interesse}. Se quiser, envio a pré-seleção agora por aqui.",https://wa.me/551838299737?text={nome}%2C%20selecionei%20{tipo_interesse.lower()}s%20exclusivos%20em%20{cidade_interesse}.%20Se%20quiser%2C%20envio%20a%20pr%C3%A9-seleç%C3%A3o%20agora%20por%20aqui.,2026-07-24,30,157,15:00 - 18:00,Enviar pré-seleção de Compra em Guarujá e propor visita,whatsapp
Thiago Rocha,5511933334444,Praia Grande,Aluguel,oferta,"{nome}, selecionei {tipo_interesse.lower()}s exclusivos em {cidade_interesse}. Se quiser, envio a pré-seleção agora por aqui.",https://wa.me/5511933334444?text={nome}%2C%20selecionei%20{tipo_interesse.lower()}s%20exclusivos%20em%20{cidade_interesse}.%20Se%20quiser%2C%20envio%20a%20pr%C3%A9-seleç%C3%A3o%20agora%20por%20aqui.,2026-07-24,30,158,15:00 - 18:00,Enviar pré-seleção de Aluguel em Praia Grande e propor visita,whatsapp
Gustavo Santos,551265667010,Praia Grande,Aluguel,oferta,"{nome}, selecionei {tipo_interesse.lower()}s exclusivos em {cidade_interesse}. Se quiser, envio a pré-seleção agora por aqui.",https://wa.me/551265667010?text={nome}%2C%20selecionei%20{tipo_interesse.lower()}s%20exclusivos%20em%20{cidade_interesse}.%20Se%20quiser%2C%20envio%20a%20pr%C3%A9-seleç%C3%A3o%20agora%20por%20aqui.,2026-07-24,30,159,15:00 - 18:00,Enviar pré-seleção de Aluguel em Praia Grande e propor visita,whatsapp
Lucas Rocha,551233387262,Praia Grande,Aluguel,oferta,"{nome}, selecionei {tipo_interesse.lower()}s exclusivos em {cidade_interesse}. Se quiser, envio a pré-seleção agora por aqui.",https://wa.me/551233387262?text={nome}%2C%20selecionei%20{tipo_interesse.lower()}s%20exclusivos%20em%20{cidade_interesse}.%20Se%20quiser%2C%20envio%20a%20pr%C3%A9-seleç%C3%A3o%20agora%20por%20aqui.,2026-07-24,30,160,15:00 - 18:00,Enviar pré-seleção de Aluguel em Praia Grande e propor visita,whatsapp
Helena Martins,551278108013,Praia Grande,Aluguel,oferta,"{nome}, selecionei {tipo_interesse.lower()}s exclusivos em {cidade_interesse}. Se quiser, envio a pré-seleção agora por aqui.",https://wa.me/551278108013?text={nome}%2C%20selecionei%20{tipo_interesse.lower()}s%20exclusivos%20em%20{cidade_interesse}.%20Se%20quiser%2C%20envio%20a%20pr%C3%A9-seleç%C3%A3o%20agora%20por%20aqui.,2026-07-24,30,161,15:00 - 18:00,Enviar pré-seleção de Aluguel em Praia Grande e propor visita,whatsapp
Quésia Souza,551702606474,Praia Grande,Aluguel,oferta,"{nome}, selecionei {tipo_interesse.lower()}s exclusivos em {cidade_interesse}. Se quiser, envio a pré-seleção agora por aqui.",https://wa.me/551702606474?text={nome}%2C%20selecionei%20{tipo_interesse.lower()}s%20exclusivos%20em%20{cidade_interesse}.%20Se%20quiser%2C%20envio%20a%20pr%C3%A9-seleç%C3%A3o%20agora%20por%20aqui.,2026-07-24,30,162,15:00 - 18:00,Enviar pré-seleção de Aluguel em Praia Grande e propor visita,whatsapp
Yasmin Rocha,551972343098,Praia Grande,Aluguel,oferta,"{nome}, selecionei {tipo_interesse.lower()}s exclusivos em {cidade_interesse}. Se quiser, envio a pré-seleção agora por aqui.",https://wa.me/551972343098?text={nome}%2C%20selecionei%20{tipo_interesse.lower()}s%20exclusivos%20em%20{cidade_interesse}.%20Se%20quiser%2C%20envio%20a%20pr%C3%A9-seleç%C3%A3o%20agora%20por%20aqui.,2026-07-24,30,163,15:00 - 18:00,Enviar pré-seleção de Aluguel em Praia Grande e propor visita,whatsapp
Bruno Silva,551888208121,Praia Grande,Aluguel,oferta,"{nome}, selecionei {tipo_interesse.lower()}s exclusivos em {cidade_interesse}. Se quiser, envio a pré-seleção agora por aqui.",https://wa.me/551888208121?text={nome}%2C%20selecionei%20{tipo_interesse.lower()}s%20exclusivos%20em%20{cidade_interesse}.%20Se%20quiser%2C%20envio%20a%20pr%C3%A9-seleç%C3%A3o%20agora%20por%20aqui.,2026-07-24,30,164,15:00 - 18:00,Enviar pré-seleção de Aluguel em Praia Grande e propor visita,whatsapp
Tiago Almeida,551954353462,Praia Grande,Aluguel,oferta,"{nome}, selecionei {tipo_interesse.lower()}s exclusivos em {cidade_interesse}. Se quiser, envio a pré-seleção agora por aqui.",https://wa.me/551954353462?text={nome}%2C%20selecionei%20{tipo_interesse.lower()}s%20exclusivos%20em%20{cidade_interesse}.%20Se%20quiser%2C%20envio%20a%20pr%C3%A9-seleç%C3%A3o%20agora%20por%20aqui.,2026-07-24,30,165,15:00 - 18:00,Enviar pré-seleção de Aluguel em Praia Grande e propor visita,whatsapp
Juliana Ferreira,551610799118,Praia Grande,Aluguel,oferta,"{nome}, selecionei {tipo_interesse.lower()}s exclusivos em {cidade_interesse}. Se quiser, envio a pré-seleção agora por aqui.",https://wa.me/551610799118?text={nome}%2C%20selecionei%20{tipo_interesse.lower()}s%20exclusivos%20em%20{cidade_interesse}.%20Se%20quiser%2C%20envio%20a%20pr%C3%A9-seleç%C3%A3o%20agora%20por%20aqui.,2026-07-24,30,166,15:00 - 18:00,Enviar pré-seleção de Aluguel em Praia Grande e propor visita,whatsapp
Vinicius Ribeiro,551184124118,Bertioga,Aluguel,oferta,"{nome}, selecionei {tipo_interesse.lower()}s exclusivos em {cidade_interesse}. Se quiser, envio a pré-seleção agora por aqui.",https://wa.me/551184124118?text={nome}%2C%20selecionei%20{tipo_interesse.lower()}s%20exclusivos%20em%20{cidade_interesse}.%20Se%20quiser%2C%20envio%20a%20pr%C3%A9-seleç%C3%A3o%20agora%20por%20aqui.,2026-07-24,30,167,15:00 - 18:00,Enviar pré-seleção de Aluguel em Bertioga e propor visita,whatsapp
Daniela Costa,551173375433,Bertioga,Compra,oferta,"{nome}, selecionei {tipo_interesse.lower()}s exclusivos em {cidade_interesse}. Se quiser, envio a pré-seleção agora por aqui.",https://wa.me/551173375433?text={nome}%2C%20selecionei%20{tipo_interesse.lower()}s%20exclusivos%20em%20{cidade_interesse}.%20Se%20quiser%2C%20envio%20a%20pr%C3%A9-seleç%C3%A3o%20agora%20por%20aqui.,2026-07-24,30,168,15:00 - 18:00,Enviar pré-seleção de Compra em Bertioga e propor visita,whatsapp
Nicholas Pereira,551514586850,Bertioga,Aluguel,oferta,"{nome}, selecionei {tipo_interesse.lower()}s exclusivos em {cidade_interesse}. Se quiser, envio a pré-seleção agora por aqui.",https://wa.me/551514586850?text={nome}%2C%20selecionei%20{tipo_interesse.lower()}s%20exclusivos%20em%20{cidade_interesse}.%20Se%20quiser%2C%20envio%20a%20pr%C3%A9-seleç%C3%A3o%20agora%20por%20aqui.,2026-07-24,30,169,15:00 - 18:00,Enviar pré-seleção de Aluguel em Bertioga e propor visita,whatsapp
Roberto Lima,5511911112222,Santos,Aluguel,cross-sell,"Roberto Lima, além de Aluguel em Santos, temos Captação Digital, Automação, SEO Local que ajudam a vender/alugar mais rápido. Quer que eu envie detalhes?",https://wa.me/5511911112222?text=Roberto%20Lima%2C%20al%C3%A9m%20de%20Aluguel%20em%20Santos%2C%20temos%20Captaç%C3%A3o%20Digital%2C%20Automaç%C3%A3o%2C%20SEO%20Local%20que%20ajudam%20a%20vender/alugar%20mais%20r%C3%A1pido.%20Quer%20que%20eu%20envie%20detalhes%3F,2026-07-24,30,170,15:00 - 18:00,Oferecer serviço complementar: ,whatsapp
Vinicius Santos,551143321819,Santos,Aluguel,cross-sell,"Vinicius Santos, além de Aluguel em Santos, temos Captação Digital, Automação, SEO Local que ajudam a vender/alugar mais rápido. Quer que eu envie detalhes?",https://wa.me/551143321819?text=Vinicius%20Santos%2C%20al%C3%A9m%20de%20Aluguel%20em%20Santos%2C%20temos%20Captaç%C3%A3o%20Digital%2C%20Automaç%C3%A3o%2C%20SEO%20Local%20que%20ajudam%20a%20vender/alugar%20mais%20r%C3%A1pido.%20Quer%20que%20eu%20envie%20detalhes%3F,2026-07-24,30,171,15:00 - 18:00,Oferecer serviço complementar: ,whatsapp
Igor Rocha,551126542351,Santos,Compra,cross-sell,"Igor Rocha, além de Compra em Santos, temos Avaliação, Descrição com IA, Consultoria Proptech que ajudam a vender/alugar mais rápido. Quer que eu envie detalhes?",https://wa.me/551126542351?text=Igor%20Rocha%2C%20al%C3%A9m%20de%20Compra%20em%20Santos%2C%20temos%20Avaliaç%C3%A3o%2C%20Descriç%C3%A3o%20com%20IA%2C%20Consultoria%20Proptech%20que%20ajudam%20a%20vender/alugar%20mais%20r%C3%A1pido.%20Quer%20que%20eu%20envie%20detalhes%3F,2026-07-24,30,172,15:00 - 18:00,Oferecer serviço complementar: ,whatsapp
Mariana Martins,551694078161,Santos,Aluguel,cross-sell,"Mariana Martins, além de Aluguel em Santos, temos Captação Digital, Automação, SEO Local que ajudam a vender/alugar mais rápido. Quer que eu envie detalhes?",https://wa.me/551694078161?text=Mariana%20Martins%2C%20al%C3%A9m%20de%20Aluguel%20em%20Santos%2C%20temos%20Captaç%C3%A3o%20Digital%2C%20Automaç%C3%A3o%2C%20SEO%20Local%20que%20ajudam%20a%20vender/alugar%20mais%20r%C3%A1pido.%20Quer%20que%20eu%20envie%20detalhes%3F,2026-07-24,30,173,15:00 - 18:00,Oferecer serviço complementar: ,whatsapp
Vinicius Almeida,551693103413,Santos,Aluguel,cross-sell,"Vinicius Almeida, além de Aluguel em Santos, temos Captação Digital, Automação, SEO Local que ajudam a vender/alugar mais rápido. Quer que eu envie detalhes?",https://wa.me/551693103413?text=Vinicius%20Almeida%2C%20al%C3%A9m%20de%20Aluguel%20em%20Santos%2C%20temos%20Captaç%C3%A3o%20Digital%2C%20Automaç%C3%A3o%2C%20SEO%20Local%20que%20ajudam%20a%20vender/alugar%20mais%20r%C3%A1pido.%20Quer%20que%20eu%20envie%20detalhes%3F,2026-07-24,30,174,15:00 - 18:00,Oferecer serviço complementar: ,whatsapp
Nicholas Lima,551852553419,Santos,Aluguel,cross-sell,"Nicholas Lima, além de Aluguel em Santos, temos Captação Digital, Automação, SEO Local que ajudam a vender/alugar mais rápido. Quer que eu envie detalhes?",https://wa.me/551852553419?text=Nicholas%20Lima%2C%20al%C3%A9m%20de%20Aluguel%20em%20Santos%2C%20temos%20Captaç%C3%A3o%20Digital%2C%20Automaç%C3%A3o%2C%20SEO%20Local%20que%20ajudam%20a%20vender/alugar%20mais%20r%C3%A1pido.%20Quer%20que%20eu%20envie%20detalhes%3F,2026-07-24,30,175,15:00 - 18:00,Oferecer serviço complementar: ,whatsapp
Sofia Araujo,551427648350,Santos,Compra,cross-sell,"Sofia Araujo, além de Compra em Santos, temos Avaliação, Descrição com IA, Consultoria Proptech que ajudam a vender/alugar mais rápido. Quer que eu envie detalhes?",https://wa.me/551427648350?text=Sofia%20Araujo%2C%20al%C3%A9m%20de%20Compra%20em%20Santos%2C%20temos%20Avaliaç%C3%A3o%2C%20Descriç%C3%A3o%20com%20IA%2C%20Consultoria%20Proptech%20que%20ajudam%20a%20vender/alugar%20mais%20r%C3%A1pido.%20Quer%20que%20eu%20envie%20detalhes%3F,2026-07-24,30,176,15:00 - 18:00,Oferecer serviço complementar: ,whatsapp
Lucas Costa,551513953767,Santos,Compra,cross-sell,"Lucas Costa, além de Compra em Santos, temos Avaliação, Descrição com IA, Consultoria Proptech que ajudam a vender/alugar mais rápido. Quer que eu envie detalhes?",https://wa.me/551513953767?text=Lucas%20Costa%2C%20al%C3%A9m%20de%20Compra%20em%20Santos%2C%20temos%20Avaliaç%C3%A3o%2C%20Descriç%C3%A3o%20com%20IA%2C%20Consultoria%20Proptech%20que%20ajudam%20a%20vender/alugar%20mais%20r%C3%A1pido.%20Quer%20que%20eu%20envie%20detalhes%3F,2026-07-24,30,177,15:00 - 18:00,Oferecer serviço complementar: ,whatsapp
Helena Araujo,551984969653,Santos,Aluguel,cross-sell,"Helena Araujo, além de Aluguel em Santos, temos Captação Digital, Automação, SEO Local que ajudam a vender/alugar mais rápido. Quer que eu envie detalhes?",https://wa.me/551984969653?text=Helena%20Araujo%2C%20al%C3%A9m%20de%20Aluguel%20em%20Santos%2C%20temos%20Captaç%C3%A3o%20Digital%2C%20Automaç%C3%A3o%2C%20SEO%20Local%20que%20ajudam%20a%20vender/alugar%20mais%20r%C3%A1pido.%20Quer%20que%20eu%20envie%20detalhes%3F,2026-07-24,30,178,15:00 - 18:00,Oferecer serviço complementar: ,whatsapp
Aline Costa,5513922223333,Guarujá,Compra,cross-sell,"Aline Costa, além de Compra em Guarujá, temos Avaliação, Descrição com IA, Consultoria Proptech que ajudam a vender/alugar mais rápido. Quer que eu envie detalhes?",https://wa.me/5513922223333?text=Aline%20Costa%2C%20al%C3%A9m%20de%20Compra%20em%20Guaruj%C3%A1%2C%20temos%20Avaliaç%C3%A3o%2C%20Descriç%C3%A3o%20com%20IA%2C%20Consultoria%20Proptech%20que%20ajudam%20a%20vender/alugar%20mais%20r%C3%A1pido.%20Quer%20que%20eu%20envie%20detalhes%3F,2026-07-24,30,179,15:00 - 18:00,Oferecer serviço complementar: ,whatsapp
Eduardo Ribeiro,551810122691,Guarujá,Compra,cross-sell,"Eduardo Ribeiro, além de Compra em Guarujá, temos Avaliação, Descrição com IA, Consultoria Proptech que ajudam a vender/alugar mais rápido. Quer que eu envie detalhes?",https://wa.me/551810122691?text=Eduardo%20Ribeiro%2C%20al%C3%A9m%20de%20Compra%20em%20Guaruj%C3%A1%2C%20temos%20Avaliaç%C3%A3o%2C%20Descriç%C3%A3o%20com%20IA%2C%20Consultoria%20Proptech%20que%20ajudam%20a%20vender/alugar%20mais%20r%C3%A1pido.%20Quer%20que%20eu%20envie%20detalhes%3F,2026-07-24,30,180,15:00 - 18:00,Oferecer serviço complementar: ,whatsapp
Ursula Ferreira,551948018451,Guarujá,Compra,cross-sell,"Ursula Ferreira, além de Compra em Guarujá, temos Avaliação, Descrição com IA, Consultoria Proptech que ajudam a vender/alugar mais rápido. Quer que eu envie detalhes?",https://wa.me/551948018451?text=Ursula%20Ferreira%2C%20al%C3%A9m%20de%20Compra%20em%20Guaruj%C3%A1%2C%20temos%20Avaliaç%C3%A3o%2C%20Descriç%C3%A3o%20com%20IA%2C%20Consultoria%20Proptech%20que%20ajudam%20a%20vender/alugar%20mais%20r%C3%A1pido.%20Quer%20que%20eu%20envie%20detalhes%3F,2026-07-24,30,181,15:00 - 18:00,Oferecer serviço complementar: ,whatsapp
Fernanda Ferreira,551148281489,Guarujá,Aluguel,cross-sell,"Fernanda Ferreira, além de Aluguel em Guarujá, temos Captação Digital, Automação, SEO Local que ajudam a vender/alugar mais rápido. Quer que eu envie detalhes?",https://wa.me/551148281489?text=Fernanda%20Ferreira%2C%20al%C3%A9m%20de%20Aluguel%20em%20Guaruj%C3%A1%2C%20temos%20Captaç%C3%A3o%20Digital%2C%20Automaç%C3%A3o%2C%20SEO%20Local%20que%20ajudam%20a%20vender/alugar%20mais%20r%C3%A1pido.%20Quer%20que%20eu%20envie%20detalhes%3F,2026-07-24,30,182,15:00 - 18:00,Oferecer serviço complementar: ,whatsapp
Zeca Oliveira,551980957015,Guarujá,Compra,cross-sell,"Zeca Oliveira, além de Compra em Guarujá, temos Avaliação, Descrição com IA, Consultoria Proptech que ajudam a vender/alugar mais rápido. Quer que eu envie detalhes?",https://wa.me/551980957015?text=Zeca%20Oliveira%2C%20al%C3%A9m%20de%20Compra%20em%20Guaruj%C3%A1%2C%20temos%20Avaliaç%C3%A3o%2C%20Descriç%C3%A3o%20com%20IA%2C%20Consultoria%20Proptech%20que%20ajudam%20a%20vender/alugar%20mais%20r%C3%A1pido.%20Quer%20que%20eu%20envie%20detalhes%3F,2026-07-24,30,183,15:00 - 18:00,Oferecer serviço complementar: ,whatsapp
Juliana Souza,551139117182,Guarujá,Aluguel,cross-sell,"Juliana Souza, além de Aluguel em Guarujá, temos Captação Digital, Automação, SEO Local que ajudam a vender/alugar mais rápido. Quer que eu envie detalhes?",https://wa.me/551139117182?text=Juliana%20Souza%2C%20al%C3%A9m%20de%20Aluguel%20em%20Guaruj%C3%A1%2C%20temos%20Captaç%C3%A3o%20Digital%2C%20Automaç%C3%A3o%2C%20SEO%20Local%20que%20ajudam%20a%20vender/alugar%20mais%20r%C3%A1pido.%20Quer%20que%20eu%20envie%20detalhes%3F,2026-07-24,30,184,15:00 - 18:00,Oferecer serviço complementar: ,whatsapp
Sofia Oliveira,551589638346,Guarujá,Compra,cross-sell,"Sofia Oliveira, além de Compra em Guarujá, temos Avaliação, Descrição com IA, Consultoria Proptech que ajudam a vender/alugar mais rápido. Quer que eu envie detalhes?",https://wa.me/551589638346?text=Sofia%20Oliveira%2C%20al%C3%A9m%20de%20Compra%20em%20Guaruj%C3%A1%2C%20temos%20Avaliaç%C3%A3o%2C%20Descriç%C3%A3o%20com%20IA%2C%20Consultoria%20Proptech%20que%20ajudam%20a%20vender/alugar%20mais%20r%C3%A1pido.%20Quer%20que%20eu%20envie%20detalhes%3F,2026-07-24,30,185,15:00 - 18:00,Oferecer serviço complementar: ,whatsapp
Vinicius Pereira,551887133150,Guarujá,Compra,cross-sell,"Vinicius Pereira, além de Compra em Guarujá, temos Avaliação, Descrição com IA, Consultoria Proptech que ajudam a vender/alugar mais rápido. Quer que eu envie detalhes?",https://wa.me/551887133150?text=Vinicius%20Pereira%2C%20al%C3%A9m%20de%20Compra%20em%20Guaruj%C3%A1%2C%20temos%20Avaliaç%C3%A3o%2C%20Descriç%C3%A3o%20com%20IA%2C%20Consultoria%20Proptech%20que%20ajudam%20a%20vender/alugar%20mais%20r%C3%A1pido.%20Quer%20que%20eu%20envie%20detalhes%3F,2026-07-24,30,186,15:00 - 18:00,Oferecer serviço complementar: ,whatsapp
Helena Almeida,551401031051,Guarujá,Compra,cross-sell,"Helena Almeida, além de Compra em Guarujá, temos Avaliação, Descrição com IA, Consultoria Proptech que ajudam a vender/alugar mais rápido. Quer que eu envie detalhes?",https://wa.me/551401031051?text=Helena%20Almeida%2C%20al%C3%A9m%20de%20Compra%20em%20Guaruj%C3%A1%2C%20temos%20Avaliaç%C3%A3o%2C%20Descriç%C3%A3o%20com%20IA%2C%20Consultoria%20Proptech%20que%20ajudam%20a%20vender/alugar%20mais%20r%C3%A1pido.%20Quer%20que%20eu%20envie%20detalhes%3F,2026-07-24,30,187,15:00 - 18:00,Oferecer serviço complementar: ,whatsapp
Igor Nunes,551838299737,Guarujá,Compra,cross-sell,"Igor Nunes, além de Compra em Guarujá, temos Avaliação, Descrição com IA, Consultoria Proptech que ajudam a vender/alugar mais rápido. Quer que eu envie detalhes?",https://wa.me/551838299737?text=Igor%20Nunes%2C%20al%C3%A9m%20de%20Compra%20em%20Guaruj%C3%A1%2C%20temos%20Avaliaç%C3%A3o%2C%20Descriç%C3%A3o%20com%20IA%2C%20Consultoria%20Proptech%20que%20ajudam%20a%20vender/alugar%20mais%20r%C3%A1pido.%20Quer%20que%20eu%20envie%20detalhes%3F,2026-07-24,30,188,15:00 - 18:00,Oferecer serviço complementar: ,whatsapp
Thiago Rocha,5511933334444,Praia Grande,Aluguel,cross-sell,"Thiago Rocha, além de Aluguel em Praia Grande, temos Captação Digital, Automação, SEO Local que ajudam a vender/alugar mais rápido. Quer que eu envie detalhes?",https://wa.me/5511933334444?text=Thiago%20Rocha%2C%20al%C3%A9m%20de%20Aluguel%20em%20Praia%20Grande%2C%20temos%20Captaç%C3%A3o%20Digital%2C%20Automaç%C3%A3o%2C%20SEO%20Local%20que%20ajudam%20a%20vender/alugar%20mais%20r%C3%A1pido.%20Quer%20que%20eu%20envie%20detalhes%3F,2026-07-24,30,189,15:00 - 18:00,Oferecer serviço complementar: ,whatsapp
Gustavo Santos,551265667010,Praia Grande,Aluguel,cross-sell,"Gustavo Santos, além de Aluguel em Praia Grande, temos Captação Digital, Automação, SEO Local que ajudam a vender/alugar mais rápido. Quer que eu envie detalhes?",https://wa.me/551265667010?text=Gustavo%20Santos%2C%20al%C3%A9m%20de%20Aluguel%20em%20Praia%20Grande%2C%20temos%20Captaç%C3%A3o%20Digital%2C%20Automaç%C3%A3o%2C%20SEO%20Local%20que%20ajudam%20a%20vender/alugar%20mais%20r%C3%A1pido.%20Quer%20que%20eu%20envie%20detalhes%3F,2026-07-24,30,190,15:00 - 18:00,Oferecer serviço complementar: ,whatsapp
Lucas Rocha,551233387262,Praia Grande,Aluguel,cross-sell,"Lucas Rocha, além de Aluguel em Praia Grande, temos Captação Digital, Automação, SEO Local que ajudam a vender/alugar mais rápido. Quer que eu envie detalhes?",https://wa.me/551233387262?text=Lucas%20Rocha%2C%20al%C3%A9m%20de%20Aluguel%20em%20Praia%20Grande%2C%20temos%20Captaç%C3%A3o%20Digital%2C%20Automaç%C3%A3o%2C%20SEO%20Local%20que%20ajudam%20a%20vender/alugar%20mais%20r%C3%A1pido.%20Quer%20que%20eu%20envie%20detalhes%3F,2026-07-24,30,191,15:00 - 18:00,Oferecer serviço complementar: ,whatsapp
Helena Martins,551278108013,Praia Grande,Aluguel,cross-sell,"Helena Martins, além de Aluguel em Praia Grande, temos Captação Digital, Automação, SEO Local que ajudam a vender/alugar mais rápido. Quer que eu envie detalhes?",https://wa.me/551278108013?text=Helena%20Martins%2C%20al%C3%A9m%20de%20Aluguel%20em%20Praia%20Grande%2C%20temos%20Captaç%C3%A3o%20Digital%2C%20Automaç%C3%A3o%2C%20SEO%20Local%20que%20ajudam%20a%20vender/alugar%20mais%20r%C3%A1pido.%20Quer%20que%20eu%20envie%20detalhes%3F,2026-07-24,30,192,15:00 - 18:00,Oferecer serviço complementar: ,whatsapp
Quésia Souza,551702606474,Praia Grande,Aluguel,cross-sell,"Quésia Souza, além de Aluguel em Praia Grande, temos Captação Digital, Automação, SEO Local que ajudam a vender/alugar mais rápido. Quer que eu envie detalhes?",https://wa.me/551702606474?text=Qu%C3%A9sia%20Souza%2C%20al%C3%A9m%20de%20Aluguel%20em%20Praia%20Grande%2C%20temos%20Captaç%C3%A3o%20Digital%2C%20Automaç%C3%A3o%2C%20SEO%20Local%20que%20ajudam%20a%20vender/alugar%20mais%20r%C3%A1pido.%20Quer%20que%20eu%20envie%20detalhes%3F,2026-07-24,30,193,15:00 - 18:00,Oferecer serviço complementar: ,whatsapp
Yasmin Rocha,551972343098,Praia Grande,Aluguel,cross-sell,"Yasmin Rocha, além de Aluguel em Praia Grande, temos Captação Digital, Automação, SEO Local que ajudam a vender/alugar mais rápido. Quer que eu envie detalhes?",https://wa.me/551972343098?text=Yasmin%20Rocha%2C%20al%C3%A9m%20de%20Aluguel%20em%20Praia%20Grande%2C%20temos%20Captaç%C3%A3o%20Digital%2C%20Automaç%C3%A3o%2C%20SEO%20Local%20que%20ajudam%20a%20vender/alugar%20mais%20r%C3%A1pido.%20Quer%20que%20eu%20envie%20detalhes%3F,2026-07-24,30,194,15:00 - 18:00,Oferecer serviço complementar: ,whatsapp
Bruno Silva,551888208121,Praia Grande,Aluguel,cross-sell,"Bruno Silva, além de Aluguel em Praia Grande, temos Captação Digital, Automação, SEO Local que ajudam a vender/alugar mais rápido. Quer que eu envie detalhes?",https://wa.me/551888208121?text=Bruno%20Silva%2C%20al%C3%A9m%20de%20Aluguel%20em%20Praia%20Grande%2C%20temos%20Captaç%C3%A3o%20Digital%2C%20Automaç%C3%A3o%2C%20SEO%20Local%20que%20ajudam%20a%20vender/alugar%20mais%20r%C3%A1pido.%20Quer%20que%20eu%20envie%20detalhes%3F,2026-07-24,30,195,15:00 - 18:00,Oferecer serviço complementar: ,whatsapp
Tiago Almeida,551954353462,Praia Grande,Aluguel,cross-sell,"Tiago Almeida, além de Aluguel em Praia Grande, temos Captação Digital, Automação, SEO Local que ajudam a vender/alugar mais rápido. Quer que eu envie detalhes?",https://wa.me/551954353462?text=Tiago%20Almeida%2C%20al%C3%A9m%20de%20Aluguel%20em%20Praia%20Grande%2C%20temos%20Captaç%C3%A3o%20Digital%2C%20Automaç%C3%A3o%2C%20SEO%20Local%20que%20ajudam%20a%20vender/alugar%20mais%20r%C3%A1pido.%20Quer%20que%20eu%20envie%20detalhes%3F,2026-07-24,30,196,15:00 - 18:00,Oferecer serviço complementar: ,whatsapp
Juliana Ferreira,551610799118,Praia Grande,Aluguel,cross-sell,"Juliana Ferreira, além de Aluguel em Praia Grande, temos Captação Digital, Automação, SEO Local que ajudam a vender/alugar mais rápido. Quer que eu envie detalhes?",https://wa.me/551610799118?text=Juliana%20Ferreira%2C%20al%C3%A9m%20de%20Aluguel%20em%20Praia%20Grande%2C%20temos%20Captaç%C3%A3o%20Digital%2C%20Automaç%C3%A3o%2C%20SEO%20Local%20que%20ajudam%20a%20vender/alugar%20mais%20r%C3%A1pido.%20Quer%20que%20eu%20envie%20detalhes%3F,2026-07-24,30,197,15:00 - 18:00,Oferecer serviço complementar: ,whatsapp
Vinicius Ribeiro,551184124118,Bertioga,Aluguel,cross-sell,"Vinicius Ribeiro, além de Aluguel em Bertioga, temos Captação Digital, Automação, SEO Local que ajudam a vender/alugar mais rápido. Quer que eu envie detalhes?",https://wa.me/551184124118?text=Vinicius%20Ribeiro%2C%20al%C3%A9m%20de%20Aluguel%20em%20Bertioga%2C%20temos%20Captaç%C3%A3o%20Digital%2C%20Automaç%C3%A3o%2C%20SEO%20Local%20que%20ajudam%20a%20vender/alugar%20mais%20r%C3%A1pido.%20Quer%20que%20eu%20envie%20detalhes%3F,2026-07-24,30,198,15:00 - 18:00,Oferecer serviço complementar: ,whatsapp
Daniela Costa,551173375433,Bertioga,Compra,cross-sell,"Daniela Costa, além de Compra em Bertioga, temos Avaliação, Descrição com IA, Consultoria Proptech que ajudam a vender/alugar mais rápido. Quer que eu envie detalhes?",https://wa.me/551173375433?text=Daniela%20Costa%2C%20al%C3%A9m%20de%20Compra%20em%20Bertioga%2C%20temos%20Avaliaç%C3%A3o%2C%20Descriç%C3%A3o%20com%20IA%2C%20Consultoria%20Proptech%20que%20ajudam%20a%20vender/alugar%20mais%20r%C3%A1pido.%20Quer%20que%20eu%20envie%20detalhes%3F,2026-07-24,30,199,15:00 - 18:00,Oferecer serviço complementar: ,whatsapp
Nicholas Pereira,551514586850,Bertioga,Aluguel,cross-sell,"Nicholas Pereira, além de Aluguel em Bertioga, temos Captação Digital, Automação, SEO Local que ajudam a vender/alugar mais rápido. Quer que eu envie detalhes?",https://wa.me/551514586850?text=Nicholas%20Pereira%2C%20al%C3%A9m%20de%20Aluguel%20em%20Bertioga%2C%20temos%20Captaç%C3%A3o%20Digital%2C%20Automaç%C3%A3o%2C%20SEO%20Local%20que%20ajudam%20a%20vender/alugar%20mais%20r%C3%A1pido.%20Quer%20que%20eu%20envie%20detalhes%3F,2026-07-24,30,200,15:00 - 18:00,Oferecer serviço complementar: ,whatsapp
Felipe Araujo,5511955556666,Itanhaém,Compra,primeiro_contato,"Olá, Felipe Araujo! Tudo bem? Vi que você tem interesse em Compra na região de Itanhaém. Quer que eu envie 3 opções compatíveis com o seu perfil?",https://wa.me/5511955556666?text=Ol%C3%A1%2C%20Felipe%20Araujo%21%20Tudo%20bem%3F%20Vi%20que%20voc%C3%AA%20tem%20interesse%20em%20Compra%20na%20regi%C3%A3o%20de%20Itanha%C3%A9m.%20Quer%20que%20eu%20envie%203%20opç%C3%B5es%20compat%C3%ADveis%20com%20o%20seu%20perfil%3F,2026-07-24,10,201,15:00 - 18:00,Mensagem inicial personalizada para Felipe Araujo sobre Compra em Itanhaém,whatsapp
Fernanda Almeida,551501965569,Itanhaém,Compra,primeiro_contato,"Olá, Fernanda Almeida! Tudo bem? Vi que você tem interesse em Compra na região de Itanhaém. Quer que eu envie 3 opções compatíveis com o seu perfil?",https://wa.me/551501965569?text=Ol%C3%A1%2C%20Fernanda%20Almeida%21%20Tudo%20bem%3F%20Vi%20que%20voc%C3%AA%20tem%20interesse%20em%20Compra%20na%20regi%C3%A3o%20de%20Itanha%C3%A9m.%20Quer%20que%20eu%20envie%203%20opç%C3%B5es%20compat%C3%ADveis%20com%20o%20seu%20perfil%3F,2026-07-24,10,202,15:00 - 18:00,Mensagem inicial personalizada para Fernanda Almeida sobre Compra em Itanhaém,whatsapp
Daniela Costa,551440608835,Itanhaém,Compra,primeiro_contato,"Olá, Daniela Costa! Tudo bem? Vi que você tem interesse em Compra na região de Itanhaém. Quer que eu envie 3 opções compatíveis com o seu perfil?",https://wa.me/551440608835?text=Ol%C3%A1%2C%20Daniela%20Costa%21%20Tudo%20bem%3F%20Vi%20que%20voc%C3%AA%20tem%20interesse%20em%20Compra%20na%20regi%C3%A3o%20de%20Itanha%C3%A9m.%20Quer%20que%20eu%20envie%203%20opç%C3%B5es%20compat%C3%ADveis%20com%20o%20seu%20perfil%3F,2026-07-24,10,203,15:00 - 18:00,Mensagem inicial personalizada para Daniela Costa sobre Compra em Itanhaém,whatsapp
Wanessa Mendes,551695148465,Itanhaém,Compra,primeiro_contato,"Olá, Wanessa Mendes! Tudo bem? Vi que você tem interesse em Compra na região de Itanhaém. Quer que eu envie 3 opções compatíveis com o seu perfil?",https://wa.me/551695148465?text=Ol%C3%A1%2C%20Wanessa%20Mendes%21%20Tudo%20bem%3F%20Vi%20que%20voc%C3%AA%20tem%20interesse%20em%20Compra%20na%20regi%C3%A3o%20de%20Itanha%C3%A9m.%20Quer%20que%20eu%20envie%203%20opç%C3%B5es%20compat%C3%ADveis%20com%20o%20seu%20perfil%3F,2026-07-24,10,204,15:00 - 18:00,Mensagem inicial personalizada para Wanessa Mendes sobre Compra em Itanhaém,whatsapp
Juliana Ribeiro,551336629946,Itanhaém,Compra,primeiro_contato,"Olá, Juliana Ribeiro! Tudo bem? Vi que você tem interesse em Compra na região de Itanhaém. Quer que eu envie 3 opções compatíveis com o seu perfil?",https://wa.me/551336629946?text=Ol%C3%A1%2C%20Juliana%20Ribeiro%21%20Tudo%20bem%3F%20Vi%20que%20voc%C3%AA%20tem%20interesse%20em%20Compra%20na%20regi%C3%A3o%20de%20Itanha%C3%A9m.%20Quer%20que%20eu%20envie%203%20opç%C3%B5es%20compat%C3%ADveis%20com%20o%20seu%20perfil%3F,2026-07-24,10,205,15:00 - 18:00,Mensagem inicial personalizada para Juliana Ribeiro sobre Compra em Itanhaém,whatsapp
Ana Lima,551536995777,Itanhaém,Compra,primeiro_contato,"Olá, Ana Lima! Tudo bem? Vi que você tem interesse em Compra na região de Itanhaém. Quer que eu envie 3 opções compatíveis com o seu perfil?",https://wa.me/551536995777?text=Ol%C3%A1%2C%20Ana%20Lima%21%20Tudo%20bem%3F%20Vi%20que%20voc%C3%AA%20tem%20interesse%20em%20Compra%20na%20regi%C3%A3o%20de%20Itanha%C3%A9m.%20Quer%20que%20eu%20envie%203%20opç%C3%B5es%20compat%C3%ADveis%20com%20o%20seu%20perfil%3F,2026-07-24,10,206,15:00 - 18:00,Mensagem inicial personalizada para Ana Lima sobre Compra em Itanhaém,whatsapp
Rafael Ferreira,551314895134,Itanhaém,Compra,primeiro_contato,"Olá, Rafael Ferreira! Tudo bem? Vi que você tem interesse em Compra na região de Itanhaém. Quer que eu envie 3 opções compatíveis com o seu perfil?",https://wa.me/551314895134?text=Ol%C3%A1%2C%20Rafael%20Ferreira%21%20Tudo%20bem%3F%20Vi%20que%20voc%C3%AA%20tem%20interesse%20em%20Compra%20na%20regi%C3%A3o%20de%20Itanha%C3%A9m.%20Quer%20que%20eu%20envie%203%20opç%C3%B5es%20compat%C3%ADveis%20com%20o%20seu%20perfil%3F,2026-07-24,10,207,15:00 - 18:00,Mensagem inicial personalizada para Rafael Ferreira sobre Compra em Itanhaém,whatsapp
Eduardo Silva,551137917693,Itanhaém,Compra,primeiro_contato,"Olá, Eduardo Silva! Tudo bem? Vi que você tem interesse em Compra na região de Itanhaém. Quer que eu envie 3 opções compatíveis com o seu perfil?",https://wa.me/551137917693?text=Ol%C3%A1%2C%20Eduardo%20Silva%21%20Tudo%20bem%3F%20Vi%20que%20voc%C3%AA%20tem%20interesse%20em%20Compra%20na%20regi%C3%A3o%20de%20Itanha%C3%A9m.%20Quer%20que%20eu%20envie%203%20opç%C3%B5es%20compat%C3%ADveis%20com%20o%20seu%20perfil%3F,2026-07-24,10,208,15:00 - 18:00,Mensagem inicial personalizada para Eduardo Silva sobre Compra em Itanhaém,whatsapp
Nicholas Ferreira,551732016328,Itanhaém,Compra,primeiro_contato,"Olá, Nicholas Ferreira! Tudo bem? Vi que você tem interesse em Compra na região de Itanhaém. Quer que eu envie 3 opções compatíveis com o seu perfil?",https://wa.me/551732016328?text=Ol%C3%A1%2C%20Nicholas%20Ferreira%21%20Tudo%20bem%3F%20Vi%20que%20voc%C3%AA%20tem%20interesse%20em%20Compra%20na%20regi%C3%A3o%20de%20Itanha%C3%A9m.%20Quer%20que%20eu%20envie%203%20opç%C3%B5es%20compat%C3%ADveis%20com%20o%20seu%20perfil%3F,2026-07-24,10,209,15:00 - 18:00,Mensagem inicial personalizada para Nicholas Ferreira sobre Compra em Itanhaém,whatsapp
Sofia Souza,551272788957,Itanhaém,Compra,primeiro_contato,"Olá, Sofia Souza! Tudo bem? Vi que você tem interesse em Compra na região de Itanhaém. Quer que eu envie 3 opções compatíveis com o seu perfil?",https://wa.me/551272788957?text=Ol%C3%A1%2C%20Sofia%20Souza%21%20Tudo%20bem%3F%20Vi%20que%20voc%C3%AA%20tem%20interesse%20em%20Compra%20na%20regi%C3%A3o%20de%20Itanha%C3%A9m.%20Quer%20que%20eu%20envie%203%20opç%C3%B5es%20compat%C3%ADveis%20com%20o%20seu%20perfil%3F,2026-07-24,10,210,15:00 - 18:00,Mensagem inicial personalizada para Sofia Souza sobre Compra em Itanhaém,whatsapp
Camila Ribeiro,5513966667777,Mongaguá,Aluguel,primeiro_contato,"Olá, Camila Ribeiro! Tudo bem? Vi que você tem interesse em Aluguel na região de Mongaguá. Quer que eu envie 3 opções compatíveis com o seu perfil?",https://wa.me/5513966667777?text=Ol%C3%A1%2C%20Camila%20Ribeiro%21%20Tudo%20bem%3F%20Vi%20que%20voc%C3%AA%20tem%20interesse%20em%20Aluguel%20na%20regi%C3%A3o%20de%20Mongagu%C3%A1.%20Quer%20que%20eu%20envie%203%20opç%C3%B5es%20compat%C3%ADveis%20com%20o%20seu%20perfil%3F,2026-07-24,10,211,15:00 - 18:00,Mensagem inicial personalizada para Camila Ribeiro sobre Aluguel em Mongaguá,whatsapp
Yasmin Mendes,551968727743,Mongaguá,Aluguel,primeiro_contato,"Olá, Yasmin Mendes! Tudo bem? Vi que você tem interesse em Aluguel na região de Mongaguá. Quer que eu envie 3 opções compatíveis com o seu perfil?",https://wa.me/551968727743?text=Ol%C3%A1%2C%20Yasmin%20Mendes%21%20Tudo%20bem%3F%20Vi%20que%20voc%C3%AA%20tem%20interesse%20em%20Aluguel%20na%20regi%C3%A3o%20de%20Mongagu%C3%A1.%20Quer%20que%20eu%20envie%203%20opç%C3%B5es%20compat%C3%ADveis%20com%20o%20seu%20perfil%3F,2026-07-24,10,212,15:00 - 18:00,Mensagem inicial personalizada para Yasmin Mendes sobre Aluguel em Mongaguá,whatsapp
Igor Rocha,551973471434,Mongaguá,Aluguel,primeiro_contato,"Olá, Igor Rocha! Tudo bem? Vi que você tem interesse em Aluguel na região de Mongaguá. Quer que eu envie 3 opções compatíveis com o seu perfil?",https://wa.me/551973471434?text=Ol%C3%A1%2C%20Igor%20Rocha%21%20Tudo%20bem%3F%20Vi%20que%20voc%C3%AA%20tem%20interesse%20em%20Aluguel%20na%20regi%C3%A3o%20de%20Mongagu%C3%A1.%20Quer%20que%20eu%20envie%203%20opç%C3%B5es%20compat%C3%ADveis%20com%20o%20seu%20perfil%3F,2026-07-24,10,213,15:00 - 18:00,Mensagem inicial personalizada para Igor Rocha sobre Aluguel em Mongaguá,whatsapp
Sofia Santos,551323623166,Mongaguá,Aluguel,primeiro_contato,"Olá, Sofia Santos! Tudo bem? Vi que você tem interesse em Aluguel na região de Mongaguá. Quer que eu envie 3 opções compatíveis com o seu perfil?",https://wa.me/551323623166?text=Ol%C3%A1%2C%20Sofia%20Santos%21%20Tudo%20bem%3F%20Vi%20que%20voc%C3%AA%20tem%20interesse%20em%20Aluguel%20na%20regi%C3%A3o%20de%20Mongagu%C3%A1.%20Quer%20que%20eu%20envie%203%20opç%C3%B5es%20compat%C3%ADveis%20com%20o%20seu%20perfil%3F,2026-07-24,10,214,15:00 - 18:00,Mensagem inicial personalizada para Sofia Santos sobre Aluguel em Mongaguá,whatsapp
Pedro Costa,551136690967,Mongaguá,Aluguel,primeiro_contato,"Olá, Pedro Costa! Tudo bem? Vi que você tem interesse em Aluguel na região de Mongaguá. Quer que eu envie 3 opções compatíveis com o seu perfil?",https://wa.me/551136690967?text=Ol%C3%A1%2C%20Pedro%20Costa%21%20Tudo%20bem%3F%20Vi%20que%20voc%C3%AA%20tem%20interesse%20em%20Aluguel%20na%20regi%C3%A3o%20de%20Mongagu%C3%A1.%20Quer%20que%20eu%20envie%203%20opç%C3%B5es%20compat%C3%ADveis%20com%20o%20seu%20perfil%3F,2026-07-24,10,215,15:00 - 18:00,Mensagem inicial personalizada para Pedro Costa sobre Aluguel em Mongaguá,whatsapp
Juliana Rocha,551768893734,Mongaguá,Aluguel,primeiro_contato,"Olá, Juliana Rocha! Tudo bem? Vi que você tem interesse em Aluguel na região de Mongaguá. Quer que eu envie 3 opções compatíveis com o seu perfil?",https://wa.me/551768893734?text=Ol%C3%A1%2C%20Juliana%20Rocha%21%20Tudo%20bem%3F%20Vi%20que%20voc%C3%AA%20tem%20interesse%20em%20Aluguel%20na%20regi%C3%A3o%20de%20Mongagu%C3%A1.%20Quer%20que%20eu%20envie%203%20opç%C3%B5es%20compat%C3%ADveis%20com%20o%20seu%20perfil%3F,2026-07-24,10,216,15:00 - 18:00,Mensagem inicial personalizada para Juliana Rocha sobre Aluguel em Mongaguá,whatsapp
Ana Costa,551662729806,Mongaguá,Aluguel,primeiro_contato,"Olá, Ana Costa! Tudo bem? Vi que você tem interesse em Aluguel na região de Mongaguá. Quer que eu envie 3 opções compatíveis com o seu perfil?",https://wa.me/551662729806?text=Ol%C3%A1%2C%20Ana%20Costa%21%20Tudo%20bem%3F%20Vi%20que%20voc%C3%AA%20tem%20interesse%20em%20Aluguel%20na%20regi%C3%A3o%20de%20Mongagu%C3%A1.%20Quer%20que%20eu%20envie%203%20opç%C3%B5es%20compat%C3%ADveis%20com%20o%20seu%20perfil%3F,2026-07-24,10,217,15:00 - 18:00,Mensagem inicial personalizada para Ana Costa sobre Aluguel em Mongaguá,whatsapp
Wanessa Silva,551262720465,Mongaguá,Aluguel,primeiro_contato,"Olá, Wanessa Silva! Tudo bem? Vi que você tem interesse em Aluguel na região de Mongaguá. Quer que eu envie 3 opções compatíveis com o seu perfil?",https://wa.me/551262720465?text=Ol%C3%A1%2C%20Wanessa%20Silva%21%20Tudo%20bem%3F%20Vi%20que%20voc%C3%AA%20tem%20interesse%20em%20Aluguel%20na%20regi%C3%A3o%20de%20Mongagu%C3%A1.%20Quer%20que%20eu%20envie%203%20opç%C3%B5es%20compat%C3%ADveis%20com%20o%20seu%20perfil%3F,2026-07-24,10,218,15:00 - 18:00,Mensagem inicial personalizada para Wanessa Silva sobre Aluguel em Mongaguá,whatsapp
Lucas Rocha,551746417080,Mongaguá,Aluguel,primeiro_contato,"Olá, Lucas Rocha! Tudo bem? Vi que você tem interesse em Aluguel na região de Mongaguá. Quer que eu envie 3 opções compatíveis com o seu perfil?",https://wa.me/551746417080?text=Ol%C3%A1%2C%20Lucas%20Rocha%21%20Tudo%20bem%3F%20Vi%20que%20voc%C3%AA%20tem%20interesse%20em%20Aluguel%20na%20regi%C3%A3o%20de%20Mongagu%C3%A1.%20Quer%20que%20eu%20envie%203%20opç%C3%B5es%20compat%C3%ADveis%20com%20o%20seu%20perfil%3F,2026-07-24,10,219,15:00 - 18:00,Mensagem inicial personalizada para Lucas Rocha sobre Aluguel em Mongaguá,whatsapp
Daniela Almeida,551149663193,São Vicente,Aluguel,primeiro_contato,"Olá, Daniela Almeida! Tudo bem? Vi que você tem interesse em Aluguel na região de São Vicente. Quer que eu envie 3 opções compatíveis com o seu perfil?",https://wa.me/551149663193?text=Ol%C3%A1%2C%20Daniela%20Almeida%21%20Tudo%20bem%3F%20Vi%20que%20voc%C3%AA%20tem%20interesse%20em%20Aluguel%20na%20regi%C3%A3o%20de%20S%C3%A3o%20Vicente.%20Quer%20que%20eu%20envie%203%20opç%C3%B5es%20compat%C3%ADveis%20com%20o%20seu%20perfil%3F,2026-07-24,10,220,15:00 - 18:00,Mensagem inicial personalizada para Daniela Almeida sobre Aluguel em São Vicente,whatsapp
Juliana Martins,5513988889999,Peruíbe,Compra,primeiro_contato,"Olá, Juliana Martins! Tudo bem? Vi que você tem interesse em Compra na região de Peruíbe. Quer que eu envie 3 opções compatíveis com o seu perfil?",https://wa.me/5513988889999?text=Ol%C3%A1%2C%20Juliana%20Martins%21%20Tudo%20bem%3F%20Vi%20que%20voc%C3%AA%20tem%20interesse%20em%20Compra%20na%20regi%C3%A3o%20de%20Peru%C3%ADbe.%20Quer%20que%20eu%20envie%203%20opç%C3%B5es%20compat%C3%ADveis%20com%20o%20seu%20perfil%3F,2026-07-24,10,221,15:00 - 18:00,Mensagem inicial personalizada para Juliana Martins sobre Compra em Peruíbe,whatsapp
Igor Lima,551531351823,Peruíbe,Aluguel,primeiro_contato,"Olá, Igor Lima! Tudo bem? Vi que você tem interesse em Aluguel na região de Peruíbe. Quer que eu envie 3 opções compatíveis com o seu perfil?",https://wa.me/551531351823?text=Ol%C3%A1%2C%20Igor%20Lima%21%20Tudo%20bem%3F%20Vi%20que%20voc%C3%AA%20tem%20interesse%20em%20Aluguel%20na%20regi%C3%A3o%20de%20Peru%C3%ADbe.%20Quer%20que%20eu%20envie%203%20opç%C3%B5es%20compat%C3%ADveis%20com%20o%20seu%20perfil%3F,2026-07-24,10,222,15:00 - 18:00,Mensagem inicial personalizada para Igor Lima sobre Aluguel em Peruíbe,whatsapp
Igor Araujo,551994134352,Peruíbe,Compra,primeiro_contato,"Olá, Igor Araujo! Tudo bem? Vi que você tem interesse em Compra na região de Peruíbe. Quer que eu envie 3 opções compatíveis com o seu perfil?",https://wa.me/551994134352?text=Ol%C3%A1%2C%20Igor%20Araujo%21%20Tudo%20bem%3F%20Vi%20que%20voc%C3%AA%20tem%20interesse%20em%20Compra%20na%20regi%C3%A3o%20de%20Peru%C3%ADbe.%20Quer%20que%20eu%20envie%203%20opç%C3%B5es%20compat%C3%ADveis%20com%20o%20seu%20perfil%3F,2026-07-24,10,223,15:00 - 18:00,Mensagem inicial personalizada para Igor Araujo sobre Compra em Peruíbe,whatsapp
Xavier Ribeiro,551340084271,Peruíbe,Compra,primeiro_contato,"Olá, Xavier Ribeiro! Tudo bem? Vi que você tem interesse em Compra na região de Peruíbe. Quer que eu envie 3 opções compatíveis com o seu perfil?",https://wa.me/551340084271?text=Ol%C3%A1%2C%20Xavier%20Ribeiro%21%20Tudo%20bem%3F%20Vi%20que%20voc%C3%AA%20tem%20interesse%20em%20Compra%20na%20regi%C3%A3o%20de%20Peru%C3%ADbe.%20Quer%20que%20eu%20envie%203%20opç%C3%B5es%20compat%C3%ADveis%20com%20o%20seu%20perfil%3F,2026-07-24,10,224,15:00 - 18:00,Mensagem inicial personalizada para Xavier Ribeiro sobre Compra em Peruíbe,whatsapp
Tiago Lima,551877520471,Peruíbe,Compra,primeiro_contato,"Olá, Tiago Lima! Tudo bem? Vi que você tem interesse em Compra na região de Peruíbe. Quer que eu envie 3 opções compatíveis com o seu perfil?",https://wa.me/551877520471?text=Ol%C3%A1%2C%20Tiago%20Lima%21%20Tudo%20bem%3F%20Vi%20que%20voc%C3%AA%20tem%20interesse%20em%20Compra%20na%20regi%C3%A3o%20de%20Peru%C3%ADbe.%20Quer%20que%20eu%20envie%203%20opç%C3%B5es%20compat%C3%ADveis%20com%20o%20seu%20perfil%3F,2026-07-24,10,225,15:00 - 18:00,Mensagem inicial personalizada para Tiago Lima sobre Compra em Peruíbe,whatsapp
Nicholas Ferreira,551290229413,Peruíbe,Aluguel,primeiro_contato,"Olá, Nicholas Ferreira! Tudo bem? Vi que você tem interesse em Aluguel na região de Peruíbe. Quer que eu envie 3 opções compatíveis com o seu perfil?",https://wa.me/551290229413?text=Ol%C3%A1%2C%20Nicholas%20Ferreira%21%20Tudo%20bem%3F%20Vi%20que%20voc%C3%AA%20tem%20interesse%20em%20Aluguel%20na%20regi%C3%A3o%20de%20Peru%C3%ADbe.%20Quer%20que%20eu%20envie%203%20opç%C3%B5es%20compat%C3%ADveis%20com%20o%20seu%20perfil%3F,2026-07-24,10,226,15:00 - 18:00,Mensagem inicial personalizada para Nicholas Ferreira sobre Aluguel em Peruíbe,whatsapp
Ursula Almeida,551486774964,Peruíbe,Compra,primeiro_contato,"Olá, Ursula Almeida! Tudo bem? Vi que você tem interesse em Compra na região de Peruíbe. Quer que eu envie 3 opções compatíveis com o seu perfil?",https://wa.me/551486774964?text=Ol%C3%A1%2C%20Ursula%20Almeida%21%20Tudo%20bem%3F%20Vi%20que%20voc%C3%AA%20tem%20interesse%20em%20Compra%20na%20regi%C3%A3o%20de%20Peru%C3%ADbe.%20Quer%20que%20eu%20envie%203%20opç%C3%B5es%20compat%C3%ADveis%20com%20o%20seu%20perfil%3F,2026-07-24,10,227,15:00 - 18:00,Mensagem inicial personalizada para Ursula Almeida sobre Compra em Peruíbe,whatsapp
Bruno Almeida,551233412328,Peruíbe,Compra,primeiro_contato,"Olá, Bruno Almeida! Tudo bem? Vi que você tem interesse em Compra na região de Peruíbe. Quer que eu envie 3 opções compatíveis com o seu perfil?",https://wa.me/551233412328?text=Ol%C3%A1%2C%20Bruno%20Almeida%21%20Tudo%20bem%3F%20Vi%20que%20voc%C3%AA%20tem%20interesse%20em%20Compra%20na%20regi%C3%A3o%20de%20Peru%C3%ADbe.%20Quer%20que%20eu%20envie%203%20opç%C3%B5es%20compat%C3%ADveis%20com%20o%20seu%20perfil%3F,2026-07-24,10,228,15:00 - 18:00,Mensagem inicial personalizada para Bruno Almeida sobre Compra em Peruíbe,whatsapp
Olivia Ferreira,551840344713,Peruíbe,Compra,primeiro_contato,"Olá, Olivia Ferreira! Tudo bem? Vi que você tem interesse em Compra na região de Peruíbe. Quer que eu envie 3 opções compatíveis com o seu perfil?",https://wa.me/551840344713?text=Ol%C3%A1%2C%20Olivia%20Ferreira%21%20Tudo%20bem%3F%20Vi%20que%20voc%C3%AA%20tem%20interesse%20em%20Compra%20na%20regi%C3%A3o%20de%20Peru%C3%ADbe.%20Quer%20que%20eu%20envie%203%20opç%C3%B5es%20compat%C3%ADveis%20com%20o%20seu%20perfil%3F,2026-07-24,10,229,15:00 - 18:00,Mensagem inicial personalizada para Olivia Ferreira sobre Compra em Peruíbe,whatsapp
Vinicius Almeida,551461832421,Peruíbe,Aluguel,primeiro_contato,"Olá, Vinicius Almeida! Tudo bem? Vi que você tem interesse em Aluguel na região de Peruíbe. Quer que eu envie 3 opções compatíveis com o seu perfil?",https://wa.me/551461832421?text=Ol%C3%A1%2C%20Vinicius%20Almeida%21%20Tudo%20bem%3F%20Vi%20que%20voc%C3%AA%20tem%20interesse%20em%20Aluguel%20na%20regi%C3%A3o%20de%20Peru%C3%ADbe.%20Quer%20que%20eu%20envie%203%20opç%C3%B5es%20compat%C3%ADveis%20com%20o%20seu%20perfil%3F,2026-07-24,10,230,15:00 - 18:00,Mensagem inicial personalizada para Vinicius Almeida sobre Aluguel em Peruíbe,whatsapp
Felipe Araujo,5511955556666,Itanhaém,Compra,reengajamento,"Olá, Felipe Araujo! Lembrete rápido: a Litoral Prime Imóveis tem novas opções no litoral de SP. Quer que eu envie as melhores oportunidades desta semana?",https://wa.me/5511955556666?text=Ol%C3%A1%2C%20Felipe%20Araujo%21%20Lembrete%20r%C3%A1pido:%20a%20Litoral%20Prime%20Im%C3%B3veis%20tem%20novas%20opç%C3%B5es%20no%20litoral%20de%20SP.%20Quer%20que%20eu%20envie%20as%20melhores%20oportunidades%20desta%20semana%3F,2026-07-24,10,231,15:00 - 18:00,Follow-up leve para Felipe Araujo sobre Compra,whatsapp
Fernanda Almeida,551501965569,Itanhaém,Compra,reengajamento,"Olá, Fernanda Almeida! Lembrete rápido: a Litoral Prime Imóveis tem novas opções no litoral de SP. Quer que eu envie as melhores oportunidades desta semana?",https://wa.me/551501965569?text=Ol%C3%A1%2C%20Fernanda%20Almeida%21%20Lembrete%20r%C3%A1pido:%20a%20Litoral%20Prime%20Im%C3%B3veis%20tem%20novas%20opç%C3%B5es%20no%20litoral%20de%20SP.%20Quer%20que%20eu%20envie%20as%20melhores%20oportunidades%20desta%20semana%3F,2026-07-24,10,232,15:00 - 18:00,Follow-up leve para Fernanda Almeida sobre Compra,whatsapp
Daniela Costa,551440608835,Itanhaém,Compra,reengajamento,"Olá, Daniela Costa! Lembrete rápido: a Litoral Prime Imóveis tem novas opções no litoral de SP. Quer que eu envie as melhores oportunidades desta semana?",https://wa.me/551440608835?text=Ol%C3%A1%2C%20Daniela%20Costa%21%20Lembrete%20r%C3%A1pido:%20a%20Litoral%20Prime%20Im%C3%B3veis%20tem%20novas%20opç%C3%B5es%20no%20litoral%20de%20SP.%20Quer%20que%20eu%20envie%20as%20melhores%20oportunidades%20desta%20semana%3F,2026-07-24,10,233,15:00 - 18:00,Follow-up leve para Daniela Costa sobre Compra,whatsapp
Wanessa Mendes,551695148465,Itanhaém,Compra,reengajamento,"Olá, Wanessa Mendes! Lembrete rápido: a Litoral Prime Imóveis tem novas opções no litoral de SP. Quer que eu envie as melhores oportunidades desta semana?",https://wa.me/551695148465?text=Ol%C3%A1%2C%20Wanessa%20Mendes%21%20Lembrete%20r%C3%A1pido:%20a%20Litoral%20Prime%20Im%C3%B3veis%20tem%20novas%20opç%C3%B5es%20no%20litoral%20de%20SP.%20Quer%20que%20eu%20envie%20as%20melhores%20oportunidades%20desta%20semana%3F,2026-07-24,10,234,15:00 - 18:00,Follow-up leve para Wanessa Mendes sobre Compra,whatsapp
Juliana Ribeiro,551336629946,Itanhaém,Compra,reengajamento,"Olá, Juliana Ribeiro! Lembrete rápido: a Litoral Prime Imóveis tem novas opções no litoral de SP. Quer que eu envie as melhores oportunidades desta semana?",https://wa.me/551336629946?text=Ol%C3%A1%2C%20Juliana%20Ribeiro%21%20Lembrete%20r%C3%A1pido:%20a%20Litoral%20Prime%20Im%C3%B3veis%20tem%20novas%20opç%C3%B5es%20no%20litoral%20de%20SP.%20Quer%20que%20eu%20envie%20as%20melhores%20oportunidades%20desta%20semana%3F,2026-07-24,10,235,15:00 - 18:00,Follow-up leve para Juliana Ribeiro sobre Compra,whatsapp
Ana Lima,551536995777,Itanhaém,Compra,reengajamento,"Olá, Ana Lima! Lembrete rápido: a Litoral Prime Imóveis tem novas opções no litoral de SP. Quer que eu envie as melhores oportunidades desta semana?",https://wa.me/551536995777?text=Ol%C3%A1%2C%20Ana%20Lima%21%20Lembrete%20r%C3%A1pido:%20a%20Litoral%20Prime%20Im%C3%B3veis%20tem%20novas%20opç%C3%B5es%20no%20litoral%20de%20SP.%20Quer%20que%20eu%20envie%20as%20melhores%20oportunidades%20desta%20semana%3F,2026-07-24,10,236,15:00 - 18:00,Follow-up leve para Ana Lima sobre Compra,whatsapp
Rafael Ferreira,551314895134,Itanhaém,Compra,reengajamento,"Olá, Rafael Ferreira! Lembrete rápido: a Litoral Prime Imóveis tem novas opções no litoral de SP. Quer que eu envie as melhores oportunidades desta semana?",https://wa.me/551314895134?text=Ol%C3%A1%2C%20Rafael%20Ferreira%21%20Lembrete%20r%C3%A1pido:%20a%20Litoral%20Prime%20Im%C3%B3veis%20tem%20novas%20opç%C3%B5es%20no%20litoral%20de%20SP.%20Quer%20que%20eu%20envie%20as%20melhores%20oportunidades%20desta%20semana%3F,2026-07-24,10,237,15:00 - 18:00,Follow-up leve para Rafael Ferreira sobre Compra,whatsapp
Eduardo Silva,551137917693,Itanhaém,Compra,reengajamento,"Olá, Eduardo Silva! Lembrete rápido: a Litoral Prime Imóveis tem novas opções no litoral de SP. Quer que eu envie as melhores oportunidades desta semana?",https://wa.me/551137917693?text=Ol%C3%A1%2C%20Eduardo%20Silva%21%20Lembrete%20r%C3%A1pido:%20a%20Litoral%20Prime%20Im%C3%B3veis%20tem%20novas%20opç%C3%B5es%20no%20litoral%20de%20SP.%20Quer%20que%20eu%20envie%20as%20melhores%20oportunidades%20desta%20semana%3F,2026-07-24,10,238,15:00 - 18:00,Follow-up leve para Eduardo Silva sobre Compra,whatsapp
Nicholas Ferreira,551732016328,Itanhaém,Compra,reengajamento,"Olá, Nicholas Ferreira! Lembrete rápido: a Litoral Prime Imóveis tem novas opções no litoral de SP. Quer que eu envie as melhores oportunidades desta semana?",https://wa.me/551732016328?text=Ol%C3%A1%2C%20Nicholas%20Ferreira%21%20Lembrete%20r%C3%A1pido:%20a%20Litoral%20Prime%20Im%C3%B3veis%20tem%20novas%20opç%C3%B5es%20no%20litoral%20de%20SP.%20Quer%20que%20eu%20envie%20as%20melhores%20oportunidades%20desta%20semana%3F,2026-07-24,10,239,15:00 - 18:00,Follow-up leve para Nicholas Ferreira sobre Compra,whatsapp
Sofia Souza,551272788957,Itanhaém,Compra,reengajamento,"Olá, Sofia Souza! Lembrete rápido: a Litoral Prime Imóveis tem novas opções no litoral de SP. Quer que eu envie as melhores oportunidades desta semana?",https://wa.me/551272788957?text=Ol%C3%A1%2C%20Sofia%20Souza%21%20Lembrete%20r%C3%A1pido:%20a%20Litoral%20Prime%20Im%C3%B3veis%20tem%20novas%20opç%C3%B5es%20no%20litoral%20de%20SP.%20Quer%20que%20eu%20envie%20as%20melhores%20oportunidades%20desta%20semana%3F,2026-07-24,10,240,15:00 - 18:00,Follow-up leve para Sofia Souza sobre Compra,whatsapp
Camila Ribeiro,5513966667777,Mongaguá,Aluguel,reengajamento,"Olá, Camila Ribeiro! Lembrete rápido: a Litoral Prime Imóveis tem novas opções no litoral de SP. Quer que eu envie as melhores oportunidades desta semana?",https://wa.me/5513966667777?text=Ol%C3%A1%2C%20Camila%20Ribeiro%21%20Lembrete%20r%C3%A1pido:%20a%20Litoral%20Prime%20Im%C3%B3veis%20tem%20novas%20opç%C3%B5es%20no%20litoral%20de%20SP.%20Quer%20que%20eu%20envie%20as%20melhores%20oportunidades%20desta%20semana%3F,2026-07-24,10,241,15:00 - 18:00,Follow-up leve para Camila Ribeiro sobre Aluguel,whatsapp
Yasmin Mendes,551968727743,Mongaguá,Aluguel,reengajamento,"Olá, Yasmin Mendes! Lembrete rápido: a Litoral Prime Imóveis tem novas opções no litoral de SP. Quer que eu envie as melhores oportunidades desta semana?",https://wa.me/551968727743?text=Ol%C3%A1%2C%20Yasmin%20Mendes%21%20Lembrete%20r%C3%A1pido:%20a%20Litoral%20Prime%20Im%C3%B3veis%20tem%20novas%20opç%C3%B5es%20no%20litoral%20de%20SP.%20Quer%20que%20eu%20envie%20as%20melhores%20oportunidades%20desta%20semana%3F,2026-07-24,10,242,15:00 - 18:00,Follow-up leve para Yasmin Mendes sobre Aluguel,whatsapp
Igor Rocha,551973471434,Mongaguá,Aluguel,reengajamento,"Olá, Igor Rocha! Lembrete rápido: a Litoral Prime Imóveis tem novas opções no litoral de SP. Quer que eu envie as melhores oportunidades desta semana?",https://wa.me/551973471434?text=Ol%C3%A1%2C%20Igor%20Rocha%21%20Lembrete%20r%C3%A1pido:%20a%20Litoral%20Prime%20Im%C3%B3veis%20tem%20novas%20opç%C3%B5es%20no%20litoral%20de%20SP.%20Quer%20que%20eu%20envie%20as%20melhores%20oportunidades%20desta%20semana%3F,2026-07-24,10,243,15:00 - 18:00,Follow-up leve para Igor Rocha sobre Aluguel,whatsapp
Sofia Santos,551323623166,Mongaguá,Aluguel,reengajamento,"Olá, Sofia Santos! Lembrete rápido: a Litoral Prime Imóveis tem novas opções no litoral de SP. Quer que eu envie as melhores oportunidades desta semana?",https://wa.me/551323623166?text=Ol%C3%A1%2C%20Sofia%20Santos%21%20Lembrete%20r%C3%A1pido:%20a%20Litoral%20Prime%20Im%C3%B3veis%20tem%20novas%20opç%C3%B5es%20no%20litoral%20de%20SP.%20Quer%20que%20eu%20envie%20as%20melhores%20oportunidades%20desta%20semana%3F,2026-07-24,10,244,15:00 - 18:00,Follow-up leve para Sofia Santos sobre Aluguel,whatsapp
Pedro Costa,551136690967,Mongaguá,Aluguel,reengajamento,"Olá, Pedro Costa! Lembrete rápido: a Litoral Prime Imóveis tem novas opções no litoral de SP. Quer que eu envie as melhores oportunidades desta semana?",https://wa.me/551136690967?text=Ol%C3%A1%2C%20Pedro%20Costa%21%20Lembrete%20r%C3%A1pido:%20a%20Litoral%20Prime%20Im%C3%B3veis%20tem%20novas%20opç%C3%B5es%20no%20litoral%20de%20SP.%20Quer%20que%20eu%20envie%20as%20melhores%20oportunidades%20desta%20semana%3F,2026-07-24,10,245,15:00 - 18:00,Follow-up leve para Pedro Costa sobre Aluguel,whatsapp
Juliana Rocha,551768893734,Mongaguá,Aluguel,reengajamento,"Olá, Juliana Rocha! Lembrete rápido: a Litoral Prime Imóveis tem novas opções no litoral de SP. Quer que eu envie as melhores oportunidades desta semana?",https://wa.me/551768893734?text=Ol%C3%A1%2C%20Juliana%20Rocha%21%20Lembrete%20r%C3%A1pido:%20a%20Litoral%20Prime%20Im%C3%B3veis%20tem%20novas%20opç%C3%B5es%20no%20litoral%20de%20SP.%20Quer%20que%20eu%20envie%20as%20melhores%20oportunidades%20desta%20semana%3F,2026-07-24,10,246,15:00 - 18:00,Follow-up leve para Juliana Rocha sobre Aluguel,whatsapp
Ana Costa,551662729806,Mongaguá,Aluguel,reengajamento,"Olá, Ana Costa! Lembrete rápido: a Litoral Prime Imóveis tem novas opções no litoral de SP. Quer que eu envie as melhores oportunidades desta semana?",https://wa.me/551662729806?text=Ol%C3%A1%2C%20Ana%20Costa%21%20Lembrete%20r%C3%A1pido:%20a%20Litoral%20Prime%20Im%C3%B3veis%20tem%20novas%20opç%C3%B5es%20no%20litoral%20de%20SP.%20Quer%20que%20eu%20envie%20as%20melhores%20oportunidades%20desta%20semana%3F,2026-07-24,10,247,15:00 - 18:00,Follow-up leve para Ana Costa sobre Aluguel,whatsapp
Wanessa Silva,551262720465,Mongaguá,Aluguel,reengajamento,"Olá, Wanessa Silva! Lembrete rápido: a Litoral Prime Imóveis tem novas opções no litoral de SP. Quer que eu envie as melhores oportunidades desta semana?",https://wa.me/551262720465?text=Ol%C3%A1%2C%20Wanessa%20Silva%21%20Lembrete%20r%C3%A1pido:%20a%20Litoral%20Prime%20Im%C3%B3veis%20tem%20novas%20opç%C3%B5es%20no%20litoral%20de%20SP.%20Quer%20que%20eu%20envie%20as%20melhores%20oportunidades%20desta%20semana%3F,2026-07-24,10,248,15:00 - 18:00,Follow-up leve para Wanessa Silva sobre Aluguel,whatsapp
Lucas Rocha,551746417080,Mongaguá,Aluguel,reengajamento,"Olá, Lucas Rocha! Lembrete rápido: a Litoral Prime Imóveis tem novas opções no litoral de SP. Quer que eu envie as melhores oportunidades desta semana?",https://wa.me/551746417080?text=Ol%C3%A1%2C%20Lucas%20Rocha%21%20Lembrete%20r%C3%A1pido:%20a%20Litoral%20Prime%20Im%C3%B3veis%20tem%20novas%20opç%C3%B5es%20no%20litoral%20de%20SP.%20Quer%20que%20eu%20envie%20as%20melhores%20oportunidades%20desta%20semana%3F,2026-07-24,10,249,15:00 - 18:00,Follow-up leve para Lucas Rocha sobre Aluguel,whatsapp
Daniela Almeida,551149663193,São Vicente,Aluguel,reengajamento,"Olá, Daniela Almeida! Lembrete rápido: a Litoral Prime Imóveis tem novas opções no litoral de SP. Quer que eu envie as melhores oportunidades desta semana?",https://wa.me/551149663193?text=Ol%C3%A1%2C%20Daniela%20Almeida%21%20Lembrete%20r%C3%A1pido:%20a%20Litoral%20Prime%20Im%C3%B3veis%20tem%20novas%20opç%C3%B5es%20no%20litoral%20de%20SP.%20Quer%20que%20eu%20envie%20as%20melhores%20oportunidades%20desta%20semana%3F,2026-07-24,10,250,15:00 - 18:00,Follow-up leve para Daniela Almeida sobre Aluguel,whatsapp
Juliana Martins,5513988889999,Peruíbe,Compra,reengajamento,"Olá, Juliana Martins! Lembrete rápido: a Litoral Prime Imóveis tem novas opções no litoral de SP. Quer que eu envie as melhores oportunidades desta semana?",https://wa.me/5513988889999?text=Ol%C3%A1%2C%20Juliana%20Martins%21%20Lembrete%20r%C3%A1pido:%20a%20Litoral%20Prime%20Im%C3%B3veis%20tem%20novas%20opç%C3%B5es%20no%20litoral%20de%20SP.%20Quer%20que%20eu%20envie%20as%20melhores%20oportunidades%20desta%20semana%3F,2026-07-24,10,251,15:00 - 18:00,Follow-up leve para Juliana Martins sobre Compra,whatsapp
Igor Lima,551531351823,Peruíbe,Aluguel,reengajamento,"Olá, Igor Lima! Lembrete rápido: a Litoral Prime Imóveis tem novas opções no litoral de SP. Quer que eu envie as melhores oportunidades desta semana?",https://wa.me/551531351823?text=Ol%C3%A1%2C%20Igor%20Lima%21%20Lembrete%20r%C3%A1pido:%20a%20Litoral%20Prime%20Im%C3%B3veis%20tem%20novas%20opç%C3%B5es%20no%20litoral%20de%20SP.%20Quer%20que%20eu%20envie%20as%20melhores%20oportunidades%20desta%20semana%3F,2026-07-24,10,252,15:00 - 18:00,Follow-up leve para Igor Lima sobre Aluguel,whatsapp
Igor Araujo,551994134352,Peruíbe,Compra,reengajamento,"Olá, Igor Araujo! Lembrete rápido: a Litoral Prime Imóveis tem novas opções no litoral de SP. Quer que eu envie as melhores oportunidades desta semana?",https://wa.me/551994134352?text=Ol%C3%A1%2C%20Igor%20Araujo%21%20Lembrete%20r%C3%A1pido:%20a%20Litoral%20Prime%20Im%C3%B3veis%20tem%20novas%20opç%C3%B5es%20no%20litoral%20de%20SP.%20Quer%20que%20eu%20envie%20as%20melhores%20oportunidades%20desta%20semana%3F,2026-07-24,10,253,15:00 - 18:00,Follow-up leve para Igor Araujo sobre Compra,whatsapp
Xavier Ribeiro,551340084271,Peruíbe,Compra,reengajamento,"Olá, Xavier Ribeiro! Lembrete rápido: a Litoral Prime Imóveis tem novas opções no litoral de SP. Quer que eu envie as melhores oportunidades desta semana?",https://wa.me/551340084271?text=Ol%C3%A1%2C%20Xavier%20Ribeiro%21%20Lembrete%20r%C3%A1pido:%20a%20Litoral%20Prime%20Im%C3%B3veis%20tem%20novas%20opç%C3%B5es%20no%20litoral%20de%20SP.%20Quer%20que%20eu%20envie%20as%20melhores%20oportunidades%20desta%20semana%3F,2026-07-24,10,254,15:00 - 18:00,Follow-up leve para Xavier Ribeiro sobre Compra,whatsapp
Tiago Lima,551877520471,Peruíbe,Compra,reengajamento,"Olá, Tiago Lima! Lembrete rápido: a Litoral Prime Imóveis tem novas opções no litoral de SP. Quer que eu envie as melhores oportunidades desta semana?",https://wa.me/551877520471?text=Ol%C3%A1%2C%20Tiago%20Lima%21%20Lembrete%20r%C3%A1pido:%20a%20Litoral%20Prime%20Im%C3%B3veis%20tem%20novas%20opç%C3%B5es%20no%20litoral%20de%20SP.%20Quer%20que%20eu%20envie%20as%20melhores%20oportunidades%20desta%20semana%3F,2026-07-24,10,255,15:00 - 18:00,Follow-up leve para Tiago Lima sobre Compra,whatsapp
Nicholas Ferreira,551290229413,Peruíbe,Aluguel,reengajamento,"Olá, Nicholas Ferreira! Lembrete rápido: a Litoral Prime Imóveis tem novas opções no litoral de SP. Quer que eu envie as melhores oportunidades desta semana?",https://wa.me/551290229413?text=Ol%C3%A1%2C%20Nicholas%20Ferreira%21%20Lembrete%20r%C3%A1pido:%20a%20Litoral%20Prime%20Im%C3%B3veis%20tem%20novas%20opç%C3%B5es%20no%20litoral%20de%20SP.%20Quer%20que%20eu%20envie%20as%20melhores%20oportunidades%20desta%20semana%3F,2026-07-24,10,256,15:00 - 18:00,Follow-up leve para Nicholas Ferreira sobre Aluguel,whatsapp
Ursula Almeida,551486774964,Peruíbe,Compra,reengajamento,"Olá, Ursula Almeida! Lembrete rápido: a Litoral Prime Imóveis tem novas opções no litoral de SP. Quer que eu envie as melhores oportunidades desta semana?",https://wa.me/551486774964?text=Ol%C3%A1%2C%20Ursula%20Almeida%21%20Lembrete%20r%C3%A1pido:%20a%20Litoral%20Prime%20Im%C3%B3veis%20tem%20novas%20opç%C3%B5es%20no%20litoral%20de%20SP.%20Quer%20que%20eu%20envie%20as%20melhores%20oportunidades%20desta%20semana%3F,2026-07-24,10,257,15:00 - 18:00,Follow-up leve para Ursula Almeida sobre Compra,whatsapp
Bruno Almeida,551233412328,Peruíbe,Compra,reengajamento,"Olá, Bruno Almeida! Lembrete rápido: a Litoral Prime Imóveis tem novas opções no litoral de SP. Quer que eu envie as melhores oportunidades desta semana?",https://wa.me/551233412328?text=Ol%C3%A1%2C%20Bruno%20Almeida%21%20Lembrete%20r%C3%A1pido:%20a%20Litoral%20Prime%20Im%C3%B3veis%20tem%20novas%20opç%C3%B5es%20no%20litoral%20de%20SP.%20Quer%20que%20eu%20envie%20as%20melhores%20oportunidades%20desta%20semana%3F,2026-07-24,10,258,15:00 - 18:00,Follow-up leve para Bruno Almeida sobre Compra,whatsapp
Olivia Ferreira,551840344713,Peruíbe,Compra,reengajamento,"Olá, Olivia Ferreira! Lembrete rápido: a Litoral Prime Imóveis tem novas opções no litoral de SP. Quer que eu envie as melhores oportunidades desta semana?",https://wa.me/551840344713?text=Ol%C3%A1%2C%20Olivia%20Ferreira%21%20Lembrete%20r%C3%A1pido:%20a%20Litoral%20Prime%20Im%C3%B3veis%20tem%20novas%20opç%C3%B5es%20no%20litoral%20de%20SP.%20Quer%20que%20eu%20envie%20as%20melhores%20oportunidades%20desta%20semana%3F,2026-07-24,10,259,15:00 - 18:00,Follow-up leve para Olivia Ferreira sobre Compra,whatsapp
Vinicius Almeida,551461832421,Peruíbe,Aluguel,reengajamento,"Olá, Vinicius Almeida! Lembrete rápido: a Litoral Prime Imóveis tem novas opções no litoral de SP. Quer que eu envie as melhores oportunidades desta semana?",https://wa.me/551461832421?text=Ol%C3%A1%2C%20Vinicius%20Almeida%21%20Lembrete%20r%C3%A1pido:%20a%20Litoral%20Prime%20Im%C3%B3veis%20tem%20novas%20opç%C3%B5es%20no%20litoral%20de%20SP.%20Quer%20que%20eu%20envie%20as%20melhores%20oportunidades%20desta%20semana%3F,2026-07-24,10,260,15:00 - 18:00,Follow-up leve para Vinicius Almeida sobre Aluguel,whatsapp
Felipe Araujo,5511955556666,Itanhaém,Compra,oferta,"{nome}, selecionei {tipo_interesse.lower()}s exclusivos em {cidade_interesse}. Se quiser, envio a pré-seleção agora por aqui.",https://wa.me/5511955556666?text={nome}%2C%20selecionei%20{tipo_interesse.lower()}s%20exclusivos%20em%20{cidade_interesse}.%20Se%20quiser%2C%20envio%20a%20pr%C3%A9-seleç%C3%A3o%20agora%20por%20aqui.,2026-07-24,10,261,15:00 - 18:00,Enviar pré-seleção de Compra em Itanhaém e propor visita,whatsapp
Fernanda Almeida,551501965569,Itanhaém,Compra,oferta,"{nome}, selecionei {tipo_interesse.lower()}s exclusivos em {cidade_interesse}. Se quiser, envio a pré-seleção agora por aqui.",https://wa.me/551501965569?text={nome}%2C%20selecionei%20{tipo_interesse.lower()}s%20exclusivos%20em%20{cidade_interesse}.%20Se%20quiser%2C%20envio%20a%20pr%C3%A9-seleç%C3%A3o%20agora%20por%20aqui.,2026-07-24,10,262,15:00 - 18:00,Enviar pré-seleção de Compra em Itanhaém e propor visita,whatsapp
Daniela Costa,551440608835,Itanhaém,Compra,oferta,"{nome}, selecionei {tipo_interesse.lower()}s exclusivos em {cidade_interesse}. Se quiser, envio a pré-seleção agora por aqui.",https://wa.me/551440608835?text={nome}%2C%20selecionei%20{tipo_interesse.lower()}s%20exclusivos%20em%20{cidade_interesse}.%20Se%20quiser%2C%20envio%20a%20pr%C3%A9-seleç%C3%A3o%20agora%20por%20aqui.,2026-07-24,10,263,15:00 - 18:00,Enviar pré-seleção de Compra em Itanhaém e propor visita,whatsapp
Wanessa Mendes,551695148465,Itanhaém,Compra,oferta,"{nome}, selecionei {tipo_interesse.lower()}s exclusivos em {cidade_interesse}. Se quiser, envio a pré-seleção agora por aqui.",https://wa.me/551695148465?text={nome}%2C%20selecionei%20{tipo_interesse.lower()}s%20exclusivos%20em%20{cidade_interesse}.%20Se%20quiser%2C%20envio%20a%20pr%C3%A9-seleç%C3%A3o%20agora%20por%20aqui.,2026-07-24,10,264,15:00 - 18:00,Enviar pré-seleção de Compra em Itanhaém e propor visita,whatsapp
Juliana Ribeiro,551336629946,Itanhaém,Compra,oferta,"{nome}, selecionei {tipo_interesse.lower()}s exclusivos em {cidade_interesse}. Se quiser, envio a pré-seleção agora por aqui.",https://wa.me/551336629946?text={nome}%2C%20selecionei%20{tipo_interesse.lower()}s%20exclusivos%20em%20{cidade_interesse}.%20Se%20quiser%2C%20envio%20a%20pr%C3%A9-seleç%C3%A3o%20agora%20por%20aqui.,2026-07-24,10,265,15:00 - 18:00,Enviar pré-seleção de Compra em Itanhaém e propor visita,whatsapp
Ana Lima,551536995777,Itanhaém,Compra,oferta,"{nome}, selecionei {tipo_interesse.lower()}s exclusivos em {cidade_interesse}. Se quiser, envio a pré-seleção agora por aqui.",https://wa.me/551536995777?text={nome}%2C%20selecionei%20{tipo_interesse.lower()}s%20exclusivos%20em%20{cidade_interesse}.%20Se%20quiser%2C%20envio%20a%20pr%C3%A9-seleç%C3%A3o%20agora%20por%20aqui.,2026-07-24,10,266,15:00 - 18:00,Enviar pré-seleção de Compra em Itanhaém e propor visita,whatsapp
Rafael Ferreira,551314895134,Itanhaém,Compra,oferta,"{nome}, selecionei {tipo_interesse.lower()}s exclusivos em {cidade_interesse}. Se quiser, envio a pré-seleção agora por aqui.",https://wa.me/551314895134?text={nome}%2C%20selecionei%20{tipo_interesse.lower()}s%20exclusivos%20em%20{cidade_interesse}.%20Se%20quiser%2C%20envio%20a%20pr%C3%A9-seleç%C3%A3o%20agora%20por%20aqui.,2026-07-24,10,267,15:00 - 18:00,Enviar pré-seleção de Compra em Itanhaém e propor visita,whatsapp
Eduardo Silva,551137917693,Itanhaém,Compra,oferta,"{nome}, selecionei {tipo_interesse.lower()}s exclusivos em {cidade_interesse}. Se quiser, envio a pré-seleção agora por aqui.",https://wa.me/551137917693?text={nome}%2C%20selecionei%20{tipo_interesse.lower()}s%20exclusivos%20em%20{cidade_interesse}.%20Se%20quiser%2C%20envio%20a%20pr%C3%A9-seleç%C3%A3o%20agora%20por%20aqui.,2026-07-24,10,268,15:00 - 18:00,Enviar pré-seleção de Compra em Itanhaém e propor visita,whatsapp
Nicholas Ferreira,551732016328,Itanhaém,Compra,oferta,"{nome}, selecionei {tipo_interesse.lower()}s exclusivos em {cidade_interesse}. Se quiser, envio a pré-seleção agora por aqui.",https://wa.me/551732016328?text={nome}%2C%20selecionei%20{tipo_interesse.lower()}s%20exclusivos%20em%20{cidade_interesse}.%20Se%20quiser%2C%20envio%20a%20pr%C3%A9-seleç%C3%A3o%20agora%20por%20aqui.,2026-07-24,10,269,15:00 - 18:00,Enviar pré-seleção de Compra em Itanhaém e propor visita,whatsapp
Sofia Souza,551272788957,Itanhaém,Compra,oferta,"{nome}, selecionei {tipo_interesse.lower()}s exclusivos em {cidade_interesse}. Se quiser, envio a pré-seleção agora por aqui.",https://wa.me/551272788957?text={nome}%2C%20selecionei%20{tipo_interesse.lower()}s%20exclusivos%20em%20{cidade_interesse}.%20Se%20quiser%2C%20envio%20a%20pr%C3%A9-seleç%C3%A3o%20agora%20por%20aqui.,2026-07-24,10,270,15:00 - 18:00,Enviar pré-seleção de Compra em Itanhaém e propor visita,whatsapp
Camila Ribeiro,5513966667777,Mongaguá,Aluguel,oferta,"{nome}, selecionei {tipo_interesse.lower()}s exclusivos em {cidade_interesse}. Se quiser, envio a pré-seleção agora por aqui.",https://wa.me/5513966667777?text={nome}%2C%20selecionei%20{tipo_interesse.lower()}s%20exclusivos%20em%20{cidade_interesse}.%20Se%20quiser%2C%20envio%20a%20pr%C3%A9-seleç%C3%A3o%20agora%20por%20aqui.,2026-07-24,10,271,15:00 - 18:00,Enviar pré-seleção de Aluguel em Mongaguá e propor visita,whatsapp
Yasmin Mendes,551968727743,Mongaguá,Aluguel,oferta,"{nome}, selecionei {tipo_interesse.lower()}s exclusivos em {cidade_interesse}. Se quiser, envio a pré-seleção agora por aqui.",https://wa.me/551968727743?text={nome}%2C%20selecionei%20{tipo_interesse.lower()}s%20exclusivos%20em%20{cidade_interesse}.%20Se%20quiser%2C%20envio%20a%20pr%C3%A9-seleç%C3%A3o%20agora%20por%20aqui.,2026-07-24,10,272,15:00 - 18:00,Enviar pré-seleção de Aluguel em Mongaguá e propor visita,whatsapp
Igor Rocha,551973471434,Mongaguá,Aluguel,oferta,"{nome}, selecionei {tipo_interesse.lower()}s exclusivos em {cidade_interesse}. Se quiser, envio a pré-seleção agora por aqui.",https://wa.me/551973471434?text={nome}%2C%20selecionei%20{tipo_interesse.lower()}s%20exclusivos%20em%20{cidade_interesse}.%20Se%20quiser%2C%20envio%20a%20pr%C3%A9-seleç%C3%A3o%20agora%20por%20aqui.,2026-07-24,10,273,15:00 - 18:00,Enviar pré-seleção de Aluguel em Mongaguá e propor visita,whatsapp
Sofia Santos,551323623166,Mongaguá,Aluguel,oferta,"{nome}, selecionei {tipo_interesse.lower()}s exclusivos em {cidade_interesse}. Se quiser, envio a pré-seleção agora por aqui.",https://wa.me/551323623166?text={nome}%2C%20selecionei%20{tipo_interesse.lower()}s%20exclusivos%20em%20{cidade_interesse}.%20Se%20quiser%2C%20envio%20a%20pr%C3%A9-seleç%C3%A3o%20agora%20por%20aqui.,2026-07-24,10,274,15:00 - 18:00,Enviar pré-seleção de Aluguel em Mongaguá e propor visita,whatsapp
Pedro Costa,551136690967,Mongaguá,Aluguel,oferta,"{nome}, selecionei {tipo_interesse.lower()}s exclusivos em {cidade_interesse}. Se quiser, envio a pré-seleção agora por aqui.",https://wa.me/551136690967?text={nome}%2C%20selecionei%20{tipo_interesse.lower()}s%20exclusivos%20em%20{cidade_interesse}.%20Se%20quiser%2C%20envio%20a%20pr%C3%A9-seleç%C3%A3o%20agora%20por%20aqui.,2026-07-24,10,275,15:00 - 18:00,Enviar pré-seleção de Aluguel em Mongaguá e propor visita,whatsapp
Juliana Rocha,551768893734,Mongaguá,Aluguel,oferta,"{nome}, selecionei {tipo_interesse.lower()}s exclusivos em {cidade_interesse}. Se quiser, envio a pré-seleção agora por aqui.",https://wa.me/551768893734?text={nome}%2C%20selecionei%20{tipo_interesse.lower()}s%20exclusivos%20em%20{cidade_interesse}.%20Se%20quiser%2C%20envio%20a%20pr%C3%A9-seleç%C3%A3o%20agora%20por%20aqui.,2026-07-24,10,276,15:00 - 18:00,Enviar pré-seleção de Aluguel em Mongaguá e propor visita,whatsapp
Ana Costa,551662729806,Mongaguá,Aluguel,oferta,"{nome}, selecionei {tipo_interesse.lower()}s exclusivos em {cidade_interesse}. Se quiser, envio a pré-seleção agora por aqui.",https://wa.me/551662729806?text={nome}%2C%20selecionei%20{tipo_interesse.lower()}s%20exclusivos%20em%20{cidade_interesse}.%20Se%20quiser%2C%20envio%20a%20pr%C3%A9-seleç%C3%A3o%20agora%20por%20aqui.,2026-07-24,10,277,15:00 - 18:00,Enviar pré-seleção de Aluguel em Mongaguá e propor visita,whatsapp
Wanessa Silva,551262720465,Mongaguá,Aluguel,oferta,"{nome}, selecionei {tipo_interesse.lower()}s exclusivos em {cidade_interesse}. Se quiser, envio a pré-seleção agora por aqui.",https://wa.me/551262720465?text={nome}%2C%20selecionei%20{tipo_interesse.lower()}s%20exclusivos%20em%20{cidade_interesse}.%20Se%20quiser%2C%20envio%20a%20pr%C3%A9-seleç%C3%A3o%20agora%20por%20aqui.,2026-07-24,10,278,15:00 - 18:00,Enviar pré-seleção de Aluguel em Mongaguá e propor visita,whatsapp
Lucas Rocha,551746417080,Mongaguá,Aluguel,oferta,"{nome}, selecionei {tipo_interesse.lower()}s exclusivos em {cidade_interesse}. Se quiser, envio a pré-seleção agora por aqui.",https://wa.me/551746417080?text={nome}%2C%20selecionei%20{tipo_interesse.lower()}s%20exclusivos%20em%20{cidade_interesse}.%20Se%20quiser%2C%20envio%20a%20pr%C3%A9-seleç%C3%A3o%20agora%20por%20aqui.,2026-07-24,10,279,15:00 - 18:00,Enviar pré-seleção de Aluguel em Mongaguá e propor visita,whatsapp
Daniela Almeida,551149663193,São Vicente,Aluguel,oferta,"{nome}, selecionei {tipo_interesse.lower()}s exclusivos em {cidade_interesse}. Se quiser, envio a pré-seleção agora por aqui.",https://wa.me/551149663193?text={nome}%2C%20selecionei%20{tipo_interesse.lower()}s%20exclusivos%20em%20{cidade_interesse}.%20Se%20quiser%2C%20envio%20a%20pr%C3%A9-seleç%C3%A3o%20agora%20por%20aqui.,2026-07-24,10,280,15:00 - 18:00,Enviar pré-seleção de Aluguel em São Vicente e propor visita,whatsapp
Juliana Martins,5513988889999,Peruíbe,Compra,oferta,"{nome}, selecionei {tipo_interesse.lower()}s exclusivos em {cidade_interesse}. Se quiser, envio a pré-seleção agora por aqui.",https://wa.me/5513988889999?text={nome}%2C%20selecionei%20{tipo_interesse.lower()}s%20exclusivos%20em%20{cidade_interesse}.%20Se%20quiser%2C%20envio%20a%20pr%C3%A9-seleç%C3%A3o%20agora%20por%20aqui.,2026-07-24,10,281,15:00 - 18:00,Enviar pré-seleção de Compra em Peruíbe e propor visita,whatsapp
Igor Lima,551531351823,Peruíbe,Aluguel,oferta,"{nome}, selecionei {tipo_interesse.lower()}s exclusivos em {cidade_interesse}. Se quiser, envio a pré-seleção agora por aqui.",https://wa.me/551531351823?text={nome}%2C%20selecionei%20{tipo_interesse.lower()}s%20exclusivos%20em%20{cidade_interesse}.%20Se%20quiser%2C%20envio%20a%20pr%C3%A9-seleç%C3%A3o%20agora%20por%20aqui.,2026-07-24,10,282,15:00 - 18:00,Enviar pré-seleção de Aluguel em Peruíbe e propor visita,whatsapp
Igor Araujo,551994134352,Peruíbe,Compra,oferta,"{nome}, selecionei {tipo_interesse.lower()}s exclusivos em {cidade_interesse}. Se quiser, envio a pré-seleção agora por aqui.",https://wa.me/551994134352?text={nome}%2C%20selecionei%20{tipo_interesse.lower()}s%20exclusivos%20em%20{cidade_interesse}.%20Se%20quiser%2C%20envio%20a%20pr%C3%A9-seleç%C3%A3o%20agora%20por%20aqui.,2026-07-24,10,283,15:00 - 18:00,Enviar pré-seleção de Compra em Peruíbe e propor visita,whatsapp
Xavier Ribeiro,551340084271,Peruíbe,Compra,oferta,"{nome}, selecionei {tipo_interesse.lower()}s exclusivos em {cidade_interesse}. Se quiser, envio a pré-seleção agora por aqui.",https://wa.me/551340084271?text={nome}%2C%20selecionei%20{tipo_interesse.lower()}s%20exclusivos%20em%20{cidade_interesse}.%20Se%20quiser%2C%20envio%20a%20pr%C3%A9-seleç%C3%A3o%20agora%20por%20aqui.,2026-07-24,10,284,15:00 - 18:00,Enviar pré-seleção de Compra em Peruíbe e propor visita,whatsapp
Tiago Lima,551877520471,Peruíbe,Compra,oferta,"{nome}, selecionei {tipo_interesse.lower()}s exclusivos em {cidade_interesse}. Se quiser, envio a pré-seleção agora por aqui.",https://wa.me/551877520471?text={nome}%2C%20selecionei%20{tipo_interesse.lower()}s%20exclusivos%20em%20{cidade_interesse}.%20Se%20quiser%2C%20envio%20a%20pr%C3%A9-seleç%C3%A3o%20agora%20por%20aqui.,2026-07-24,10,285,15:00 - 18:00,Enviar pré-seleção de Compra em Peruíbe e propor visita,whatsapp
Nicholas Ferreira,551290229413,Peruíbe,Aluguel,oferta,"{nome}, selecionei {tipo_interesse.lower()}s exclusivos em {cidade_interesse}. Se quiser, envio a pré-seleção agora por aqui.",https://wa.me/551290229413?text={nome}%2C%20selecionei%20{tipo_interesse.lower()}s%20exclusivos%20em%20{cidade_interesse}.%20Se%20quiser%2C%20envio%20a%20pr%C3%A9-seleç%C3%A3o%20agora%20por%20aqui.,2026-07-24,10,286,15:00 - 18:00,Enviar pré-seleção de Aluguel em Peruíbe e propor visita,whatsapp
Ursula Almeida,551486774964,Peruíbe,Compra,oferta,"{nome}, selecionei {tipo_interesse.lower()}s exclusivos em {cidade_interesse}. Se quiser, envio a pré-seleção agora por aqui.",https://wa.me/551486774964?text={nome}%2C%20selecionei%20{tipo_interesse.lower()}s%20exclusivos%20em%20{cidade_interesse}.%20Se%20quiser%2C%20envio%20a%20pr%C3%A9-seleç%C3%A3o%20agora%20por%20aqui.,2026-07-24,10,287,15:00 - 18:00,Enviar pré-seleção de Compra em Peruíbe e propor visita,whatsapp
Bruno Almeida,551233412328,Peruíbe,Compra,oferta,"{nome}, selecionei {tipo_interesse.lower()}s exclusivos em {cidade_interesse}. Se quiser, envio a pré-seleção agora por aqui.",https://wa.me/551233412328?text={nome}%2C%20selecionei%20{tipo_interesse.lower()}s%20exclusivos%20em%20{cidade_interesse}.%20Se%20quiser%2C%20envio%20a%20pr%C3%A9-seleç%C3%A3o%20agora%20por%20aqui.,2026-07-24,10,288,15:00 - 18:00,Enviar pré-seleção de Compra em Peruíbe e propor visita,whatsapp
Olivia Ferreira,551840344713,Peruíbe,Compra,oferta,"{nome}, selecionei {tipo_interesse.lower()}s exclusivos em {cidade_interesse}. Se quiser, envio a pré-seleção agora por aqui.",https://wa.me/551840344713?text={nome}%2C%20selecionei%20{tipo_interesse.lower()}s%20exclusivos%20em%20{cidade_interesse}.%20Se%20quiser%2C%20envio%20a%20pr%C3%A9-seleç%C3%A3o%20agora%20por%20aqui.,2026-07-24,10,289,15:00 - 18:00,Enviar pré-seleção de Compra em Peruíbe e propor visita,whatsapp
Vinicius Almeida,551461832421,Peruíbe,Aluguel,oferta,"{nome}, selecionei {tipo_interesse.lower()}s exclusivos em {cidade_interesse}. Se quiser, envio a pré-seleção agora por aqui.",https://wa.me/551461832421?text={nome}%2C%20selecionei%20{tipo_interesse.lower()}s%20exclusivos%20em%20{cidade_interesse}.%20Se%20quiser%2C%20envio%20a%20pr%C3%A9-seleç%C3%A3o%20agora%20por%20aqui.,2026-07-24,10,290,15:00 - 18:00,Enviar pré-seleção de Aluguel em Peruíbe e propor visita,whatsapp
Felipe Araujo,5511955556666,Itanhaém,Compra,cross-sell,"Felipe Araujo, além de Compra em Itanhaém, temos Avaliação, Descrição com IA, Consultoria Proptech que ajudam a vender/alugar mais rápido. Quer que eu envie detalhes?",https://wa.me/5511955556666?text=Felipe%20Araujo%2C%20al%C3%A9m%20de%20Compra%20em%20Itanha%C3%A9m%2C%20temos%20Avaliaç%C3%A3o%2C%20Descriç%C3%A3o%20com%20IA%2C%20Consultoria%20Proptech%20que%20ajudam%20a%20vender/alugar%20mais%20r%C3%A1pido.%20Quer%20que%20eu%20envie%20detalhes%3F,2026-07-24,10,291,15:00 - 18:00,Oferecer serviço complementar: ,whatsapp
Fernanda Almeida,551501965569,Itanhaém,Compra,cross-sell,"Fernanda Almeida, além de Compra em Itanhaém, temos Avaliação, Descrição com IA, Consultoria Proptech que ajudam a vender/alugar mais rápido. Quer que eu envie detalhes?",https://wa.me/551501965569?text=Fernanda%20Almeida%2C%20al%C3%A9m%20de%20Compra%20em%20Itanha%C3%A9m%2C%20temos%20Avaliaç%C3%A3o%2C%20Descriç%C3%A3o%20com%20IA%2C%20Consultoria%20Proptech%20que%20ajudam%20a%20vender/alugar%20mais%20r%C3%A1pido.%20Quer%20que%20eu%20envie%20detalhes%3F,2026-07-24,10,292,15:00 - 18:00,Oferecer serviço complementar: ,whatsapp
Daniela Costa,551440608835,Itanhaém,Compra,cross-sell,"Daniela Costa, além de Compra em Itanhaém, temos Avaliação, Descrição com IA, Consultoria Proptech que ajudam a vender/alugar mais rápido. Quer que eu envie detalhes?",https://wa.me/551440608835?text=Daniela%20Costa%2C%20al%C3%A9m%20de%20Compra%20em%20Itanha%C3%A9m%2C%20temos%20Avaliaç%C3%A3o%2C%20Descriç%C3%A3o%20com%20IA%2C%20Consultoria%20Proptech%20que%20ajudam%20a%20vender/alugar%20mais%20r%C3%A1pido.%20Quer%20que%20eu%20envie%20detalhes%3F,2026-07-24,10,293,15:00 - 18:00,Oferecer serviço complementar: ,whatsapp
Wanessa Mendes,551695148465,Itanhaém,Compra,cross-sell,"Wanessa Mendes, além de Compra em Itanhaém, temos Avaliação, Descrição com IA, Consultoria Proptech que ajudam a vender/alugar mais rápido. Quer que eu envie detalhes?",https://wa.me/551695148465?text=Wanessa%20Mendes%2C%20al%C3%A9m%20de%20Compra%20em%20Itanha%C3%A9m%2C%20temos%20Avaliaç%C3%A3o%2C%20Descriç%C3%A3o%20com%20IA%2C%20Consultoria%20Proptech%20que%20ajudam%20a%20vender/alugar%20mais%20r%C3%A1pido.%20Quer%20que%20eu%20envie%20detalhes%3F,2026-07-24,10,294,15:00 - 18:00,Oferecer serviço complementar: ,whatsapp
Juliana Ribeiro,551336629946,Itanhaém,Compra,cross-sell,"Juliana Ribeiro, além de Compra em Itanhaém, temos Avaliação, Descrição com IA, Consultoria Proptech que ajudam a vender/alugar mais rápido. Quer que eu envie detalhes?",https://wa.me/551336629946?text=Juliana%20Ribeiro%2C%20al%C3%A9m%20de%20Compra%20em%20Itanha%C3%A9m%2C%20temos%20Avaliaç%C3%A3o%2C%20Descriç%C3%A3o%20com%20IA%2C%20Consultoria%20Proptech%20que%20ajudam%20a%20vender/alugar%20mais%20r%C3%A1pido.%20Quer%20que%20eu%20envie%20detalhes%3F,2026-07-24,10,295,15:00 - 18:00,Oferecer serviço complementar: ,whatsapp
Ana Lima,551536995777,Itanhaém,Compra,cross-sell,"Ana Lima, além de Compra em Itanhaém, temos Avaliação, Descrição com IA, Consultoria Proptech que ajudam a vender/alugar mais rápido. Quer que eu envie detalhes?",https://wa.me/551536995777?text=Ana%20Lima%2C%20al%C3%A9m%20de%20Compra%20em%20Itanha%C3%A9m%2C%20temos%20Avaliaç%C3%A3o%2C%20Descriç%C3%A3o%20com%20IA%2C%20Consultoria%20Proptech%20que%20ajudam%20a%20vender/alugar%20mais%20r%C3%A1pido.%20Quer%20que%20eu%20envie%20detalhes%3F,2026-07-24,10,296,15:00 - 18:00,Oferecer serviço complementar: ,whatsapp
Rafael Ferreira,551314895134,Itanhaém,Compra,cross-sell,"Rafael Ferreira, além de Compra em Itanhaém, temos Avaliação, Descrição com IA, Consultoria Proptech que ajudam a vender/alugar mais rápido. Quer que eu envie detalhes?",https://wa.me/551314895134?text=Rafael%20Ferreira%2C%20al%C3%A9m%20de%20Compra%20em%20Itanha%C3%A9m%2C%20temos%20Avaliaç%C3%A3o%2C%20Descriç%C3%A3o%20com%20IA%2C%20Consultoria%20Proptech%20que%20ajudam%20a%20vender/alugar%20mais%20r%C3%A1pido.%20Quer%20que%20eu%20envie%20detalhes%3F,2026-07-24,10,297,15:00 - 18:00,Oferecer serviço complementar: ,whatsapp
Eduardo Silva,551137917693,Itanhaém,Compra,cross-sell,"Eduardo Silva, além de Compra em Itanhaém, temos Avaliação, Descrição com IA, Consultoria Proptech que ajudam a vender/alugar mais rápido. Quer que eu envie detalhes?",https://wa.me/551137917693?text=Eduardo%20Silva%2C%20al%C3%A9m%20de%20Compra%20em%20Itanha%C3%A9m%2C%20temos%20Avaliaç%C3%A3o%2C%20Descriç%C3%A3o%20com%20IA%2C%20Consultoria%20Proptech%20que%20ajudam%20a%20vender/alugar%20mais%20r%C3%A1pido.%20Quer%20que%20eu%20envie%20detalhes%3F,2026-07-24,10,298,15:00 - 18:00,Oferecer serviço complementar: ,whatsapp
Nicholas Ferreira,551732016328,Itanhaém,Compra,cross-sell,"Nicholas Ferreira, além de Compra em Itanhaém, temos Avaliação, Descrição com IA, Consultoria Proptech que ajudam a vender/alugar mais rápido. Quer que eu envie detalhes?",https://wa.me/551732016328?text=Nicholas%20Ferreira%2C%20al%C3%A9m%20de%20Compra%20em%20Itanha%C3%A9m%2C%20temos%20Avaliaç%C3%A3o%2C%20Descriç%C3%A3o%20com%20IA%2C%20Consultoria%20Proptech%20que%20ajudam%20a%20vender/alugar%20mais%20r%C3%A1pido.%20Quer%20que%20eu%20envie%20detalhes%3F,2026-07-24,10,299,15:00 - 18:00,Oferecer serviço complementar: ,whatsapp
Sofia Souza,551272788957,Itanhaém,Compra,cross-sell,"Sofia Souza, além de Compra em Itanhaém, temos Avaliação, Descrição com IA, Consultoria Proptech que ajudam a vender/alugar mais rápido. Quer que eu envie detalhes?",https://wa.me/551272788957?text=Sofia%20Souza%2C%20al%C3%A9m%20de%20Compra%20em%20Itanha%C3%A9m%2C%20temos%20Avaliaç%C3%A3o%2C%20Descriç%C3%A3o%20com%20IA%2C%20Consultoria%20Proptech%20que%20ajudam%20a%20vender/alugar%20mais%20r%C3%A1pido.%20Quer%20que%20eu%20envie%20detalhes%3F,2026-07-24,10,300,15:00 - 18:00,Oferecer serviço complementar: ,whatsapp
Camila Ribeiro,5513966667777,Mongaguá,Aluguel,cross-sell,"Camila Ribeiro, além de Aluguel em Mongaguá, temos Captação Digital, Automação, SEO Local que ajudam a vender/alugar mais rápido. Quer que eu envie detalhes?",https://wa.me/5513966667777?text=Camila%20Ribeiro%2C%20al%C3%A9m%20de%20Aluguel%20em%20Mongagu%C3%A1%2C%20temos%20Captaç%C3%A3o%20Digital%2C%20Automaç%C3%A3o%2C%20SEO%20Local%20que%20ajudam%20a%20vender/alugar%20mais%20r%C3%A1pido.%20Quer%20que%20eu%20envie%20detalhes%3F,2026-07-24,10,301,15:00 - 18:00,Oferecer serviço complementar: ,whatsapp
Yasmin Mendes,551968727743,Mongaguá,Aluguel,cross-sell,"Yasmin Mendes, além de Aluguel em Mongaguá, temos Captação Digital, Automação, SEO Local que ajudam a vender/alugar mais rápido. Quer que eu envie detalhes?",https://wa.me/551968727743?text=Yasmin%20Mendes%2C%20al%C3%A9m%20de%20Aluguel%20em%20Mongagu%C3%A1%2C%20temos%20Captaç%C3%A3o%20Digital%2C%20Automaç%C3%A3o%2C%20SEO%20Local%20que%20ajudam%20a%20vender/alugar%20mais%20r%C3%A1pido.%20Quer%20que%20eu%20envie%20detalhes%3F,2026-07-24,10,302,15:00 - 18:00,Oferecer serviço complementar: ,whatsapp
Igor Rocha,551973471434,Mongaguá,Aluguel,cross-sell,"Igor Rocha, além de Aluguel em Mongaguá, temos Captação Digital, Automação, SEO Local que ajudam a vender/alugar mais rápido. Quer que eu envie detalhes?",https://wa.me/551973471434?text=Igor%20Rocha%2C%20al%C3%A9m%20de%20Aluguel%20em%20Mongagu%C3%A1%2C%20temos%20Captaç%C3%A3o%20Digital%2C%20Automaç%C3%A3o%2C%20SEO%20Local%20que%20ajudam%20a%20vender/alugar%20mais%20r%C3%A1pido.%20Quer%20que%20eu%20envie%20detalhes%3F,2026-07-24,10,303,15:00 - 18:00,Oferecer serviço complementar: ,whatsapp
Sofia Santos,551323623166,Mongaguá,Aluguel,cross-sell,"Sofia Santos, além de Aluguel em Mongaguá, temos Captação Digital, Automação, SEO Local que ajudam a vender/alugar mais rápido. Quer que eu envie detalhes?",https://wa.me/551323623166?text=Sofia%20Santos%2C%20al%C3%A9m%20de%20Aluguel%20em%20Mongagu%C3%A1%2C%20temos%20Captaç%C3%A3o%20Digital%2C%20Automaç%C3%A3o%2C%20SEO%20Local%20que%20ajudam%20a%20vender/alugar%20mais%20r%C3%A1pido.%20Quer%20que%20eu%20envie%20detalhes%3F,2026-07-24,10,304,15:00 - 18:00,Oferecer serviço complementar: ,whatsapp
Pedro Costa,551136690967,Mongaguá,Aluguel,cross-sell,"Pedro Costa, além de Aluguel em Mongaguá, temos Captação Digital, Automação, SEO Local que ajudam a vender/alugar mais rápido. Quer que eu envie detalhes?",https://wa.me/551136690967?text=Pedro%20Costa%2C%20al%C3%A9m%20de%20Aluguel%20em%20Mongagu%C3%A1%2C%20temos%20Captaç%C3%A3o%20Digital%2C%20Automaç%C3%A3o%2C%20SEO%20Local%20que%20ajudam%20a%20vender/alugar%20mais%20r%C3%A1pido.%20Quer%20que%20eu%20envie%20detalhes%3F,2026-07-24,10,305,15:00 - 18:00,Oferecer serviço complementar: ,whatsapp
Juliana Rocha,551768893734,Mongaguá,Aluguel,cross-sell,"Juliana Rocha, além de Aluguel em Mongaguá, temos Captação Digital, Automação, SEO Local que ajudam a vender/alugar mais rápido. Quer que eu envie detalhes?",https://wa.me/551768893734?text=Juliana%20Rocha%2C%20al%C3%A9m%20de%20Aluguel%20em%20Mongagu%C3%A1%2C%20temos%20Captaç%C3%A3o%20Digital%2C%20Automaç%C3%A3o%2C%20SEO%20Local%20que%20ajudam%20a%20vender/alugar%20mais%20r%C3%A1pido.%20Quer%20que%20eu%20envie%20detalhes%3F,2026-07-24,10,306,15:00 - 18:00,Oferecer serviço complementar: ,whatsapp
Ana Costa,551662729806,Mongaguá,Aluguel,cross-sell,"Ana Costa, além de Aluguel em Mongaguá, temos Captação Digital, Automação, SEO Local que ajudam a vender/alugar mais rápido. Quer que eu envie detalhes?",https://wa.me/551662729806?text=Ana%20Costa%2C%20al%C3%A9m%20de%20Aluguel%20em%20Mongagu%C3%A1%2C%20temos%20Captaç%C3%A3o%20Digital%2C%20Automaç%C3%A3o%2C%20SEO%20Local%20que%20ajudam%20a%20vender/alugar%20mais%20r%C3%A1pido.%20Quer%20que%20eu%20envie%20detalhes%3F,2026-07-24,10,307,15:00 - 18:00,Oferecer serviço complementar: ,whatsapp
Wanessa Silva,551262720465,Mongaguá,Aluguel,cross-sell,"Wanessa Silva, além de Aluguel em Mongaguá, temos Captação Digital, Automação, SEO Local que ajudam a vender/alugar mais rápido. Quer que eu envie detalhes?",https://wa.me/551262720465?text=Wanessa%20Silva%2C%20al%C3%A9m%20de%20Aluguel%20em%20Mongagu%C3%A1%2C%20temos%20Captaç%C3%A3o%20Digital%2C%20Automaç%C3%A3o%2C%20SEO%20Local%20que%20ajudam%20a%20vender/alugar%20mais%20r%C3%A1pido.%20Quer%20que%20eu%20envie%20detalhes%3F,2026-07-24,10,308,15:00 - 18:00,Oferecer serviço complementar: ,whatsapp
Lucas Rocha,551746417080,Mongaguá,Aluguel,cross-sell,"Lucas Rocha, além de Aluguel em Mongaguá, temos Captação Digital, Automação, SEO Local que ajudam a vender/alugar mais rápido. Quer que eu envie detalhes?",https://wa.me/551746417080?text=Lucas%20Rocha%2C%20al%C3%A9m%20de%20Aluguel%20em%20Mongagu%C3%A1%2C%20temos%20Captaç%C3%A3o%20Digital%2C%20Automaç%C3%A3o%2C%20SEO%20Local%20que%20ajudam%20a%20vender/alugar%20mais%20r%C3%A1pido.%20Quer%20que%20eu%20envie%20detalhes%3F,2026-07-24,10,309,15:00 - 18:00,Oferecer serviço complementar: ,whatsapp
Daniela Almeida,551149663193,São Vicente,Aluguel,cross-sell,"Daniela Almeida, além de Aluguel em São Vicente, temos Captação Digital, Automação, SEO Local que ajudam a vender/alugar mais rápido. Quer que eu envie detalhes?",https://wa.me/551149663193?text=Daniela%20Almeida%2C%20al%C3%A9m%20de%20Aluguel%20em%20S%C3%A3o%20Vicente%2C%20temos%20Captaç%C3%A3o%20Digital%2C%20Automaç%C3%A3o%2C%20SEO%20Local%20que%20ajudam%20a%20vender/alugar%20mais%20r%C3%A1pido.%20Quer%20que%20eu%20envie%20detalhes%3F,2026-07-24,10,310,15:00 - 18:00,Oferecer serviço complementar: ,whatsapp
Juliana Martins,5513988889999,Peruíbe,Compra,cross-sell,"Juliana Martins, além de Compra em Peruíbe, temos Avaliação, Descrição com IA, Consultoria Proptech que ajudam a vender/alugar mais rápido. Quer que eu envie detalhes?",https://wa.me/5513988889999?text=Juliana%20Martins%2C%20al%C3%A9m%20de%20Compra%20em%20Peru%C3%ADbe%2C%20temos%20Avaliaç%C3%A3o%2C%20Descriç%C3%A3o%20com%20IA%2C%20Consultoria%20Proptech%20que%20ajudam%20a%20vender/alugar%20mais%20r%C3%A1pido.%20Quer%20que%20eu%20envie%20detalhes%3F,2026-07-24,10,311,15:00 - 18:00,Oferecer serviço complementar: ,whatsapp
Igor Lima,551531351823,Peruíbe,Aluguel,cross-sell,"Igor Lima, além de Aluguel em Peruíbe, temos Captação Digital, Automação, SEO Local que ajudam a vender/alugar mais rápido. Quer que eu envie detalhes?",https://wa.me/551531351823?text=Igor%20Lima%2C%20al%C3%A9m%20de%20Aluguel%20em%20Peru%C3%ADbe%2C%20temos%20Captaç%C3%A3o%20Digital%2C%20Automaç%C3%A3o%2C%20SEO%20Local%20que%20ajudam%20a%20vender/alugar%20mais%20r%C3%A1pido.%20Quer%20que%20eu%20envie%20detalhes%3F,2026-07-24,10,312,15:00 - 18:00,Oferecer serviço complementar: ,whatsapp
Igor Araujo,551994134352,Peruíbe,Compra,cross-sell,"Igor Araujo, além de Compra em Peruíbe, temos Avaliação, Descrição com IA, Consultoria Proptech que ajudam a vender/alugar mais rápido. Quer que eu envie detalhes?",https://wa.me/551994134352?text=Igor%20Araujo%2C%20al%C3%A9m%20de%20Compra%20em%20Peru%C3%ADbe%2C%20temos%20Avaliaç%C3%A3o%2C%20Descriç%C3%A3o%20com%20IA%2C%20Consultoria%20Proptech%20que%20ajudam%20a%20vender/alugar%20mais%20r%C3%A1pido.%20Quer%20que%20eu%20envie%20detalhes%3F,2026-07-24,10,313,15:00 - 18:00,Oferecer serviço complementar: ,whatsapp
Xavier Ribeiro,551340084271,Peruíbe,Compra,cross-sell,"Xavier Ribeiro, além de Compra em Peruíbe, temos Avaliação, Descrição com IA, Consultoria Proptech que ajudam a vender/alugar mais rápido. Quer que eu envie detalhes?",https://wa.me/551340084271?text=Xavier%20Ribeiro%2C%20al%C3%A9m%20de%20Compra%20em%20Peru%C3%ADbe%2C%20temos%20Avaliaç%C3%A3o%2C%20Descriç%C3%A3o%20com%20IA%2C%20Consultoria%20Proptech%20que%20ajudam%20a%20vender/alugar%20mais%20r%C3%A1pido.%20Quer%20que%20eu%20envie%20detalhes%3F,2026-07-24,10,314,15:00 - 18:00,Oferecer serviço complementar: ,whatsapp
Tiago Lima,551877520471,Peruíbe,Compra,cross-sell,"Tiago Lima, além de Compra em Peruíbe, temos Avaliação, Descrição com IA, Consultoria Proptech que ajudam a vender/alugar mais rápido. Quer que eu envie detalhes?",https://wa.me/551877520471?text=Tiago%20Lima%2C%20al%C3%A9m%20de%20Compra%20em%20Peru%C3%ADbe%2C%20temos%20Avaliaç%C3%A3o%2C%20Descriç%C3%A3o%20com%20IA%2C%20Consultoria%20Proptech%20que%20ajudam%20a%20vender/alugar%20mais%20r%C3%A1pido.%20Quer%20que%20eu%20envie%20detalhes%3F,2026-07-24,10,315,15:00 - 18:00,Oferecer serviço complementar: ,whatsapp
Nicholas Ferreira,551290229413,Peruíbe,Aluguel,cross-sell,"Nicholas Ferreira, além de Aluguel em Peruíbe, temos Captação Digital, Automação, SEO Local que ajudam a vender/alugar mais rápido. Quer que eu envie detalhes?",https://wa.me/551290229413?text=Nicholas%20Ferreira%2C%20al%C3%A9m%20de%20Aluguel%20em%20Peru%C3%ADbe%2C%20temos%20Captaç%C3%A3o%20Digital%2C%20Automaç%C3%A3o%2C%20SEO%20Local%20que%20ajudam%20a%20vender/alugar%20mais%20r%C3%A1pido.%20Quer%20que%20eu%20envie%20detalhes%3F,2026-07-24,10,316,15:00 - 18:00,Oferecer serviço complementar: ,whatsapp
Ursula Almeida,551486774964,Peruíbe,Compra,cross-sell,"Ursula Almeida, além de Compra em Peruíbe, temos Avaliação, Descrição com IA, Consultoria Proptech que ajudam a vender/alugar mais rápido. Quer que eu envie detalhes?",https://wa.me/551486774964?text=Ursula%20Almeida%2C%20al%C3%A9m%20de%20Compra%20em%20Peru%C3%ADbe%2C%20temos%20Avaliaç%C3%A3o%2C%20Descriç%C3%A3o%20com%20IA%2C%20Consultoria%20Proptech%20que%20ajudam%20a%20vender/alugar%20mais%20r%C3%A1pido.%20Quer%20que%20eu%20envie%20detalhes%3F,2026-07-24,10,317,15:00 - 18:00,Oferecer serviço complementar: ,whatsapp
Bruno Almeida,551233412328,Peruíbe,Compra,cross-sell,"Bruno Almeida, além de Compra em Peruíbe, temos Avaliação, Descrição com IA, Consultoria Proptech que ajudam a vender/alugar mais rápido. Quer que eu envie detalhes?",https://wa.me/551233412328?text=Bruno%20Almeida%2C%20al%C3%A9m%20de%20Compra%20em%20Peru%C3%ADbe%2C%20temos%20Avaliaç%C3%A3o%2C%20Descriç%C3%A3o%20com%20IA%2C%20Consultoria%20Proptech%20que%20ajudam%20a%20vender/alugar%20mais%20r%C3%A1pido.%20Quer%20que%20eu%20envie%20detalhes%3F,2026-07-24,10,318,15:00 - 18:00,Oferecer serviço complementar: ,whatsapp
Olivia Ferreira,551840344713,Peruíbe,Compra,cross-sell,"Olivia Ferreira, além de Compra em Peruíbe, temos Avaliação, Descrição com IA, Consultoria Proptech que ajudam a vender/alugar mais rápido. Quer que eu envie detalhes?",https://wa.me/551840344713?text=Olivia%20Ferreira%2C%20al%C3%A9m%20de%20Compra%20em%20Peru%C3%ADbe%2C%20temos%20Avaliaç%C3%A3o%2C%20Descriç%C3%A3o%20com%20IA%2C%20Consultoria%20Proptech%20que%20ajudam%20a%20vender/alugar%20mais%20r%C3%A1pido.%20Quer%20que%20eu%20envie%20detalhes%3F,2026-07-24,10,319,15:00 - 18:00,Oferecer serviço complementar: ,whatsapp
Vinicius Almeida,551461832421,Peruíbe,Aluguel,cross-sell,"Vinicius Almeida, além de Aluguel em Peruíbe, temos Captação Digital, Automação, SEO Local que ajudam a vender/alugar mais rápido. Quer que eu envie detalhes?",https://wa.me/551461832421?text=Vinicius%20Almeida%2C%20al%C3%A9m%20de%20Aluguel%20em%20Peru%C3%ADbe%2C%20temos%20Captaç%C3%A3o%20Digital%2C%20Automaç%C3%A3o%2C%20SEO%20Local%20que%20ajudam%20a%20vender/alugar%20mais%20r%C3%A1pido.%20Quer%20que%20eu%20envie%20detalhes%3F,2026-07-24,10,320,15:00 - 18:00,Oferecer serviço complementar: ,whatsapp
