arquivo_origem,link_atual,tipo_de_destino,destino_sugerido,confianca_sugestao,motivo,acao_recomendada
blog/10-artigos-seo-litoral-paulista-2026.html,../servicos.html,interno_relativo,,,,
blog/10-artigos-seo-litoral-paulista-2026.html,../education/cursos/index.html,interno_relativo,,,,
blog/10-artigos-seo-litoral-paulista-2026.html,../cidades/santos.html,interno_relativo,,,,
blog/10-artigos-seo-litoral-paulista-2026.html,../bairros/index.html,interno_relativo,,,,
blog/10-artigos-seo-litoral-paulista-2026.html,../sitemap.xml,interno_relativo,,,,
blog/5-sinais-imovel-subvalorizado-litoral-2026-08-05.html,../sitemap.xml,interno_relativo,,,,
blog/5-sinais-imovel-subvalorizado-litoral-2026-08-05.html,../servicos.html,interno_relativo,,,,
blog/5-sinais-imovel-subvalorizado-litoral-2026-08-05.html,../education/cursos/index.html,interno_relativo,,,,
blog/5-sinais-imovel-subvalorizado-litoral-2026-08-05.html,../cidades/santos.html,interno_relativo,,,,
blog/5-sinais-imovel-subvalorizado-litoral-2026-08-05.html,../bairros/index.html,interno_relativo,,,,
blog/ab-testing-anuncios-imobiliarios-locais-litoral-2026.html,../marketing-digital-pequenas-imobiliarias-litoral-2026.html,interno_relativo,,,,
blog/ab-testing-anuncios-imobiliarios-locais-litoral-2026.html,../roi-marketing-digital-imobiliaria-litoral-2026.html,interno_relativo,,,,
blog/abordagem-captacao-imoveis-alto-padrao-litoral-2026.html,prospeccao-proprietarios-imoveis-luxo-litoral-2026.html,interno_relativo,,,,
blog/abordagem-captacao-imoveis-alto-padrao-litoral-2026.html,avaliacao-imoveis-luxo-litoral-2026.html,interno_relativo,,,,
blog/abordagem-captacao-imoveis-alto-padrao-litoral-2026.html,../servicos.html,interno_relativo,,,,
blog/abordagem-captacao-imoveis-alto-padrao-litoral-2026.html,../education/cursos/index.html,interno_relativo,,,,
blog/abordagem-captacao-imoveis-alto-padrao-litoral-2026.html,../cidades/santos.html,interno_relativo,,,,
blog/abordagem-captacao-imoveis-alto-padrao-litoral-2026.html,../bairros/index.html,interno_relativo,,,,
blog/abordagem-captacao-imoveis-alto-padrao-litoral-2026.html,../sitemap.xml,interno_relativo,,,,
blog/abordagem-proprietarios-whatsapp-litoral-2026.html,../education/formacoes/captacao-imoveis.html,interno_relativo,,,,
blog/acelerar-fechamento-vendas-litoral-paulista-2026.html,../crm-para-corretores-primeiro-contato-fechamento.html,interno_relativo,,,,
blog/acelerar-fechamento-vendas-litoral-paulista-2026.html,../roteiro-whatsapp-corretores-litoral-paulista-primeiro-contato-fechamento-2026.html,interno_relativo,,,,
blog/acelerar-fechamento-vendas-litoral-paulista-2026.html,../education/formacoes/formacao-corretor-imoveis-litoral.html,interno_relativo,,,,
blog/acidente-imovel-litoral-responsabilidade-proprietario-2026.html,../protecao-legal-compra-imovel-litoral-2026.html,interno_relativo,,,,
blog/acordo-imovel-praia-2026.html,../servicos.html,interno_relativo,,,,
blog/acordo-imovel-praia-2026.html,../education/cursos/index.html,interno_relativo,,,,
blog/acordo-imovel-praia-2026.html,../cidades/santos.html,interno_relativo,,,,
blog/acordo-imovel-praia-2026.html,../bairros/index.html,interno_relativo,,,,
blog/acordo-imovel-praia-2026.html,../sitemap.xml,interno_relativo,,,,
blog/agencia-ia-imobiliaria-litoral.html,/,interno_absoluto,,,,
blog/agencia-ia-imobiliaria-litoral.html,../sitemap.xml,interno_relativo,,,,
blog/agencia-ia-imobiliaria-litoral.html,../servicos.html,interno_relativo,,,,
blog/agencia-ia-imobiliaria-litoral.html,../education/cursos/index.html,interno_relativo,,,,
blog/agencia-ia-imobiliaria-litoral.html,../cidades/santos.html,interno_relativo,,,,
blog/agencia-ia-imobiliaria-litoral.html,../bairros/index.html,interno_relativo,,,,
blog/agendamento-visita-call-to-action-litoral-2026.html,automacao-agendamento-visitas-litoral-2026.html,interno_relativo,,,,
blog/agendamento-visita-call-to-action-litoral-2026.html,roteiro-visita-imovel-sem-software-2026.html,interno_relativo,,,,
blog/agendamento-visita-call-to-action-litoral-2026.html,../servicos.html,interno_relativo,,,,
blog/agendamento-visita-call-to-action-litoral-2026.html,../education/cursos/index.html,interno_relativo,,,,
blog/agendamento-visita-call-to-action-litoral-2026.html,../cidades/santos.html,interno_relativo,,,,
blog/agendamento-visita-call-to-action-litoral-2026.html,../bairros/index.html,interno_relativo,,,,
blog/agendamento-visita-call-to-action-litoral-2026.html,../sitemap.xml,interno_relativo,,,,
blog/agente-digital-corretores-imoveis-litoral-2026.html,../servicos.html,interno_relativo,,,,
blog/agente-digital-corretores-imoveis-litoral-2026.html,../education/cursos/index.html,interno_relativo,,,,
blog/agente-digital-corretores-imoveis-litoral-2026.html,../cidades/santos.html,interno_relativo,,,,
blog/agente-digital-corretores-imoveis-litoral-2026.html,../bairros/index.html,interno_relativo,,,,
blog/agente-digital-corretores-imoveis-litoral-2026.html,../sitemap.xml,interno_relativo,,,,
blog/agentes-internacionais-imoveis-litoral-paulista-2026.html,marketing-digital-imoveis-luxo-exterior-litoral-2026.html,interno_relativo,,,,
blog/agentes-internacionais-imoveis-litoral-paulista-2026.html,parcerias-construtoras-litoral-paulista-2026.html,interno_relativo,,,,
blog/agentes-internacionais-imoveis-litoral-paulista-2026.html,../servicos.html,interno_relativo,,,,
blog/agentes-internacionais-imoveis-litoral-paulista-2026.html,../education/cursos/index.html,interno_relativo,,,,
blog/agentes-internacionais-imoveis-litoral-paulista-2026.html,../cidades/santos.html,interno_relativo,,,,
blog/agentes-internacionais-imoveis-litoral-paulista-2026.html,../bairros/index.html,interno_relativo,,,,
blog/agentes-internacionais-imoveis-litoral-paulista-2026.html,../sitemap.xml,interno_relativo,,,,
blog/airbnb-boa-paginao-primeiro-mes-litoral-2026.html,../estrategia-preco-dinamico-temporada-litoral-2026.html,interno_relativo,,,,
blog/airbnb-boa-paginao-primeiro-mes-litoral-2026.html,../gestao-temporada-checkin-checkout-sem-dor-2026.html,interno_relativo,,,,
blog/airbnb-boa-paginao-primeiro-mes-litoral-2026.html,../documentacao-aluguel-temporada-litoral-2026.html,interno_relativo,,,,
blog/airbnb-corporativo-litoral.html,../education/formacoes/locacao-temporada-administracao.html,interno_relativo,,,,
blog/airbnb-ou-aluguel-anual-2026.html,../servicos.html,interno_relativo,,,,
blog/airbnb-ou-aluguel-anual-2026.html,../education/cursos/index.html,interno_relativo,,,,
blog/airbnb-ou-aluguel-anual-2026.html,../cidades/santos.html,interno_relativo,,,,
blog/airbnb-ou-aluguel-anual-2026.html,../bairros/index.html,interno_relativo,,,,
blog/airbnb-ou-aluguel-anual-2026.html,../education/formacoes/locacao-temporada-administracao.html,interno_relativo,,,,
blog/airbnb-ou-aluguel-anual-2026.html,../sitemap.xml,interno_relativo,,,,
blog/airbnb-vs-booking-litoral-sp.html,../education/formacoes/locacao-temporada-administracao.html,interno_relativo,,,,
blog/alta-temporada-2026-imobiliaria-litoral.html,../servicos.html,interno_relativo,,,,
blog/alta-temporada-2026-imobiliaria-litoral.html,../education/cursos/index.html,interno_relativo,,,,
blog/alta-temporada-2026-imobiliaria-litoral.html,../cidades/santos.html,interno_relativo,,,,
blog/alta-temporada-2026-imobiliaria-litoral.html,../bairros/index.html,interno_relativo,,,,
blog/alta-temporada-2026-imobiliaria-litoral.html,../sitemap.xml,interno_relativo,,,,
blog/alta-temporada-litoral-checklist-corretores-2026-07-25.html,../sitemap.xml,interno_relativo,,,,
blog/alta-temporada-litoral-checklist-corretores-2026-07-25.html,../servicos.html,interno_relativo,,,,
blog/alta-temporada-litoral-checklist-corretores-2026-07-25.html,../education/cursos/index.html,interno_relativo,,,,
blog/alta-temporada-litoral-checklist-corretores-2026-07-25.html,../cidades/santos.html,interno_relativo,,,,
blog/alta-temporada-litoral-checklist-corretores-2026-07-25.html,../bairros/index.html,interno_relativo,,,,
blog/alugar-apartamento-verao-santos-em-santos-2026-07-13.html,../servicos.html,interno_relativo,,,,
blog/alugar-apartamento-verao-santos-em-santos-2026-07-13.html,../education/cursos/index.html,interno_relativo,,,,
blog/alugar-apartamento-verao-santos-em-santos-2026-07-13.html,../cidades/santos.html,interno_relativo,,,,
blog/alugar-apartamento-verao-santos-em-santos-2026-07-13.html,../bairros/index.html,interno_relativo,,,,
blog/alugar-apartamento-verao-santos-em-santos-2026-07-13.html,../sitemap.xml,interno_relativo,,,,
blog/alugar-imovel-litoral-2026.html,../servicos.html,interno_relativo,,,,
blog/alugar-imovel-litoral-2026.html,../education/cursos/index.html,interno_relativo,,,,
blog/alugar-imovel-litoral-2026.html,../cidades/santos.html,interno_relativo,,,,
blog/alugar-imovel-litoral-2026.html,../bairros/index.html,interno_relativo,,,,
blog/alugar-imovel-litoral-2026.html,../sitemap.xml,interno_relativo,,,,
blog/alugar-imovel-temporada-guia-proprietario-litoral-2026.html,../servicos.html,interno_relativo,,,,
blog/alugar-imovel-temporada-guia-proprietario-litoral-2026.html,../education/cursos/index.html,interno_relativo,,,,
blog/alugar-imovel-temporada-guia-proprietario-litoral-2026.html,../cidades/santos.html,interno_relativo,,,,
blog/alugar-imovel-temporada-guia-proprietario-litoral-2026.html,../bairros/index.html,interno_relativo,,,,
blog/alugar-imovel-temporada-guia-proprietario-litoral-2026.html,../sitemap.xml,interno_relativo,,,,
blog/alugar-imovel-temporada-verao-2026.html,../servicos.html,interno_relativo,,,,
blog/alugar-imovel-temporada-verao-2026.html,../education/cursos/index.html,interno_relativo,,,,
blog/alugar-imovel-temporada-verao-2026.html,../cidades/santos.html,interno_relativo,,,,
blog/alugar-imovel-temporada-verao-2026.html,../bairros/index.html,interno_relativo,,,,
blog/alugar-imovel-temporada-verao-2026.html,../sitemap.xml,interno_relativo,,,,
blog/alugar-ou-comprar-imovel-litoral-decisao-2026.html,../rentabilidade-imoveis-praia-roi-cidade-litoral-2026.html,interno_relativo,,,,
blog/alugar-ou-comprar-imovel-litoral-decisao-2026.html,../guia-investidor-imovel-litoral.html,interno_relativo,,,,
blog/alugar-ou-comprar-imovel-litoral-decisao-2026.html,../sitemap.xml,interno_relativo,,,,
blog/alugar-temporada-barato-litoral-paulista-2026.html,../servicos.html,interno_relativo,,,,
blog/alugar-temporada-barato-litoral-paulista-2026.html,../education/cursos/index.html,interno_relativo,,,,
blog/alugar-temporada-barato-litoral-paulista-2026.html,../cidades/santos.html,interno_relativo,,,,
blog/alugar-temporada-barato-litoral-paulista-2026.html,../bairros/index.html,interno_relativo,,,,
blog/alugar-temporada-barato-litoral-paulista-2026.html,../sitemap.xml,interno_relativo,,,,
blog/alugar-vender-imovel-litoral-2026.html,../servicos.html,interno_relativo,,,,
blog/alugar-vender-imovel-litoral-2026.html,../education/cursos/index.html,interno_relativo,,,,
blog/alugar-vender-imovel-litoral-2026.html,../cidades/santos.html,interno_relativo,,,,
blog/alugar-vender-imovel-litoral-2026.html,../bairros/index.html,interno_relativo,,,,
blog/alugar-vender-imovel-litoral-2026.html,../sitemap.xml,interno_relativo,,,,
blog/aluguel-por-temporada-dicas-proprietarios-2026.html,../cases/case-imobiliaria-porto-da-lua-35-leads-2026.html,interno_relativo,,,,
blog/aluguel-por-temporada-dicas-proprietarios-2026.html,../seo-local-imobiliaria-litoral-passo-a-passo-2026-08-11.html,interno_relativo,,,,
blog/aluguel-por-temporada-dicas-proprietarios-2026.html,../captacao-imoveis-sem-anuncios-pagos-corretores-litoral-2026.html,interno_relativo,,,,
blog/aluguel-por-temporada-dicas-proprietarios-2026.html,../aluguel-por-temporada-dicas-proprietarios-2026.html,interno_relativo,,,,
blog/aluguel-por-temporada-dicas-proprietarios-2026.html,../servicos.html,interno_relativo,,,,
blog/aluguel-por-temporada-dicas-proprietarios-2026.html,../education/cursos/index.html,interno_relativo,,,,
blog/aluguel-por-temporada-dicas-proprietarios-2026.html,../cidades/santos.html,interno_relativo,,,,
blog/aluguel-por-temporada-dicas-proprietarios-2026.html,../bairros/index.html,interno_relativo,,,,
blog/aluguel-por-temporada-dicas-proprietarios-2026.html,../sitemap.xml,interno_relativo,,,,
blog/aluguel-temporada-bertioga.html,/,interno_absoluto,,,,
blog/aluguel-temporada-bertioga.html,../servicos.html,interno_relativo,,,,
blog/aluguel-temporada-bertioga.html,../education/cursos/index.html,interno_relativo,,,,
blog/aluguel-temporada-bertioga.html,../cidades/santos.html,interno_relativo,,,,
blog/aluguel-temporada-bertioga.html,../bairros/index.html,interno_relativo,,,,
blog/aluguel-temporada-bertioga.html,../sitemap.xml,interno_relativo,,,,
blog/aluguel-temporada-casa-vs-apartamento-litoral-2026.html,../checklist-aluguel-temporada-anuncio-checkout-litoral-2026.html,interno_relativo,,,,
blog/aluguel-temporada-checkin-checkout-2026.html,../gestao-aluguel-temporada-iniciantes-passo-passo-litoral-2026.html,interno_relativo,,,,
blog/aluguel-temporada-conformidade-fiscal-tributaria-proprietarios-litoral-2026.html,../documentacao-aluguel-temporada-litoral-contrato-registro-seguro-2026.html,interno_relativo,,,,
blog/aluguel-temporada-definir-preco-disponibilidade-sem-conflitos-litoral-2026.html,../estrategia-preco-dinamico-temporada-litoral-2026.html,interno_relativo,,,,
blog/aluguel-temporada-honorarios-corretor-como-calcular-2026.html,../captacao-indicacao-clientes-imobiliaria-litoral-2026.html,interno_relativo,,,,
blog/aluguel-temporada-ia-litoral.html,/,interno_absoluto,,,,
blog/aluguel-temporada-ia-litoral.html,../sitemap.xml,interno_relativo,,,,
blog/aluguel-temporada-ia-litoral.html,../servicos.html,interno_relativo,,,,
blog/aluguel-temporada-ia-litoral.html,../education/cursos/index.html,interno_relativo,,,,
blog/aluguel-temporada-ia-litoral.html,../cidades/santos.html,interno_relativo,,,,
blog/aluguel-temporada-ia-litoral.html,../bairros/index.html,interno_relativo,,,,
blog/aluguel-temporada-imoveis-luxo-litoral-2026.html,gestao-temporada-imoveis-luxo-litoral-2026.html,interno_relativo,,,,
blog/aluguel-temporada-imoveis-luxo-litoral-2026.html,avaliacao-imoveis-luxo-litoral-2026.html,interno_relativo,,,,
blog/aluguel-temporada-imoveis-luxo-litoral-2026.html,../servicos.html,interno_relativo,,,,
blog/aluguel-temporada-imoveis-luxo-litoral-2026.html,../education/cursos/index.html,interno_relativo,,,,
blog/aluguel-temporada-imoveis-luxo-litoral-2026.html,../cidades/santos.html,interno_relativo,,,,
blog/aluguel-temporada-imoveis-luxo-litoral-2026.html,../bairros/index.html,interno_relativo,,,,
blog/aluguel-temporada-imoveis-luxo-litoral-2026.html,../sitemap.xml,interno_relativo,,,,
blog/aluguel-temporada-legalidade-documentos-2026.html,../documentacao-aluguel-temporada-litoral-contrato-registro-seguro-2026.html,interno_relativo,,,,
blog/aluguel-temporada-litoral-acordo-multa-dano-reserva-2026.html,../aluguel-temporada-litoral-multa-rescisao-contrato-2026.html,interno_relativo,,,,
blog/aluguel-temporada-litoral-calendario-reservas-organizacao-2026.html,../aluguel-temporada-litoral-reserva-cancelamento-2026.html,interno_relativo,,,,
blog/aluguel-temporada-litoral-calor-casa-dicas-2026.html,../imovel-litoral-conforto-termico-clima-umido-2026.html,interno_relativo,,,,
blog/aluguel-temporada-litoral-cancelamento-flexivel-comunicacao-2026.html,../aluguel-temporada-litoral-reserva-cancelamento-2026.html,interno_relativo,,,,
blog/aluguel-temporada-litoral-cancelamento-flexivel-penalidade-2026.html,../aluguel-temporada-litoral-reserva-cancelamento-2026.html,interno_relativo,,,,
blog/aluguel-temporada-litoral-cancelamento-flexivel-rapido-2026.html,../aluguel-temporada-litoral-reserva-cancelamento-2026.html,interno_relativo,,,,
blog/aluguel-temporada-litoral-cancelamento-flexivel-reembolso-2026.html,../aluguel-temporada-litoral-reserva-cancelamento-2026.html,interno_relativo,,,,
blog/aluguel-temporada-litoral-cancelamento-flexivel-termos-2026.html,../aluguel-temporada-litoral-reserva-cancelamento-2026.html,interno_relativo,,,,
blog/aluguel-temporada-litoral-cancelamento-hospede-direitos-2026.html,../aluguel-temporada-litoral-multa-rescisao-contrato-2026.html,interno_relativo,,,,
blog/aluguel-temporada-litoral-checkin-autonomo-vantagens-2026.html,../aluguel-temporada-litoral-contrato-modelo-pronto-2026.html,interno_relativo,,,,
blog/aluguel-temporada-litoral-checkout-atrasado-checklist-2026.html,../aluguel-temporada-litoral-checkout-rapido-organizacao-2026.html,interno_relativo,,,,
blog/aluguel-temporada-litoral-checkout-atrasado-comunicacao-2026.html,../aluguel-temporada-litoral-checkout-rapido-organizacao-2026.html,interno_relativo,,,,
blog/aluguel-temporada-litoral-checkout-atrasado-gestao-2026.html,../aluguel-temporada-litoral-checkout-rapido-organizacao-2026.html,interno_relativo,,,,
blog/aluguel-temporada-litoral-checkout-atrasado-prejuizo-2026.html,../aluguel-temporada-litoral-checkout-rapido-organizacao-2026.html,interno_relativo,,,,
blog/aluguel-temporada-litoral-checkout-atrasado-prevencao-2026.html,../aluguel-temporada-litoral-checkout-rapido-organizacao-2026.html,interno_relativo,,,,
blog/aluguel-temporada-litoral-checkout-atrasado-rapido-2026.html,../aluguel-temporada-litoral-checkout-rapido-organizacao-2026.html,interno_relativo,,,,
blog/aluguel-temporada-litoral-checkout-rapido-organizacao-2026.html,../aluguel-temporada-litoral-entrega-chave-posse-2026.html,interno_relativo,,,,
blog/aluguel-temporada-litoral-contrato-modelo-pronto-2026.html,../aluguel-temporada-legalidade-documentos-2026.html,interno_relativo,,,,
blog/aluguel-temporada-litoral-entrega-chave-limpeza-2026.html,../aluguel-temporada-litoral-vistoria-entrega-danos-2026.html,interno_relativo,,,,
blog/aluguel-temporada-litoral-entrega-chave-posse-2026.html,../aluguel-temporada-litoral-vistoria-entrega-danos-2026.html,interno_relativo,,,,
blog/aluguel-temporada-litoral-experiencia-hospede-diferencial-2026.html,../aluguel-temporada-litoral-taxa-ocupacao-otimizar-2026.html,interno_relativo,,,,
blog/aluguel-temporada-litoral-feedback-hospede-avaliacao-2026.html,../aluguel-temporada-litoral-taxa-ocupacao-otimizar-2026.html,interno_relativo,,,,
blog/aluguel-temporada-litoral-guia-completo.html,../sitemap.xml,interno_relativo,,,,
blog/aluguel-temporada-litoral-guia-completo.html,../servicos.html,interno_relativo,,,,
blog/aluguel-temporada-litoral-guia-completo.html,../education/cursos/index.html,interno_relativo,,,,
blog/aluguel-temporada-litoral-guia-completo.html,../cidades/santos.html,interno_relativo,,,,
blog/aluguel-temporada-litoral-guia-completo.html,../bairros/index.html,interno_relativo,,,,
blog/aluguel-temporada-litoral-honorarios-sucumbencia-2026.html,../responsabilidade-civil-aluguel-temporada-litoral-2026.html,interno_relativo,,,,
blog/aluguel-temporada-litoral-hospede-frequente-fidelidade-2026.html,../aluguel-temporada-litoral-taxa-ocupacao-otimizar-2026.html,interno_relativo,,,,
blog/aluguel-temporada-litoral-hospede-problema-regras-2026.html,../aluguel-temporada-litoral-multa-rescisao-contrato-2026.html,interno_relativo,,,,
blog/aluguel-temporada-litoral-interrupcao-fornecimento-2026.html,../aluguel-temporada-litoral-multa-rescisao-contrato-2026.html,interno_relativo,,,,
blog/aluguel-temporada-litoral-limpeza-profundidade-checklist-2026.html,../aluguel-temporada-litoral-limpeza-rapida-primeira-locacao-2026.html,interno_relativo,,,,
blog/aluguel-temporada-litoral-limpeza-rapida-primeira-locacao-2026.html,../aluguel-temporada-litoral-manutencao-preventiva-checklist-2026.html,interno_relativo,,,,
blog/aluguel-temporada-litoral-manutencao-piscina-2026.html,../aluguel-temporada-litoral-manutencao-preventiva-checklist-2026.html,interno_relativo,,,,
blog/aluguel-temporada-litoral-manutencao-preventiva-checklist-2026.html,../reforma-imovel-litoral-rentabilidade-2026.html,interno_relativo,,,,
blog/aluguel-temporada-litoral-multa-rescisao-contrato-2026.html,../aluguel-temporada-litoral-contrato-modelo-pronto-2026.html,interno_relativo,,,,
blog/aluguel-temporada-litoral-notificacao-multa-fiscal-2026.html,../tributacao-aluguel-temporada-litoral-guia-pratico-2026.html,interno_relativo,,,,
blog/aluguel-temporada-litoral-paulista-dicas-2026.html,../servicos.html,interno_relativo,,,,
blog/aluguel-temporada-litoral-paulista-dicas-2026.html,../education/cursos/index.html,interno_relativo,,,,
blog/aluguel-temporada-litoral-paulista-dicas-2026.html,../cidades/santos.html,interno_relativo,,,,
blog/aluguel-temporada-litoral-paulista-dicas-2026.html,../bairros/index.html,interno_relativo,,,,
blog/aluguel-temporada-litoral-paulista-dicas-2026.html,../sitemap.xml,interno_relativo,,,,
blog/aluguel-temporada-litoral-politica-cancelamento-flexivel-2026.html,../aluguel-temporada-litoral-reserva-cancelamento-2026.html,interno_relativo,,,,
blog/aluguel-temporada-litoral-promocao-baixa-temporada-2026.html,../aluguel-temporada-litoral-taxa-ocupacao-otimizar-2026.html,interno_relativo,,,,
blog/aluguel-temporada-litoral-reforma-rapida-dicas-2026.html,../reforma-imovel-litoral-custo-beneficio-2026.html,interno_relativo,,,,
blog/aluguel-temporada-litoral-reserva-antecedencia-vantagens-2026.html,../aluguel-temporada-litoral-reserva-cancelamento-2026.html,interno_relativo,,,,
blog/aluguel-temporada-litoral-reserva-cancelamento-2026.html,../processo-aluguel-temporada-etapas-2026.html,interno_relativo,,,,
blog/aluguel-temporada-litoral-reserva-criancas-pet-2026.html,../aluguel-temporada-litoral-reserva-cancelamento-2026.html,interno_relativo,,,,
blog/aluguel-temporada-litoral-reserva-grupo-grande-2026.html,../aluguel-temporada-litoral-reserva-cancelamento-2026.html,interno_relativo,,,,
blog/aluguel-temporada-litoral-reserva-grupo-grande-condicoes-2026.html,../aluguel-temporada-litoral-reserva-cancelamento-2026.html,interno_relativo,,,,
blog/aluguel-temporada-litoral-reserva-grupo-grande-contrato-2026.html,../aluguel-temporada-litoral-contrato-modelo-pronto-2026.html,interno_relativo,,,,
blog/aluguel-temporada-litoral-reserva-grupo-grande-dicas-2026.html,../aluguel-temporada-litoral-contrato-modelo-pronto-2026.html,interno_relativo,,,,
blog/aluguel-temporada-litoral-reserva-grupo-grande-guia-2026.html,../aluguel-temporada-litoral-contrato-modelo-pronto-2026.html,interno_relativo,,,,
blog/aluguel-temporada-litoral-reserva-grupo-grande-organizacao-2026.html,../aluguel-temporada-litoral-contrato-modelo-pronto-2026.html,interno_relativo,,,,
blog/aluguel-temporada-litoral-reserva-grupo-grande-rapida-2026.html,../aluguel-temporada-litoral-contrato-modelo-pronto-2026.html,interno_relativo,,,,
blog/aluguel-temporada-litoral-reserva-grupo-grande-regras-2026.html,../aluguel-temporada-litoral-contrato-modelo-pronto-2026.html,interno_relativo,,,,
blog/aluguel-temporada-litoral-reserva-grupo-grande-simples-2026.html,../aluguel-temporada-litoral-contrato-modelo-pronto-2026.html,interno_relativo,,,,
blog/aluguel-temporada-litoral-reserva-ultima-hora-impacto-2026.html,../aluguel-temporada-litoral-reserva-cancelamento-2026.html,interno_relativo,,,,
blog/aluguel-temporada-litoral-sazonalidade-estrategia-2026.html,../estrategia-preco-dinamico-temporada-litoral-paulista-2026.html,interno_relativo,,,,
blog/aluguel-temporada-litoral-sinal-reserva-confirmacao-2026.html,../aluguel-temporada-litoral-reserva-cancelamento-2026.html,interno_relativo,,,,
blog/aluguel-temporada-litoral-trafego-area-compartilhada-2026.html,../aluguel-temporada-litoral-contrato-modelo-pronto-2026.html,interno_relativo,,,,
blog/aluguel-temporada-litoral-turismo-escola-ruido-2026.html,../aluguel-temporada-litoral-contrato-modelo-pronto-2026.html,interno_relativo,,,,
blog/aluguel-temporada-litoral-verificacao-disponibilidade-calendario-2026.html,../aluguel-temporada-litoral-reserva-cancelamento-2026.html,interno_relativo,,,,
blog/aluguel-temporada-manutencao-custo-2026.html,../checklist-aluguel-temporada-anuncio-checkout-litoral-2026.html,interno_relativo,,,,
blog/aluguel-temporada-melhoria-imovel-aumentar-lucratividade-litoral-2026.html,../checklist-aluguel-temporada-anuncio-checkout-litoral-2026.html,interno_relativo,,,,
blog/aluguel-temporada-reforma-imposto-renda-2026.html,../reforma-imovel-litoral-licenca-prefeitura-2026.html,interno_relativo,,,,
blog/aluguel-tradicional-vs-temporada-litoral-lucrativo-2026.html,../estrategia-preco-dinamico-temporada-litoral-2026.html,interno_relativo,,,,
blog/analise-comparativa-mercado-imobiliario-cidades-litoral-2026.html,../analise-dados-imobiliarias-litoral-pratico-2026.html,interno_relativo,,,,
blog/analise-comparativa-mercado-imobiliario-cidades-litoral-2026.html,../dashboard-imobiliario-litoral-pratico-2026.html,interno_relativo,,,,
blog/analise-dados-imobiliarias-litoral-pratico-2026.html,../dashboard-imobiliario-litoral-pratico-2026.html,interno_relativo,,,,
blog/analise-dados-imobiliarias-litoral-pratico-2026.html,../gestao-imobiliaria-litoral-equipe-processos-2026.html,interno_relativo,,,,
blog/analise-mercado-imobiliario-litoral-indicadores-decisao-compra-2026.html,../precificar-imovel-litoral-com-dados-reais-2026.html,interno_relativo,,,,
blog/analise-mercado-imobiliario-litoral-paulista-2026.html,../education/formacoes/mercado-imobiliario-litoral.html,interno_relativo,,,,
blog/analise-risco-imoveis-planta-litoral-proteger-investimento-2026.html,../imoveis-na-planta-litoral-vantagens-riscos-2026.html,interno_relativo,,,,
blog/analise-roi-imoveis-litoral-temporada-2026.html,../risco-operacional-imobiliarias-litoral-temporada-2026.html,interno_relativo,,,,
blog/analise-roi-imoveis-litoral-temporada-2026.html,../gestao-imobiliaria-litoral-equipe-processos-2026.html,interno_relativo,,,,
blog/analise-roi-imoveis-temporada-litoral-metricas-2026.html,../rentabilidade-imoveis-praia-roi-cidade-litoral-2026.html,interno_relativo,,,,
blog/analise-seo-imobiliarias-litoral-oportunidades-2026.html,../servicos.html,interno_relativo,,,,
blog/analise-seo-imobiliarias-litoral-oportunidades-2026.html,../education/cursos/index.html,interno_relativo,,,,
blog/analise-seo-imobiliarias-litoral-oportunidades-2026.html,../cidades/santos.html,interno_relativo,,,,
blog/analise-seo-imobiliarias-litoral-oportunidades-2026.html,../bairros/index.html,interno_relativo,,,,
blog/analise-seo-imobiliarias-litoral-oportunidades-2026.html,../sitemap.xml,interno_relativo,,,,
blog/angra-dos-reis-ilha-grande-2026-sp-2026-07-14.html,../servicos.html,interno_relativo,,,,
blog/angra-dos-reis-ilha-grande-2026-sp-2026-07-14.html,../education/cursos/index.html,interno_relativo,,,,
blog/angra-dos-reis-ilha-grande-2026-sp-2026-07-14.html,../cidades/santos.html,interno_relativo,,,,
blog/angra-dos-reis-ilha-grande-2026-sp-2026-07-14.html,../bairros/index.html,interno_relativo,,,,
blog/angra-dos-reis-ilha-grande-2026-sp-2026-07-14.html,../sitemap.xml,interno_relativo,,,,
blog/antecipar-venda-imovel-litoral-preparar-2026.html,../checklist-venda-imovel-litoral-anuncio-photos-2026.html,interno_relativo,,,,
blog/antes-procurar-imovel-litoral-passos-2026.html,../checklist-unico-compra-imovel-litoral-2026.html,interno_relativo,,,,
blog/anunciar-imoveis-litoral-sem-anuncios-pagos-2026.html,anuncios-facebook-instagram-imoveis-litoral-2026.html,interno_relativo,,,,
blog/anunciar-imoveis-litoral-sem-anuncios-pagos-2026.html,seo-local-imobiliarias-litoral-paulista-2026.html,interno_relativo,,,,
blog/anunciar-imoveis-litoral-sem-anuncios-pagos-2026.html,../servicos.html,interno_relativo,,,,
blog/anunciar-imoveis-litoral-sem-anuncios-pagos-2026.html,../education/cursos/index.html,interno_relativo,,,,
blog/anunciar-imoveis-litoral-sem-anuncios-pagos-2026.html,../cidades/santos.html,interno_relativo,,,,
blog/anunciar-imoveis-litoral-sem-anuncios-pagos-2026.html,../bairros/index.html,interno_relativo,,,,
blog/anunciar-imoveis-litoral-sem-anuncios-pagos-2026.html,../sitemap.xml,interno_relativo,,,,
blog/anuncio-imovel-bairro-nobre-sem-generico-2026-08-06.html,../sitemap.xml,interno_relativo,,,,
blog/anuncio-imovel-bairro-nobre-sem-generico-2026-08-06.html,../servicos.html,interno_relativo,,,,
blog/anuncio-imovel-bairro-nobre-sem-generico-2026-08-06.html,../education/cursos/index.html,interno_relativo,,,,
blog/anuncio-imovel-bairro-nobre-sem-generico-2026-08-06.html,../cidades/santos.html,interno_relativo,,,,
blog/anuncio-imovel-bairro-nobre-sem-generico-2026-08-06.html,../bairros/index.html,interno_relativo,,,,
blog/anuncios-facebook-instagram-imoveis-litoral-2026.html,../education/formacoes/marketing-imobiliario.html,interno_relativo,,,,
blog/anuncios-locais-instagram-imobiliarias-litoral-2026.html,../education/formacoes/marketing-imobiliario.html,interno_relativo,,,,
blog/apartamento-barra-norte-2026.html,../servicos.html,interno_relativo,,,,
blog/apartamento-barra-norte-2026.html,../education/cursos/index.html,interno_relativo,,,,
blog/apartamento-barra-norte-2026.html,../cidades/santos.html,interno_relativo,,,,
blog/apartamento-barra-norte-2026.html,../bairros/index.html,interno_relativo,,,,
blog/apartamento-barra-norte-2026.html,../sitemap.xml,interno_relativo,,,,
blog/apartamento-centro-historico-2026.html,../servicos.html,interno_relativo,,,,
blog/apartamento-centro-historico-2026.html,../education/cursos/index.html,interno_relativo,,,,
blog/apartamento-centro-historico-2026.html,../cidades/santos.html,interno_relativo,,,,
blog/apartamento-centro-historico-2026.html,../bairros/index.html,interno_relativo,,,,
blog/apartamento-centro-historico-2026.html,../sitemap.xml,interno_relativo,,,,
blog/apartamento-centro-historico-investimento-2026.html,../servicos.html,interno_relativo,,,,
blog/apartamento-centro-historico-investimento-2026.html,../education/cursos/index.html,interno_relativo,,,,
blog/apartamento-centro-historico-investimento-2026.html,../cidades/santos.html,interno_relativo,,,,
blog/apartamento-centro-historico-investimento-2026.html,../bairros/index.html,interno_relativo,,,,
blog/apartamento-centro-historico-investimento-2026.html,../sitemap.xml,interno_relativo,,,,
blog/apartamento-costa-verde-2026.html,../servicos.html,interno_relativo,,,,
blog/apartamento-costa-verde-2026.html,../education/cursos/index.html,interno_relativo,,,,
blog/apartamento-costa-verde-2026.html,../cidades/santos.html,interno_relativo,,,,
blog/apartamento-costa-verde-2026.html,../bairros/index.html,interno_relativo,,,,
blog/apartamento-costa-verde-2026.html,../sitemap.xml,interno_relativo,,,,
blog/apartamento-costa-verde-luxo-2026.html,../servicos.html,interno_relativo,,,,
blog/apartamento-costa-verde-luxo-2026.html,../education/cursos/index.html,interno_relativo,,,,
blog/apartamento-costa-verde-luxo-2026.html,../cidades/santos.html,interno_relativo,,,,
blog/apartamento-costa-verde-luxo-2026.html,../bairros/index.html,interno_relativo,,,,
blog/apartamento-costa-verde-luxo-2026.html,../sitemap.xml,interno_relativo,,,,
blog/apartamento-litoral-norte-2026.html,../servicos.html,interno_relativo,,,,
blog/apartamento-litoral-norte-2026.html,../education/cursos/index.html,interno_relativo,,,,
blog/apartamento-litoral-norte-2026.html,../cidades/santos.html,interno_relativo,,,,
blog/apartamento-litoral-norte-2026.html,../bairros/index.html,interno_relativo,,,,
blog/apartamento-litoral-norte-2026.html,../sitemap.xml,interno_relativo,,,,
blog/apartamento-porto-da-lua-investimento-2026.html,../servicos.html,interno_relativo,,,,
blog/apartamento-porto-da-lua-investimento-2026.html,../education/cursos/index.html,interno_relativo,,,,
blog/apartamento-porto-da-lua-investimento-2026.html,../cidades/santos.html,interno_relativo,,,,
blog/apartamento-porto-da-lua-investimento-2026.html,../bairros/index.html,interno_relativo,,,,
blog/apartamento-porto-da-lua-investimento-2026.html,../sitemap.xml,interno_relativo,,,,
blog/apartamento-venda-santos-ia.html,/,interno_absoluto,,,,
blog/apartamento-venda-santos-ia.html,../sitemap.xml,interno_relativo,,,,
blog/apartamento-venda-santos-ia.html,../servicos.html,interno_relativo,,,,
blog/apartamento-venda-santos-ia.html,../education/cursos/index.html,interno_relativo,,,,
blog/apartamento-venda-santos-ia.html,../cidades/santos.html,interno_relativo,,,,
blog/apartamento-venda-santos-ia.html,../bairros/index.html,interno_relativo,,,,
blog/apartamentos-venda-na-praia-2026.html,../servicos.html,interno_relativo,,,,
blog/apartamentos-venda-na-praia-2026.html,../education/cursos/index.html,interno_relativo,,,,
blog/apartamentos-venda-na-praia-2026.html,../cidades/santos.html,interno_relativo,,,,
blog/apartamentos-venda-na-praia-2026.html,../bairros/index.html,interno_relativo,,,,
blog/apartamentos-venda-na-praia-2026.html,../sitemap.xml,interno_relativo,,,,
blog/aposentado-bertioga-ia.html,/,interno_absoluto,,,,
blog/aposentado-bertioga-ia.html,../sitemap.xml,interno_relativo,,,,
blog/aposentado-bertioga-ia.html,../servicos.html,interno_relativo,,,,
blog/aposentado-bertioga-ia.html,../education/cursos/index.html,interno_relativo,,,,
blog/aposentado-bertioga-ia.html,../cidades/santos.html,interno_relativo,,,,
blog/aposentado-bertioga-ia.html,../bairros/index.html,interno_relativo,,,,
blog/aposentado-bertioga-ia.html,../education/formacoes/financiamento-imobiliario.html,interno_relativo,,,,
blog/aposentado-mongagua-ia.html,/,interno_absoluto,,,,
blog/aposentado-mongagua-ia.html,../sitemap.xml,interno_relativo,,,,
blog/aposentado-mongagua-ia.html,../servicos.html,interno_relativo,,,,
blog/aposentado-mongagua-ia.html,../education/cursos/index.html,interno_relativo,,,,
blog/aposentado-mongagua-ia.html,../cidades/santos.html,interno_relativo,,,,
blog/aposentado-mongagua-ia.html,../bairros/index.html,interno_relativo,,,,
blog/aposentado-mongagua-ia.html,../education/formacoes/financiamento-imobiliario.html,interno_relativo,,,,
blog/apto-aposentado-sao-vicente-ia.html,/,interno_absoluto,,,,
blog/apto-aposentado-sao-vicente-ia.html,../sitemap.xml,interno_relativo,,,,
blog/apto-aposentado-sao-vicente-ia.html,../servicos.html,interno_relativo,,,,
blog/apto-aposentado-sao-vicente-ia.html,../education/cursos/index.html,interno_relativo,,,,
blog/apto-aposentado-sao-vicente-ia.html,../cidades/santos.html,interno_relativo,,,,
blog/apto-aposentado-sao-vicente-ia.html,../bairros/index.html,interno_relativo,,,,
blog/apto-familia-zona-norte-santos-ia.html,/,interno_absoluto,,,,
blog/apto-familia-zona-norte-santos-ia.html,../sitemap.xml,interno_relativo,,,,
blog/apto-familia-zona-norte-santos-ia.html,../servicos.html,interno_relativo,,,,
blog/apto-familia-zona-norte-santos-ia.html,../education/cursos/index.html,interno_relativo,,,,
blog/apto-familia-zona-norte-santos-ia.html,../cidades/santos.html,interno_relativo,,,,
blog/apto-familia-zona-norte-santos-ia.html,../bairros/index.html,interno_relativo,,,,
blog/apto-frente-mar-santos-ia.html,/,interno_absoluto,,,,
blog/apto-frente-mar-santos-ia.html,../sitemap.xml,interno_relativo,,,,
blog/apto-frente-mar-santos-ia.html,../servicos.html,interno_relativo,,,,
blog/apto-frente-mar-santos-ia.html,../education/cursos/index.html,interno_relativo,,,,
blog/apto-frente-mar-santos-ia.html,../cidades/santos.html,interno_relativo,,,,
blog/apto-frente-mar-santos-ia.html,../bairros/index.html,interno_relativo,,,,
blog/apto-investidor-guaruja-zona-leste-ia.html,/,interno_absoluto,,,,
blog/apto-investidor-guaruja-zona-leste-ia.html,../sitemap.xml,interno_relativo,,,,
blog/apto-investidor-guaruja-zona-leste-ia.html,../servicos.html,interno_relativo,,,,
blog/apto-investidor-guaruja-zona-leste-ia.html,../education/cursos/index.html,interno_relativo,,,,
blog/apto-investidor-guaruja-zona-leste-ia.html,../cidades/santos.html,interno_relativo,,,,
blog/apto-investidor-guaruja-zona-leste-ia.html,../bairros/index.html,interno_relativo,,,,
blog/arraial-do-cabo-mergulho-2026-sp-2026-07-14.html,../servicos.html,interno_relativo,,,,
blog/arraial-do-cabo-mergulho-2026-sp-2026-07-14.html,../education/cursos/index.html,interno_relativo,,,,
blog/arraial-do-cabo-mergulho-2026-sp-2026-07-14.html,../cidades/santos.html,interno_relativo,,,,
blog/arraial-do-cabo-mergulho-2026-sp-2026-07-14.html,../bairros/index.html,interno_relativo,,,,
blog/arraial-do-cabo-mergulho-2026-sp-2026-07-14.html,../sitemap.xml,interno_relativo,,,,
blog/assinatura-profissional-corretores-litoral-2026.html,../plano-assinatura-profissionais-imobiliario-2026.html,interno_relativo,,,,
blog/assinatura-profissional-corretores-litoral-2026.html,comparativo-ferramentas-imobiliaria-litoral-2026.html,interno_relativo,,,,
blog/assinatura-profissional-corretores-litoral-2026.html,../servicos.html,interno_relativo,,,,
blog/assinatura-profissional-corretores-litoral-2026.html,../education/cursos/index.html,interno_relativo,,,,
blog/assinatura-profissional-corretores-litoral-2026.html,../cidades/santos.html,interno_relativo,,,,
blog/assinatura-profissional-corretores-litoral-2026.html,../bairros/index.html,interno_relativo,,,,
blog/assinatura-profissional-corretores-litoral-2026.html,../sitemap.xml,interno_relativo,,,,
blog/assinatura-profissional-corretores-litoral-quando-vale-2026.html,../servicos.html,interno_relativo,,,,
blog/assinatura-profissional-corretores-litoral-quando-vale-2026.html,../education/cursos/index.html,interno_relativo,,,,
blog/assinatura-profissional-corretores-litoral-quando-vale-2026.html,../cidades/santos.html,interno_relativo,,,,
blog/assinatura-profissional-corretores-litoral-quando-vale-2026.html,../bairros/index.html,interno_relativo,,,,
blog/assinatura-profissional-corretores-litoral-quando-vale-2026.html,../sitemap.xml,interno_relativo,,,,
blog/assistente-virtual-compradores-fluxo-2026-07-23.html,../sitemap.xml,interno_relativo,,,,
blog/assistente-virtual-compradores-fluxo-2026-07-23.html,../servicos.html,interno_relativo,,,,
blog/assistente-virtual-compradores-fluxo-2026-07-23.html,../education/cursos/index.html,interno_relativo,,,,
blog/assistente-virtual-compradores-fluxo-2026-07-23.html,../cidades/santos.html,interno_relativo,,,,
blog/assistente-virtual-compradores-fluxo-2026-07-23.html,../bairros/index.html,interno_relativo,,,,
blog/assistente-virtual-imobiliaria-litoral-2026.html,../servicos.html,interno_relativo,,,,
blog/assistente-virtual-imobiliaria-litoral-2026.html,../education/cursos/index.html,interno_relativo,,,,
blog/assistente-virtual-imobiliaria-litoral-2026.html,../cidades/santos.html,interno_relativo,,,,
blog/assistente-virtual-imobiliaria-litoral-2026.html,../bairros/index.html,interno_relativo,,,,
blog/assistente-virtual-imobiliaria-litoral-2026.html,../sitemap.xml,interno_relativo,,,,
blog/assistente-virtual-imoveis-litoral-implementar-2026.html,../servicos.html,interno_relativo,,,,
blog/assistente-virtual-imoveis-litoral-implementar-2026.html,../education/cursos/index.html,interno_relativo,,,,
blog/assistente-virtual-imoveis-litoral-implementar-2026.html,../cidades/santos.html,interno_relativo,,,,
blog/assistente-virtual-imoveis-litoral-implementar-2026.html,../bairros/index.html,interno_relativo,,,,
blog/assistente-virtual-imoveis-litoral-implementar-2026.html,../sitemap.xml,interno_relativo,,,,
blog/automacao-agendamento-visitas-corretores-2026.html,../servicos.html,interno_relativo,,,,
blog/automacao-agendamento-visitas-corretores-2026.html,../education/cursos/index.html,interno_relativo,,,,
blog/automacao-agendamento-visitas-corretores-2026.html,../cidades/santos.html,interno_relativo,,,,
blog/automacao-agendamento-visitas-corretores-2026.html,../bairros/index.html,interno_relativo,,,,
blog/automacao-agendamento-visitas-corretores-2026.html,../sitemap.xml,interno_relativo,,,,
blog/automacao-agendamento-visitas-litoral-2026.html,../servicos.html,interno_relativo,,,,
blog/automacao-agendamento-visitas-litoral-2026.html,../education/cursos/index.html,interno_relativo,,,,
blog/automacao-agendamento-visitas-litoral-2026.html,../cidades/santos.html,interno_relativo,,,,
blog/automacao-agendamento-visitas-litoral-2026.html,../bairros/index.html,interno_relativo,,,,
blog/automacao-agendamento-visitas-litoral-2026.html,../sitemap.xml,interno_relativo,,,,
blog/automacao-agendamento-visitas-litoral-paulista-2026.html,../servicos.html,interno_relativo,,,,
blog/automacao-agendamento-visitas-litoral-paulista-2026.html,../education/cursos/index.html,interno_relativo,,,,
blog/automacao-agendamento-visitas-litoral-paulista-2026.html,../cidades/santos.html,interno_relativo,,,,
blog/automacao-agendamento-visitas-litoral-paulista-2026.html,../bairros/index.html,interno_relativo,,,,
blog/automacao-agendamento-visitas-litoral-paulista-2026.html,../sitemap.xml,interno_relativo,,,,
blog/automacao-alugueis-temporada-ia.html,/,interno_absoluto,,,,
blog/automacao-alugueis-temporada-ia.html,../sitemap.xml,interno_relativo,,,,
blog/automacao-alugueis-temporada-ia.html,../servicos.html,interno_relativo,,,,
blog/automacao-alugueis-temporada-ia.html,../education/cursos/index.html,interno_relativo,,,,
blog/automacao-alugueis-temporada-ia.html,../cidades/santos.html,interno_relativo,,,,
blog/automacao-alugueis-temporada-ia.html,../bairros/index.html,interno_relativo,,,,
blog/automacao-aluguel-temporada-litoral.html,/,interno_absoluto,,,,
blog/automacao-aluguel-temporada-litoral.html,../sitemap.xml,interno_relativo,,,,
blog/automacao-aluguel-temporada-litoral.html,../servicos.html,interno_relativo,,,,
blog/automacao-aluguel-temporada-litoral.html,../education/cursos/index.html,interno_relativo,,,,
blog/automacao-aluguel-temporada-litoral.html,../cidades/santos.html,interno_relativo,,,,
blog/automacao-aluguel-temporada-litoral.html,../bairros/index.html,interno_relativo,,,,
blog/automacao-captacao-imoveis-custo-zero-2026.html,../servicos.html,interno_relativo,,,,
blog/automacao-captacao-imoveis-custo-zero-2026.html,../education/cursos/index.html,interno_relativo,,,,
blog/automacao-captacao-imoveis-custo-zero-2026.html,../cidades/santos.html,interno_relativo,,,,
blog/automacao-captacao-imoveis-custo-zero-2026.html,../bairros/index.html,interno_relativo,,,,
blog/automacao-captacao-imoveis-custo-zero-2026.html,../sitemap.xml,interno_relativo,,,,
blog/automacao-captacao-imoveis-litoral-2026.html,../sitemap.xml,interno_relativo,,,,
blog/automacao-captacao-imoveis-litoral-2026.html,../servicos.html,interno_relativo,,,,
blog/automacao-captacao-imoveis-litoral-2026.html,../education/cursos/index.html,interno_relativo,,,,
blog/automacao-captacao-imoveis-litoral-2026.html,../cidades/santos.html,interno_relativo,,,,
blog/automacao-captacao-imoveis-litoral-2026.html,../bairros/index.html,interno_relativo,,,,
blog/automacao-captacao-temporada-2026.html,../servicos.html,interno_relativo,,,,
blog/automacao-captacao-temporada-2026.html,../education/cursos/index.html,interno_relativo,,,,
blog/automacao-captacao-temporada-2026.html,../cidades/santos.html,interno_relativo,,,,
blog/automacao-captacao-temporada-2026.html,../bairros/index.html,interno_relativo,,,,
blog/automacao-captacao-temporada-2026.html,../sitemap.xml,interno_relativo,,,,
blog/automacao-contratos-aluguel-temporada-litoral-paulista-2026.html,../servicos.html,interno_relativo,,,,
blog/automacao-contratos-aluguel-temporada-litoral-paulista-2026.html,../education/cursos/index.html,interno_relativo,,,,
blog/automacao-contratos-aluguel-temporada-litoral-paulista-2026.html,../cidades/santos.html,interno_relativo,,,,
blog/automacao-contratos-aluguel-temporada-litoral-paulista-2026.html,../bairros/index.html,interno_relativo,,,,
blog/automacao-contratos-aluguel-temporada-litoral-paulista-2026.html,../education/formacoes/documentacao-imoveis.html,interno_relativo,,,,
blog/automacao-contratos-aluguel-temporada-litoral-paulista-2026.html,../sitemap.xml,interno_relativo,,,,
blog/automacao-corretores-litoral-passo-passo-2026.html,../servicos.html,interno_relativo,,,,
blog/automacao-corretores-litoral-passo-passo-2026.html,../education/cursos/index.html,interno_relativo,,,,
blog/automacao-corretores-litoral-passo-passo-2026.html,../cidades/santos.html,interno_relativo,,,,
blog/automacao-corretores-litoral-passo-passo-2026.html,../bairros/index.html,interno_relativo,,,,
blog/automacao-corretores-litoral-passo-passo-2026.html,../sitemap.xml,interno_relativo,,,,
blog/automacao-follow-up-corretores-litoral-2026.html,../servicos.html,interno_relativo,,,,
blog/automacao-follow-up-corretores-litoral-2026.html,../education/cursos/index.html,interno_relativo,,,,
blog/automacao-follow-up-corretores-litoral-2026.html,../cidades/santos.html,interno_relativo,,,,
blog/automacao-follow-up-corretores-litoral-2026.html,../bairros/index.html,interno_relativo,,,,
blog/automacao-follow-up-corretores-litoral-2026.html,../sitemap.xml,interno_relativo,,,,
blog/automacao-followup-corretores-litoral-2026.html,../servicos.html,interno_relativo,,,,
blog/automacao-followup-corretores-litoral-2026.html,../education/cursos/index.html,interno_relativo,,,,
blog/automacao-followup-corretores-litoral-2026.html,../cidades/santos.html,interno_relativo,,,,
blog/automacao-followup-corretores-litoral-2026.html,../bairros/index.html,interno_relativo,,,,
blog/automacao-followup-corretores-litoral-2026.html,../sitemap.xml,interno_relativo,,,,
blog/automacao-followup-post-visita-litoral-2026.html,../servicos.html,interno_relativo,,,,
blog/automacao-followup-post-visita-litoral-2026.html,../education/cursos/index.html,interno_relativo,,,,
blog/automacao-followup-post-visita-litoral-2026.html,../cidades/santos.html,interno_relativo,,,,
blog/automacao-followup-post-visita-litoral-2026.html,../bairros/index.html,interno_relativo,,,,
blog/automacao-followup-post-visita-litoral-2026.html,../sitemap.xml,interno_relativo,,,,
blog/automacao-imobiliaria-pequena-por-onde-comecar-2026-08-03.html,../sitemap.xml,interno_relativo,,,,
blog/automacao-imobiliaria-pequena-por-onde-comecar-2026-08-03.html,../servicos.html,interno_relativo,,,,
blog/automacao-imobiliaria-pequena-por-onde-comecar-2026-08-03.html,../education/cursos/index.html,interno_relativo,,,,
blog/automacao-imobiliaria-pequena-por-onde-comecar-2026-08-03.html,../cidades/santos.html,interno_relativo,,,,
blog/automacao-imobiliaria-pequena-por-onde-comecar-2026-08-03.html,../bairros/index.html,interno_relativo,,,,
blog/automacao-imobiliarias-pequenas-litoral-2026.html,prospeccao-digital-imobiliarias-litoral-2026.html,interno_relativo,,,,
blog/automacao-imobiliarias-pequenas-litoral-2026.html,crm-imobiliarias-pequenas-litoral-2026.html,interno_relativo,,,,
blog/automacao-imobiliarias-pequenas-litoral-2026.html,../servicos.html,interno_relativo,,,,
blog/automacao-imobiliarias-pequenas-litoral-2026.html,../education/cursos/index.html,interno_relativo,,,,
blog/automacao-imobiliarias-pequenas-litoral-2026.html,../cidades/santos.html,interno_relativo,,,,
blog/automacao-imobiliarias-pequenas-litoral-2026.html,../bairros/index.html,interno_relativo,,,,
blog/automacao-imobiliarias-pequenas-litoral-2026.html,../cases/case-imobiliaria-porto-da-lua-35-leads-2026.html,interno_relativo,,,,
blog/automacao-imobiliarias-pequenas-litoral-2026.html,../seo-local-imobiliaria-litoral-passo-a-passo-2026-08-11.html,interno_relativo,,,,
blog/automacao-imobiliarias-pequenas-litoral-2026.html,../captacao-imoveis-sem-anuncios-pagos-corretores-litoral-2026.html,interno_relativo,,,,
blog/automacao-imobiliarias-pequenas-litoral-2026.html,../aluguel-por-temporada-dicas-proprietarios-2026.html,interno_relativo,,,,
blog/automacao-imobiliarias-pequenas-litoral-2026.html,../sitemap.xml,interno_relativo,,,,
blog/automacao-imobiliária-2026-vendas-2026-07-22.html,../servicos.html,interno_relativo,,,,
blog/automacao-imobiliária-2026-vendas-2026-07-22.html,../education/cursos/index.html,interno_relativo,,,,
blog/automacao-imobiliária-2026-vendas-2026-07-22.html,../cidades/santos.html,interno_relativo,,,,
blog/automacao-imobiliária-2026-vendas-2026-07-22.html,../bairros/index.html,interno_relativo,,,,
blog/automacao-imobiliária-2026-vendas-2026-07-22.html,../sitemap.xml,interno_relativo,,,,
blog/automacao-imoveis-litoral-reducao-custos-2026.html,../style.css,interno_relativo,,,,
blog/automacao-imoveis-litoral-reducao-custos-2026.html,/,interno_absoluto,,,,
blog/automacao-imoveis-litoral-reducao-custos-2026.html,../consorcio.html,interno_relativo,,,,
blog/automacao-imoveis-litoral-reducao-custos-2026.html,../servicos.html,interno_relativo,,,,
blog/automacao-imoveis-litoral-reducao-custos-2026.html,../education/cursos/index.html,interno_relativo,,,,
blog/automacao-imoveis-litoral-reducao-custos-2026.html,../cidades/santos.html,interno_relativo,,,,
blog/automacao-imoveis-litoral-reducao-custos-2026.html,../bairros/index.html,interno_relativo,,,,
blog/automacao-imoveis-litoral-reducao-custos-2026.html,../sitemap.xml,interno_relativo,,,,
blog/automacao-imoveis-litoral-sem-rebuild.html,/,interno_absoluto,,,,
blog/automacao-imoveis-litoral-sem-rebuild.html,../sitemap.xml,interno_relativo,,,,
blog/automacao-imoveis-litoral-sem-rebuild.html,../servicos.html,interno_relativo,,,,
blog/automacao-imoveis-litoral-sem-rebuild.html,../education/cursos/index.html,interno_relativo,,,,
blog/automacao-imoveis-litoral-sem-rebuild.html,../cidades/santos.html,interno_relativo,,,,
blog/automacao-imoveis-litoral-sem-rebuild.html,../bairros/index.html,interno_relativo,,,,
blog/automacao-leads-2026-vendas-2026-08-04.html,../servicos.html,interno_relativo,,,,
blog/automacao-leads-2026-vendas-2026-08-04.html,../education/cursos/index.html,interno_relativo,,,,
blog/automacao-leads-2026-vendas-2026-08-04.html,../cidades/santos.html,interno_relativo,,,,
blog/automacao-leads-2026-vendas-2026-08-04.html,../bairros/index.html,interno_relativo,,,,
blog/automacao-leads-visitas-2026-2026-08-05.html,../servicos.html,interno_relativo,,,,
blog/automacao-leads-visitas-2026-2026-08-05.html,../education/cursos/index.html,interno_relativo,,,,
blog/automacao-leads-visitas-2026-2026-08-05.html,../cidades/santos.html,interno_relativo,,,,
blog/automacao-leads-visitas-2026-2026-08-05.html,../bairros/index.html,interno_relativo,,,,
blog/automacao-orcamento-anuncios-imobiliarias-pequenas-litoral-2026.html,../marketing-digital-pequenas-imobiliarias-litoral-2026.html,interno_relativo,,,,
blog/automacao-orcamento-anuncios-imobiliarias-pequenas-litoral-2026.html,../reduzir-custos-captacao-leads-imobiliarias-litoral-2026.html,interno_relativo,,,,
blog/automacao-pre-qualificacao-leads-imobiliaria-2026.html,../servicos.html,interno_relativo,,,,
blog/automacao-pre-qualificacao-leads-imobiliaria-2026.html,../education/cursos/index.html,interno_relativo,,,,
blog/automacao-pre-qualificacao-leads-imobiliaria-2026.html,../cidades/santos.html,interno_relativo,,,,
blog/automacao-pre-qualificacao-leads-imobiliaria-2026.html,../bairros/index.html,interno_relativo,,,,
blog/automacao-pre-qualificacao-leads-imobiliaria-2026.html,../sitemap.xml,interno_relativo,,,,
blog/automacao-pre-venda-lancamentos-imobiliarios-2026.html,../servicos.html,interno_relativo,,,,
blog/automacao-pre-venda-lancamentos-imobiliarios-2026.html,../education/cursos/index.html,interno_relativo,,,,
blog/automacao-pre-venda-lancamentos-imobiliarios-2026.html,../cidades/santos.html,interno_relativo,,,,
blog/automacao-pre-venda-lancamentos-imobiliarios-2026.html,../bairros/index.html,interno_relativo,,,,
blog/automacao-pre-venda-lancamentos-imobiliarios-2026.html,../sitemap.xml,interno_relativo,,,,
blog/automacao-vendas-leads-2026-2026-07-21.html,../servicos.html,interno_relativo,,,,
blog/automacao-vendas-leads-2026-2026-07-21.html,../education/cursos/index.html,interno_relativo,,,,
blog/automacao-vendas-leads-2026-2026-07-21.html,../cidades/santos.html,interno_relativo,,,,
blog/automacao-vendas-leads-2026-2026-07-21.html,../bairros/index.html,interno_relativo,,,,
blog/automacao-vendas-leads-2026-2026-07-21.html,../sitemap.xml,interno_relativo,,,,
blog/automacao-visitas-2026-imobiliária-2026-07-10.html,../servicos.html,interno_relativo,,,,
blog/automacao-visitas-2026-imobiliária-2026-07-10.html,../education/cursos/index.html,interno_relativo,,,,
blog/automacao-visitas-2026-imobiliária-2026-07-10.html,../cidades/santos.html,interno_relativo,,,,
blog/automacao-visitas-2026-imobiliária-2026-07-10.html,../bairros/index.html,interno_relativo,,,,
blog/automacao-visitas-2026-imobiliária-2026-07-10.html,../sitemap.xml,interno_relativo,,,,
blog/automacao-visitas-corretores-2026-2026-08-02.html,../servicos.html,interno_relativo,,,,
blog/automacao-visitas-corretores-2026-2026-08-02.html,../education/cursos/index.html,interno_relativo,,,,
blog/automacao-visitas-corretores-2026-2026-08-02.html,../cidades/santos.html,interno_relativo,,,,
blog/automacao-visitas-corretores-2026-2026-08-02.html,../bairros/index.html,interno_relativo,,,,
blog/automacao-visitas-corretores-2026-2026-08-02.html,../sitemap.xml,interno_relativo,,,,
blog/automacao-visitas-corretores-leads-2026-07-23.html,../servicos.html,interno_relativo,,,,
blog/automacao-visitas-corretores-leads-2026-07-23.html,../education/cursos/index.html,interno_relativo,,,,
blog/automacao-visitas-corretores-leads-2026-07-23.html,../cidades/santos.html,interno_relativo,,,,
blog/automacao-visitas-corretores-leads-2026-07-23.html,../bairros/index.html,interno_relativo,,,,
blog/automacao-visitas-corretores-leads-2026-07-23.html,../sitemap.xml,interno_relativo,,,,
blog/automacao-visitas-imobiliarias-litoral-2026.html,../servicos.html,interno_relativo,,,,
blog/automacao-visitas-imobiliarias-litoral-2026.html,../education/cursos/index.html,interno_relativo,,,,
blog/automacao-visitas-imobiliarias-litoral-2026.html,../cidades/santos.html,interno_relativo,,,,
blog/automacao-visitas-imobiliarias-litoral-2026.html,../bairros/index.html,interno_relativo,,,,
blog/automacao-visitas-imobiliarias-litoral-2026.html,../sitemap.xml,interno_relativo,,,,
blog/automacao-visitas-imoveis-gratis-2026.html,checklist-avaliacao-imovel-download-2026.html,interno_relativo,,,,
blog/automacao-visitas-imoveis-gratis-2026.html,whatsapp-business-imobiliaria-gratis-2026.html,interno_relativo,,,,
blog/automacao-visitas-imoveis-gratis-2026.html,../servicos.html,interno_relativo,,,,
blog/automacao-visitas-imoveis-gratis-2026.html,../education/cursos/index.html,interno_relativo,,,,
blog/automacao-visitas-imoveis-gratis-2026.html,../cidades/santos.html,interno_relativo,,,,
blog/automacao-visitas-imoveis-gratis-2026.html,../bairros/index.html,interno_relativo,,,,
blog/automacao-visitas-imoveis-gratis-2026.html,../sitemap.xml,interno_relativo,,,,
blog/automacao-visitas-imoveis-litoral-2026.html,../servicos.html,interno_relativo,,,,
blog/automacao-visitas-imoveis-litoral-2026.html,../education/cursos/index.html,interno_relativo,,,,
blog/automacao-visitas-imoveis-litoral-2026.html,../cidades/santos.html,interno_relativo,,,,
blog/automacao-visitas-imoveis-litoral-2026.html,../bairros/index.html,interno_relativo,,,,
blog/automacao-visitas-imoveis-litoral-2026.html,../sitemap.xml,interno_relativo,,,,
blog/automacao-visitas-vendas-corretores-2026-07-20.html,../servicos.html,interno_relativo,,,,
blog/automacao-visitas-vendas-corretores-2026-07-20.html,../education/cursos/index.html,interno_relativo,,,,
blog/automacao-visitas-vendas-corretores-2026-07-20.html,../cidades/santos.html,interno_relativo,,,,
blog/automacao-visitas-vendas-corretores-2026-07-20.html,../bairros/index.html,interno_relativo,,,,
blog/automacao-visitas-vendas-corretores-2026-07-20.html,../sitemap.xml,interno_relativo,,,,
blog/automacao-whatsapp-imobiliarias-litoraneas-checklist-2026.html,../servicos.html,interno_relativo,,,,
blog/automacao-whatsapp-imobiliarias-litoraneas-checklist-2026.html,../education/cursos/index.html,interno_relativo,,,,
blog/automacao-whatsapp-imobiliarias-litoraneas-checklist-2026.html,../cidades/santos.html,interno_relativo,,,,
blog/automacao-whatsapp-imobiliarias-litoraneas-checklist-2026.html,../bairros/index.html,interno_relativo,,,,
blog/automacao-whatsapp-imobiliarias-litoraneas-checklist-2026.html,../sitemap.xml,interno_relativo,,,,
blog/automacao-whatsapp-reduzir-faltas-visitas-litoral-2026.html,../servicos.html,interno_relativo,,,,
blog/automacao-whatsapp-reduzir-faltas-visitas-litoral-2026.html,../education/cursos/index.html,interno_relativo,,,,
blog/automacao-whatsapp-reduzir-faltas-visitas-litoral-2026.html,../cidades/santos.html,interno_relativo,,,,
blog/automacao-whatsapp-reduzir-faltas-visitas-litoral-2026.html,../bairros/index.html,interno_relativo,,,,
blog/automacao-whatsapp-reduzir-faltas-visitas-litoral-2026.html,../sitemap.xml,interno_relativo,,,,
blog/automatizacao-visitas-imoveis-litoral-2026.html,../sitemap.xml,interno_relativo,,,,
blog/automatizacao-visitas-imoveis-litoral-2026.html,../servicos.html,interno_relativo,,,,
blog/automatizacao-visitas-imoveis-litoral-2026.html,../education/cursos/index.html,interno_relativo,,,,
blog/automatizacao-visitas-imoveis-litoral-2026.html,../cidades/santos.html,interno_relativo,,,,
blog/automatizacao-visitas-imoveis-litoral-2026.html,../bairros/index.html,interno_relativo,,,,
blog/avaliacao-automatica-anuncios-imoveis-litoral.html,/,interno_absoluto,,,,
blog/avaliacao-automatica-anuncios-imoveis-litoral.html,../servicos.html,interno_relativo,,,,
blog/avaliacao-automatica-anuncios-imoveis-litoral.html,../education/cursos/index.html,interno_relativo,,,,
blog/avaliacao-automatica-anuncios-imoveis-litoral.html,../cidades/santos.html,interno_relativo,,,,
blog/avaliacao-automatica-anuncios-imoveis-litoral.html,../bairros/index.html,interno_relativo,,,,
blog/avaliacao-automatica-anuncios-imoveis-litoral.html,../sitemap.xml,interno_relativo,,,,
blog/avaliacao-automatica-preco-mercado-litoral-2026.html,../sitemap.xml,interno_relativo,,,,
blog/avaliacao-automatica-preco-mercado-litoral-2026.html,../servicos.html,interno_relativo,,,,
blog/avaliacao-automatica-preco-mercado-litoral-2026.html,../education/cursos/index.html,interno_relativo,,,,
blog/avaliacao-automatica-preco-mercado-litoral-2026.html,../cidades/santos.html,interno_relativo,,,,
blog/avaliacao-automatica-preco-mercado-litoral-2026.html,../bairros/index.html,interno_relativo,,,,
blog/avaliacao-automatica-preco-mercado-litoral-2026.html,../education/formacoes/avaliacao-imoveis-ptam.html,interno_relativo,,,,
blog/avaliacao-automatica-preco-mercado-litoral-2026.html,../education/formacoes/mercado-imobiliario-litoral.html,interno_relativo,,,,
blog/avaliacao-automatica-preco-mercado-litoral-passos-2026-07-21.html,../sitemap.xml,interno_relativo,,,,
blog/avaliacao-automatica-preco-mercado-litoral-passos-2026-07-21.html,../servicos.html,interno_relativo,,,,
blog/avaliacao-automatica-preco-mercado-litoral-passos-2026-07-21.html,../education/cursos/index.html,interno_relativo,,,,
blog/avaliacao-automatica-preco-mercado-litoral-passos-2026-07-21.html,../cidades/santos.html,interno_relativo,,,,
blog/avaliacao-automatica-preco-mercado-litoral-passos-2026-07-21.html,../bairros/index.html,interno_relativo,,,,
blog/avaliacao-corretor-litoral-paulista-2026.html,../servicos.html,interno_relativo,,,,
blog/avaliacao-corretor-litoral-paulista-2026.html,../education/cursos/index.html,interno_relativo,,,,
blog/avaliacao-corretor-litoral-paulista-2026.html,../cidades/santos.html,interno_relativo,,,,
blog/avaliacao-corretor-litoral-paulista-2026.html,../bairros/index.html,interno_relativo,,,,
blog/avaliacao-corretor-litoral-paulista-2026.html,../sitemap.xml,interno_relativo,,,,
blog/avaliacao-de-imoveis-automatizada-ferramenta-gratuita-litoral-em-bertioga-2026-07-12.html,../servicos.html,interno_relativo,,,,
blog/avaliacao-de-imoveis-automatizada-ferramenta-gratuita-litoral-em-bertioga-2026-07-12.html,../education/cursos/index.html,interno_relativo,,,,
blog/avaliacao-de-imoveis-automatizada-ferramenta-gratuita-litoral-em-bertioga-2026-07-12.html,../cidades/santos.html,interno_relativo,,,,
blog/avaliacao-de-imoveis-automatizada-ferramenta-gratuita-litoral-em-bertioga-2026-07-12.html,../bairros/index.html,interno_relativo,,,,
blog/avaliacao-de-imoveis-automatizada-ferramenta-gratuita-litoral-em-bertioga-2026-07-12.html,../sitemap.xml,interno_relativo,,,,
blog/avaliacao-imoveis-em-massa-litoral-2026.html,../servicos.html,interno_relativo,,,,
blog/avaliacao-imoveis-em-massa-litoral-2026.html,../education/cursos/index.html,interno_relativo,,,,
blog/avaliacao-imoveis-em-massa-litoral-2026.html,../cidades/santos.html,interno_relativo,,,,
blog/avaliacao-imoveis-em-massa-litoral-2026.html,../bairros/index.html,interno_relativo,,,,
blog/avaliacao-imoveis-em-massa-litoral-2026.html,../sitemap.xml,interno_relativo,,,,
blog/avaliacao-imoveis-IA-litoral-comparativo-metodos-2026.html,../servicos.html,interno_relativo,,,,
blog/avaliacao-imoveis-IA-litoral-comparativo-metodos-2026.html,../education/cursos/index.html,interno_relativo,,,,
blog/avaliacao-imoveis-IA-litoral-comparativo-metodos-2026.html,../cidades/santos.html,interno_relativo,,,,
blog/avaliacao-imoveis-IA-litoral-comparativo-metodos-2026.html,../bairros/index.html,interno_relativo,,,,
blog/avaliacao-imoveis-IA-litoral-comparativo-metodos-2026.html,../sitemap.xml,interno_relativo,,,,
blog/avaliacao-imoveis-litoral-guia-profissional.html,../sitemap.xml,interno_relativo,,,,
blog/avaliacao-imoveis-litoral-guia-profissional.html,../servicos.html,interno_relativo,,,,
blog/avaliacao-imoveis-litoral-guia-profissional.html,../education/cursos/index.html,interno_relativo,,,,
blog/avaliacao-imoveis-litoral-guia-profissional.html,../cidades/santos.html,interno_relativo,,,,
blog/avaliacao-imoveis-litoral-guia-profissional.html,../bairros/index.html,interno_relativo,,,,
blog/avaliacao-imoveis-luxo-litoral-2026.html,juridico-imoveis-luxo-litoral-2026.html,interno_relativo,,,,
blog/avaliacao-imoveis-luxo-litoral-2026.html,prospeccao-proprietarios-imoveis-luxo-litoral-2026.html,interno_relativo,,,,
blog/avaliacao-imoveis-luxo-litoral-2026.html,../servicos.html,interno_relativo,,,,
blog/avaliacao-imoveis-luxo-litoral-2026.html,../education/cursos/index.html,interno_relativo,,,,
blog/avaliacao-imoveis-luxo-litoral-2026.html,../cidades/santos.html,interno_relativo,,,,
blog/avaliacao-imoveis-luxo-litoral-2026.html,../bairros/index.html,interno_relativo,,,,
blog/avaliacao-imoveis-luxo-litoral-2026.html,../sitemap.xml,interno_relativo,,,,
blog/avaliacao-imoveis-online-gratuita-litoral-paulista-2026.html,../servicos.html,interno_relativo,,,,
blog/avaliacao-imoveis-online-gratuita-litoral-paulista-2026.html,../education/cursos/index.html,interno_relativo,,,,
blog/avaliacao-imoveis-online-gratuita-litoral-paulista-2026.html,../cidades/santos.html,interno_relativo,,,,
blog/avaliacao-imoveis-online-gratuita-litoral-paulista-2026.html,../bairros/index.html,interno_relativo,,,,
blog/avaliacao-imoveis-online-gratuita-litoral-paulista-2026.html,../sitemap.xml,interno_relativo,,,,
blog/avaliacao-imovel-fechar-parcerias-litoral-2026.html,../avaliacao-rapida-imovel.html,interno_relativo,,,,
blog/avaliacao-imovel-fechar-parcerias-litoral-2026.html,../servicos.html,interno_relativo,,,,
blog/avaliacao-imovel-fechar-parcerias-litoral-2026.html,../education/cursos/index.html,interno_relativo,,,,
blog/avaliacao-imovel-fechar-parcerias-litoral-2026.html,../cidades/santos.html,interno_relativo,,,,
blog/avaliacao-imovel-fechar-parcerias-litoral-2026.html,../bairros/index.html,interno_relativo,,,,
blog/avaliacao-imovel-fechar-parcerias-litoral-2026.html,../sitemap.xml,interno_relativo,,,,
blog/avaliacao-imovel-litoral-metodos-2026.html,../avaliacao-mercado-imoveis-litoral-2026.html,interno_relativo,,,,
blog/avaliacao-imovel-online-litoral-2026.html,../sitemap.xml,interno_relativo,,,,
blog/avaliacao-imovel-online-litoral-2026.html,../servicos.html,interno_relativo,,,,
blog/avaliacao-imovel-online-litoral-2026.html,../education/cursos/index.html,interno_relativo,,,,
blog/avaliacao-imovel-online-litoral-2026.html,../cidades/santos.html,interno_relativo,,,,
blog/avaliacao-imovel-online-litoral-2026.html,../bairros/index.html,interno_relativo,,,,
blog/avaliacao-manual-vs-automatica-imoveis-litoral-2026.html,/,interno_absoluto,,,,
blog/avaliacao-manual-vs-automatica-imoveis-litoral-2026.html,../servicos.html,interno_relativo,,,,
blog/avaliacao-manual-vs-automatica-imoveis-litoral-2026.html,../education/cursos/index.html,interno_relativo,,,,
blog/avaliacao-manual-vs-automatica-imoveis-litoral-2026.html,../cidades/santos.html,interno_relativo,,,,
blog/avaliacao-manual-vs-automatica-imoveis-litoral-2026.html,../bairros/index.html,interno_relativo,,,,
blog/avaliacao-manual-vs-automatica-imoveis-litoral-2026.html,../sitemap.xml,interno_relativo,,,,
blog/avaliacao-mercado-imoveis-litoral-2026.html,../precificacao-imovel-litoral-dados-reais-2026.html,interno_relativo,,,,
blog/avaliacao-online-vs-presencial-confiavel-litoral-2026.html,../precificar-imovel-litoral-com-dados-reais-2026.html,interno_relativo,,,,
blog/avaliacao-online-vs-presencial-imoveis-litoral-2026.html,../checklist-avaliacao-imovel-litoral-2026.html,interno_relativo,,,,
blog/avaliacao-online-vs-presencial-imoveis-litoral-2026.html,../precificar-imovel-litoral-com-dados-reais-2026.html,interno_relativo,,,,
blog/avaliacao-online-vs-presencial-imoveis-litoral-2026.html,../sitemap.xml,interno_relativo,,,,
blog/avaliacao-performance-parcerias-imobiliarias-litoral-2026.html,../servicos.html,interno_relativo,,,,
blog/avaliacao-performance-parcerias-imobiliarias-litoral-2026.html,../education/cursos/index.html,interno_relativo,,,,
blog/avaliacao-performance-parcerias-imobiliarias-litoral-2026.html,../cidades/santos.html,interno_relativo,,,,
blog/avaliacao-performance-parcerias-imobiliarias-litoral-2026.html,../bairros/index.html,interno_relativo,,,,
blog/avaliacao-performance-parcerias-imobiliarias-litoral-2026.html,../sitemap.xml,interno_relativo,,,,
blog/avaliacao-preco-avancar-negocios-imobiliarios-litoral-2026.html,../servicos.html,interno_relativo,,,,
blog/avaliacao-preco-avancar-negocios-imobiliarios-litoral-2026.html,../education/cursos/index.html,interno_relativo,,,,
blog/avaliacao-preco-avancar-negocios-imobiliarios-litoral-2026.html,../cidades/santos.html,interno_relativo,,,,
blog/avaliacao-preco-avancar-negocios-imobiliarios-litoral-2026.html,../bairros/index.html,interno_relativo,,,,
blog/avaliacao-preco-avancar-negocios-imobiliarios-litoral-2026.html,../sitemap.xml,interno_relativo,,,,
blog/avaliacao-preco-imoveis-litoral-2026.html,../ferramentas/avaliacao-preco.html,interno_relativo,,,,
blog/avaliacao-preco-imoveis-litoral-2026.html,../servicos.html,interno_relativo,,,,
blog/avaliacao-preco-imoveis-litoral-2026.html,../education/cursos/index.html,interno_relativo,,,,
blog/avaliacao-preco-imoveis-litoral-2026.html,../cidades/santos.html,interno_relativo,,,,
blog/avaliacao-preco-imoveis-litoral-2026.html,../bairros/index.html,interno_relativo,,,,
blog/avaliacao-preco-mercado-litoral.html,../sitemap.xml,interno_relativo,,,,
blog/avaliacao-preco-mercado-litoral.html,../servicos.html,interno_relativo,,,,
blog/avaliacao-preco-mercado-litoral.html,../education/cursos/index.html,interno_relativo,,,,
blog/avaliacao-preco-mercado-litoral.html,../cidades/santos.html,interno_relativo,,,,
blog/avaliacao-preco-mercado-litoral.html,../bairros/index.html,interno_relativo,,,,
blog/avaliacao-preco-mercado-litoral.html,../education/formacoes/avaliacao-imoveis-ptam.html,interno_relativo,,,,
blog/avaliacao-preco-temporada-litoral-2026.html,../servicos.html,interno_relativo,,,,
blog/avaliacao-preco-temporada-litoral-2026.html,../education/cursos/index.html,interno_relativo,,,,
blog/avaliacao-preco-temporada-litoral-2026.html,../cidades/santos.html,interno_relativo,,,,
blog/avaliacao-preco-temporada-litoral-2026.html,../bairros/index.html,interno_relativo,,,,
blog/avaliacao-preco-temporada-litoral-2026.html,../sitemap.xml,interno_relativo,,,,
blog/avaliacao-risco-credito-locacao-temporada-litoral-2026.html,../servicos.html,interno_relativo,,,,
blog/avaliacao-risco-credito-locacao-temporada-litoral-2026.html,../education/cursos/index.html,interno_relativo,,,,
blog/avaliacao-risco-credito-locacao-temporada-litoral-2026.html,../cidades/santos.html,interno_relativo,,,,
blog/avaliacao-risco-credito-locacao-temporada-litoral-2026.html,../bairros/index.html,interno_relativo,,,,
blog/avaliacao-risco-credito-locacao-temporada-litoral-2026.html,../sitemap.xml,interno_relativo,,,,
blog/avaliacao-risco-credito-locatario-temporada-2026.html,../servicos.html,interno_relativo,,,,
blog/avaliacao-risco-credito-locatario-temporada-2026.html,../education/cursos/index.html,interno_relativo,,,,
blog/avaliacao-risco-credito-locatario-temporada-2026.html,../cidades/santos.html,interno_relativo,,,,
blog/avaliacao-risco-credito-locatario-temporada-2026.html,../bairros/index.html,interno_relativo,,,,
blog/avaliacao-risco-credito-locatario-temporada-2026.html,../sitemap.xml,interno_relativo,,,,
blog/avaliacoes-google-imobiliarias-litoral-reputacao-local-2026.html,../citacoes-nap-seo-local-imobiliarias-litoral-paulista-2026.html,interno_relativo,,,,
blog/avaliacoes-google-imobiliarias-litoral-reputacao-local-2026.html,../schema-structured-data-local-imobiliarias-litoral-2026.html,interno_relativo,,,,
blog/avaliar-imovel-antes-comprar-litoral-paulista-em-mongaguá-2026-07-13.html,../servicos.html,interno_relativo,,,,
blog/avaliar-imovel-antes-comprar-litoral-paulista-em-mongaguá-2026-07-13.html,../education/cursos/index.html,interno_relativo,,,,
blog/avaliar-imovel-antes-comprar-litoral-paulista-em-mongaguá-2026-07-13.html,../cidades/santos.html,interno_relativo,,,,
blog/avaliar-imovel-antes-comprar-litoral-paulista-em-mongaguá-2026-07-13.html,../bairros/index.html,interno_relativo,,,,
blog/avaliar-imovel-antes-comprar-litoral-paulista-em-mongaguá-2026-07-13.html,../sitemap.xml,interno_relativo,,,,
blog/avaliar-imovel-na-planta-litoral-checklist.html,../sitemap.xml,interno_relativo,,,,
blog/avaliar-imovel-na-planta-litoral-checklist.html,../servicos.html,interno_relativo,,,,
blog/avaliar-imovel-na-planta-litoral-checklist.html,../education/cursos/index.html,interno_relativo,,,,
blog/avaliar-imovel-na-planta-litoral-checklist.html,../cidades/santos.html,interno_relativo,,,,
blog/avaliar-imovel-na-planta-litoral-checklist.html,../bairros/index.html,interno_relativo,,,,
blog/avaliar-imovel-usado-litoral-checklist-2026.html,../servicos.html,interno_relativo,,,,
blog/avaliar-imovel-usado-litoral-checklist-2026.html,../education/cursos/index.html,interno_relativo,,,,
blog/avaliar-imovel-usado-litoral-checklist-2026.html,../cidades/santos.html,interno_relativo,,,,
blog/avaliar-imovel-usado-litoral-checklist-2026.html,../bairros/index.html,interno_relativo,,,,
blog/avaliar-imovel-usado-litoral-checklist-2026.html,../sitemap.xml,interno_relativo,,,,
blog/avaliar-potencial-valorizacao-bairro-litoral-2026.html,../precificar-imovel-litoral-com-dados-reais-2026.html,interno_relativo,,,,
blog/avancar-negociacao-ligacao-litoral-2026.html,/,interno_absoluto,,,,
blog/avancar-negociacao-ligacao-litoral-2026.html,../servicos.html,interno_relativo,,,,
blog/avancar-negociacao-ligacao-litoral-2026.html,../education/cursos/index.html,interno_relativo,,,,
blog/avancar-negociacao-ligacao-litoral-2026.html,../cidades/santos.html,interno_relativo,,,,
blog/avancar-negociacao-ligacao-litoral-2026.html,../bairros/index.html,interno_relativo,,,,
blog/avancar-negociacao-ligacao-litoral-2026.html,../sitemap.xml,interno_relativo,,,,
blog/avenida-da-praia-santos-imoveis-oportunidades-2026.html,../servicos.html,interno_relativo,,,,
blog/avenida-da-praia-santos-imoveis-oportunidades-2026.html,../education/cursos/index.html,interno_relativo,,,,
blog/avenida-da-praia-santos-imoveis-oportunidades-2026.html,../cidades/santos.html,interno_relativo,,,,
blog/avenida-da-praia-santos-imoveis-oportunidades-2026.html,../bairros/index.html,interno_relativo,,,,
blog/avenida-da-praia-santos-imoveis-oportunidades-2026.html,../sitemap.xml,interno_relativo,,,,
blog/avenida-da-praia-santos-imoveis-precos-dicas-2026.html,../servicos.html,interno_relativo,,,,
blog/avenida-da-praia-santos-imoveis-precos-dicas-2026.html,../education/cursos/index.html,interno_relativo,,,,
blog/avenida-da-praia-santos-imoveis-precos-dicas-2026.html,../cidades/santos.html,interno_relativo,,,,
blog/avenida-da-praia-santos-imoveis-precos-dicas-2026.html,../bairros/index.html,interno_relativo,,,,
blog/avenida-da-praia-santos-imoveis-precos-dicas-2026.html,../sitemap.xml,interno_relativo,,,,
blog/averbacao-obra-imovel-litoral-necessaria-quando-2026.html,../planejamento-obra-imovel-planta-litoral-2026.html,interno_relativo,,,,
blog/backlinks-imobiliaria-litoral-2026.html,../servicos.html,interno_relativo,,,,
blog/backlinks-imobiliaria-litoral-2026.html,../education/cursos/index.html,interno_relativo,,,,
blog/backlinks-imobiliaria-litoral-2026.html,../cidades/santos.html,interno_relativo,,,,
blog/backlinks-imobiliaria-litoral-2026.html,../bairros/index.html,interno_relativo,,,,
blog/backlinks-imobiliaria-litoral-2026.html,../sitemap.xml,interno_relativo,,,,
blog/backup-seguranca-dados-imobiliarias-litoral-2026.html,../servicos.html,interno_relativo,,,,
blog/backup-seguranca-dados-imobiliarias-litoral-2026.html,../education/cursos/index.html,interno_relativo,,,,
blog/backup-seguranca-dados-imobiliarias-litoral-2026.html,../cidades/santos.html,interno_relativo,,,,
blog/backup-seguranca-dados-imobiliarias-litoral-2026.html,../bairros/index.html,interno_relativo,,,,
blog/backup-seguranca-dados-imobiliarias-litoral-2026.html,../sitemap.xml,interno_relativo,,,,
blog/baixa-temporada-litoral-captar-imoveis-2026.html,../servicos.html,interno_relativo,,,,
blog/baixa-temporada-litoral-captar-imoveis-2026.html,../education/cursos/index.html,interno_relativo,,,,
blog/baixa-temporada-litoral-captar-imoveis-2026.html,../cidades/santos.html,interno_relativo,,,,
blog/baixa-temporada-litoral-captar-imoveis-2026.html,../bairros/index.html,interno_relativo,,,,
blog/baixa-temporada-litoral-captar-imoveis-2026.html,../sitemap.xml,interno_relativo,,,,
blog/balneario-camboriu-compras-praia-2026-sp-2026-07-14.html,../servicos.html,interno_relativo,,,,
blog/balneario-camboriu-compras-praia-2026-sp-2026-07-14.html,../education/cursos/index.html,interno_relativo,,,,
blog/balneario-camboriu-compras-praia-2026-sp-2026-07-14.html,../cidades/santos.html,interno_relativo,,,,
blog/balneario-camboriu-compras-praia-2026-sp-2026-07-14.html,../bairros/index.html,interno_relativo,,,,
blog/balneario-camboriu-compras-praia-2026-sp-2026-07-14.html,../sitemap.xml,interno_relativo,,,,
blog/barra-velha-ilhabela-imoveis-oportunidades-2026.html,../servicos.html,interno_relativo,,,,
blog/barra-velha-ilhabela-imoveis-oportunidades-2026.html,../education/cursos/index.html,interno_relativo,,,,
blog/barra-velha-ilhabela-imoveis-oportunidades-2026.html,../cidades/santos.html,interno_relativo,,,,
blog/barra-velha-ilhabela-imoveis-oportunidades-2026.html,../bairros/index.html,interno_relativo,,,,
blog/barra-velha-ilhabela-imoveis-oportunidades-2026.html,../sitemap.xml,interno_relativo,,,,
blog/beneficios-investir-imovel-na-planta-em-ubatuba-2026-07-12.html,../servicos.html,interno_relativo,,,,
blog/beneficios-investir-imovel-na-planta-em-ubatuba-2026-07-12.html,../education/cursos/index.html,interno_relativo,,,,
blog/beneficios-investir-imovel-na-planta-em-ubatuba-2026-07-12.html,../cidades/santos.html,interno_relativo,,,,
blog/beneficios-investir-imovel-na-planta-em-ubatuba-2026-07-12.html,../bairros/index.html,interno_relativo,,,,
blog/beneficios-investir-imovel-na-planta-em-ubatuba-2026-07-12.html,../sitemap.xml,interno_relativo,,,,
blog/bertioga-faq.html,/,interno_absoluto,,,,
blog/bertioga-faq.html,../servicos.html,interno_relativo,,,,
blog/bertioga-faq.html,../education/cursos/index.html,interno_relativo,,,,
blog/bertioga-faq.html,../cidades/santos.html,interno_relativo,,,,
blog/bertioga-faq.html,../bairros/index.html,interno_relativo,,,,
blog/bertioga-faq.html,../sitemap.xml,interno_relativo,,,,
blog/bertioga-imoveis-temporada-oportunidades-2026.html,../servicos.html,interno_relativo,,,,
blog/bertioga-imoveis-temporada-oportunidades-2026.html,../education/cursos/index.html,interno_relativo,,,,
blog/bertioga-imoveis-temporada-oportunidades-2026.html,../cidades/santos.html,interno_relativo,,,,
blog/bertioga-imoveis-temporada-oportunidades-2026.html,../bairros/index.html,interno_relativo,,,,
blog/bertioga-imoveis-temporada-oportunidades-2026.html,../sitemap.xml,interno_relativo,,,,
blog/bertioga-riviera-sao-francisco-guia-2026-sp-2026-07-14.html,../servicos.html,interno_relativo,,,,
blog/bertioga-riviera-sao-francisco-guia-2026-sp-2026-07-14.html,../education/cursos/index.html,interno_relativo,,,,
blog/bertioga-riviera-sao-francisco-guia-2026-sp-2026-07-14.html,../cidades/santos.html,interno_relativo,,,,
blog/bertioga-riviera-sao-francisco-guia-2026-sp-2026-07-14.html,../bairros/index.html,interno_relativo,,,,
blog/bertioga-riviera-sao-francisco-guia-2026-sp-2026-07-14.html,../sitemap.xml,interno_relativo,,,,
blog/bertioga-x-outras-cidades-litoral.html,/,interno_absoluto,,,,
blog/bertioga-x-outras-cidades-litoral.html,../servicos.html,interno_relativo,,,,
blog/bertioga-x-outras-cidades-litoral.html,../education/cursos/index.html,interno_relativo,,,,
blog/bertioga-x-outras-cidades-litoral.html,../cidades/santos.html,interno_relativo,,,,
blog/bertioga-x-outras-cidades-litoral.html,../bairros/index.html,interno_relativo,,,,
blog/bertioga-x-outras-cidades-litoral.html,../sitemap.xml,interno_relativo,,,,
blog/biblioteca-contratos-documentos-imobiliaria.html,../sitemap.xml,interno_relativo,,,,
blog/biblioteca-contratos-documentos-imobiliaria.html,../servicos.html,interno_relativo,,,,
blog/biblioteca-contratos-documentos-imobiliaria.html,../education/cursos/index.html,interno_relativo,,,,
blog/biblioteca-contratos-documentos-imobiliaria.html,../cidades/santos.html,interno_relativo,,,,
blog/biblioteca-contratos-documentos-imobiliaria.html,../bairros/index.html,interno_relativo,,,,
blog/biblioteca-contratos-documentos-imobiliaria.html,../education/formacoes/documentacao-imoveis.html,interno_relativo,,,,
blog/blindagem-contrato-aluguel-temporada-checklist-2026.html,../servicos.html,interno_relativo,,,,
blog/blindagem-contrato-aluguel-temporada-checklist-2026.html,../education/cursos/index.html,interno_relativo,,,,
blog/blindagem-contrato-aluguel-temporada-checklist-2026.html,../cidades/santos.html,interno_relativo,,,,
blog/blindagem-contrato-aluguel-temporada-checklist-2026.html,../bairros/index.html,interno_relativo,,,,
blog/blindagem-contrato-aluguel-temporada-checklist-2026.html,../sitemap.xml,interno_relativo,,,,
blog/bombinhas-natureza-mergulho-2026-sc-2026-07-14.html,../servicos.html,interno_relativo,,,,
blog/bombinhas-natureza-mergulho-2026-sc-2026-07-14.html,../education/cursos/index.html,interno_relativo,,,,
blog/bombinhas-natureza-mergulho-2026-sc-2026-07-14.html,../cidades/santos.html,interno_relativo,,,,
blog/bombinhas-natureza-mergulho-2026-sc-2026-07-14.html,../bairros/index.html,interno_relativo,,,,
blog/bombinhas-natureza-mergulho-2026-sc-2026-07-14.html,../sitemap.xml,interno_relativo,,,,
blog/boqueirao-santos-imoveis-guias-oportunidades-2026.html,../servicos.html,interno_relativo,,,,
blog/boqueirao-santos-imoveis-guias-oportunidades-2026.html,../education/cursos/index.html,interno_relativo,,,,
blog/boqueirao-santos-imoveis-guias-oportunidades-2026.html,../cidades/santos.html,interno_relativo,,,,
blog/boqueirao-santos-imoveis-guias-oportunidades-2026.html,../bairros/index.html,interno_relativo,,,,
blog/boqueirao-santos-imoveis-guias-oportunidades-2026.html,../sitemap.xml,interno_relativo,,,,
blog/boqueirao-santos-imoveis-oportunidades-2026.html,../servicos.html,interno_relativo,,,,
blog/boqueirao-santos-imoveis-oportunidades-2026.html,../education/cursos/index.html,interno_relativo,,,,
blog/boqueirao-santos-imoveis-oportunidades-2026.html,../cidades/santos.html,interno_relativo,,,,
blog/boqueirao-santos-imoveis-oportunidades-2026.html,../bairros/index.html,interno_relativo,,,,
blog/boqueirao-santos-imoveis-oportunidades-2026.html,../sitemap.xml,interno_relativo,,,,
blog/branding-local-imobiliarias-litoral-paulista-2026.html,identidade-visual-imobiliarias-litoral-paulista-2026.html,interno_relativo,,,,
blog/branding-local-imobiliarias-litoral-paulista-2026.html,naming-posicionamento-imobiliarias-litoral-2026.html,interno_relativo,,,,
blog/branding-local-imobiliarias-litoral-paulista-2026.html,../servicos.html,interno_relativo,,,,
blog/branding-local-imobiliarias-litoral-paulista-2026.html,../education/cursos/index.html,interno_relativo,,,,
blog/branding-local-imobiliarias-litoral-paulista-2026.html,../cidades/santos.html,interno_relativo,,,,
blog/branding-local-imobiliarias-litoral-paulista-2026.html,../bairros/index.html,interno_relativo,,,,
blog/branding-local-imobiliarias-litoral-paulista-2026.html,../sitemap.xml,interno_relativo,,,,
blog/buzios-praias-famosas-guia-2026-rj-2026-07-14.html,../servicos.html,interno_relativo,,,,
blog/buzios-praias-famosas-guia-2026-rj-2026-07-14.html,../education/cursos/index.html,interno_relativo,,,,
blog/buzios-praias-famosas-guia-2026-rj-2026-07-14.html,../cidades/santos.html,interno_relativo,,,,
blog/buzios-praias-famosas-guia-2026-rj-2026-07-14.html,../bairros/index.html,interno_relativo,,,,
blog/buzios-praias-famosas-guia-2026-rj-2026-07-14.html,../sitemap.xml,interno_relativo,,,,
blog/cabo-frio-roteiro-casais-2026-sp-2026-07-14.html,../servicos.html,interno_relativo,,,,
blog/cabo-frio-roteiro-casais-2026-sp-2026-07-14.html,../education/cursos/index.html,interno_relativo,,,,
blog/cabo-frio-roteiro-casais-2026-sp-2026-07-14.html,../cidades/santos.html,interno_relativo,,,,
blog/cabo-frio-roteiro-casais-2026-sp-2026-07-14.html,../bairros/index.html,interno_relativo,,,,
blog/cabo-frio-roteiro-casais-2026-sp-2026-07-14.html,../sitemap.xml,interno_relativo,,,,
blog/calculadora-cientifica-creci-provas-2026.html,../sitemap.xml,interno_relativo,,,,
blog/calculadora-cientifica-creci-provas-2026.html,../servicos.html,interno_relativo,,,,
blog/calculadora-cientifica-creci-provas-2026.html,../education/cursos/index.html,interno_relativo,,,,
blog/calculadora-cientifica-creci-provas-2026.html,../cidades/santos.html,interno_relativo,,,,
blog/calculadora-cientifica-creci-provas-2026.html,../bairros/index.html,interno_relativo,,,,
blog/calculadora-investimento-imoveis-litoral.html,../sitemap.xml,interno_relativo,,,,
blog/calculadora-investimento-imoveis-litoral.html,../servicos.html,interno_relativo,,,,
blog/calculadora-investimento-imoveis-litoral.html,../education/cursos/index.html,interno_relativo,,,,
blog/calculadora-investimento-imoveis-litoral.html,../cidades/santos.html,interno_relativo,,,,
blog/calculadora-investimento-imoveis-litoral.html,../bairros/index.html,interno_relativo,,,,
blog/calculadora-roi-imobiliaria-ia.html,../sitemap.xml,interno_relativo,,,,
blog/calculadora-roi-imobiliaria-ia.html,../servicos.html,interno_relativo,,,,
blog/calculadora-roi-imobiliaria-ia.html,../education/cursos/index.html,interno_relativo,,,,
blog/calculadora-roi-imobiliaria-ia.html,../cidades/santos.html,interno_relativo,,,,
blog/calculadora-roi-imobiliaria-ia.html,../bairros/index.html,interno_relativo,,,,
blog/calcular-roi-aluguel-tradicional-imovel-litoral-2026.html,../rentabilidade-imoveis-praia-roi-cidade-litoral-2026.html,interno_relativo,,,,
blog/calendario-conteudo-imobiliario-litoral.html,/,interno_absoluto,,,,
blog/calendario-conteudo-imobiliario-litoral.html,../sitemap.xml,interno_relativo,,,,
blog/calendario-conteudo-imobiliario-litoral.html,../servicos.html,interno_relativo,,,,
blog/calendario-conteudo-imobiliario-litoral.html,../education/cursos/index.html,interno_relativo,,,,
blog/calendario-conteudo-imobiliario-litoral.html,../cidades/santos.html,interno_relativo,,,,
blog/calendario-conteudo-imobiliario-litoral.html,../bairros/index.html,interno_relativo,,,,
blog/canais-prospeccao-imoveis-litoral-2026.html,prospeccao-digital-imobiliarias-litoral-2026.html,interno_relativo,,,,
blog/canais-prospeccao-imoveis-litoral-2026.html,automacao-imobiliarias-pequenas-litoral-2026.html,interno_relativo,,,,
blog/canais-prospeccao-imoveis-litoral-2026.html,../servicos.html,interno_relativo,,,,
blog/canais-prospeccao-imoveis-litoral-2026.html,../education/cursos/index.html,interno_relativo,,,,
blog/canais-prospeccao-imoveis-litoral-2026.html,../cidades/santos.html,interno_relativo,,,,
blog/canais-prospeccao-imoveis-litoral-2026.html,../bairros/index.html,interno_relativo,,,,
blog/canais-prospeccao-imoveis-litoral-2026.html,../sitemap.xml,interno_relativo,,,,
blog/captacao-2026-imóveis-leads-2026-07-24.html,../education/formacoes/captacao-imoveis.html,interno_relativo,,,,
blog/captacao-2026-litoral-leads-2026-07-16.html,../servicos.html,interno_relativo,,,,
blog/captacao-2026-litoral-leads-2026-07-16.html,../education/cursos/index.html,interno_relativo,,,,
blog/captacao-2026-litoral-leads-2026-07-16.html,../cidades/santos.html,interno_relativo,,,,
blog/captacao-2026-litoral-leads-2026-07-16.html,../bairros/index.html,interno_relativo,,,,
blog/captacao-2026-litoral-leads-2026-07-16.html,../sitemap.xml,interno_relativo,,,,
blog/captacao-alta-temporada-litoral-2026.html,../servicos.html,interno_relativo,,,,
blog/captacao-alta-temporada-litoral-2026.html,../education/cursos/index.html,interno_relativo,,,,
blog/captacao-alta-temporada-litoral-2026.html,../cidades/santos.html,interno_relativo,,,,
blog/captacao-alta-temporada-litoral-2026.html,../bairros/index.html,interno_relativo,,,,
blog/captacao-alta-temporada-litoral-2026.html,../sitemap.xml,interno_relativo,,,,
blog/captacao-corretores-sem-anuncios-pagos-2026.html,../servicos.html,interno_relativo,,,,
blog/captacao-corretores-sem-anuncios-pagos-2026.html,../education/cursos/index.html,interno_relativo,,,,
blog/captacao-corretores-sem-anuncios-pagos-2026.html,../cidades/santos.html,interno_relativo,,,,
blog/captacao-corretores-sem-anuncios-pagos-2026.html,../bairros/index.html,interno_relativo,,,,
blog/captacao-corretores-sem-anuncios-pagos-2026.html,../sitemap.xml,interno_relativo,,,,
blog/captacao-digital-imobiliarias-litoral-anuncios-landing-pages-conversao-2026.html,../automacao-captacao-imoveis-litoral-passos.html,interno_relativo,,,,
blog/captacao-imobiliária-imóveis-2026-2026-07-19.html,../servicos.html,interno_relativo,,,,
blog/captacao-imobiliária-imóveis-2026-2026-07-19.html,../education/cursos/index.html,interno_relativo,,,,
blog/captacao-imobiliária-imóveis-2026-2026-07-19.html,../cidades/santos.html,interno_relativo,,,,
blog/captacao-imobiliária-imóveis-2026-2026-07-19.html,../bairros/index.html,interno_relativo,,,,
blog/captacao-imobiliária-imóveis-2026-2026-07-19.html,../sitemap.xml,interno_relativo,,,,
blog/captacao-imoveis-alta-temporada-santos-ia.html,/,interno_absoluto,,,,
blog/captacao-imoveis-alta-temporada-santos-ia.html,../sitemap.xml,interno_relativo,,,,
blog/captacao-imoveis-alta-temporada-santos-ia.html,../servicos.html,interno_relativo,,,,
blog/captacao-imoveis-alta-temporada-santos-ia.html,../education/cursos/index.html,interno_relativo,,,,
blog/captacao-imoveis-alta-temporada-santos-ia.html,../cidades/santos.html,interno_relativo,,,,
blog/captacao-imoveis-alta-temporada-santos-ia.html,../bairros/index.html,interno_relativo,,,,
blog/captacao-imoveis-alto-padrao-litoral-sul-2026.html,../servicos.html,interno_relativo,,,,
blog/captacao-imoveis-alto-padrao-litoral-sul-2026.html,../education/cursos/index.html,interno_relativo,,,,
blog/captacao-imoveis-alto-padrao-litoral-sul-2026.html,../cidades/santos.html,interno_relativo,,,,
blog/captacao-imoveis-alto-padrao-litoral-sul-2026.html,../bairros/index.html,interno_relativo,,,,
blog/captacao-imoveis-alto-padrao-litoral-sul-2026.html,../sitemap.xml,interno_relativo,,,,
blog/captacao-imoveis-baixa-temporada-2026.html,../servicos.html,interno_relativo,,,,
blog/captacao-imoveis-baixa-temporada-2026.html,../education/cursos/index.html,interno_relativo,,,,
blog/captacao-imoveis-baixa-temporada-2026.html,../cidades/santos.html,interno_relativo,,,,
blog/captacao-imoveis-baixa-temporada-2026.html,../bairros/index.html,interno_relativo,,,,
blog/captacao-imoveis-baixa-temporada-2026.html,../sitemap.xml,interno_relativo,,,,
blog/captacao-imoveis-baixa-temporada-guaruja-ia.html,/,interno_absoluto,,,,
blog/captacao-imoveis-baixa-temporada-guaruja-ia.html,../sitemap.xml,interno_relativo,,,,
blog/captacao-imoveis-baixa-temporada-guaruja-ia.html,../servicos.html,interno_relativo,,,,
blog/captacao-imoveis-baixa-temporada-guaruja-ia.html,../education/cursos/index.html,interno_relativo,,,,
blog/captacao-imoveis-baixa-temporada-guaruja-ia.html,../cidades/santos.html,interno_relativo,,,,
blog/captacao-imoveis-baixa-temporada-guaruja-ia.html,../bairros/index.html,interno_relativo,,,,
blog/captacao-imoveis-baixa-temporada-imobiliaria.html,/,interno_absoluto,,,,
blog/captacao-imoveis-baixa-temporada-imobiliaria.html,../servicos.html,interno_relativo,,,,
blog/captacao-imoveis-baixa-temporada-imobiliaria.html,../education/cursos/index.html,interno_relativo,,,,
blog/captacao-imoveis-baixa-temporada-imobiliaria.html,../cidades/santos.html,interno_relativo,,,,
blog/captacao-imoveis-baixa-temporada-imobiliaria.html,../bairros/index.html,interno_relativo,,,,
blog/captacao-imoveis-baixa-temporada-imobiliaria.html,../sitemap.xml,interno_relativo,,,,
blog/captacao-imoveis-feriado-bertioga-ia.html,/,interno_absoluto,,,,
blog/captacao-imoveis-feriado-bertioga-ia.html,../sitemap.xml,interno_relativo,,,,
blog/captacao-imoveis-feriado-bertioga-ia.html,../servicos.html,interno_relativo,,,,
blog/captacao-imoveis-feriado-bertioga-ia.html,../education/cursos/index.html,interno_relativo,,,,
blog/captacao-imoveis-feriado-bertioga-ia.html,../cidades/santos.html,interno_relativo,,,,
blog/captacao-imoveis-feriado-bertioga-ia.html,../bairros/index.html,interno_relativo,,,,
blog/captacao-imoveis-google-meu-negocio-litoral-2026.html,../servicos.html,interno_relativo,,,,
blog/captacao-imoveis-google-meu-negocio-litoral-2026.html,../education/cursos/index.html,interno_relativo,,,,
blog/captacao-imoveis-google-meu-negocio-litoral-2026.html,../cidades/santos.html,interno_relativo,,,,
blog/captacao-imoveis-google-meu-negocio-litoral-2026.html,../bairros/index.html,interno_relativo,,,,
blog/captacao-imoveis-google-meu-negocio-litoral-2026.html,../sitemap.xml,interno_relativo,,,,
blog/captacao-imoveis-gratis-litoral-2026.html,../sitemap.xml,interno_relativo,,,,
blog/captacao-imoveis-gratis-litoral-2026.html,../servicos.html,interno_relativo,,,,
blog/captacao-imoveis-gratis-litoral-2026.html,../education/cursos/index.html,interno_relativo,,,,
blog/captacao-imoveis-gratis-litoral-2026.html,../cidades/santos.html,interno_relativo,,,,
blog/captacao-imoveis-gratis-litoral-2026.html,../bairros/index.html,interno_relativo,,,,
blog/captacao-imoveis-indicacao-script-corretores-litoral-2026.html,../captacao-imoveis-indicacao-litoral-script-abordagem-2026.html,interno_relativo,,,,
blog/captacao-imoveis-instagram-litoral-2026.html,../servicos.html,interno_relativo,,,,
blog/captacao-imoveis-instagram-litoral-2026.html,../education/cursos/index.html,interno_relativo,,,,
blog/captacao-imoveis-instagram-litoral-2026.html,../cidades/santos.html,interno_relativo,,,,
blog/captacao-imoveis-instagram-litoral-2026.html,../bairros/index.html,interno_relativo,,,,
blog/captacao-imoveis-instagram-litoral-2026.html,../sitemap.xml,interno_relativo,,,,
blog/captacao-imoveis-inverno-litoral-2026.html,fechar-vendas-baixa-temporada-litoral-2026.html,interno_relativo,,,,
blog/captacao-imoveis-inverno-litoral-2026.html,../checklist-captacao-temporada.md,interno_relativo,,,,
blog/captacao-imoveis-inverno-litoral-2026.html,../servicos.html,interno_relativo,,,,
blog/captacao-imoveis-inverno-litoral-2026.html,../education/cursos/index.html,interno_relativo,,,,
blog/captacao-imoveis-inverno-litoral-2026.html,../cidades/santos.html,interno_relativo,,,,
blog/captacao-imoveis-inverno-litoral-2026.html,../bairros/index.html,interno_relativo,,,,
blog/captacao-imoveis-inverno-litoral-2026.html,../sitemap.xml,interno_relativo,,,,
blog/captacao-imoveis-inverno-saovicente-ia.html,/,interno_absoluto,,,,
blog/captacao-imoveis-inverno-saovicente-ia.html,../sitemap.xml,interno_relativo,,,,
blog/captacao-imoveis-inverno-saovicente-ia.html,../servicos.html,interno_relativo,,,,
blog/captacao-imoveis-inverno-saovicente-ia.html,../education/cursos/index.html,interno_relativo,,,,
blog/captacao-imoveis-inverno-saovicente-ia.html,../cidades/santos.html,interno_relativo,,,,
blog/captacao-imoveis-inverno-saovicente-ia.html,../bairros/index.html,interno_relativo,,,,
blog/captacao-imoveis-litoral-metodo-segredo-2026.html,../servicos.html,interno_relativo,,,,
blog/captacao-imoveis-litoral-metodo-segredo-2026.html,../education/cursos/index.html,interno_relativo,,,,
blog/captacao-imoveis-litoral-metodo-segredo-2026.html,../cidades/santos.html,interno_relativo,,,,
blog/captacao-imoveis-litoral-metodo-segredo-2026.html,../bairros/index.html,interno_relativo,,,,
blog/captacao-imoveis-litoral-metodo-segredo-2026.html,../sitemap.xml,interno_relativo,,,,
blog/captacao-imoveis-litoral-sem-taxa-2026.html,../style.css,interno_relativo,,,,
blog/captacao-imoveis-litoral-sem-taxa-2026.html,/,interno_absoluto,,,,
blog/captacao-imoveis-litoral-sem-taxa-2026.html,../consorcio.html,interno_relativo,,,,
blog/captacao-imoveis-litoral-sem-taxa-2026.html,../servicos.html,interno_relativo,,,,
blog/captacao-imoveis-litoral-sem-taxa-2026.html,../education/cursos/index.html,interno_relativo,,,,
blog/captacao-imoveis-litoral-sem-taxa-2026.html,../cidades/santos.html,interno_relativo,,,,
blog/captacao-imoveis-litoral-sem-taxa-2026.html,../bairros/index.html,interno_relativo,,,,
blog/captacao-imoveis-litoral-sem-taxa-2026.html,../sitemap.xml,interno_relativo,,,,
blog/captacao-imoveis-litoral-tecnicas-abordagem-canal-2026.html,../automacao-captacao-imoveis-litoral-passos.html,interno_relativo,,,,
blog/captacao-imoveis-para-corretores-sem-investimento-em-peruíbe-2026-07-13.html,../servicos.html,interno_relativo,,,,
blog/captacao-imoveis-para-corretores-sem-investimento-em-peruíbe-2026-07-13.html,../education/cursos/index.html,interno_relativo,,,,
blog/captacao-imoveis-para-corretores-sem-investimento-em-peruíbe-2026-07-13.html,../cidades/santos.html,interno_relativo,,,,
blog/captacao-imoveis-para-corretores-sem-investimento-em-peruíbe-2026-07-13.html,../bairros/index.html,interno_relativo,,,,
blog/captacao-imoveis-para-corretores-sem-investimento-em-peruíbe-2026-07-13.html,../sitemap.xml,interno_relativo,,,,
blog/captacao-imoveis-propriedade-horizontal-litoral-2026.html,../checklist-captacao-imoveis-litoral-21-passos-2026.html,interno_relativo,,,,
blog/captacao-imoveis-proprietarios-litoral-2026.html,../servicos.html,interno_relativo,,,,
blog/captacao-imoveis-proprietarios-litoral-2026.html,../education/cursos/index.html,interno_relativo,,,,
blog/captacao-imoveis-proprietarios-litoral-2026.html,../cidades/santos.html,interno_relativo,,,,
blog/captacao-imoveis-proprietarios-litoral-2026.html,../bairros/index.html,interno_relativo,,,,
blog/captacao-imoveis-proprietarios-litoral-2026.html,../sitemap.xml,interno_relativo,,,,
blog/captacao-imoveis-regiao-litoral-paulista-2026.html,../servicos.html,interno_relativo,,,,
blog/captacao-imoveis-regiao-litoral-paulista-2026.html,../education/cursos/index.html,interno_relativo,,,,
blog/captacao-imoveis-regiao-litoral-paulista-2026.html,../cidades/santos.html,interno_relativo,,,,
blog/captacao-imoveis-regiao-litoral-paulista-2026.html,../bairros/index.html,interno_relativo,,,,
blog/captacao-imoveis-regiao-litoral-paulista-2026.html,../sitemap.xml,interno_relativo,,,,
blog/captacao-imoveis-sem-anuncios-pagos-corretores-litoral-2026.html,../cases/case-imobiliaria-porto-da-lua-35-leads-2026.html,interno_relativo,,,,
blog/captacao-imoveis-sem-anuncios-pagos-corretores-litoral-2026.html,../seo-local-imobiliaria-litoral-passo-a-passo-2026-08-11.html,interno_relativo,,,,
blog/captacao-imoveis-sem-anuncios-pagos-corretores-litoral-2026.html,../captacao-imoveis-sem-anuncios-pagos-corretores-litoral-2026.html,interno_relativo,,,,
blog/captacao-imoveis-sem-anuncios-pagos-corretores-litoral-2026.html,../aluguel-por-temporada-dicas-proprietarios-2026.html,interno_relativo,,,,
blog/captacao-imoveis-sem-anuncios-pagos-corretores-litoral-2026.html,../servicos.html,interno_relativo,,,,
blog/captacao-imoveis-sem-anuncios-pagos-corretores-litoral-2026.html,../education/cursos/index.html,interno_relativo,,,,
blog/captacao-imoveis-sem-anuncios-pagos-corretores-litoral-2026.html,../cidades/santos.html,interno_relativo,,,,
blog/captacao-imoveis-sem-anuncios-pagos-corretores-litoral-2026.html,../bairros/index.html,interno_relativo,,,,
blog/captacao-imoveis-sem-anuncios-pagos-corretores-litoral-2026.html,../sitemap.xml,interno_relativo,,,,
blog/captacao-imoveis-sem-custo-2026.html,../servicos.html,interno_relativo,,,,
blog/captacao-imoveis-sem-custo-2026.html,../education/cursos/index.html,interno_relativo,,,,
blog/captacao-imoveis-sem-custo-2026.html,../cidades/santos.html,interno_relativo,,,,
blog/captacao-imoveis-sem-custo-2026.html,../bairros/index.html,interno_relativo,,,,
blog/captacao-imoveis-sem-custo-2026.html,../sitemap.xml,interno_relativo,,,,
blog/captacao-imoveis-sem-custo-litoral-2026.html,../sitemap.xml,interno_relativo,,,,
blog/captacao-imoveis-sem-custo-litoral-2026.html,../servicos.html,interno_relativo,,,,
blog/captacao-imoveis-sem-custo-litoral-2026.html,../education/cursos/index.html,interno_relativo,,,,
blog/captacao-imoveis-sem-custo-litoral-2026.html,../cidades/santos.html,interno_relativo,,,,
blog/captacao-imoveis-sem-custo-litoral-2026.html,../bairros/index.html,interno_relativo,,,,
blog/captacao-imoveis-sem-investimento-inicial-2026.html,../servicos.html,interno_relativo,,,,
blog/captacao-imoveis-sem-investimento-inicial-2026.html,../education/cursos/index.html,interno_relativo,,,,
blog/captacao-imoveis-sem-investimento-inicial-2026.html,../cidades/santos.html,interno_relativo,,,,
blog/captacao-imoveis-sem-investimento-inicial-2026.html,../bairros/index.html,interno_relativo,,,,
blog/captacao-imoveis-sem-investimento-inicial-2026.html,../sitemap.xml,interno_relativo,,,,
blog/captacao-imoveis-sem-taxa-litoral-2026.html,captacao-imoveis-inverno-litoral-2026.html,interno_relativo,,,,
blog/captacao-imoveis-sem-taxa-litoral-2026.html,fluxo-captacao-imoveis-sem-invasivo-litoral-2026.html,interno_relativo,,,,
blog/captacao-imoveis-sem-taxa-litoral-2026.html,../servicos.html,interno_relativo,,,,
blog/captacao-imoveis-sem-taxa-litoral-2026.html,../education/cursos/index.html,interno_relativo,,,,
blog/captacao-imoveis-sem-taxa-litoral-2026.html,../cidades/santos.html,interno_relativo,,,,
blog/captacao-imoveis-sem-taxa-litoral-2026.html,../bairros/index.html,interno_relativo,,,,
blog/captacao-imoveis-sem-taxa-litoral-2026.html,../sitemap.xml,interno_relativo,,,,
blog/captacao-imoveis-verao-praiagrande-ia.html,/,interno_absoluto,,,,
blog/captacao-imoveis-verao-praiagrande-ia.html,../sitemap.xml,interno_relativo,,,,
blog/captacao-imoveis-verao-praiagrande-ia.html,../servicos.html,interno_relativo,,,,
blog/captacao-imoveis-verao-praiagrande-ia.html,../education/cursos/index.html,interno_relativo,,,,
blog/captacao-imoveis-verao-praiagrande-ia.html,../cidades/santos.html,interno_relativo,,,,
blog/captacao-imoveis-verao-praiagrande-ia.html,../bairros/index.html,interno_relativo,,,,
blog/captacao-imoveis-whatsapp-roteiro-2026-07-27.html,../sitemap.xml,interno_relativo,,,,
blog/captacao-imoveis-whatsapp-roteiro-2026-07-27.html,../servicos.html,interno_relativo,,,,
blog/captacao-imoveis-whatsapp-roteiro-2026-07-27.html,../education/cursos/index.html,interno_relativo,,,,
blog/captacao-imoveis-whatsapp-roteiro-2026-07-27.html,../cidades/santos.html,interno_relativo,,,,
blog/captacao-imoveis-whatsapp-roteiro-2026-07-27.html,../bairros/index.html,interno_relativo,,,,
blog/captacao-imóveis-imobiliária-2026-2026-08-02.html,../servicos.html,interno_relativo,,,,
blog/captacao-imóveis-imobiliária-2026-2026-08-02.html,../education/cursos/index.html,interno_relativo,,,,
blog/captacao-imóveis-imobiliária-2026-2026-08-02.html,../cidades/santos.html,interno_relativo,,,,
blog/captacao-imóveis-imobiliária-2026-2026-08-02.html,../bairros/index.html,interno_relativo,,,,
blog/captacao-imóveis-imobiliária-2026-2026-08-02.html,../sitemap.xml,interno_relativo,,,,
blog/captacao-imóveis-imobiliária-leads-2026-08-06.html,../servicos.html,interno_relativo,,,,
blog/captacao-imóveis-imobiliária-leads-2026-08-06.html,../education/cursos/index.html,interno_relativo,,,,
blog/captacao-imóveis-imobiliária-leads-2026-08-06.html,../cidades/santos.html,interno_relativo,,,,
blog/captacao-imóveis-imobiliária-leads-2026-08-06.html,../bairros/index.html,interno_relativo,,,,
blog/captacao-indicacao-clientes-imobiliaria-litoral-2026.html,../captacao-imoveis-indicacao-script-corretores-litoral-2026.html,interno_relativo,,,,
blog/captacao-leads-2026-litoral-2026-08-05.html,../servicos.html,interno_relativo,,,,
blog/captacao-leads-2026-litoral-2026-08-05.html,../education/cursos/index.html,interno_relativo,,,,
blog/captacao-leads-2026-litoral-2026-08-05.html,../cidades/santos.html,interno_relativo,,,,
blog/captacao-leads-2026-litoral-2026-08-05.html,../bairros/index.html,interno_relativo,,,,
blog/captacao-leads-digitais-litoral-2026.html,../sitemap.xml,interno_relativo,,,,
blog/captacao-leads-digitais-litoral-2026.html,../servicos.html,interno_relativo,,,,
blog/captacao-leads-digitais-litoral-2026.html,../education/cursos/index.html,interno_relativo,,,,
blog/captacao-leads-digitais-litoral-2026.html,../cidades/santos.html,interno_relativo,,,,
blog/captacao-leads-digitais-litoral-2026.html,../bairros/index.html,interno_relativo,,,,
blog/captacao-leads-ia-litoral-paulista-30-dias.html,/,interno_absoluto,,,,
blog/captacao-leads-ia-litoral-paulista-30-dias.html,../sitemap.xml,interno_relativo,,,,
blog/captacao-leads-ia-litoral-paulista-30-dias.html,../servicos.html,interno_relativo,,,,
blog/captacao-leads-ia-litoral-paulista-30-dias.html,../education/cursos/index.html,interno_relativo,,,,
blog/captacao-leads-ia-litoral-paulista-30-dias.html,../cidades/santos.html,interno_relativo,,,,
blog/captacao-leads-ia-litoral-paulista-30-dias.html,../bairros/index.html,interno_relativo,,,,
blog/captacao-leads-imobiliaria-litoral-ia.html,/,interno_absoluto,,,,
blog/captacao-leads-imobiliaria-litoral-ia.html,../sitemap.xml,interno_relativo,,,,
blog/captacao-leads-imobiliaria-litoral-ia.html,../servicos.html,interno_relativo,,,,
blog/captacao-leads-imobiliaria-litoral-ia.html,../education/cursos/index.html,interno_relativo,,,,
blog/captacao-leads-imobiliaria-litoral-ia.html,../cidades/santos.html,interno_relativo,,,,
blog/captacao-leads-imobiliaria-litoral-ia.html,../bairros/index.html,interno_relativo,,,,
blog/captacao-leads-imobiliarias-google-maps.html,/,interno_absoluto,,,,
blog/captacao-leads-imobiliarias-google-maps.html,../sitemap.xml,interno_relativo,,,,
blog/captacao-leads-imobiliarias-google-maps.html,../servicos.html,interno_relativo,,,,
blog/captacao-leads-imobiliarias-google-maps.html,../education/cursos/index.html,interno_relativo,,,,
blog/captacao-leads-imobiliarias-google-maps.html,../cidades/santos.html,interno_relativo,,,,
blog/captacao-leads-imobiliarias-google-maps.html,../bairros/index.html,interno_relativo,,,,
blog/captacao-leads-imobiliarias-google-maps.html,../education/formacoes/marketing-imobiliario.html,interno_relativo,,,,
blog/captacao-leads-imobiliarias-litoral-2026.html,../servicos.html,interno_relativo,,,,
blog/captacao-leads-imobiliarias-litoral-2026.html,../education/cursos/index.html,interno_relativo,,,,
blog/captacao-leads-imobiliarias-litoral-2026.html,../cidades/santos.html,interno_relativo,,,,
blog/captacao-leads-imobiliarias-litoral-2026.html,../bairros/index.html,interno_relativo,,,,
blog/captacao-leads-imobiliarias-litoral-2026.html,../sitemap.xml,interno_relativo,,,,
blog/captacao-leads-imobiliária-litoral-2026-07-18.html,../servicos.html,interno_relativo,,,,
blog/captacao-leads-imobiliária-litoral-2026-07-18.html,../education/cursos/index.html,interno_relativo,,,,
blog/captacao-leads-imobiliária-litoral-2026-07-18.html,../cidades/santos.html,interno_relativo,,,,
blog/captacao-leads-imobiliária-litoral-2026-07-18.html,../bairros/index.html,interno_relativo,,,,
blog/captacao-leads-imobiliária-litoral-2026-07-18.html,../sitemap.xml,interno_relativo,,,,
blog/captacao-leads-litoral-paulista-sem-anuncios-2026.html,../servicos.html,interno_relativo,,,,
blog/captacao-leads-litoral-paulista-sem-anuncios-2026.html,../education/cursos/index.html,interno_relativo,,,,
blog/captacao-leads-litoral-paulista-sem-anuncios-2026.html,../cidades/santos.html,interno_relativo,,,,
blog/captacao-leads-litoral-paulista-sem-anuncios-2026.html,../bairros/index.html,interno_relativo,,,,
blog/captacao-leads-litoral-paulista-sem-anuncios-2026.html,../sitemap.xml,interno_relativo,,,,
blog/captacao-leads-litoral-sem-anuncios-pagos-2026.html,../servicos.html,interno_relativo,,,,
blog/captacao-leads-litoral-sem-anuncios-pagos-2026.html,../education/cursos/index.html,interno_relativo,,,,
blog/captacao-leads-litoral-sem-anuncios-pagos-2026.html,../cidades/santos.html,interno_relativo,,,,
blog/captacao-leads-litoral-sem-anuncios-pagos-2026.html,../bairros/index.html,interno_relativo,,,,
blog/captacao-leads-litoral-sem-anuncios-pagos-2026.html,../sitemap.xml,interno_relativo,,,,
blog/captacao-leads-sem-anuncios-em-corretores-verao-em-praia-grande-2026-07-12.html,../servicos.html,interno_relativo,,,,
blog/captacao-leads-sem-anuncios-em-corretores-verao-em-praia-grande-2026-07-12.html,../education/cursos/index.html,interno_relativo,,,,
blog/captacao-leads-sem-anuncios-em-corretores-verao-em-praia-grande-2026-07-12.html,../cidades/santos.html,interno_relativo,,,,
blog/captacao-leads-sem-anuncios-em-corretores-verao-em-praia-grande-2026-07-12.html,../bairros/index.html,interno_relativo,,,,
blog/captacao-leads-sem-anuncios-em-corretores-verao-em-praia-grande-2026-07-12.html,../sitemap.xml,interno_relativo,,,,
blog/captacao-leads-video-curto-2026.html,../servicos.html,interno_relativo,,,,
blog/captacao-leads-video-curto-2026.html,../education/cursos/index.html,interno_relativo,,,,
blog/captacao-leads-video-curto-2026.html,../cidades/santos.html,interno_relativo,,,,
blog/captacao-leads-video-curto-2026.html,../bairros/index.html,interno_relativo,,,,
blog/captacao-leads-video-curto-2026.html,../sitemap.xml,interno_relativo,,,,
blog/captacao-leads-whatsapp-litoral-paulista-2026.html,../cases/case-imobiliaria-porto-da-lua-35-leads-2026.html,interno_relativo,,,,
blog/captacao-leads-whatsapp-litoral-paulista-2026.html,../seo-local-imobiliaria-litoral-passo-a-passo-2026-08-11.html,interno_relativo,,,,
blog/captacao-leads-whatsapp-litoral-paulista-2026.html,../captacao-imoveis-sem-anuncios-pagos-corretores-litoral-2026.html,interno_relativo,,,,
blog/captacao-leads-whatsapp-litoral-paulista-2026.html,../aluguel-por-temporada-dicas-proprietarios-2026.html,interno_relativo,,,,
blog/captacao-leads-whatsapp-litoral-paulista-2026.html,../servicos.html,interno_relativo,,,,
blog/captacao-leads-whatsapp-litoral-paulista-2026.html,../education/cursos/index.html,interno_relativo,,,,
blog/captacao-leads-whatsapp-litoral-paulista-2026.html,../cidades/santos.html,interno_relativo,,,,
blog/captacao-leads-whatsapp-litoral-paulista-2026.html,../bairros/index.html,interno_relativo,,,,
blog/captacao-leads-whatsapp-litoral-paulista-2026.html,../education/formacoes/captacao-imoveis.html,interno_relativo,,,,
blog/captacao-leads-whatsapp-litoral-paulista-2026.html,../sitemap.xml,interno_relativo,,,,
blog/captacao-offline-SEO-imobiliarias-litoral-sem-ferramentas-2026.html,../servicos.html,interno_relativo,,,,
blog/captacao-offline-SEO-imobiliarias-litoral-sem-ferramentas-2026.html,../education/cursos/index.html,interno_relativo,,,,
blog/captacao-offline-SEO-imobiliarias-litoral-sem-ferramentas-2026.html,../cidades/santos.html,interno_relativo,,,,
blog/captacao-offline-SEO-imobiliarias-litoral-sem-ferramentas-2026.html,../bairros/index.html,interno_relativo,,,,
blog/captacao-offline-SEO-imobiliarias-litoral-sem-ferramentas-2026.html,../sitemap.xml,interno_relativo,,,,
blog/captacao-organica-corretores-litoral-paulista-2026.html,../servicos.html,interno_relativo,,,,
blog/captacao-organica-corretores-litoral-paulista-2026.html,../education/cursos/index.html,interno_relativo,,,,
blog/captacao-organica-corretores-litoral-paulista-2026.html,../cidades/santos.html,interno_relativo,,,,
blog/captacao-organica-corretores-litoral-paulista-2026.html,../bairros/index.html,interno_relativo,,,,
blog/captacao-organica-corretores-litoral-paulista-2026.html,../sitemap.xml,interno_relativo,,,,
blog/captacao-orgânica-imoveis-redes-2026.html,../servicos.html,interno_relativo,,,,
blog/captacao-orgânica-imoveis-redes-2026.html,../education/cursos/index.html,interno_relativo,,,,
blog/captacao-orgânica-imoveis-redes-2026.html,../cidades/santos.html,interno_relativo,,,,
blog/captacao-orgânica-imoveis-redes-2026.html,../bairros/index.html,interno_relativo,,,,
blog/captacao-orgânica-imoveis-redes-2026.html,../sitemap.xml,interno_relativo,,,,
blog/captacao-sem-custo-imobiliarias-litoral-2026.html,../servicos.html,interno_relativo,,,,
blog/captacao-sem-custo-imobiliarias-litoral-2026.html,../education/cursos/index.html,interno_relativo,,,,
blog/captacao-sem-custo-imobiliarias-litoral-2026.html,../cidades/santos.html,interno_relativo,,,,
blog/captacao-sem-custo-imobiliarias-litoral-2026.html,../bairros/index.html,interno_relativo,,,,
blog/captacao-sem-custo-imobiliarias-litoral-2026.html,../sitemap.xml,interno_relativo,,,,
blog/captar-clientes-temporada-litoral-sem-anuncios-2026.html,../servicos.html,interno_relativo,,,,
blog/captar-clientes-temporada-litoral-sem-anuncios-2026.html,../education/cursos/index.html,interno_relativo,,,,
blog/captar-clientes-temporada-litoral-sem-anuncios-2026.html,../cidades/santos.html,interno_relativo,,,,
blog/captar-clientes-temporada-litoral-sem-anuncios-2026.html,../bairros/index.html,interno_relativo,,,,
blog/captar-clientes-temporada-litoral-sem-anuncios-2026.html,../sitemap.xml,interno_relativo,,,,
blog/captar-imoveis-indicacao-litoral-script-abordagem-2026.html,../automacao-captacao-imoveis-litoral-passos.html,interno_relativo,,,,
blog/captar-imoveis-litoral-paulista-sem-spam-2026.html,../cases/case-imobiliaria-porto-da-lua-35-leads-2026.html,interno_relativo,,,,
blog/captar-imoveis-litoral-paulista-sem-spam-2026.html,../seo-local-imobiliaria-litoral-passo-a-passo-2026-08-11.html,interno_relativo,,,,
blog/captar-imoveis-litoral-paulista-sem-spam-2026.html,../captacao-imoveis-sem-anuncios-pagos-corretores-litoral-2026.html,interno_relativo,,,,
blog/captar-imoveis-litoral-paulista-sem-spam-2026.html,../aluguel-por-temporada-dicas-proprietarios-2026.html,interno_relativo,,,,
blog/captar-imoveis-litoral-paulista-sem-spam-2026.html,../servicos.html,interno_relativo,,,,
blog/captar-imoveis-litoral-paulista-sem-spam-2026.html,../education/cursos/index.html,interno_relativo,,,,
blog/captar-imoveis-litoral-paulista-sem-spam-2026.html,../cidades/santos.html,interno_relativo,,,,
blog/captar-imoveis-litoral-paulista-sem-spam-2026.html,../bairros/index.html,interno_relativo,,,,
blog/captar-imoveis-litoral-paulista-sem-spam-2026.html,../sitemap.xml,interno_relativo,,,,
blog/captar-imoveis-temporada-sem-anuncios-pagos-2026.html,../servicos.html,interno_relativo,,,,
blog/captar-imoveis-temporada-sem-anuncios-pagos-2026.html,../education/cursos/index.html,interno_relativo,,,,
blog/captar-imoveis-temporada-sem-anuncios-pagos-2026.html,../cidades/santos.html,interno_relativo,,,,
blog/captar-imoveis-temporada-sem-anuncios-pagos-2026.html,../bairros/index.html,interno_relativo,,,,
blog/captar-imoveis-temporada-sem-anuncios-pagos-2026.html,../sitemap.xml,interno_relativo,,,,
blog/captar-leads-site-gratuito-imobiliarias-litoral-2026.html,ctas-convertem-imoveis-litoral-2026.html,interno_relativo,,,,
blog/captar-leads-site-gratuito-imobiliarias-litoral-2026.html,funil-captacao-imobiliarias-litoral-2026.html,interno_relativo,,,,
blog/captar-leads-site-gratuito-imobiliarias-litoral-2026.html,../servicos.html,interno_relativo,,,,
blog/captar-leads-site-gratuito-imobiliarias-litoral-2026.html,../education/cursos/index.html,interno_relativo,,,,
blog/captar-leads-site-gratuito-imobiliarias-litoral-2026.html,../cidades/santos.html,interno_relativo,,,,
blog/captar-leads-site-gratuito-imobiliarias-litoral-2026.html,../bairros/index.html,interno_relativo,,,,
blog/captar-leads-site-gratuito-imobiliarias-litoral-2026.html,../sitemap.xml,interno_relativo,,,,
blog/captação-offline-no-litoralroteiro-para-10-novos-imóveis-por-semana-2026-07-12-praia-digital.html,../servicos.html,interno_relativo,,,,
blog/captação-offline-no-litoralroteiro-para-10-novos-imóveis-por-semana-2026-07-12-praia-digital.html,../education/cursos/index.html,interno_relativo,,,,
blog/captação-offline-no-litoralroteiro-para-10-novos-imóveis-por-semana-2026-07-12-praia-digital.html,../cidades/santos.html,interno_relativo,,,,
blog/captação-offline-no-litoralroteiro-para-10-novos-imóveis-por-semana-2026-07-12-praia-digital.html,../bairros/index.html,interno_relativo,,,,
blog/captação-offline-no-litoralroteiro-para-10-novos-imóveis-por-semana-2026-07-12-praia-digital.html,../sitemap.xml,interno_relativo,,,,
blog/carrossel.html,reduzir-custos-captacao-imoveis-litoral-2026-08-12.html,interno_relativo,,,,
blog/carrossel.html,seo-local-imobiliaria-litoral-passo-a-passo-2026-08-11.html,interno_relativo,,,,
blog/carrossel.html,erros-captacao-imoveis-alto-padrao-litoral-2026-08-10.html,interno_relativo,,,,
blog/carrossel.html,documentacao-alugar-temporada-litoral-2026-08-09.html,interno_relativo,,,,
blog/carrossel.html,indice-semana-34-2026-08-09.html,interno_relativo,,,,
blog/carrossel.html,newsletter-semanal-semana-34-2026-08-09.html,interno_relativo,,,,
blog/carrossel.html,followup-pos-visita-fechamento-litoral-2026-08-08.html,interno_relativo,,,,
blog/carrossel.html,../sazonalidade-aluguel-litoral-preco-por-mes-2026-08-07.html,interno_relativo,,,,
blog/carrossel.html,anuncio-imovel-bairro-nobre-sem-generico-2026-08-06.html,interno_relativo,,,,
blog/carrossel.html,5-sinais-imovel-subvalorizado-litoral-2026-08-05.html,interno_relativo,,,,
blog/carrossel.html,indice-semana-33-2026-08-05.html,interno_relativo,,,,
blog/carrossel.html,newsletter-semanal-semana-33-2026-08-05.html,interno_relativo,,,,
blog/carrossel.html,../servicos.html,interno_relativo,,,,
blog/carrossel.html,../education/cursos/index.html,interno_relativo,,,,
blog/carrossel.html,../cidades/santos.html,interno_relativo,,,,
blog/carrossel.html,../bairros/index.html,interno_relativo,,,,
blog/carrossel.html,../sitemap.xml,interno_relativo,,,,
blog/carteira-imoveis-aluguel-temporada-litoral-2026.html,../montar-carteira-imoveis-temporada-litoral-2026.html,interno_relativo,,,,
blog/carteira-imoveis-aluguel-temporada-litoral-2026.html,../gestao-temporada-checkin-checkout-sem-dor-2026.html,interno_relativo,,,,
blog/carteira-imoveis-aluguel-temporada-litoral-2026.html,../sitemap.xml,interno_relativo,,,,
blog/casa-barra-norte-2026.html,../servicos.html,interno_relativo,,,,
blog/casa-barra-norte-2026.html,../education/cursos/index.html,interno_relativo,,,,
blog/casa-barra-norte-2026.html,../cidades/santos.html,interno_relativo,,,,
blog/casa-barra-norte-2026.html,../bairros/index.html,interno_relativo,,,,
blog/casa-barra-norte-2026.html,../sitemap.xml,interno_relativo,,,,
blog/casa-condominio-praiagrande-ia.html,/,interno_absoluto,,,,
blog/casa-condominio-praiagrande-ia.html,../sitemap.xml,interno_relativo,,,,
blog/casa-condominio-praiagrande-ia.html,../servicos.html,interno_relativo,,,,
blog/casa-condominio-praiagrande-ia.html,../education/cursos/index.html,interno_relativo,,,,
blog/casa-condominio-praiagrande-ia.html,../cidades/santos.html,interno_relativo,,,,
blog/casa-condominio-praiagrande-ia.html,../bairros/index.html,interno_relativo,,,,
blog/casa-costa-verde-2026.html,../servicos.html,interno_relativo,,,,
blog/casa-costa-verde-2026.html,../education/cursos/index.html,interno_relativo,,,,
blog/casa-costa-verde-2026.html,../cidades/santos.html,interno_relativo,,,,
blog/casa-costa-verde-2026.html,../bairros/index.html,interno_relativo,,,,
blog/casa-costa-verde-2026.html,../sitemap.xml,interno_relativo,,,,
blog/casa-familia-praiagrande-zona-sul-ia.html,/,interno_absoluto,,,,
blog/casa-familia-praiagrande-zona-sul-ia.html,../sitemap.xml,interno_relativo,,,,
blog/casa-familia-praiagrande-zona-sul-ia.html,../servicos.html,interno_relativo,,,,
blog/casa-familia-praiagrande-zona-sul-ia.html,../education/cursos/index.html,interno_relativo,,,,
blog/casa-familia-praiagrande-zona-sul-ia.html,../cidades/santos.html,interno_relativo,,,,
blog/casa-familia-praiagrande-zona-sul-ia.html,../bairros/index.html,interno_relativo,,,,
blog/casa-investidor-peruibe-ia.html,/,interno_absoluto,,,,
blog/casa-investidor-peruibe-ia.html,../sitemap.xml,interno_relativo,,,,
blog/casa-investidor-peruibe-ia.html,../servicos.html,interno_relativo,,,,
blog/casa-investidor-peruibe-ia.html,../education/cursos/index.html,interno_relativo,,,,
blog/casa-investidor-peruibe-ia.html,../cidades/santos.html,interno_relativo,,,,
blog/casa-investidor-peruibe-ia.html,../bairros/index.html,interno_relativo,,,,
blog/casa-investidor-zona-sul-santos-ia.html,/,interno_absoluto,,,,
blog/casa-investidor-zona-sul-santos-ia.html,../sitemap.xml,interno_relativo,,,,
blog/casa-investidor-zona-sul-santos-ia.html,../servicos.html,interno_relativo,,,,
blog/casa-investidor-zona-sul-santos-ia.html,../education/cursos/index.html,interno_relativo,,,,
blog/casa-investidor-zona-sul-santos-ia.html,../cidades/santos.html,interno_relativo,,,,
blog/casa-investidor-zona-sul-santos-ia.html,../bairros/index.html,interno_relativo,,,,
blog/casa-litoral-norte-2026.html,../servicos.html,interno_relativo,,,,
blog/casa-litoral-norte-2026.html,../education/cursos/index.html,interno_relativo,,,,
blog/casa-litoral-norte-2026.html,../cidades/santos.html,interno_relativo,,,,
blog/casa-litoral-norte-2026.html,../bairros/index.html,interno_relativo,,,,
blog/casa-litoral-norte-2026.html,../sitemap.xml,interno_relativo,,,,
blog/casa-praia-grande-familia-2026.html,../servicos.html,interno_relativo,,,,
blog/casa-praia-grande-familia-2026.html,../education/cursos/index.html,interno_relativo,,,,
blog/casa-praia-grande-familia-2026.html,../cidades/santos.html,interno_relativo,,,,
blog/casa-praia-grande-familia-2026.html,../bairros/index.html,interno_relativo,,,,
blog/casa-praia-grande-familia-2026.html,../sitemap.xml,interno_relativo,,,,
blog/casa-praia-sul-2026.html,../servicos.html,interno_relativo,,,,
blog/casa-praia-sul-2026.html,../education/cursos/index.html,interno_relativo,,,,
blog/casa-praia-sul-2026.html,../cidades/santos.html,interno_relativo,,,,
blog/casa-praia-sul-2026.html,../bairros/index.html,interno_relativo,,,,
blog/casa-praia-sul-2026.html,../sitemap.xml,interno_relativo,,,,
blog/casa-venda-guaruja-ia.html,/,interno_absoluto,,,,
blog/casa-venda-guaruja-ia.html,../sitemap.xml,interno_relativo,,,,
blog/casa-venda-guaruja-ia.html,../servicos.html,interno_relativo,,,,
blog/casa-venda-guaruja-ia.html,../education/cursos/index.html,interno_relativo,,,,
blog/casa-venda-guaruja-ia.html,../cidades/santos.html,interno_relativo,,,,
blog/casa-venda-guaruja-ia.html,../bairros/index.html,interno_relativo,,,,
blog/case-assistente-virtual-2026.html,../servicos.html,interno_relativo,,,,
blog/case-assistente-virtual-2026.html,../education/cursos/index.html,interno_relativo,,,,
blog/case-assistente-virtual-2026.html,../cidades/santos.html,interno_relativo,,,,
blog/case-assistente-virtual-2026.html,../bairros/index.html,interno_relativo,,,,
blog/case-assistente-virtual-2026.html,../sitemap.xml,interno_relativo,,,,
blog/case-barranorte-imoveis-praia-digital-2026.html,../servicos.html,interno_relativo,,,,
blog/case-barranorte-imoveis-praia-digital-2026.html,../education/cursos/index.html,interno_relativo,,,,
blog/case-barranorte-imoveis-praia-digital-2026.html,../cidades/santos.html,interno_relativo,,,,
blog/case-barranorte-imoveis-praia-digital-2026.html,../bairros/index.html,interno_relativo,,,,
blog/case-barranorte-imoveis-praia-digital-2026.html,../sitemap.xml,interno_relativo,,,,
blog/case-de-sucesso-casa-home-management-gestao-temporada-2026.html,../case-de-sucesso-proprietario-guaruja-temporada-2026.html,interno_relativo,,,,
blog/case-de-sucesso-casa-home-management-gestao-temporada-2026.html,../gestao-imobiliaria-litoral-equipe-processos-2026.html,interno_relativo,,,,
blog/case-de-sucesso-corretor-praia-grande-litoral-2026.html,../meta-ads-imobiliarias-litoral-facebook-instagram-2026.html,interno_relativo,,,,
blog/case-de-sucesso-corretor-praia-grande-litoral-2026.html,../funil-vendas-imobiliario-litoral-digital-2026.html,interno_relativo,,,,
blog/case-de-sucesso-corretor-sao-sebastiao-litoral-2026.html,../redes-sociais-imobiliarias-litoral-conteudo-2026.html,interno_relativo,,,,
blog/case-de-sucesso-corretor-sao-sebastiao-litoral-2026.html,../funil-vendas-imobiliario-litoral-digital-2026.html,interno_relativo,,,,
blog/case-de-sucesso-corretor-venda-rapida-litoral-2026.html,../case-de-sucesso-corretor-sao-sebastiao-litoral-2026.html,interno_relativo,,,,
blog/case-de-sucesso-corretor-venda-rapida-litoral-2026.html,../case-de-sucesso-corretor-praia-grande-litoral-2026.html,interno_relativo,,,,
blog/case-de-sucesso-imobiliaria-bertioga-litoral-2026.html,../seo-local-imobiliarias-litoral-google-maps-pack-local-2026.html,interno_relativo,,,,
blog/case-de-sucesso-imobiliaria-bertioga-litoral-2026.html,../checklist-completa-google-business-profile-imobiliarias-litoral-2026.html,interno_relativo,,,,
blog/case-de-sucesso-imobiliaria-captacao-lideranca-litoral-2026.html,../case-de-sucesso-imobiliaria-santos-litoral-2026.html,interno_relativo,,,,
blog/case-de-sucesso-imobiliaria-captacao-lideranca-litoral-2026.html,../networking-corretores-litoral-parcerias-indicacoes-2026.html,interno_relativo,,,,
blog/case-de-sucesso-imobiliaria-santos-litoral-2026.html,../funil-vendas-imobiliario-litoral-digital-2026.html,interno_relativo,,,,
blog/case-de-sucesso-imobiliaria-santos-litoral-2026.html,../marketing-digital-imobiliarias-locais-litoral-2026.html,interno_relativo,,,,
blog/case-de-sucesso-investidor-flipping-litoral-2026.html,../case-de-sucesso-imobiliaria-bertioga-litoral-2026.html,interno_relativo,,,,
blog/case-de-sucesso-investidor-flipping-litoral-2026.html,../analise-roi-imoveis-litoral-temporada-2026.html,interno_relativo,,,,
blog/case-de-sucesso-proprietario-guaruja-temporada-2026.html,../aluguel-temporada-legalidade-documentos-2026.html,interno_relativo,,,,
blog/case-de-sucesso-proprietario-guaruja-temporada-2026.html,../estrategia-preco-dinamico-temporada-litoral-2026.html,interno_relativo,,,,
blog/case-de-sucesso-proprietario-imovel-alto-padrao-litoral-2026.html,../case-de-sucesso-imobiliaria-bertioga-litoral-2026.html,interno_relativo,,,,
blog/case-de-sucesso-proprietario-imovel-alto-padrao-litoral-2026.html,../case-de-sucesso-proprietario-guaruja-temporada-2026.html,interno_relativo,,,,
blog/case-fechamento-centro-historico-2026.html,../servicos.html,interno_relativo,,,,
blog/case-fechamento-centro-historico-2026.html,../education/cursos/index.html,interno_relativo,,,,
blog/case-fechamento-centro-historico-2026.html,../cidades/santos.html,interno_relativo,,,,
blog/case-fechamento-centro-historico-2026.html,../bairros/index.html,interno_relativo,,,,
blog/case-fechamento-centro-historico-2026.html,../sitemap.xml,interno_relativo,,,,
blog/case-imobiliaria-porto-da-lua-35-leads-2026.html,../servicos.html,interno_relativo,,,,
blog/case-imobiliaria-porto-da-lua-35-leads-2026.html,../education/cursos/index.html,interno_relativo,,,,
blog/case-imobiliaria-porto-da-lua-35-leads-2026.html,../cidades/santos.html,interno_relativo,,,,
blog/case-imobiliaria-porto-da-lua-35-leads-2026.html,../bairros/index.html,interno_relativo,,,,
blog/case-imobiliaria-porto-da-lua-35-leads-2026.html,../sitemap.xml,interno_relativo,,,,
blog/case-parceria-litoral-estruturar-relatorio-2026.html,../servicos.html,interno_relativo,,,,
blog/case-parceria-litoral-estruturar-relatorio-2026.html,../education/cursos/index.html,interno_relativo,,,,
blog/case-parceria-litoral-estruturar-relatorio-2026.html,../cidades/santos.html,interno_relativo,,,,
blog/case-parceria-litoral-estruturar-relatorio-2026.html,../bairros/index.html,interno_relativo,,,,
blog/case-parceria-litoral-estruturar-relatorio-2026.html,../sitemap.xml,interno_relativo,,,,
blog/case-pratico-ia-imobiliaria-litoral.html,../sitemap.xml,interno_relativo,,,,
blog/case-pratico-ia-imobiliaria-litoral.html,../servicos.html,interno_relativo,,,,
blog/case-pratico-ia-imobiliaria-litoral.html,../education/cursos/index.html,interno_relativo,,,,
blog/case-pratico-ia-imobiliaria-litoral.html,../cidades/santos.html,interno_relativo,,,,
blog/case-pratico-ia-imobiliaria-litoral.html,../bairros/index.html,interno_relativo,,,,
blog/case-recomendacao-automatica-imoveis-2026.html,../servicos.html,interno_relativo,,,,
blog/case-recomendacao-automatica-imoveis-2026.html,../education/cursos/index.html,interno_relativo,,,,
blog/case-recomendacao-automatica-imoveis-2026.html,../cidades/santos.html,interno_relativo,,,,
blog/case-recomendacao-automatica-imoveis-2026.html,../bairros/index.html,interno_relativo,,,,
blog/case-recomendacao-automatica-imoveis-2026.html,../sitemap.xml,interno_relativo,,,,
blog/case-reducao-tempo-resposta-costa-verde-2026.html,../servicos.html,interno_relativo,,,,
blog/case-reducao-tempo-resposta-costa-verde-2026.html,../education/cursos/index.html,interno_relativo,,,,
blog/case-reducao-tempo-resposta-costa-verde-2026.html,../cidades/santos.html,interno_relativo,,,,
blog/case-reducao-tempo-resposta-costa-verde-2026.html,../bairros/index.html,interno_relativo,,,,
blog/case-reducao-tempo-resposta-costa-verde-2026.html,../sitemap.xml,interno_relativo,,,,
blog/case-roi-imobiliaria-litoral.html,../sitemap.xml,interno_relativo,,,,
blog/case-roi-imobiliaria-litoral.html,../servicos.html,interno_relativo,,,,
blog/case-roi-imobiliaria-litoral.html,../education/cursos/index.html,interno_relativo,,,,
blog/case-roi-imobiliaria-litoral.html,../cidades/santos.html,interno_relativo,,,,
blog/case-roi-imobiliaria-litoral.html,../bairros/index.html,interno_relativo,,,,
blog/case-social-rapido-para-parcerias-em-bertioga-bertioga.html,../servicos.html,interno_relativo,,,,
blog/case-social-rapido-para-parcerias-em-bertioga-bertioga.html,../education/cursos/index.html,interno_relativo,,,,
blog/case-social-rapido-para-parcerias-em-bertioga-bertioga.html,../cidades/santos.html,interno_relativo,,,,
blog/case-social-rapido-para-parcerias-em-bertioga-bertioga.html,../bairros/index.html,interno_relativo,,,,
blog/case-social-rapido-para-parcerias-em-bertioga-bertioga.html,../sitemap.xml,interno_relativo,,,,
blog/case-social-rapido-para-parcerias-em-cananeia-cananeia.html,../servicos.html,interno_relativo,,,,
blog/case-social-rapido-para-parcerias-em-cananeia-cananeia.html,../education/cursos/index.html,interno_relativo,,,,
blog/case-social-rapido-para-parcerias-em-cananeia-cananeia.html,../cidades/santos.html,interno_relativo,,,,
blog/case-social-rapido-para-parcerias-em-cananeia-cananeia.html,../bairros/index.html,interno_relativo,,,,
blog/case-social-rapido-para-parcerias-em-cananeia-cananeia.html,../sitemap.xml,interno_relativo,,,,
blog/case-social-rapido-para-parcerias-em-guaruja-guaruja.html,../servicos.html,interno_relativo,,,,
blog/case-social-rapido-para-parcerias-em-guaruja-guaruja.html,../education/cursos/index.html,interno_relativo,,,,
blog/case-social-rapido-para-parcerias-em-guaruja-guaruja.html,../cidades/santos.html,interno_relativo,,,,
blog/case-social-rapido-para-parcerias-em-guaruja-guaruja.html,../bairros/index.html,interno_relativo,,,,
blog/case-social-rapido-para-parcerias-em-guaruja-guaruja.html,../sitemap.xml,interno_relativo,,,,
blog/case-social-rapido-para-parcerias-em-ilhabela-ilhabela.html,../servicos.html,interno_relativo,,,,
blog/case-social-rapido-para-parcerias-em-ilhabela-ilhabela.html,../education/cursos/index.html,interno_relativo,,,,
blog/case-social-rapido-para-parcerias-em-ilhabela-ilhabela.html,../cidades/santos.html,interno_relativo,,,,
blog/case-social-rapido-para-parcerias-em-ilhabela-ilhabela.html,../bairros/index.html,interno_relativo,,,,
blog/case-social-rapido-para-parcerias-em-ilhabela-ilhabela.html,../sitemap.xml,interno_relativo,,,,
blog/case-social-rapido-para-parcerias-em-maresias-maresias.html,../servicos.html,interno_relativo,,,,
blog/case-social-rapido-para-parcerias-em-maresias-maresias.html,../education/cursos/index.html,interno_relativo,,,,
blog/case-social-rapido-para-parcerias-em-maresias-maresias.html,../cidades/santos.html,interno_relativo,,,,
blog/case-social-rapido-para-parcerias-em-maresias-maresias.html,../bairros/index.html,interno_relativo,,,,
blog/case-social-rapido-para-parcerias-em-maresias-maresias.html,../sitemap.xml,interno_relativo,,,,
blog/case-social-rapido-para-parcerias-em-praia-grande-praia-grande.html,../servicos.html,interno_relativo,,,,
blog/case-social-rapido-para-parcerias-em-praia-grande-praia-grande.html,../education/cursos/index.html,interno_relativo,,,,
blog/case-social-rapido-para-parcerias-em-praia-grande-praia-grande.html,../cidades/santos.html,interno_relativo,,,,
blog/case-social-rapido-para-parcerias-em-praia-grande-praia-grande.html,../bairros/index.html,interno_relativo,,,,
blog/case-social-rapido-para-parcerias-em-praia-grande-praia-grande.html,../sitemap.xml,interno_relativo,,,,
blog/case-social-rapido-para-parcerias-em-ubatuba-ubatuba.html,../servicos.html,interno_relativo,,,,
blog/case-social-rapido-para-parcerias-em-ubatuba-ubatuba.html,../education/cursos/index.html,interno_relativo,,,,
blog/case-social-rapido-para-parcerias-em-ubatuba-ubatuba.html,../cidades/santos.html,interno_relativo,,,,
blog/case-social-rapido-para-parcerias-em-ubatuba-ubatuba.html,../bairros/index.html,interno_relativo,,,,
blog/case-social-rapido-para-parcerias-em-ubatuba-ubatuba.html,../sitemap.xml,interno_relativo,,,,
blog/case-social-rapido-parcerias-imobiliarias-litoral-2026.html,../servicos.html,interno_relativo,,,,
blog/case-social-rapido-parcerias-imobiliarias-litoral-2026.html,../education/cursos/index.html,interno_relativo,,,,
blog/case-social-rapido-parcerias-imobiliarias-litoral-2026.html,../cidades/santos.html,interno_relativo,,,,
blog/case-social-rapido-parcerias-imobiliarias-litoral-2026.html,../bairros/index.html,interno_relativo,,,,
blog/case-social-rapido-parcerias-imobiliarias-litoral-2026.html,../sitemap.xml,interno_relativo,,,,
blog/case-sucesso-barra-norte-imoveis-guaruja-2026.html,../servicos.html,interno_relativo,,,,
blog/case-sucesso-barra-norte-imoveis-guaruja-2026.html,../education/cursos/index.html,interno_relativo,,,,
blog/case-sucesso-barra-norte-imoveis-guaruja-2026.html,../cidades/santos.html,interno_relativo,,,,
blog/case-sucesso-barra-norte-imoveis-guaruja-2026.html,../bairros/index.html,interno_relativo,,,,
blog/case-sucesso-barra-norte-imoveis-guaruja-2026.html,../sitemap.xml,interno_relativo,,,,
blog/case-sucesso-imobiliaria-litoral-aumento-leads-ia-2026.html,../servicos.html,interno_relativo,,,,
blog/case-sucesso-imobiliaria-litoral-aumento-leads-ia-2026.html,../education/cursos/index.html,interno_relativo,,,,
blog/case-sucesso-imobiliaria-litoral-aumento-leads-ia-2026.html,../cidades/santos.html,interno_relativo,,,,
blog/case-sucesso-imobiliaria-litoral-aumento-leads-ia-2026.html,../bairros/index.html,interno_relativo,,,,
blog/case-sucesso-imobiliaria-litoral-aumento-leads-ia-2026.html,../sitemap.xml,interno_relativo,,,,
blog/cases-ia-imobiliarias-litoral-paulista.html,/,interno_absoluto,,,,
blog/cases-ia-imobiliarias-litoral-paulista.html,../sitemap.xml,interno_relativo,,,,
blog/cases-ia-imobiliarias-litoral-paulista.html,../servicos.html,interno_relativo,,,,
blog/cases-ia-imobiliarias-litoral-paulista.html,../education/cursos/index.html,interno_relativo,,,,
blog/cases-ia-imobiliarias-litoral-paulista.html,../cidades/santos.html,interno_relativo,,,,
blog/cases-ia-imobiliarias-litoral-paulista.html,../bairros/index.html,interno_relativo,,,,
blog/cases-parcerias-imobiliarias-litoral-2026.html,/,interno_absoluto,,,,
blog/cases-parcerias-imobiliarias-litoral-2026.html,../servicos.html,interno_relativo,,,,
blog/cases-parcerias-imobiliarias-litoral-2026.html,../education/cursos/index.html,interno_relativo,,,,
blog/cases-parcerias-imobiliarias-litoral-2026.html,../cidades/santos.html,interno_relativo,,,,
blog/cases-parcerias-imobiliarias-litoral-2026.html,../bairros/index.html,interno_relativo,,,,
blog/cases-parcerias-imobiliarias-litoral-2026.html,../sitemap.xml,interno_relativo,,,,
blog/cases-referencias-imobiliarias-litoral-paulista-2026.html,../servicos.html,interno_relativo,,,,
blog/cases-referencias-imobiliarias-litoral-paulista-2026.html,../education/cursos/index.html,interno_relativo,,,,
blog/cases-referencias-imobiliarias-litoral-paulista-2026.html,../cidades/santos.html,interno_relativo,,,,
blog/cases-referencias-imobiliarias-litoral-paulista-2026.html,../bairros/index.html,interno_relativo,,,,
blog/cases-referencias-imobiliarias-litoral-paulista-2026.html,../sitemap.xml,interno_relativo,,,,
blog/cases-sucesso-ia-imobiliarias-litoral-paulista-2026.html,../cases.html,interno_relativo,,,,
blog/cases-sucesso-ia-imobiliarias-litoral-paulista-2026.html,../cases/case-imobiliaria-porto-da-lua-35-leads-2026.html,interno_relativo,,,,
blog/cases-sucesso-ia-imobiliarias-litoral-paulista-2026.html,../cases/case-roi-imobiliaria-litoral-2026.html,interno_relativo,,,,
blog/cases-sucesso-ia-imobiliarias-litoral-paulista-2026.html,../servicos.html,interno_relativo,,,,
blog/cases-sucesso-ia-imobiliarias-litoral-paulista-2026.html,../education/cursos/index.html,interno_relativo,,,,
blog/cases-sucesso-ia-imobiliarias-litoral-paulista-2026.html,../cidades/santos.html,interno_relativo,,,,
blog/cases-sucesso-ia-imobiliarias-litoral-paulista-2026.html,../bairros/index.html,interno_relativo,,,,
blog/cases-sucesso-ia-imobiliarias-litoral-paulista-2026.html,../sitemap.xml,interno_relativo,,,,
blog/centro-guaruja-imoveis-oportunidades-2026.html,../servicos.html,interno_relativo,,,,
blog/centro-guaruja-imoveis-oportunidades-2026.html,../education/cursos/index.html,interno_relativo,,,,
blog/centro-guaruja-imoveis-oportunidades-2026.html,../cidades/santos.html,interno_relativo,,,,
blog/centro-guaruja-imoveis-oportunidades-2026.html,../bairros/index.html,interno_relativo,,,,
blog/centro-guaruja-imoveis-oportunidades-2026.html,../sitemap.xml,interno_relativo,,,,
blog/centro-peruibe-imoveis-oportunidades-2026.html,../servicos.html,interno_relativo,,,,
blog/centro-peruibe-imoveis-oportunidades-2026.html,../education/cursos/index.html,interno_relativo,,,,
blog/centro-peruibe-imoveis-oportunidades-2026.html,../cidades/santos.html,interno_relativo,,,,
blog/centro-peruibe-imoveis-oportunidades-2026.html,../bairros/index.html,interno_relativo,,,,
blog/centro-peruibe-imoveis-oportunidades-2026.html,../sitemap.xml,interno_relativo,,,,
blog/centro-ubatuba-imoveis-oportunidades-2026.html,../servicos.html,interno_relativo,,,,
blog/centro-ubatuba-imoveis-oportunidades-2026.html,../education/cursos/index.html,interno_relativo,,,,
blog/centro-ubatuba-imoveis-oportunidades-2026.html,../cidades/santos.html,interno_relativo,,,,
blog/centro-ubatuba-imoveis-oportunidades-2026.html,../bairros/index.html,interno_relativo,,,,
blog/centro-ubatuba-imoveis-oportunidades-2026.html,../sitemap.xml,interno_relativo,,,,
blog/certidao-onus-matricula-imovel-litoral-2026.html,../registro-imoveis-litoral-certidao-pratica-2026.html,interno_relativo,,,,
blog/certidao-onus-matricula-imovel-litoral-2026.html,../documentos-essenciais-compra-imovel-litoral-2026.html,interno_relativo,,,,
blog/chatbot-em-imoveis-primeira-mensagem-ideal-modelo-em-guarujá-2026-07-12.html,../servicos.html,interno_relativo,,,,
blog/chatbot-em-imoveis-primeira-mensagem-ideal-modelo-em-guarujá-2026-07-12.html,../education/cursos/index.html,interno_relativo,,,,
blog/chatbot-em-imoveis-primeira-mensagem-ideal-modelo-em-guarujá-2026-07-12.html,../cidades/santos.html,interno_relativo,,,,
blog/chatbot-em-imoveis-primeira-mensagem-ideal-modelo-em-guarujá-2026-07-12.html,../bairros/index.html,interno_relativo,,,,
blog/chatbot-em-imoveis-primeira-mensagem-ideal-modelo-em-guarujá-2026-07-12.html,../sitemap.xml,interno_relativo,,,,
blog/chatbot-imobiliaria-gratis-litoral.html,/,interno_absoluto,,,,
blog/chatbot-imobiliaria-gratis-litoral.html,../sitemap.xml,interno_relativo,,,,
blog/chatbot-imobiliaria-gratis-litoral.html,../servicos.html,interno_relativo,,,,
blog/chatbot-imobiliaria-gratis-litoral.html,../education/cursos/index.html,interno_relativo,,,,
blog/chatbot-imobiliaria-gratis-litoral.html,../cidades/santos.html,interno_relativo,,,,
blog/chatbot-imobiliaria-gratis-litoral.html,../bairros/index.html,interno_relativo,,,,
blog/chatbot-imobiliaria-litoral-guia.html,../sitemap.xml,interno_relativo,,,,
blog/chatbot-imobiliaria-litoral-guia.html,../servicos.html,interno_relativo,,,,
blog/chatbot-imobiliaria-litoral-guia.html,../education/cursos/index.html,interno_relativo,,,,
blog/chatbot-imobiliaria-litoral-guia.html,../cidades/santos.html,interno_relativo,,,,
blog/chatbot-imobiliaria-litoral-guia.html,../bairros/index.html,interno_relativo,,,,
blog/chatbot-imobiliarias-litoral-paulista-2026.html,../servicos.html,interno_relativo,,,,
blog/chatbot-imobiliarias-litoral-paulista-2026.html,../education/cursos/index.html,interno_relativo,,,,
blog/chatbot-imobiliarias-litoral-paulista-2026.html,../cidades/santos.html,interno_relativo,,,,
blog/chatbot-imobiliarias-litoral-paulista-2026.html,../bairros/index.html,interno_relativo,,,,
blog/chatbot-imobiliarias-litoral-paulista-2026.html,../sitemap.xml,interno_relativo,,,,
blog/chatbot-imobiliario-corretores-litoral-passo-passo-2026.html,../servicos.html,interno_relativo,,,,
blog/chatbot-imobiliario-corretores-litoral-passo-passo-2026.html,../education/cursos/index.html,interno_relativo,,,,
blog/chatbot-imobiliario-corretores-litoral-passo-passo-2026.html,../cidades/santos.html,interno_relativo,,,,
blog/chatbot-imobiliario-corretores-litoral-passo-passo-2026.html,../bairros/index.html,interno_relativo,,,,
blog/chatbot-imobiliario-corretores-litoral-passo-passo-2026.html,../sitemap.xml,interno_relativo,,,,
blog/checklist-alugar-imovel-litoral-documentos-contrato-regras-2026.html,../alugar-imovel-litoral-2026.html,interno_relativo,,,,
blog/checklist-aluguel-temporada-anuncio-checkout-litoral-2026.html,../gestao-aluguel-temporada-iniciantes-passo-passo-litoral-2026.html,interno_relativo,,,,
blog/checklist-antes-alugar-imovel-praia-temporada-em-itanhaém-2026-07-12.html,../servicos.html,interno_relativo,,,,
blog/checklist-antes-alugar-imovel-praia-temporada-em-itanhaém-2026-07-12.html,../education/cursos/index.html,interno_relativo,,,,
blog/checklist-antes-alugar-imovel-praia-temporada-em-itanhaém-2026-07-12.html,../cidades/santos.html,interno_relativo,,,,
blog/checklist-antes-alugar-imovel-praia-temporada-em-itanhaém-2026-07-12.html,../bairros/index.html,interno_relativo,,,,
blog/checklist-antes-alugar-imovel-praia-temporada-em-itanhaém-2026-07-12.html,../sitemap.xml,interno_relativo,,,,
blog/checklist-automatizacao-imoveis-captacao-litoral-2026.html,../sitemap.xml,interno_relativo,,,,
blog/checklist-automatizacao-imoveis-captacao-litoral-2026.html,../servicos.html,interno_relativo,,,,
blog/checklist-automatizacao-imoveis-captacao-litoral-2026.html,../education/cursos/index.html,interno_relativo,,,,
blog/checklist-automatizacao-imoveis-captacao-litoral-2026.html,../cidades/santos.html,interno_relativo,,,,
blog/checklist-automatizacao-imoveis-captacao-litoral-2026.html,../bairros/index.html,interno_relativo,,,,
blog/checklist-avaliacao-imovel-download-2026.html,automacao-visitas-imoveis-gratis-2026.html,interno_relativo,,,,
blog/checklist-avaliacao-imovel-download-2026.html,fotografia-anuncios-imoveis-gratis-2026.html,interno_relativo,,,,
blog/checklist-avaliacao-imovel-download-2026.html,../servicos.html,interno_relativo,,,,
blog/checklist-avaliacao-imovel-download-2026.html,../education/cursos/index.html,interno_relativo,,,,
blog/checklist-avaliacao-imovel-download-2026.html,../cidades/santos.html,interno_relativo,,,,
blog/checklist-avaliacao-imovel-download-2026.html,../bairros/index.html,interno_relativo,,,,
blog/checklist-avaliacao-imovel-download-2026.html,../sitemap.xml,interno_relativo,,,,
blog/checklist-avaliacao-imovel-litoral-2026.html,../servicos.html,interno_relativo,,,,
blog/checklist-avaliacao-imovel-litoral-2026.html,../education/cursos/index.html,interno_relativo,,,,
blog/checklist-avaliacao-imovel-litoral-2026.html,../cidades/santos.html,interno_relativo,,,,
blog/checklist-avaliacao-imovel-litoral-2026.html,../bairros/index.html,interno_relativo,,,,
blog/checklist-avaliacao-imovel-litoral-2026.html,../sitemap.xml,interno_relativo,,,,
blog/checklist-captacao-digital-imobiliaria-2026.html,../servicos.html,interno_relativo,,,,
blog/checklist-captacao-digital-imobiliaria-2026.html,../education/cursos/index.html,interno_relativo,,,,
blog/checklist-captacao-digital-imobiliaria-2026.html,../cidades/santos.html,interno_relativo,,,,
blog/checklist-captacao-digital-imobiliaria-2026.html,../bairros/index.html,interno_relativo,,,,
blog/checklist-captacao-digital-imobiliaria-2026.html,../sitemap.xml,interno_relativo,,,,
blog/checklist-captacao-imoveis-litoral.html,../sitemap.xml,interno_relativo,,,,
blog/checklist-captacao-imoveis-litoral.html,../servicos.html,interno_relativo,,,,
blog/checklist-captacao-imoveis-litoral.html,../education/cursos/index.html,interno_relativo,,,,
blog/checklist-captacao-imoveis-litoral.html,../cidades/santos.html,interno_relativo,,,,
blog/checklist-captacao-imoveis-litoral.html,../bairros/index.html,interno_relativo,,,,
blog/checklist-captacao-imoveis-temporada-litoral-2026.html,../style.css,interno_relativo,,,,
blog/checklist-captacao-imoveis-temporada-litoral-2026.html,/,interno_absoluto,,,,
blog/checklist-captacao-imoveis-temporada-litoral-2026.html,../captacao-imoveis-litoral.html,interno_relativo,,,,
blog/checklist-captacao-imoveis-temporada-litoral-2026.html,../servicos.html,interno_relativo,,,,
blog/checklist-captacao-imoveis-temporada-litoral-2026.html,../education/cursos/index.html,interno_relativo,,,,
blog/checklist-captacao-imoveis-temporada-litoral-2026.html,../cidades/santos.html,interno_relativo,,,,
blog/checklist-captacao-imoveis-temporada-litoral-2026.html,../bairros/index.html,interno_relativo,,,,
blog/checklist-captacao-imoveis-temporada-litoral-2026.html,../sitemap.xml,interno_relativo,,,,
blog/checklist-captacao-temporada-verao-2026.html,../servicos.html,interno_relativo,,,,
blog/checklist-captacao-temporada-verao-2026.html,../education/cursos/index.html,interno_relativo,,,,
blog/checklist-captacao-temporada-verao-2026.html,../cidades/santos.html,interno_relativo,,,,
blog/checklist-captacao-temporada-verao-2026.html,../bairros/index.html,interno_relativo,,,,
blog/checklist-captacao-temporada-verao-2026.html,../sitemap.xml,interno_relativo,,,,
blog/checklist-completa-google-business-profile-imobiliarias-litoral-2026.html,../sitemap.xml,interno_relativo,,,,
blog/checklist-completa-google-business-profile-imobiliarias-litoral-2026.html,../servicos.html,interno_relativo,,,,
blog/checklist-completa-google-business-profile-imobiliarias-litoral-2026.html,../education/cursos/index.html,interno_relativo,,,,
blog/checklist-completa-google-business-profile-imobiliarias-litoral-2026.html,../cidades/santos.html,interno_relativo,,,,
blog/checklist-completa-google-business-profile-imobiliarias-litoral-2026.html,../bairros/index.html,interno_relativo,,,,
blog/checklist-compra-imovel-usado-litoral-2026.html,../checklist-inspecao-imovel-litoral-visita-segura-2026.html,interno_relativo,,,,
blog/checklist-compra-imovel-vista-litoral-2026.html,../checklist-compra-imovel-usado-litoral-2026.html,interno_relativo,,,,
blog/checklist-conversao-imoveis-ia.html,../sitemap.xml,interno_relativo,,,,
blog/checklist-conversao-imoveis-ia.html,../servicos.html,interno_relativo,,,,
blog/checklist-conversao-imoveis-ia.html,../education/cursos/index.html,interno_relativo,,,,
blog/checklist-conversao-imoveis-ia.html,../cidades/santos.html,interno_relativo,,,,
blog/checklist-conversao-imoveis-ia.html,../bairros/index.html,interno_relativo,,,,
blog/checklist-conversao-imoveis-litoral-2026.html,../sitemap.xml,interno_relativo,,,,
blog/checklist-conversao-imoveis-litoral-2026.html,../servicos.html,interno_relativo,,,,
blog/checklist-conversao-imoveis-litoral-2026.html,../education/cursos/index.html,interno_relativo,,,,
blog/checklist-conversao-imoveis-litoral-2026.html,../cidades/santos.html,interno_relativo,,,,
blog/checklist-conversao-imoveis-litoral-2026.html,../bairros/index.html,interno_relativo,,,,
blog/checklist-corretor-imoveis-litoral-rotina-2026.html,../cases/case-imobiliaria-porto-da-lua-35-leads-2026.html,interno_relativo,,,,
blog/checklist-corretor-imoveis-litoral-rotina-2026.html,../seo-local-imobiliaria-litoral-passo-a-passo-2026-08-11.html,interno_relativo,,,,
blog/checklist-corretor-imoveis-litoral-rotina-2026.html,../captacao-imoveis-sem-anuncios-pagos-corretores-litoral-2026.html,interno_relativo,,,,
blog/checklist-corretor-imoveis-litoral-rotina-2026.html,../aluguel-por-temporada-dicas-proprietarios-2026.html,interno_relativo,,,,
blog/checklist-corretor-imoveis-litoral-rotina-2026.html,../servicos.html,interno_relativo,,,,
blog/checklist-corretor-imoveis-litoral-rotina-2026.html,../education/cursos/index.html,interno_relativo,,,,
blog/checklist-corretor-imoveis-litoral-rotina-2026.html,../cidades/santos.html,interno_relativo,,,,
blog/checklist-corretor-imoveis-litoral-rotina-2026.html,../bairros/index.html,interno_relativo,,,,
blog/checklist-corretor-imoveis-litoral-rotina-2026.html,../sitemap.xml,interno_relativo,,,,
blog/checklist-cuidados-pos-obra-imovel-planta-litoral-2026.html,../reforma-imovel-aumentar-valor-litoral-2026.html,interno_relativo,,,,
blog/checklist-de-visita-tecnica-imovel-litoral-corretores-em-ubatuba-2026-07-12.html,../servicos.html,interno_relativo,,,,
blog/checklist-de-visita-tecnica-imovel-litoral-corretores-em-ubatuba-2026-07-12.html,../education/cursos/index.html,interno_relativo,,,,
blog/checklist-de-visita-tecnica-imovel-litoral-corretores-em-ubatuba-2026-07-12.html,../cidades/santos.html,interno_relativo,,,,
blog/checklist-de-visita-tecnica-imovel-litoral-corretores-em-ubatuba-2026-07-12.html,../bairros/index.html,interno_relativo,,,,
blog/checklist-de-visita-tecnica-imovel-litoral-corretores-em-ubatuba-2026-07-12.html,../sitemap.xml,interno_relativo,,,,
blog/checklist-documentos-compra-imovel-usado-litoral-sp-2026.html,../documentacao-compra-imovel-litoral-guia-2026.html,interno_relativo,,,,
blog/checklist-entrega-chaves-praia-digital.html,../servicos.html,interno_relativo,,,,
blog/checklist-entrega-chaves-praia-digital.html,../education/cursos/index.html,interno_relativo,,,,
blog/checklist-entrega-chaves-praia-digital.html,../cidades/santos.html,interno_relativo,,,,
blog/checklist-entrega-chaves-praia-digital.html,../bairros/index.html,interno_relativo,,,,
blog/checklist-entrega-chaves-praia-digital.html,../sitemap.xml,interno_relativo,,,,
blog/checklist-execucao-diaria-corretores-litoral-2026.html,../sitemap.xml,interno_relativo,,,,
blog/checklist-execucao-diaria-corretores-litoral-2026.html,../servicos.html,interno_relativo,,,,
blog/checklist-execucao-diaria-corretores-litoral-2026.html,../education/cursos/index.html,interno_relativo,,,,
blog/checklist-execucao-diaria-corretores-litoral-2026.html,../cidades/santos.html,interno_relativo,,,,
blog/checklist-execucao-diaria-corretores-litoral-2026.html,../bairros/index.html,interno_relativo,,,,
blog/checklist-fechamento-parceria-imobiliaria-2026.html,../servicos.html,interno_relativo,,,,
blog/checklist-fechamento-parceria-imobiliaria-2026.html,../education/cursos/index.html,interno_relativo,,,,
blog/checklist-fechamento-parceria-imobiliaria-2026.html,../cidades/santos.html,interno_relativo,,,,
blog/checklist-fechamento-parceria-imobiliaria-2026.html,../bairros/index.html,interno_relativo,,,,
blog/checklist-fechamento-parceria-imobiliaria-2026.html,../sitemap.xml,interno_relativo,,,,
blog/checklist-followup-leads-litoral-paulista-2026.html,../followup-leads-primeiro-contato-fechamento-2026.html,interno_relativo,,,,
blog/checklist-followup-leads-litoral-paulista-2026.html,../crm-para-corretores-primeiro-contato-fechamento.html,interno_relativo,,,,
blog/checklist-imobiliaria-digital-vs-tradicional-litoral.html,/,interno_absoluto,,,,
blog/checklist-imobiliaria-digital-vs-tradicional-litoral.html,../sitemap.xml,interno_relativo,,,,
blog/checklist-imobiliaria-digital-vs-tradicional-litoral.html,../servicos.html,interno_relativo,,,,
blog/checklist-imobiliaria-digital-vs-tradicional-litoral.html,../education/cursos/index.html,interno_relativo,,,,
blog/checklist-imobiliaria-digital-vs-tradicional-litoral.html,../cidades/santos.html,interno_relativo,,,,
blog/checklist-imobiliaria-digital-vs-tradicional-litoral.html,../bairros/index.html,interno_relativo,,,,
blog/checklist-inspecao-imovel-litoral-visita-segura-2026.html,../checklist-unico-compra-imovel-litoral-2026.html,interno_relativo,,,,
blog/checklist-investidor-imoveis-litoral-2026.html,../guia-investidor-imoveis-litoral-primeiro-portfolio-2026.html,interno_relativo,,,,
blog/checklist-investidor-imoveis-litoral.html,../sitemap.xml,interno_relativo,,,,
blog/checklist-investidor-imoveis-litoral.html,../servicos.html,interno_relativo,,,,
blog/checklist-investidor-imoveis-litoral.html,../education/cursos/index.html,interno_relativo,,,,
blog/checklist-investidor-imoveis-litoral.html,../cidades/santos.html,interno_relativo,,,,
blog/checklist-investidor-imoveis-litoral.html,../bairros/index.html,interno_relativo,,,,
blog/checklist-lancamento-imoveis-litoral-2026.html,../sitemap.xml,interno_relativo,,,,
blog/checklist-lancamento-imoveis-litoral-2026.html,../servicos.html,interno_relativo,,,,
blog/checklist-lancamento-imoveis-litoral-2026.html,../education/cursos/index.html,interno_relativo,,,,
blog/checklist-lancamento-imoveis-litoral-2026.html,../cidades/santos.html,interno_relativo,,,,
blog/checklist-lancamento-imoveis-litoral-2026.html,../bairros/index.html,interno_relativo,,,,
blog/checklist-locacao-temporada-litoral-paulista-2026.html,../servicos.html,interno_relativo,,,,
blog/checklist-locacao-temporada-litoral-paulista-2026.html,../education/cursos/index.html,interno_relativo,,,,
blog/checklist-locacao-temporada-litoral-paulista-2026.html,../cidades/santos.html,interno_relativo,,,,
blog/checklist-locacao-temporada-litoral-paulista-2026.html,../bairros/index.html,interno_relativo,,,,
blog/checklist-locacao-temporada-litoral-paulista-2026.html,../sitemap.xml,interno_relativo,,,,
blog/checklist-onboarding-imobiliaria-litoral-2026.html,../servicos.html,interno_relativo,,,,
blog/checklist-onboarding-imobiliaria-litoral-2026.html,../education/cursos/index.html,interno_relativo,,,,
blog/checklist-onboarding-imobiliaria-litoral-2026.html,../cidades/santos.html,interno_relativo,,,,
blog/checklist-onboarding-imobiliaria-litoral-2026.html,../bairros/index.html,interno_relativo,,,,
blog/checklist-onboarding-imobiliaria-litoral-2026.html,../sitemap.xml,interno_relativo,,,,
blog/checklist-pos-venda-imobiliaria-litoral-2026.html,../servicos.html,interno_relativo,,,,
blog/checklist-pos-venda-imobiliaria-litoral-2026.html,../education/cursos/index.html,interno_relativo,,,,
blog/checklist-pos-venda-imobiliaria-litoral-2026.html,../cidades/santos.html,interno_relativo,,,,
blog/checklist-pos-venda-imobiliaria-litoral-2026.html,../bairros/index.html,interno_relativo,,,,
blog/checklist-pos-venda-imobiliaria-litoral-2026.html,../sitemap.xml,interno_relativo,,,,
blog/checklist-pre-venda-corretores-litoral-2026.html,../servicos.html,interno_relativo,,,,
blog/checklist-pre-venda-corretores-litoral-2026.html,../education/cursos/index.html,interno_relativo,,,,
blog/checklist-pre-venda-corretores-litoral-2026.html,../cidades/santos.html,interno_relativo,,,,
blog/checklist-pre-venda-corretores-litoral-2026.html,../bairros/index.html,interno_relativo,,,,
blog/checklist-pre-venda-corretores-litoral-2026.html,../sitemap.xml,interno_relativo,,,,
blog/checklist-pre-venda-imovel-litoral-anuncio-assinatura-2026.html,../modelo-proposta-venda-imovel-litoral-paulista-2026.html,interno_relativo,,,,
blog/checklist-preco-imovel-litoral-2026.html,../sitemap.xml,interno_relativo,,,,
blog/checklist-preco-imovel-litoral-2026.html,../servicos.html,interno_relativo,,,,
blog/checklist-preco-imovel-litoral-2026.html,../education/cursos/index.html,interno_relativo,,,,
blog/checklist-preco-imovel-litoral-2026.html,../cidades/santos.html,interno_relativo,,,,
blog/checklist-preco-imovel-litoral-2026.html,../bairros/index.html,interno_relativo,,,,
blog/checklist-rapida-reduzir-objecao-antes-visita-litoral-2026.html,/,interno_absoluto,,,,
blog/checklist-rapida-reduzir-objecao-antes-visita-litoral-2026.html,../servicos.html,interno_relativo,,,,
blog/checklist-rapida-reduzir-objecao-antes-visita-litoral-2026.html,../education/cursos/index.html,interno_relativo,,,,
blog/checklist-rapida-reduzir-objecao-antes-visita-litoral-2026.html,../cidades/santos.html,interno_relativo,,,,
blog/checklist-rapida-reduzir-objecao-antes-visita-litoral-2026.html,../bairros/index.html,interno_relativo,,,,
blog/checklist-rapida-reduzir-objecao-antes-visita-litoral-2026.html,../sitemap.xml,interno_relativo,,,,
blog/checklist-rapido-captacao-imoveis-litoral-2026.html,/,interno_absoluto,,,,
blog/checklist-rapido-captacao-imoveis-litoral-2026.html,../servicos.html,interno_relativo,,,,
blog/checklist-rapido-captacao-imoveis-litoral-2026.html,../education/cursos/index.html,interno_relativo,,,,
blog/checklist-rapido-captacao-imoveis-litoral-2026.html,../cidades/santos.html,interno_relativo,,,,
blog/checklist-rapido-captacao-imoveis-litoral-2026.html,../bairros/index.html,interno_relativo,,,,
blog/checklist-rapido-captacao-imoveis-litoral-2026.html,../sitemap.xml,interno_relativo,,,,
blog/checklist-reuniao-captacao-imoveis-litoral-2026.html,../sitemap.xml,interno_relativo,,,,
blog/checklist-reuniao-captacao-imoveis-litoral-2026.html,../servicos.html,interno_relativo,,,,
blog/checklist-reuniao-captacao-imoveis-litoral-2026.html,../education/cursos/index.html,interno_relativo,,,,
blog/checklist-reuniao-captacao-imoveis-litoral-2026.html,../cidades/santos.html,interno_relativo,,,,
blog/checklist-reuniao-captacao-imoveis-litoral-2026.html,../bairros/index.html,interno_relativo,,,,
blog/checklist-revisao-contrato-compra-venda-imovel-litoral-2026.html,../documentacao-compra-imovel-litoral-guia-2026.html,interno_relativo,,,,
blog/checklist-seguranca-imoveis-temporada-litoral-2026.html,../servicos.html,interno_relativo,,,,
blog/checklist-seguranca-imoveis-temporada-litoral-2026.html,../education/cursos/index.html,interno_relativo,,,,
blog/checklist-seguranca-imoveis-temporada-litoral-2026.html,../cidades/santos.html,interno_relativo,,,,
blog/checklist-seguranca-imoveis-temporada-litoral-2026.html,../bairros/index.html,interno_relativo,,,,
blog/checklist-seguranca-imoveis-temporada-litoral-2026.html,../sitemap.xml,interno_relativo,,,,
blog/checklist-seo-local-imobiliarias-litoral-2026.html,../como-responder-avaliacoes-google-imobiliarias-litoral-2026.html,interno_relativo,,,,
blog/checklist-seo-local-imobiliarias-litoral-2026.html,../seo-local-iniciantes-imobiliarias-litoral-2026.html,interno_relativo,,,,
blog/checklist-unico-compra-imovel-litoral-2026.html,../documentacao-compra-imovel-litoral-guia-2026.html,interno_relativo,,,,
blog/checklist-unico-compra-imovel-litoral-2026.html,../analise-mercado-imobiliario-litoral-2026.html,interno_relativo,,,,
blog/checklist-unico-compra-imovel-litoral-2026.html,../sitemap.xml,interno_relativo,,,,
blog/checklist-venda-imovel-litoral-anuncio-2026.html,../checklist-venda-imovel-litoral-anuncio-photos-2026.html,interno_relativo,,,,
blog/checklist-venda-imovel-litoral-anuncio-photos-2026.html,../checklist-pre-venda-imovel-litoral-anuncio-assinatura-2026.html,interno_relativo,,,,
blog/checklist-vendas-imobiliaria-litoral-2026.html,../servicos.html,interno_relativo,,,,
blog/checklist-vendas-imobiliaria-litoral-2026.html,../education/cursos/index.html,interno_relativo,,,,
blog/checklist-vendas-imobiliaria-litoral-2026.html,../cidades/santos.html,interno_relativo,,,,
blog/checklist-vendas-imobiliaria-litoral-2026.html,../bairros/index.html,interno_relativo,,,,
blog/checklist-vendas-imobiliaria-litoral-2026.html,../sitemap.xml,interno_relativo,,,,
blog/checklist-visita-compradores-temporada-litoral-2026.html,../servicos.html,interno_relativo,,,,
blog/checklist-visita-compradores-temporada-litoral-2026.html,../education/cursos/index.html,interno_relativo,,,,
blog/checklist-visita-compradores-temporada-litoral-2026.html,../cidades/santos.html,interno_relativo,,,,
blog/checklist-visita-compradores-temporada-litoral-2026.html,../bairros/index.html,interno_relativo,,,,
blog/checklist-visita-compradores-temporada-litoral-2026.html,../sitemap.xml,interno_relativo,,,,
blog/checklist-visita-imoveis-litoral-2026.html,../sitemap.xml,interno_relativo,,,,
blog/checklist-visita-imoveis-litoral-2026.html,../servicos.html,interno_relativo,,,,
blog/checklist-visita-imoveis-litoral-2026.html,../education/cursos/index.html,interno_relativo,,,,
blog/checklist-visita-imoveis-litoral-2026.html,../cidades/santos.html,interno_relativo,,,,
blog/checklist-visita-imoveis-litoral-2026.html,../bairros/index.html,interno_relativo,,,,
blog/checklist-visita-imovel-temporada-litoral-paulista-2026.html,../servicos.html,interno_relativo,,,,
blog/checklist-visita-imovel-temporada-litoral-paulista-2026.html,../education/cursos/index.html,interno_relativo,,,,
blog/checklist-visita-imovel-temporada-litoral-paulista-2026.html,../cidades/santos.html,interno_relativo,,,,
blog/checklist-visita-imovel-temporada-litoral-paulista-2026.html,../bairros/index.html,interno_relativo,,,,
blog/checklist-visita-imovel-temporada-litoral-paulista-2026.html,../sitemap.xml,interno_relativo,,,,
blog/checklist-vistoria-imoveis-temporada-2026.html,../sitemap.xml,interno_relativo,,,,
blog/checklist-vistoria-imoveis-temporada-2026.html,../servicos.html,interno_relativo,,,,
blog/checklist-vistoria-imoveis-temporada-2026.html,../education/cursos/index.html,interno_relativo,,,,
blog/checklist-vistoria-imoveis-temporada-2026.html,../cidades/santos.html,interno_relativo,,,,
blog/checklist-vistoria-imoveis-temporada-2026.html,../bairros/index.html,interno_relativo,,,,
blog/checklist-vistoria-imovel-locacao-temporada.html,../sitemap.xml,interno_relativo,,,,
blog/checklist-vistoria-imovel-locacao-temporada.html,../servicos.html,interno_relativo,,,,
blog/checklist-vistoria-imovel-locacao-temporada.html,../education/cursos/index.html,interno_relativo,,,,
blog/checklist-vistoria-imovel-locacao-temporada.html,../cidades/santos.html,interno_relativo,,,,
blog/checklist-vistoria-imovel-locacao-temporada.html,../bairros/index.html,interno_relativo,,,,
blog/cidades-litoral-sp-2026.html,../imoveis-santos-2026.html,interno_relativo,,,,
blog/cidades-litoral-sp-2026.html,../imoveis-guaruja-2026.html,interno_relativo,,,,
blog/cidades-litoral-sp-2026.html,../imoveis-praia-grande-2026.html,interno_relativo,,,,
blog/cidades-litoral-sp-2026.html,../imoveis-sao-vicente-2026.html,interno_relativo,,,,
blog/cidades-litoral-sp-2026.html,../imoveis-itanhaem-2026.html,interno_relativo,,,,
blog/cidades-litoral-sp-2026.html,../imoveis-peruibe-2026.html,interno_relativo,,,,
blog/cidades-litoral-sp-2026.html,../imoveis-bertioga-2026.html,interno_relativo,,,,
blog/cidades-litoral-sp-2026.html,../index.html,interno_relativo,,,,
blog/cidades-litoral-sp-2026.html,../servicos.html,interno_relativo,,,,
blog/cidades-litoral-sp-2026.html,../education/cursos/index.html,interno_relativo,,,,
blog/cidades-litoral-sp-2026.html,../cidades/santos.html,interno_relativo,,,,
blog/cidades-litoral-sp-2026.html,../bairros/index.html,interno_relativo,,,,
blog/cidades-litoral-sp-2026.html,../sitemap.xml,interno_relativo,,,,
blog/cif-fob-comparacao-tabelas-comercio-exterior-2026.html,../sitemap.xml,interno_relativo,,,,
blog/cif-fob-comparacao-tabelas-comercio-exterior-2026.html,../servicos.html,interno_relativo,,,,
blog/cif-fob-comparacao-tabelas-comercio-exterior-2026.html,../education/cursos/index.html,interno_relativo,,,,
blog/cif-fob-comparacao-tabelas-comercio-exterior-2026.html,../cidades/santos.html,interno_relativo,,,,
blog/cif-fob-comparacao-tabelas-comercio-exterior-2026.html,../bairros/index.html,interno_relativo,,,,
blog/citacoes-nap-seo-local-imobiliarias-litoral-paulista-2026.html,../schema-structured-data-local-imobiliarias-litoral-2026.html,interno_relativo,,,,
blog/citacoes-nap-seo-local-imobiliarias-litoral-paulista-2026.html,../avaliacoes-google-imobiliarias-litoral-reputacao-local-2026.html,interno_relativo,,,,
blog/clima-organizacional-imobiliarias-litoral-2026.html,../retencao-talentos-imobiliarias-litoral-2026.html,interno_relativo,,,,
blog/clima-organizacional-imobiliarias-litoral-2026.html,../gestao-imobiliaria-litoral-equipe-processos-2026.html,interno_relativo,,,,
blog/clube-vantagens-compradores-litoral-2026.html,fidelizar-clientes-imobiliaria-litoral-2026.html,interno_relativo,,,,
blog/clube-vantagens-compradores-litoral-2026.html,programa-indicacao-imobiliarias-litoral-2026.html,interno_relativo,,,,
blog/clube-vantagens-compradores-litoral-2026.html,../servicos.html,interno_relativo,,,,
blog/clube-vantagens-compradores-litoral-2026.html,../education/cursos/index.html,interno_relativo,,,,
blog/clube-vantagens-compradores-litoral-2026.html,../cidades/santos.html,interno_relativo,,,,
blog/clube-vantagens-compradores-litoral-2026.html,../bairros/index.html,interno_relativo,,,,
blog/clube-vantagens-compradores-litoral-2026.html,../sitemap.xml,interno_relativo,,,,
blog/cobertura-aluguel-bertioga-ia.html,/,interno_absoluto,,,,
blog/cobertura-aluguel-bertioga-ia.html,../sitemap.xml,interno_relativo,,,,
blog/cobertura-aluguel-bertioga-ia.html,../servicos.html,interno_relativo,,,,
blog/cobertura-aluguel-bertioga-ia.html,../education/cursos/index.html,interno_relativo,,,,
blog/cobertura-aluguel-bertioga-ia.html,../cidades/santos.html,interno_relativo,,,,
blog/cobertura-aluguel-bertioga-ia.html,../bairros/index.html,interno_relativo,,,,
blog/cobertura-aposentado-bertioga-ia.html,/,interno_absoluto,,,,
blog/cobertura-aposentado-bertioga-ia.html,../sitemap.xml,interno_relativo,,,,
blog/cobertura-aposentado-bertioga-ia.html,../servicos.html,interno_relativo,,,,
blog/cobertura-aposentado-bertioga-ia.html,../education/cursos/index.html,interno_relativo,,,,
blog/cobertura-aposentado-bertioga-ia.html,../cidades/santos.html,interno_relativo,,,,
blog/cobertura-aposentado-bertioga-ia.html,../bairros/index.html,interno_relativo,,,,
blog/cobertura-aposentado-bertioga-ia.html,../education/formacoes/financiamento-imobiliario.html,interno_relativo,,,,
blog/cobertura-familia-mongagua-ia.html,/,interno_absoluto,,,,
blog/cobertura-familia-mongagua-ia.html,../sitemap.xml,interno_relativo,,,,
blog/cobertura-familia-mongagua-ia.html,../servicos.html,interno_relativo,,,,
blog/cobertura-familia-mongagua-ia.html,../education/cursos/index.html,interno_relativo,,,,
blog/cobertura-familia-mongagua-ia.html,../cidades/santos.html,interno_relativo,,,,
blog/cobertura-familia-mongagua-ia.html,../bairros/index.html,interno_relativo,,,,
blog/cobertura-litoral-norte-2026.html,../servicos.html,interno_relativo,,,,
blog/cobertura-litoral-norte-2026.html,../education/cursos/index.html,interno_relativo,,,,
blog/cobertura-litoral-norte-2026.html,../cidades/santos.html,interno_relativo,,,,
blog/cobertura-litoral-norte-2026.html,../bairros/index.html,interno_relativo,,,,
blog/cobertura-litoral-norte-2026.html,../sitemap.xml,interno_relativo,,,,
blog/cobertura-porto-da-lua-2026.html,../servicos.html,interno_relativo,,,,
blog/cobertura-porto-da-lua-2026.html,../education/cursos/index.html,interno_relativo,,,,
blog/cobertura-porto-da-lua-2026.html,../cidades/santos.html,interno_relativo,,,,
blog/cobertura-porto-da-lua-2026.html,../bairros/index.html,interno_relativo,,,,
blog/cobertura-porto-da-lua-2026.html,../sitemap.xml,interno_relativo,,,,
blog/cobrar-taxa-administracao-temporada-litoral-2026.html,../servicos.html,interno_relativo,,,,
blog/cobrar-taxa-administracao-temporada-litoral-2026.html,../education/cursos/index.html,interno_relativo,,,,
blog/cobrar-taxa-administracao-temporada-litoral-2026.html,../cidades/santos.html,interno_relativo,,,,
blog/cobrar-taxa-administracao-temporada-litoral-2026.html,../bairros/index.html,interno_relativo,,,,
blog/cobrar-taxa-administracao-temporada-litoral-2026.html,../sitemap.xml,interno_relativo,,,,
blog/comecar-imobiliaria-digital-litoral-2026.html,../servicos.html,interno_relativo,,,,
blog/comecar-imobiliaria-digital-litoral-2026.html,../education/cursos/index.html,interno_relativo,,,,
blog/comecar-imobiliaria-digital-litoral-2026.html,../cidades/santos.html,interno_relativo,,,,
blog/comecar-imobiliaria-digital-litoral-2026.html,../bairros/index.html,interno_relativo,,,,
blog/comecar-imobiliaria-digital-litoral-2026.html,../sitemap.xml,interno_relativo,,,,
blog/comissao-corretagem-litoral-paulista-2026.html,../servicos.html,interno_relativo,,,,
blog/comissao-corretagem-litoral-paulista-2026.html,../education/cursos/index.html,interno_relativo,,,,
blog/comissao-corretagem-litoral-paulista-2026.html,../cidades/santos.html,interno_relativo,,,,
blog/comissao-corretagem-litoral-paulista-2026.html,../bairros/index.html,interno_relativo,,,,
blog/comissao-corretagem-litoral-paulista-2026.html,../sitemap.xml,interno_relativo,,,,
blog/como-analisar-lucratividade-imoveis-litoral-2026.html,../calcular-roi-aluguel-tradicional-imovel-litoral-2026.html,interno_relativo,,,,
blog/como-anunciar-airbnb-2026.html,../servicos.html,interno_relativo,,,,
blog/como-anunciar-airbnb-2026.html,../education/cursos/index.html,interno_relativo,,,,
blog/como-anunciar-airbnb-2026.html,../cidades/santos.html,interno_relativo,,,,
blog/como-anunciar-airbnb-2026.html,../bairros/index.html,interno_relativo,,,,
blog/como-anunciar-airbnb-2026.html,../sitemap.xml,interno_relativo,,,,
blog/como-anunciar-imovel-online-2026.html,../servicos.html,interno_relativo,,,,
blog/como-anunciar-imovel-online-2026.html,../education/cursos/index.html,interno_relativo,,,,
blog/como-anunciar-imovel-online-2026.html,../cidades/santos.html,interno_relativo,,,,
blog/como-anunciar-imovel-online-2026.html,../bairros/index.html,interno_relativo,,,,
blog/como-anunciar-imovel-online-2026.html,../sitemap.xml,interno_relativo,,,,
blog/como-aparecer-maps-pack-imobiliarias-litoral-2026.html,../como-rankear-google-maps-imobiliarias-litoral-2026.html,interno_relativo,,,,
blog/como-aparecer-maps-pack-imobiliarias-litoral-2026.html,../avaliacoes-google-imobiliarias-litoral-reputacao-local-2026.html,interno_relativo,,,,
blog/como-atrair-estrangeiros-litoral-2026.html,../servicos.html,interno_relativo,,,,
blog/como-atrair-estrangeiros-litoral-2026.html,../education/cursos/index.html,interno_relativo,,,,
blog/como-atrair-estrangeiros-litoral-2026.html,../cidades/santos.html,interno_relativo,,,,
blog/como-atrair-estrangeiros-litoral-2026.html,../bairros/index.html,interno_relativo,,,,
blog/como-atrair-estrangeiros-litoral-2026.html,../sitemap.xml,interno_relativo,,,,
blog/como-avaliar-imovel-2026.html,../servicos.html,interno_relativo,,,,
blog/como-avaliar-imovel-2026.html,../education/cursos/index.html,interno_relativo,,,,
blog/como-avaliar-imovel-2026.html,../cidades/santos.html,interno_relativo,,,,
blog/como-avaliar-imovel-2026.html,../bairros/index.html,interno_relativo,,,,
blog/como-avaliar-imovel-2026.html,../sitemap.xml,interno_relativo,,,,
blog/como-avaliar-imovel-litoral-visita-2026.html,../checklist-inspecao-imovel-litoral-visita-segura-2026.html,interno_relativo,,,,
blog/como-avaliar-imovel-praia-2026.html,../servicos.html,interno_relativo,,,,
blog/como-avaliar-imovel-praia-2026.html,../education/cursos/index.html,interno_relativo,,,,
blog/como-avaliar-imovel-praia-2026.html,../cidades/santos.html,interno_relativo,,,,
blog/como-avaliar-imovel-praia-2026.html,../bairros/index.html,interno_relativo,,,,
blog/como-avaliar-imovel-praia-2026.html,../sitemap.xml,interno_relativo,,,,
blog/como-avaliar-preço-de-imóvel-no-litoral-sem-errar-2026-07-12-praia-digital.html,../servicos.html,interno_relativo,,,,
blog/como-avaliar-preço-de-imóvel-no-litoral-sem-errar-2026-07-12-praia-digital.html,../education/cursos/index.html,interno_relativo,,,,
blog/como-avaliar-preço-de-imóvel-no-litoral-sem-errar-2026-07-12-praia-digital.html,../cidades/santos.html,interno_relativo,,,,
blog/como-avaliar-preço-de-imóvel-no-litoral-sem-errar-2026-07-12-praia-digital.html,../bairros/index.html,interno_relativo,,,,
blog/como-avaliar-preço-de-imóvel-no-litoral-sem-errar-2026-07-12-praia-digital.html,../sitemap.xml,interno_relativo,,,,
blog/como-avaliar-taxa-condominio-lixo-imoveis-litoral-2026.html,../custos-ocultos-compra-imovel-litoral-2026.html,interno_relativo,,,,
blog/como-calcular-rentabilidade-imovel-temporada-litoral-sp-2026.html,../comprar-imovel-na-planta-litoral-sp-2026.html,interno_relativo,,,,
blog/como-calcular-rentabilidade-imovel-temporada-litoral-sp-2026.html,../quanto-custa-morar-em-bertioga-2026.html,interno_relativo,,,,
blog/como-calcular-rentabilidade-imovel-temporada-litoral-sp-2026.html,../riviera-de-sao-lourenco-vs-litoral-norte-sp-2026.html,interno_relativo,,,,
blog/como-calcular-rentabilidade-imovel-temporada-litoral-sp-2026.html,../education/cursos/analise-de-rentabilidade/index.html,interno_relativo,,,,
blog/como-calcular-rentabilidade-imovel-temporada-litoral-sp-2026.html,../imoveis/,interno_relativo,,,,
blog/como-captar-imoveis-baratos-2026.html,../servicos.html,interno_relativo,,,,
blog/como-captar-imoveis-baratos-2026.html,../education/cursos/index.html,interno_relativo,,,,
blog/como-captar-imoveis-baratos-2026.html,../cidades/santos.html,interno_relativo,,,,
blog/como-captar-imoveis-baratos-2026.html,../bairros/index.html,interno_relativo,,,,
blog/como-captar-imoveis-baratos-2026.html,../sitemap.xml,interno_relativo,,,,
blog/como-captar-leads-em-bertioga-sem-anuncios-bertioga.html,../servicos.html,interno_relativo,,,,
blog/como-captar-leads-em-bertioga-sem-anuncios-bertioga.html,../education/cursos/index.html,interno_relativo,,,,
blog/como-captar-leads-em-bertioga-sem-anuncios-bertioga.html,../cidades/santos.html,interno_relativo,,,,
blog/como-captar-leads-em-bertioga-sem-anuncios-bertioga.html,../bairros/index.html,interno_relativo,,,,
blog/como-captar-leads-em-bertioga-sem-anuncios-bertioga.html,../sitemap.xml,interno_relativo,,,,
blog/como-captar-leads-em-caraguatatuba-sem-anuncios-caraguatatuba.html,../servicos.html,interno_relativo,,,,
blog/como-captar-leads-em-caraguatatuba-sem-anuncios-caraguatatuba.html,../education/cursos/index.html,interno_relativo,,,,
blog/como-captar-leads-em-caraguatatuba-sem-anuncios-caraguatatuba.html,../cidades/santos.html,interno_relativo,,,,
blog/como-captar-leads-em-caraguatatuba-sem-anuncios-caraguatatuba.html,../bairros/index.html,interno_relativo,,,,
blog/como-captar-leads-em-caraguatatuba-sem-anuncios-caraguatatuba.html,../sitemap.xml,interno_relativo,,,,
blog/como-captar-leads-em-iguape-sem-anuncios-iguape.html,../servicos.html,interno_relativo,,,,
blog/como-captar-leads-em-iguape-sem-anuncios-iguape.html,../education/cursos/index.html,interno_relativo,,,,
blog/como-captar-leads-em-iguape-sem-anuncios-iguape.html,../cidades/santos.html,interno_relativo,,,,
blog/como-captar-leads-em-iguape-sem-anuncios-iguape.html,../bairros/index.html,interno_relativo,,,,
blog/como-captar-leads-em-iguape-sem-anuncios-iguape.html,../sitemap.xml,interno_relativo,,,,
blog/como-captar-leads-em-ilhabela-sem-anuncios-ilhabela.html,../servicos.html,interno_relativo,,,,
blog/como-captar-leads-em-ilhabela-sem-anuncios-ilhabela.html,../education/cursos/index.html,interno_relativo,,,,
blog/como-captar-leads-em-ilhabela-sem-anuncios-ilhabela.html,../cidades/santos.html,interno_relativo,,,,
blog/como-captar-leads-em-ilhabela-sem-anuncios-ilhabela.html,../bairros/index.html,interno_relativo,,,,
blog/como-captar-leads-em-ilhabela-sem-anuncios-ilhabela.html,../sitemap.xml,interno_relativo,,,,
blog/como-captar-leads-em-praia-grande-sem-anuncios-praia-grande.html,../servicos.html,interno_relativo,,,,
blog/como-captar-leads-em-praia-grande-sem-anuncios-praia-grande.html,../education/cursos/index.html,interno_relativo,,,,
blog/como-captar-leads-em-praia-grande-sem-anuncios-praia-grande.html,../cidades/santos.html,interno_relativo,,,,
blog/como-captar-leads-em-praia-grande-sem-anuncios-praia-grande.html,../bairros/index.html,interno_relativo,,,,
blog/como-captar-leads-em-praia-grande-sem-anuncios-praia-grande.html,../sitemap.xml,interno_relativo,,,,
blog/como-captar-leads-em-ubatuba-sem-anuncios-ubatuba.html,../servicos.html,interno_relativo,,,,
blog/como-captar-leads-em-ubatuba-sem-anuncios-ubatuba.html,../education/cursos/index.html,interno_relativo,,,,
blog/como-captar-leads-em-ubatuba-sem-anuncios-ubatuba.html,../cidades/santos.html,interno_relativo,,,,
blog/como-captar-leads-em-ubatuba-sem-anuncios-ubatuba.html,../bairros/index.html,interno_relativo,,,,
blog/como-captar-leads-em-ubatuba-sem-anuncios-ubatuba.html,../sitemap.xml,interno_relativo,,,,
blog/como-captar-leads-litoral-norte-sem-anuncios-2026.html,../servicos.html,interno_relativo,,,,
blog/como-captar-leads-litoral-norte-sem-anuncios-2026.html,../education/cursos/index.html,interno_relativo,,,,
blog/como-captar-leads-litoral-norte-sem-anuncios-2026.html,../cidades/santos.html,interno_relativo,,,,
blog/como-captar-leads-litoral-norte-sem-anuncios-2026.html,../bairros/index.html,interno_relativo,,,,
blog/como-captar-leads-litoral-norte-sem-anuncios-2026.html,../sitemap.xml,interno_relativo,,,,
blog/como-conquistar-imobiliarias-parceiras-litoral-2026.html,../servicos.html,interno_relativo,,,,
blog/como-conquistar-imobiliarias-parceiras-litoral-2026.html,../education/cursos/index.html,interno_relativo,,,,
blog/como-conquistar-imobiliarias-parceiras-litoral-2026.html,../cidades/santos.html,interno_relativo,,,,
blog/como-conquistar-imobiliarias-parceiras-litoral-2026.html,../bairros/index.html,interno_relativo,,,,
blog/como-conquistar-imobiliarias-parceiras-litoral-2026.html,../sitemap.xml,interno_relativo,,,,
blog/como-conseguir-citacoes-locais-imobiliarias-litoral-2026.html,../citacoes-nap-seo-local-imobiliarias-litoral-paulista-2026.html,interno_relativo,,,,
blog/como-conseguir-citacoes-locais-imobiliarias-litoral-2026.html,../schema-structured-data-local-imobiliarias-litoral-2026.html,interno_relativo,,,,
blog/como-converter-visitantes-parceiros-litoral-2026.html,/,interno_absoluto,,,,
blog/como-converter-visitantes-parceiros-litoral-2026.html,../servicos.html,interno_relativo,,,,
blog/como-converter-visitantes-parceiros-litoral-2026.html,../education/cursos/index.html,interno_relativo,,,,
blog/como-converter-visitantes-parceiros-litoral-2026.html,../cidades/santos.html,interno_relativo,,,,
blog/como-converter-visitantes-parceiros-litoral-2026.html,../bairros/index.html,interno_relativo,,,,
blog/como-converter-visitantes-parceiros-litoral-2026.html,../sitemap.xml,interno_relativo,,,,
blog/como-escolher-bairro-investir-litoral-paulista-2026.html,../servicos.html,interno_relativo,,,,
blog/como-escolher-bairro-investir-litoral-paulista-2026.html,../education/cursos/index.html,interno_relativo,,,,
blog/como-escolher-bairro-investir-litoral-paulista-2026.html,../cidades/santos.html,interno_relativo,,,,
blog/como-escolher-bairro-investir-litoral-paulista-2026.html,../bairros/index.html,interno_relativo,,,,
blog/como-escolher-bairro-investir-litoral-paulista-2026.html,../sitemap.xml,interno_relativo,,,,
blog/como-escolher-corretor-litoral-2026-08-02.html,../sitemap.xml,interno_relativo,,,,
blog/como-escolher-corretor-litoral-2026-08-02.html,../servicos.html,interno_relativo,,,,
blog/como-escolher-corretor-litoral-2026-08-02.html,../education/cursos/index.html,interno_relativo,,,,
blog/como-escolher-corretor-litoral-2026-08-02.html,../cidades/santos.html,interno_relativo,,,,
blog/como-escolher-corretor-litoral-2026-08-02.html,../bairros/index.html,interno_relativo,,,,
blog/como-escolher-imobiliaria-litoral-2026.html,../servicos.html,interno_relativo,,,,
blog/como-escolher-imobiliaria-litoral-2026.html,../education/cursos/index.html,interno_relativo,,,,
blog/como-escolher-imobiliaria-litoral-2026.html,../cidades/santos.html,interno_relativo,,,,
blog/como-escolher-imobiliaria-litoral-2026.html,../bairros/index.html,interno_relativo,,,,
blog/como-escolher-imobiliaria-litoral-2026.html,../sitemap.xml,interno_relativo,,,,
blog/como-escolher-imobiliaria-litoral-paulista-2026.html,../servicos.html,interno_relativo,,,,
blog/como-escolher-imobiliaria-litoral-paulista-2026.html,../education/cursos/index.html,interno_relativo,,,,
blog/como-escolher-imobiliaria-litoral-paulista-2026.html,../cidades/santos.html,interno_relativo,,,,
blog/como-escolher-imobiliaria-litoral-paulista-2026.html,../bairros/index.html,interno_relativo,,,,
blog/como-escolher-imobiliaria-litoral-paulista-2026.html,../sitemap.xml,interno_relativo,,,,
blog/como-escolher-imobiliaria-no-guaruja-em-guarujá-2026-07-13.html,../servicos.html,interno_relativo,,,,
blog/como-escolher-imobiliaria-no-guaruja-em-guarujá-2026-07-13.html,../education/cursos/index.html,interno_relativo,,,,
blog/como-escolher-imobiliaria-no-guaruja-em-guarujá-2026-07-13.html,../cidades/santos.html,interno_relativo,,,,
blog/como-escolher-imobiliaria-no-guaruja-em-guarujá-2026-07-13.html,../bairros/index.html,interno_relativo,,,,
blog/como-escolher-imobiliaria-no-guaruja-em-guarujá-2026-07-13.html,../sitemap.xml,interno_relativo,,,,
blog/como-escolher-imovel-litoral-conforto-termico-clima-umido-2026.html,../retrofit-imovel-litoral-valorizacao-2026.html,interno_relativo,,,,
blog/como-escolher-imovel-litoral.html,/,interno_absoluto,,,,
blog/como-escolher-imovel-litoral.html,../servicos.html,interno_relativo,,,,
blog/como-escolher-imovel-litoral.html,../education/cursos/index.html,interno_relativo,,,,
blog/como-escolher-imovel-litoral.html,../cidades/santos.html,interno_relativo,,,,
blog/como-escolher-imovel-litoral.html,../bairros/index.html,interno_relativo,,,,
blog/como-escolher-imovel-litoral.html,../sitemap.xml,interno_relativo,,,,
blog/como-escolher-imovel-temporada-litoral-paulista-2026.html,../servicos.html,interno_relativo,,,,
blog/como-escolher-imovel-temporada-litoral-paulista-2026.html,../education/cursos/index.html,interno_relativo,,,,
blog/como-escolher-imovel-temporada-litoral-paulista-2026.html,../cidades/santos.html,interno_relativo,,,,
blog/como-escolher-imovel-temporada-litoral-paulista-2026.html,../bairros/index.html,interno_relativo,,,,
blog/como-escolher-imovel-temporada-litoral-paulista-2026.html,../sitemap.xml,interno_relativo,,,,
blog/como-evitar-golpes-imobiliarios-temporada-aluguel-praia-em-guarujá-2026-07-12.html,../servicos.html,interno_relativo,,,,
blog/como-evitar-golpes-imobiliarios-temporada-aluguel-praia-em-guarujá-2026-07-12.html,../education/cursos/index.html,interno_relativo,,,,
blog/como-evitar-golpes-imobiliarios-temporada-aluguel-praia-em-guarujá-2026-07-12.html,../cidades/santos.html,interno_relativo,,,,
blog/como-evitar-golpes-imobiliarios-temporada-aluguel-praia-em-guarujá-2026-07-12.html,../bairros/index.html,interno_relativo,,,,
blog/como-evitar-golpes-imobiliarios-temporada-aluguel-praia-em-guarujá-2026-07-12.html,../sitemap.xml,interno_relativo,,,,
blog/como-evitar-golpes-temporada-litoral-norte-2026.html,../servicos.html,interno_relativo,,,,
blog/como-evitar-golpes-temporada-litoral-norte-2026.html,../education/cursos/index.html,interno_relativo,,,,
blog/como-evitar-golpes-temporada-litoral-norte-2026.html,../cidades/santos.html,interno_relativo,,,,
blog/como-evitar-golpes-temporada-litoral-norte-2026.html,../bairros/index.html,interno_relativo,,,,
blog/como-evitar-golpes-temporada-litoral-norte-2026.html,../sitemap.xml,interno_relativo,,,,
blog/como-fechar-mais-vendas-litoral-paulista-2026.html,../servicos.html,interno_relativo,,,,
blog/como-fechar-mais-vendas-litoral-paulista-2026.html,../education/cursos/index.html,interno_relativo,,,,
blog/como-fechar-mais-vendas-litoral-paulista-2026.html,../cidades/santos.html,interno_relativo,,,,
blog/como-fechar-mais-vendas-litoral-paulista-2026.html,../bairros/index.html,interno_relativo,,,,
blog/como-fechar-mais-vendas-litoral-paulista-2026.html,../sitemap.xml,interno_relativo,,,,
blog/como-fechar-vendas-em-santos-2026-07-12.html,../servicos.html,interno_relativo,,,,
blog/como-fechar-vendas-em-santos-2026-07-12.html,../education/cursos/index.html,interno_relativo,,,,
blog/como-fechar-vendas-em-santos-2026-07-12.html,../cidades/santos.html,interno_relativo,,,,
blog/como-fechar-vendas-em-santos-2026-07-12.html,../bairros/index.html,interno_relativo,,,,
blog/como-fechar-vendas-em-santos-2026-07-12.html,../sitemap.xml,interno_relativo,,,,
blog/como-fotografar-imoveis-praia-profissional-2026.html,../servicos.html,interno_relativo,,,,
blog/como-fotografar-imoveis-praia-profissional-2026.html,../education/cursos/index.html,interno_relativo,,,,
blog/como-fotografar-imoveis-praia-profissional-2026.html,../cidades/santos.html,interno_relativo,,,,
blog/como-fotografar-imoveis-praia-profissional-2026.html,../bairros/index.html,interno_relativo,,,,
blog/como-fotografar-imoveis-praia-profissional-2026.html,../sitemap.xml,interno_relativo,,,,
blog/como-funciona-aluguel-temporada-litoral-para-estrangeiros-2026.html,../checklist-aluguel-temporada-anuncio-checkout-litoral-2026.html,interno_relativo,,,,
blog/como-funciona-arrematacao-leilao-imovel-litoral-2026.html,../documentacao-compra-imovel-leilao-litoral-2026.html,interno_relativo,,,,
blog/como-funciona-ia-avaliacao-imoveis-litoral-2026.html,../servicos.html,interno_relativo,,,,
blog/como-funciona-ia-avaliacao-imoveis-litoral-2026.html,../education/cursos/index.html,interno_relativo,,,,
blog/como-funciona-ia-avaliacao-imoveis-litoral-2026.html,../cidades/santos.html,interno_relativo,,,,
blog/como-funciona-ia-avaliacao-imoveis-litoral-2026.html,../bairros/index.html,interno_relativo,,,,
blog/como-funciona-ia-avaliacao-imoveis-litoral-2026.html,../sitemap.xml,interno_relativo,,,,
blog/como-funcionar-seguro-fianca-aluguel-praia-sao-paulo-em-ilhabela-2026-07-12.html,../servicos.html,interno_relativo,,,,
blog/como-funcionar-seguro-fianca-aluguel-praia-sao-paulo-em-ilhabela-2026-07-12.html,../education/cursos/index.html,interno_relativo,,,,
blog/como-funcionar-seguro-fianca-aluguel-praia-sao-paulo-em-ilhabela-2026-07-12.html,../cidades/santos.html,interno_relativo,,,,
blog/como-funcionar-seguro-fianca-aluguel-praia-sao-paulo-em-ilhabela-2026-07-12.html,../bairros/index.html,interno_relativo,,,,
blog/como-funcionar-seguro-fianca-aluguel-praia-sao-paulo-em-ilhabela-2026-07-12.html,../sitemap.xml,interno_relativo,,,,
blog/como-ganhar-dinheiro-aluguel-temporada-litoral-2026.html,../rentabilidade-aluguel-temporada-cidade-litoral-paulista-2026.html,interno_relativo,,,,
blog/como-gerar-avaliacoes-google-imobiliarias-litoral-2026.html,../como-responder-avaliacoes-google-imobiliarias-litoral-2026.html,interno_relativo,,,,
blog/como-gerar-avaliacoes-google-imobiliarias-litoral-2026.html,../avaliacoes-google-imobiliarias-litoral-reputacao-local-2026.html,interno_relativo,,,,
blog/como-gerar-leads-qualificados-imobiliaria-2026.html,../servicos.html,interno_relativo,,,,
blog/como-gerar-leads-qualificados-imobiliaria-2026.html,../education/cursos/index.html,interno_relativo,,,,
blog/como-gerar-leads-qualificados-imobiliaria-2026.html,../cidades/santos.html,interno_relativo,,,,
blog/como-gerar-leads-qualificados-imobiliaria-2026.html,../bairros/index.html,interno_relativo,,,,
blog/como-gerar-leads-qualificados-imobiliaria-2026.html,../sitemap.xml,interno_relativo,,,,
blog/como-implementar-structured-data-imobiliarias-litoral-2026.html,../schema-structured-data-local-imobiliarias-litoral-2026.html,interno_relativo,,,,
blog/como-implementar-structured-data-imobiliarias-litoral-2026.html,../seo-local-imobiliarias-litoral-google-maps-pack-local-2026.html,interno_relativo,,,,
blog/como-investir-aluguel-temporada-litoral-com-menos-risco-2026.html,../retorno-aluguel-temporada-indicadores-2026.html,interno_relativo,,,,
blog/como-rankear-google-maps-imobiliarias-litoral-2026.html,../seo-local-pequenos-negocios-litoral-iniciantes-2026.html,interno_relativo,,,,
blog/como-rankear-google-maps-imobiliarias-litoral-2026.html,../google-business-profile-corretores-imoveis-litoral-passo-passo-2026.html,interno_relativo,,,,
blog/como-responder-avaliacoes-google-imobiliarias-litoral-2026.html,../avaliacoes-google-imobiliarias-litoral-reputacao-local-2026.html,interno_relativo,,,,
blog/como-responder-avaliacoes-google-imobiliarias-litoral-2026.html,../como-rankear-google-maps-imobiliarias-litoral-2026.html,interno_relativo,,,,
blog/como-responder-objecoes-em-guarujá-2026-07-12.html,../servicos.html,interno_relativo,,,,
blog/como-responder-objecoes-em-guarujá-2026-07-12.html,../education/cursos/index.html,interno_relativo,,,,
blog/como-responder-objecoes-em-guarujá-2026-07-12.html,../cidades/santos.html,interno_relativo,,,,
blog/como-responder-objecoes-em-guarujá-2026-07-12.html,../bairros/index.html,interno_relativo,,,,
blog/como-responder-objecoes-em-guarujá-2026-07-12.html,../sitemap.xml,interno_relativo,,,,
blog/como-reter-clientes-imoveis-temporada-2026.html,../servicos.html,interno_relativo,,,,
blog/como-reter-clientes-imoveis-temporada-2026.html,../education/cursos/index.html,interno_relativo,,,,
blog/como-reter-clientes-imoveis-temporada-2026.html,../cidades/santos.html,interno_relativo,,,,
blog/como-reter-clientes-imoveis-temporada-2026.html,../bairros/index.html,interno_relativo,,,,
blog/como-reter-clientes-imoveis-temporada-2026.html,../sitemap.xml,interno_relativo,,,,
blog/como-usar-dados-locais-fechar-vendas-imoveis-litoral-2026.html,../precificar-imovel-litoral-com-dados-reais-2026.html,interno_relativo,,,,
blog/como-usar-fgts-2026.html,../servicos.html,interno_relativo,,,,
blog/como-usar-fgts-2026.html,../education/cursos/index.html,interno_relativo,,,,
blog/como-usar-fgts-2026.html,../cidades/santos.html,interno_relativo,,,,
blog/como-usar-fgts-2026.html,../bairros/index.html,interno_relativo,,,,
blog/como-usar-fgts-2026.html,../sitemap.xml,interno_relativo,,,,
blog/como-usar-ia-em-visitas-imoveis-litoral.html,../sitemap.xml,interno_relativo,,,,
blog/como-usar-ia-em-visitas-imoveis-litoral.html,../servicos.html,interno_relativo,,,,
blog/como-usar-ia-em-visitas-imoveis-litoral.html,../education/cursos/index.html,interno_relativo,,,,
blog/como-usar-ia-em-visitas-imoveis-litoral.html,../cidades/santos.html,interno_relativo,,,,
blog/como-usar-ia-em-visitas-imoveis-litoral.html,../bairros/index.html,interno_relativo,,,,
blog/como-usar-instagram-vender-imoveis-litoral-2026.html,../servicos.html,interno_relativo,,,,
blog/como-usar-instagram-vender-imoveis-litoral-2026.html,../education/cursos/index.html,interno_relativo,,,,
blog/como-usar-instagram-vender-imoveis-litoral-2026.html,../cidades/santos.html,interno_relativo,,,,
blog/como-usar-instagram-vender-imoveis-litoral-2026.html,../bairros/index.html,interno_relativo,,,,
blog/como-usar-instagram-vender-imoveis-litoral-2026.html,../sitemap.xml,interno_relativo,,,,
blog/como-usar-provas-sociais-em-ubatuba-2026-07-12.html,../servicos.html,interno_relativo,,,,
blog/como-usar-provas-sociais-em-ubatuba-2026-07-12.html,../education/cursos/index.html,interno_relativo,,,,
blog/como-usar-provas-sociais-em-ubatuba-2026-07-12.html,../cidades/santos.html,interno_relativo,,,,
blog/como-usar-provas-sociais-em-ubatuba-2026-07-12.html,../bairros/index.html,interno_relativo,,,,
blog/como-usar-provas-sociais-em-ubatuba-2026-07-12.html,../sitemap.xml,interno_relativo,,,,
blog/como-usar-whatsapp-business-corretores-litoral-2026.html,../servicos.html,interno_relativo,,,,
blog/como-usar-whatsapp-business-corretores-litoral-2026.html,../education/cursos/index.html,interno_relativo,,,,
blog/como-usar-whatsapp-business-corretores-litoral-2026.html,../cidades/santos.html,interno_relativo,,,,
blog/como-usar-whatsapp-business-corretores-litoral-2026.html,../bairros/index.html,interno_relativo,,,,
blog/como-usar-whatsapp-business-corretores-litoral-2026.html,../sitemap.xml,interno_relativo,,,,
blog/como-usar-whatsapp-business-imobiliarias-litoral-2026.html,../servicos.html,interno_relativo,,,,
blog/como-usar-whatsapp-business-imobiliarias-litoral-2026.html,../education/cursos/index.html,interno_relativo,,,,
blog/como-usar-whatsapp-business-imobiliarias-litoral-2026.html,../cidades/santos.html,interno_relativo,,,,
blog/como-usar-whatsapp-business-imobiliarias-litoral-2026.html,../bairros/index.html,interno_relativo,,,,
blog/como-usar-whatsapp-business-imobiliarias-litoral-2026.html,../sitemap.xml,interno_relativo,,,,
blog/como-usar-whatsapp-vendas-imoveis-litoral-2026.html,../style.css,interno_relativo,,,,
blog/como-usar-whatsapp-vendas-imoveis-litoral-2026.html,/,interno_absoluto,,,,
blog/como-usar-whatsapp-vendas-imoveis-litoral-2026.html,../consorcio.html,interno_relativo,,,,
blog/como-usar-whatsapp-vendas-imoveis-litoral-2026.html,../servicos.html,interno_relativo,,,,
blog/como-usar-whatsapp-vendas-imoveis-litoral-2026.html,../education/cursos/index.html,interno_relativo,,,,
blog/como-usar-whatsapp-vendas-imoveis-litoral-2026.html,../cidades/santos.html,interno_relativo,,,,
blog/como-usar-whatsapp-vendas-imoveis-litoral-2026.html,../bairros/index.html,interno_relativo,,,,
blog/como-usar-whatsapp-vendas-imoveis-litoral-2026.html,../sitemap.xml,interno_relativo,,,,
blog/como-vender-imoveis-litoral-2026.html,../servicos.html,interno_relativo,,,,
blog/como-vender-imoveis-litoral-2026.html,../education/cursos/index.html,interno_relativo,,,,
blog/como-vender-imoveis-litoral-2026.html,../cidades/santos.html,interno_relativo,,,,
blog/como-vender-imoveis-litoral-2026.html,../bairros/index.html,interno_relativo,,,,
blog/como-vender-imoveis-litoral-2026.html,../sitemap.xml,interno_relativo,,,,
blog/comparacao-imoveis-seo-litoral-2026.html,comparativo-bairros-litoral-paulista.html,interno_relativo,,,,
blog/comparacao-imoveis-seo-litoral-2026.html,comparativo-imoveis-litoral-2026.html,interno_relativo,,,,
blog/comparacao-imoveis-seo-litoral-2026.html,../servicos.html,interno_relativo,,,,
blog/comparacao-imoveis-seo-litoral-2026.html,../education/cursos/index.html,interno_relativo,,,,
blog/comparacao-imoveis-seo-litoral-2026.html,../cidades/santos.html,interno_relativo,,,,
blog/comparacao-imoveis-seo-litoral-2026.html,../bairros/index.html,interno_relativo,,,,
blog/comparacao-imoveis-seo-litoral-2026.html,../sitemap.xml,interno_relativo,,,,
blog/comparacao-precos-litoral-norte-2026.html,../servicos.html,interno_relativo,,,,
blog/comparacao-precos-litoral-norte-2026.html,../education/cursos/index.html,interno_relativo,,,,
blog/comparacao-precos-litoral-norte-2026.html,../cidades/santos.html,interno_relativo,,,,
blog/comparacao-precos-litoral-norte-2026.html,../bairros/index.html,interno_relativo,,,,
blog/comparacao-precos-litoral-norte-2026.html,../sitemap.xml,interno_relativo,,,,
blog/comparar-imoveis-litoral-paulista-2026.html,../servicos.html,interno_relativo,,,,
blog/comparar-imoveis-litoral-paulista-2026.html,../education/cursos/index.html,interno_relativo,,,,
blog/comparar-imoveis-litoral-paulista-2026.html,../cidades/santos.html,interno_relativo,,,,
blog/comparar-imoveis-litoral-paulista-2026.html,../bairros/index.html,interno_relativo,,,,
blog/comparar-imoveis-litoral-paulista-2026.html,../sitemap.xml,interno_relativo,,,,
blog/comparativo-bairros-litoral-paulista.html,/,interno_absoluto,,,,
blog/comparativo-bairros-litoral-paulista.html,../sitemap.xml,interno_relativo,,,,
blog/comparativo-bairros-litoral-paulista.html,../servicos.html,interno_relativo,,,,
blog/comparativo-bairros-litoral-paulista.html,../education/cursos/index.html,interno_relativo,,,,
blog/comparativo-bairros-litoral-paulista.html,../cidades/santos.html,interno_relativo,,,,
blog/comparativo-bairros-litoral-paulista.html,../bairros/index.html,interno_relativo,,,,
blog/comparativo-ferramentas-imobiliaria-litoral-2026.html,../sitemap.xml,interno_relativo,,,,
blog/comparativo-ferramentas-imobiliaria-litoral-2026.html,../servicos.html,interno_relativo,,,,
blog/comparativo-ferramentas-imobiliaria-litoral-2026.html,../education/cursos/index.html,interno_relativo,,,,
blog/comparativo-ferramentas-imobiliaria-litoral-2026.html,../cidades/santos.html,interno_relativo,,,,
blog/comparativo-ferramentas-imobiliaria-litoral-2026.html,../bairros/index.html,interno_relativo,,,,
blog/comparativo-ferramentas-imobiliarias-litoral-2026.html,../servicos.html,interno_relativo,,,,
blog/comparativo-ferramentas-imobiliarias-litoral-2026.html,../education/cursos/index.html,interno_relativo,,,,
blog/comparativo-ferramentas-imobiliarias-litoral-2026.html,../cidades/santos.html,interno_relativo,,,,
blog/comparativo-ferramentas-imobiliarias-litoral-2026.html,../bairros/index.html,interno_relativo,,,,
blog/comparativo-ferramentas-imobiliarias-litoral-2026.html,../sitemap.xml,interno_relativo,,,,
blog/comparativo-financiamento-perfil-casais-solteiros-idosos-litoral-2026.html,../organizar-financiamento-antes-imovel-litoral-2026.html,interno_relativo,,,,
blog/comparativo-ia-imobiliaria-vs-tradicional.html,../sitemap.xml,interno_relativo,,,,
blog/comparativo-ia-imobiliaria-vs-tradicional.html,../servicos.html,interno_relativo,,,,
blog/comparativo-ia-imobiliaria-vs-tradicional.html,../education/cursos/index.html,interno_relativo,,,,
blog/comparativo-ia-imobiliaria-vs-tradicional.html,../cidades/santos.html,interno_relativo,,,,
blog/comparativo-ia-imobiliaria-vs-tradicional.html,../bairros/index.html,interno_relativo,,,,
blog/comparativo-imoveis-litoral-2026.html,../sitemap.xml,interno_relativo,,,,
blog/comparativo-imoveis-litoral-2026.html,../servicos.html,interno_relativo,,,,
blog/comparativo-imoveis-litoral-2026.html,../education/cursos/index.html,interno_relativo,,,,
blog/comparativo-imoveis-litoral-2026.html,../cidades/santos.html,interno_relativo,,,,
blog/comparativo-imoveis-litoral-2026.html,../bairros/index.html,interno_relativo,,,,
blog/comparativo-imovel-planta-vs-pronto-morar-litoral-2026.html,../quando-comprar-imovel-na-planta-litoral-2026.html,interno_relativo,,,,
blog/comparativo-planos-assinatura-corretores-2026.html,../servicos.html,interno_relativo,,,,
blog/comparativo-planos-assinatura-corretores-2026.html,../education/cursos/index.html,interno_relativo,,,,
blog/comparativo-planos-assinatura-corretores-2026.html,../cidades/santos.html,interno_relativo,,,,
blog/comparativo-planos-assinatura-corretores-2026.html,../bairros/index.html,interno_relativo,,,,
blog/comparativo-planos-assinatura-corretores-2026.html,../sitemap.xml,interno_relativo,,,,
blog/comparativo-santos-guaruja-investimento.html,../servicos.html,interno_relativo,,,,
blog/comparativo-santos-guaruja-investimento.html,../education/cursos/index.html,interno_relativo,,,,
blog/comparativo-santos-guaruja-investimento.html,../cidades/santos.html,interno_relativo,,,,
blog/comparativo-santos-guaruja-investimento.html,../bairros/index.html,interno_relativo,,,,
blog/comparativo-santos-guaruja-investimento.html,../sitemap.xml,interno_relativo,,,,
blog/compra-imovel-heranca-inventario-litoral-2026.html,../documentos-essenciais-compra-imovel-litoral-2026.html,interno_relativo,,,,
blog/compra-imovel-heranca-inventario-litoral-2026.html,../gestao-imobiliaria-litoral-equipe-processos-2026.html,interno_relativo,,,,
blog/compra-imovel-herdado-litoral-cuidados-2026.html,../documentacao-compra-imovel-litoral-guia-2026.html,interno_relativo,,,,
blog/compra-imovel-herdado-litoral-cuidados-2026.html,../impostos-compra-imovel-litoral-2026.html,interno_relativo,,,,
blog/compra-imovel-herdado-litoral-cuidados-2026.html,../sitemap.xml,interno_relativo,,,,
blog/compra-imovel-investidor-2026.html,../servicos.html,interno_relativo,,,,
blog/compra-imovel-investidor-2026.html,../education/cursos/index.html,interno_relativo,,,,
blog/compra-imovel-investidor-2026.html,../cidades/santos.html,interno_relativo,,,,
blog/compra-imovel-investidor-2026.html,../bairros/index.html,interno_relativo,,,,
blog/compra-imovel-investidor-2026.html,../sitemap.xml,interno_relativo,,,,
blog/compra-imovel-litoral-arrematacao-leilao-2026.html,../compra-imovel-litoral-caracteres-ocultos-golpe-2026.html,interno_relativo,,,,
blog/compra-imovel-litoral-caracteres-ocultos-golpe-2026.html,../como-evitar-golpes-fraudes-compra-imovel-litoral-2026.html,interno_relativo,,,,
blog/compra-imovel-litoral-documentacao-entrega-2026.html,../compra-imovel-litoral-caracteres-ocultos-golpe-2026.html,interno_relativo,,,,
blog/compra-imovel-litoral-golpe-aluguel-falso-2026.html,../compra-imovel-litoral-documentacao-entrega-2026.html,interno_relativo,,,,
blog/compra-imovel-litoral-imovel-herdado-cuidados-2026.html,../heranca-imoveis-litoral-inventario-partilha-2026.html,interno_relativo,,,,
blog/compra-imovel-litoral-imovel-reformado-checklist-2026.html,../compra-imovel-litoral-visita-tecnica-checklist-2026.html,interno_relativo,,,,
blog/compra-imovel-litoral-imovel-reformado-dicas-2026.html,../compra-imovel-litoral-visita-tecnica-checklist-2026.html,interno_relativo,,,,
blog/compra-imovel-litoral-imovel-reformado-garantia-2026.html,../compra-imovel-litoral-visita-tecnica-checklist-2026.html,interno_relativo,,,,
blog/compra-imovel-litoral-imovel-reformado-inspecao-2026.html,../compra-imovel-litoral-visita-tecnica-checklist-2026.html,interno_relativo,,,,
blog/compra-imovel-litoral-imovel-reformado-negociacao-2026.html,../compra-imovel-litoral-visita-tecnica-checklist-2026.html,interno_relativo,,,,
blog/compra-imovel-litoral-imovel-reformado-rapido-2026.html,../compra-imovel-litoral-visita-tecnica-checklist-2026.html,interno_relativo,,,,
blog/compra-imovel-litoral-imovel-reformado-riscos-2026.html,../compra-imovel-litoral-visita-tecnica-checklist-2026.html,interno_relativo,,,,
blog/compra-imovel-litoral-investimento-checklist-pre-investimento-2026.html,../vale-pena-investir-imovel-litoral-2026.html,interno_relativo,,,,
blog/compra-imovel-litoral-negociacao-preco-dicas-2026.html,../compra-imovel-litoral-pagamento-entrada-negociacao-2026.html,interno_relativo,,,,
blog/compra-imovel-litoral-pagamento-entrada-negociacao-2026.html,../financiamento-imovel-litoral-comparativo-bancos-2026.html,interno_relativo,,,,
blog/compra-imovel-litoral-passo-passo-2026.html,../sitemap.xml,interno_relativo,,,,
blog/compra-imovel-litoral-passo-passo-2026.html,../servicos.html,interno_relativo,,,,
blog/compra-imovel-litoral-passo-passo-2026.html,../education/cursos/index.html,interno_relativo,,,,
blog/compra-imovel-litoral-passo-passo-2026.html,../cidades/santos.html,interno_relativo,,,,
blog/compra-imovel-litoral-passo-passo-2026.html,../bairros/index.html,interno_relativo,,,,
blog/compra-imovel-litoral-primeiro-imovel-2026.html,../antes-procurar-imovel-litoral-passos-2026.html,interno_relativo,,,,
blog/compra-imovel-litoral-promessa-arrependimento-2026.html,../compra-imovel-litoral-caracteres-ocultos-golpe-2026.html,interno_relativo,,,,
blog/compra-imovel-litoral-promessa-compra-venda-2026.html,../compra-imovel-litoral-documentacao-entrega-2026.html,interno_relativo,,,,
blog/compra-imovel-litoral-reforma-pos-compra-planejamento-2026.html,../reforma-imovel-litoral-custo-beneficio-2026.html,interno_relativo,,,,
blog/compra-imovel-litoral-verao-preparacao-2026.html,../compra-imovel-litoral-verao-urgente-2026.html,interno_relativo,,,,
blog/compra-imovel-litoral-verao-urgente-2026.html,../antes-procurar-imovel-litoral-passos-2026.html,interno_relativo,,,,
blog/compra-imovel-litoral-visita-tecnica-checklist-2026.html,../visita-imovel-litoral-perguntas-fazer-corretor-2026.html,interno_relativo,,,,
blog/compra-imovel-na-planta-litoral-sp-2026.html,../compra-imovel-heranca-inventario-litoral-2026.html,interno_relativo,,,,
blog/compra-imovel-na-planta-litoral-sp-2026.html,../direitos-deveres-aluguel-temporada-litoral-2026.html,interno_relativo,,,,
blog/comprador-imovel-litoral-direito-arrependimento-2026.html,../compra-imovel-litoral-documentacao-entrega-2026.html,interno_relativo,,,,
blog/comprar-apartamento-vista-mar-porto-da-lua-2026.html,../servicos.html,interno_relativo,,,,
blog/comprar-apartamento-vista-mar-porto-da-lua-2026.html,../education/cursos/index.html,interno_relativo,,,,
blog/comprar-apartamento-vista-mar-porto-da-lua-2026.html,../cidades/santos.html,interno_relativo,,,,
blog/comprar-apartamento-vista-mar-porto-da-lua-2026.html,../bairros/index.html,interno_relativo,,,,
blog/comprar-apartamento-vista-mar-porto-da-lua-2026.html,../sitemap.xml,interno_relativo,,,,
blog/comprar-casa-na-praia-primeiro-imovel-em-são-vicente-2026-07-13.html,../servicos.html,interno_relativo,,,,
blog/comprar-casa-na-praia-primeiro-imovel-em-são-vicente-2026-07-13.html,../education/cursos/index.html,interno_relativo,,,,
blog/comprar-casa-na-praia-primeiro-imovel-em-são-vicente-2026-07-13.html,../cidades/santos.html,interno_relativo,,,,
blog/comprar-casa-na-praia-primeiro-imovel-em-são-vicente-2026-07-13.html,../bairros/index.html,interno_relativo,,,,
blog/comprar-casa-na-praia-primeiro-imovel-em-são-vicente-2026-07-13.html,../sitemap.xml,interno_relativo,,,,
blog/comprar-imovel-bertioga-2026.html,../comparativo-cidades-litoral-por-perfil-2026.html,interno_relativo,,,,
blog/comprar-imovel-bertioga-2026.html,../financiamento-imovel-litoral-2026.html,interno_relativo,,,,
blog/comprar-imovel-bertioga-2026.html,../rentabilidade-imoveis-praia-2026.html,interno_relativo,,,,
blog/comprar-imovel-bertioga-2026.html,../riviera-sao-lourenco-vs-litoral-norte-comparacao-2026.html,interno_relativo,,,,
blog/comprar-imovel-bertioga-2026.html,../education/cursos/comprar-imovel-praia-sem-golpes/index.html,interno_relativo,,,,
blog/comprar-imovel-bertioga-2026.html,../aluguel-temporada-bertioga.html,interno_relativo,,,,
blog/comprar-imovel-bertioga-2026.html,../bairros/bertioga/index.html,interno_relativo,,,,
blog/comprar-imovel-bertioga-2026.html,../bairros/bertioga/riviera.html,interno_relativo,,,,
blog/comprar-imovel-bertioga-2026.html,../bairros/bertioga/centro.html,interno_relativo,,,,
blog/comprar-imovel-bertioga-2026.html,../cidades/bertioga.html,interno_relativo,,,,
blog/comprar-imovel-bertioga-2026.html,../guia-investidor-imovel-litoral.html,interno_relativo,,,,
blog/comprar-imovel-caraguatatuba-2026.html,../financiamento-imovel-litoral-2026.html,interno_relativo,,,,
blog/comprar-imovel-caraguatatuba-2026.html,../rentabilidade-imoveis-praia-2026.html,interno_relativo,,,,
blog/comprar-imovel-caraguatatuba-2026.html,../comparativo-cidades-litoral-por-perfil-2026.html,interno_relativo,,,,
blog/comprar-imovel-caraguatatuba-2026.html,../education/cursos/comprar-imovel-praia-sem-golpes/index.html,interno_relativo,,,,
blog/comprar-imovel-caraguatatuba-2026.html,../aluguel-temporada-caraguatatuba.html,interno_relativo,,,,
blog/comprar-imovel-caraguatatuba-2026.html,../bairros/caraguatatuba/index.html,interno_relativo,,,,
blog/comprar-imovel-caraguatatuba-2026.html,../bairros/caraguatatuba/centro.html,interno_relativo,,,,
blog/comprar-imovel-caraguatatuba-2026.html,../bairros/caraguatatuba/camburi.html,interno_relativo,,,,
blog/comprar-imovel-caraguatatuba-2026.html,../cidades/caraguatatuba.html,interno_relativo,,,,
blog/comprar-imovel-caraguatatuba-2026.html,../roteiro-1-dia-caraguatatuba-compradores-imoveis-2026.html,interno_relativo,,,,
blog/comprar-imovel-guaruja-2026.html,../aluguel-temporada-litoral-guia-completo.html,interno_relativo,,,,
blog/comprar-imovel-guaruja-2026.html,../financiamento-imovel-litoral-2026.html,interno_relativo,,,,
blog/comprar-imovel-guaruja-2026.html,../comparativo-cidades-litoral-por-perfil-2026.html,interno_relativo,,,,
blog/comprar-imovel-guaruja-2026.html,../education/cursos/comprar-imovel-praia-sem-golpes/index.html,interno_relativo,,,,
blog/comprar-imovel-guaruja-2026.html,../aluguel-temporada-guaruja.html,interno_relativo,,,,
blog/comprar-imovel-guaruja-2026.html,../bairros/guaruja/index.html,interno_relativo,,,,
blog/comprar-imovel-guaruja-2026.html,../bairros/guaruja/jardim-acapulco.html,interno_relativo,,,,
blog/comprar-imovel-guaruja-2026.html,../bairros/guaruja/enseada.html,interno_relativo,,,,
blog/comprar-imovel-guaruja-2026.html,../cidades/guaruja.html,interno_relativo,,,,
blog/comprar-imovel-guaruja-2026.html,../comprar-imovel-bertioga-2026.html,interno_relativo,,,,
blog/comprar-imovel-na-planta-litoral-sp-2026.html,../riviera-de-sao-lourenco-vs-litoral-norte-sp-2026.html,interno_relativo,,,,
blog/comprar-imovel-na-planta-litoral-sp-2026.html,../quanto-custa-morar-em-bertioga-2026.html,interno_relativo,,,,
blog/comprar-imovel-na-planta-litoral-sp-2026.html,../bairros/bertioga/riviera-de-sao-lourenco.html,interno_relativo,,,,
blog/comprar-imovel-na-planta-litoral-sp-2026.html,../cidades/bertioga.html,interno_relativo,,,,
blog/comprar-imovel-na-planta-litoral-sp-2026.html,../education/cursos/analise-de-rentabilidade/index.html,interno_relativo,,,,
blog/comprar-imovel-na-planta-litoral-sp-2026.html,../imoveis/,interno_relativo,,,,
blog/comprar-imovel-planta-entrega-2027-riscos-cuidados-litoral-2026.html,../documentacao-compra-imovel-litoral-guia-2026.html,interno_relativo,,,,
blog/comprar-imovel-praia-2026-vs-2027.html,../servicos.html,interno_relativo,,,,
blog/comprar-imovel-praia-2026-vs-2027.html,../education/cursos/index.html,interno_relativo,,,,
blog/comprar-imovel-praia-2026-vs-2027.html,../cidades/santos.html,interno_relativo,,,,
blog/comprar-imovel-praia-2026-vs-2027.html,../bairros/index.html,interno_relativo,,,,
blog/comprar-imovel-praia-2026-vs-2027.html,../sitemap.xml,interno_relativo,,,,
blog/comprar-imovel-sao-sebastiao-2026.html,../css/style.css,interno_relativo,,,,
blog/comprar-imovel-sao-sebastiao-2026.html,/,interno_absoluto,,,,
blog/comprar-imovel-sao-sebastiao-2026.html,../imoveis.html,interno_relativo,,,,
blog/comprar-imovel-sao-sebastiao-2026.html,../servicos.html,interno_relativo,,,,
blog/comprar-imovel-sao-sebastiao-2026.html,../blog/,interno_relativo,,,,
blog/comprar-imovel-sao-sebastiao-2026.html,../contato.html,interno_relativo,,,,
blog/comprar-imovel-sao-sebastiao-2026.html,../servicos-ia-imobiliarias-santos.html,interno_relativo,,,,
blog/comprar-imovel-sao-sebastiao-2026.html,../politica-privacidade.html,interno_relativo,,,,
blog/comprar-ou-alugar-litoral-paulista-2026.html,../servicos.html,interno_relativo,,,,
blog/comprar-ou-alugar-litoral-paulista-2026.html,../education/cursos/index.html,interno_relativo,,,,
blog/comprar-ou-alugar-litoral-paulista-2026.html,../cidades/santos.html,interno_relativo,,,,
blog/comprar-ou-alugar-litoral-paulista-2026.html,../bairros/index.html,interno_relativo,,,,
blog/comprar-ou-alugar-litoral-paulista-2026.html,../sitemap.xml,interno_relativo,,,,
blog/condominio-alto-padrao-yield.html,../servicos.html,interno_relativo,,,,
blog/condominio-alto-padrao-yield.html,../education/cursos/index.html,interno_relativo,,,,
blog/condominio-alto-padrao-yield.html,../cidades/santos.html,interno_relativo,,,,
blog/condominio-alto-padrao-yield.html,../bairros/index.html,interno_relativo,,,,
blog/condominio-alto-padrao-yield.html,../sitemap.xml,interno_relativo,,,,
blog/condominio-fechado-litoral-paulista-vale-pena-2026.html,../servicos.html,interno_relativo,,,,
blog/condominio-fechado-litoral-paulista-vale-pena-2026.html,../education/cursos/index.html,interno_relativo,,,,
blog/condominio-fechado-litoral-paulista-vale-pena-2026.html,../cidades/santos.html,interno_relativo,,,,
blog/condominio-fechado-litoral-paulista-vale-pena-2026.html,../bairros/index.html,interno_relativo,,,,
blog/condominio-fechado-litoral-paulista-vale-pena-2026.html,../sitemap.xml,interno_relativo,,,,
blog/condominio-litoral-assembleia-regras-locacao-2026.html,../condominio-litoral-regras-aluguel-temporada-2026.html,interno_relativo,,,,
blog/condominio-litoral-regras-aluguel-temporada-2026.html,../aluguel-temporada-litoral-contrato-modelo-pronto-2026.html,interno_relativo,,,,
blog/condominio-litoral-regras-multas-como-funciona-2026.html,../imovel-litoral-condominio-area-comum-regras-2026.html,interno_relativo,,,,
blog/consorcio-aderon-contratar-2026.html,../style.css,interno_relativo,,,,
blog/consorcio-aderon-contratar-2026.html,/,interno_absoluto,,,,
blog/consorcio-aderon-contratar-2026.html,../consorcio.html,interno_relativo,,,,
blog/consorcio-aderon-contratar-2026.html,../servicos.html,interno_relativo,,,,
blog/consorcio-aderon-contratar-2026.html,../education/cursos/index.html,interno_relativo,,,,
blog/consorcio-aderon-contratar-2026.html,../cidades/santos.html,interno_relativo,,,,
blog/consorcio-aderon-contratar-2026.html,../bairros/index.html,interno_relativo,,,,
blog/consorcio-aderon-contratar-2026.html,../sitemap.xml,interno_relativo,,,,
blog/consorcio-automoveis-2026-economia-carro-2026.html,../style.css,interno_relativo,,,,
blog/consorcio-automoveis-2026-economia-carro-2026.html,/,interno_absoluto,,,,
blog/consorcio-automoveis-2026-economia-carro-2026.html,../consorcio.html,interno_relativo,,,,
blog/consorcio-automoveis-2026-economia-carro-2026.html,../servicos.html,interno_relativo,,,,
blog/consorcio-automoveis-2026-economia-carro-2026.html,../education/cursos/index.html,interno_relativo,,,,
blog/consorcio-automoveis-2026-economia-carro-2026.html,../cidades/santos.html,interno_relativo,,,,
blog/consorcio-automoveis-2026-economia-carro-2026.html,../bairros/index.html,interno_relativo,,,,
blog/consorcio-automoveis-2026-economia-carro-2026.html,../sitemap.xml,interno_relativo,,,,
blog/consorcio-imobiliario-litoral-aluguel-temporada-2026.html,../style.css,interno_relativo,,,,
blog/consorcio-imobiliario-litoral-aluguel-temporada-2026.html,/,interno_absoluto,,,,
blog/consorcio-imobiliario-litoral-aluguel-temporada-2026.html,../consorcio.html,interno_relativo,,,,
blog/consorcio-imobiliario-litoral-aluguel-temporada-2026.html,../servicos.html,interno_relativo,,,,
blog/consorcio-imobiliario-litoral-aluguel-temporada-2026.html,../education/cursos/index.html,interno_relativo,,,,
blog/consorcio-imobiliario-litoral-aluguel-temporada-2026.html,../cidades/santos.html,interno_relativo,,,,
blog/consorcio-imobiliario-litoral-aluguel-temporada-2026.html,../bairros/index.html,interno_relativo,,,,
blog/consorcio-imobiliario-litoral-aluguel-temporada-2026.html,../sitemap.xml,interno_relativo,,,,
blog/consorcio-imobiliario-vs-financiamento-2026.html,../style.css,interno_relativo,,,,
blog/consorcio-imobiliario-vs-financiamento-2026.html,/,interno_absoluto,,,,
blog/consorcio-imobiliario-vs-financiamento-2026.html,../consorcio.html,interno_relativo,,,,
blog/consorcio-imobiliario-vs-financiamento-2026.html,../servicos.html,interno_relativo,,,,
blog/consorcio-imobiliario-vs-financiamento-2026.html,../education/cursos/index.html,interno_relativo,,,,
blog/consorcio-imobiliario-vs-financiamento-2026.html,../cidades/santos.html,interno_relativo,,,,
blog/consorcio-imobiliario-vs-financiamento-2026.html,../bairros/index.html,interno_relativo,,,,
blog/consorcio-imobiliario-vs-financiamento-2026.html,../sitemap.xml,interno_relativo,,,,
blog/consorcio-litoral-paulista-guia-investidor-2026.html,../style.css,interno_relativo,,,,
blog/consorcio-litoral-paulista-guia-investidor-2026.html,/,interno_absoluto,,,,
blog/consorcio-litoral-paulista-guia-investidor-2026.html,../consorcio.html,interno_relativo,,,,
blog/consorcio-litoral-paulista-guia-investidor-2026.html,../servicos.html,interno_relativo,,,,
blog/consorcio-litoral-paulista-guia-investidor-2026.html,../education/cursos/index.html,interno_relativo,,,,
blog/consorcio-litoral-paulista-guia-investidor-2026.html,../cidades/santos.html,interno_relativo,,,,
blog/consorcio-litoral-paulista-guia-investidor-2026.html,../bairros/index.html,interno_relativo,,,,
blog/consorcio-litoral-paulista-guia-investidor-2026.html,../sitemap.xml,interno_relativo,,,,
blog/consorcio-para-corretores-imobiliarios-2026.html,../style.css,interno_relativo,,,,
blog/consorcio-para-corretores-imobiliarios-2026.html,/,interno_absoluto,,,,
blog/consorcio-para-corretores-imobiliarios-2026.html,../servicos.html,interno_relativo,,,,
blog/consorcio-para-corretores-imobiliarios-2026.html,../education/cursos/index.html,interno_relativo,,,,
blog/consorcio-para-corretores-imobiliarios-2026.html,../cidades/santos.html,interno_relativo,,,,
blog/consorcio-para-corretores-imobiliarios-2026.html,../bairros/index.html,interno_relativo,,,,
blog/consorcio-para-corretores-imobiliarios-2026.html,../sitemap.xml,interno_relativo,,,,
blog/construcao-imovel-litoral-legalidade-2026.html,../documentacao-compra-imovel-leilao-litoral-2026.html,interno_relativo,,,,
blog/construcao-sustentavel-imoveis-litoral-guia-2026.html,../eficiencia-energetica-imoveis-litoral-reduzir-custo-2026.html,interno_relativo,,,,
blog/construcao-sustentavel-imoveis-litoral-guia-2026.html,../pegada-ecologica-imoveis-litoral-medir-reduzir-2026.html,interno_relativo,,,,
blog/construcao-sustentavel-litoral-paulista-2026.html,../energia-solar-imoveis-litoral-guia-2026.html,interno_relativo,,,,
blog/construcao-sustentavel-litoral-paulista-2026.html,../eficiencia-energetica-imoveis-litoral-reduzir-custo-2026-v2.html,interno_relativo,,,,
blog/construir-vs-comprar-imovel-litoral-2026.html,../compra-imovel-litoral-investimento-checklist-pre-investimento-2026.html,interno_relativo,,,,
blog/construtora-digital-litoral-paulista-2026.html,../servicos.html,interno_relativo,,,,
blog/construtora-digital-litoral-paulista-2026.html,../education/cursos/index.html,interno_relativo,,,,
blog/construtora-digital-litoral-paulista-2026.html,../cidades/santos.html,interno_relativo,,,,
blog/construtora-digital-litoral-paulista-2026.html,../bairros/index.html,interno_relativo,,,,
blog/construtora-digital-litoral-paulista-2026.html,../sitemap.xml,interno_relativo,,,,
blog/construtora-responsavel-imovel-litoral-sinais-2026.html,../analise-risco-imoveis-planta-litoral-proteger-investimento-2026.html,interno_relativo,,,,
blog/construtoras-digitais-litoral-paulista.html,/,interno_absoluto,,,,
blog/construtoras-digitais-litoral-paulista.html,../sitemap.xml,interno_relativo,,,,
blog/construtoras-digitais-litoral-paulista.html,../servicos.html,interno_relativo,,,,
blog/construtoras-digitais-litoral-paulista.html,../education/cursos/index.html,interno_relativo,,,,
blog/construtoras-digitais-litoral-paulista.html,../cidades/santos.html,interno_relativo,,,,
blog/construtoras-digitais-litoral-paulista.html,../bairros/index.html,interno_relativo,,,,
blog/construtoras-parceiras-lancamentos-corretores-2026.html,../sitemap.xml,interno_relativo,,,,
blog/construtoras-parceiras-lancamentos-corretores-2026.html,../servicos.html,interno_relativo,,,,
blog/construtoras-parceiras-lancamentos-corretores-2026.html,../education/cursos/index.html,interno_relativo,,,,
blog/construtoras-parceiras-lancamentos-corretores-2026.html,../cidades/santos.html,interno_relativo,,,,
blog/construtoras-parceiras-lancamentos-corretores-2026.html,../bairros/index.html,interno_relativo,,,,
blog/consultoria-ia-imobiliaria-litoral-paulista-leve.html,/,interno_absoluto,,,,
blog/consultoria-ia-imobiliaria-litoral-paulista-leve.html,../sitemap.xml,interno_relativo,,,,
blog/consultoria-ia-imobiliaria-litoral-paulista-leve.html,../servicos.html,interno_relativo,,,,
blog/consultoria-ia-imobiliaria-litoral-paulista-leve.html,../education/cursos/index.html,interno_relativo,,,,
blog/consultoria-ia-imobiliaria-litoral-paulista-leve.html,../cidades/santos.html,interno_relativo,,,,
blog/consultoria-ia-imobiliaria-litoral-paulista-leve.html,../bairros/index.html,interno_relativo,,,,
blog/consultoria-ia-imobiliaria-litoral-personalizado.html,/,interno_absoluto,,,,
blog/consultoria-ia-imobiliaria-litoral-personalizado.html,../sitemap.xml,interno_relativo,,,,
blog/consultoria-ia-imobiliaria-litoral-personalizado.html,../servicos.html,interno_relativo,,,,
blog/consultoria-ia-imobiliaria-litoral-personalizado.html,../education/cursos/index.html,interno_relativo,,,,
blog/consultoria-ia-imobiliaria-litoral-personalizado.html,../cidades/santos.html,interno_relativo,,,,
blog/consultoria-ia-imobiliaria-litoral-personalizado.html,../bairros/index.html,interno_relativo,,,,
blog/consultoria-ia-imobiliaria-litoral-rapida.html,../sitemap.xml,interno_relativo,,,,
blog/consultoria-ia-imobiliaria-litoral-rapida.html,../servicos.html,interno_relativo,,,,
blog/consultoria-ia-imobiliaria-litoral-rapida.html,../education/cursos/index.html,interno_relativo,,,,
blog/consultoria-ia-imobiliaria-litoral-rapida.html,../cidades/santos.html,interno_relativo,,,,
blog/consultoria-ia-imobiliaria-litoral-rapida.html,../bairros/index.html,interno_relativo,,,,
blog/conteudo-diario-imobiliaria-litoral-2026.html,../sitemap.xml,interno_relativo,,,,
blog/conteudo-diario-imobiliaria-litoral-2026.html,../servicos.html,interno_relativo,,,,
blog/conteudo-diario-imobiliaria-litoral-2026.html,../education/cursos/index.html,interno_relativo,,,,
blog/conteudo-diario-imobiliaria-litoral-2026.html,../cidades/santos.html,interno_relativo,,,,
blog/conteudo-diario-imobiliaria-litoral-2026.html,../bairros/index.html,interno_relativo,,,,
blog/conteudo-duplicado-imoveis-seo-local-litoral-2026.html,../como-implementar-structured-data-imobiliarias-litoral-2026.html,interno_relativo,,,,
blog/conteudo-duplicado-imoveis-seo-local-litoral-2026.html,../checklist-seo-local-imobiliarias-litoral-2026.html,interno_relativo,,,,
blog/conteudo-educativo-imobiliarias-litoral-2026.html,../seo-conteudo-imobiliarias-litoral-2026.html,interno_relativo,,,,
blog/conteudo-educativo-imobiliarias-litoral-2026.html,../docs/materiais/checklist-inbound-marketing-imobiliarias-litoral-2026.md,interno_relativo,,,,
blog/conteudo-educativo-imobiliarias-litoral-2026.html,../servicos.html,interno_relativo,,,,
blog/conteudo-educativo-imobiliarias-litoral-2026.html,../education/cursos/index.html,interno_relativo,,,,
blog/conteudo-educativo-imobiliarias-litoral-2026.html,../cidades/santos.html,interno_relativo,,,,
blog/conteudo-educativo-imobiliarias-litoral-2026.html,../bairros/index.html,interno_relativo,,,,
blog/conteudo-educativo-imobiliarias-litoral-2026.html,../sitemap.xml,interno_relativo,,,,
blog/conteudo-multilingue-seo-imobiliario-litoral-2026.html,seo-internacional-imobiliarias-litoral-paulista-2026.html,interno_relativo,,,,
blog/conteudo-multilingue-seo-imobiliario-litoral-2026.html,site-multilingue-imobiliarias-litoral-2026.html,interno_relativo,,,,
blog/conteudo-multilingue-seo-imobiliario-litoral-2026.html,../servicos.html,interno_relativo,,,,
blog/conteudo-multilingue-seo-imobiliario-litoral-2026.html,../education/cursos/index.html,interno_relativo,,,,
blog/conteudo-multilingue-seo-imobiliario-litoral-2026.html,../cidades/santos.html,interno_relativo,,,,
blog/conteudo-multilingue-seo-imobiliario-litoral-2026.html,../bairros/index.html,interno_relativo,,,,
blog/conteudo-multilingue-seo-imobiliario-litoral-2026.html,../sitemap.xml,interno_relativo,,,,
blog/conteudo-redes-sociais-imobiliarias-litoral-2026.html,../redes-sociais-imobiliarias-litoral-conteudo-2026.html,interno_relativo,,,,
blog/conteudo-redes-sociais-imobiliarias-litoral-2026.html,../funil-vendas-imobiliario-litoral-digital-2026.html,interno_relativo,,,,
blog/conteudo-redes-sociais-imobiliarias-litoral-2026.html,../meta-ads-imobiliarias-litoral-facebook-instagram-2026.html,interno_relativo,,,,
blog/conteudo-redes-sociais-imobiliarias-litoral-2026.html,../google-ads-imobiliarias-litoral-paulista-campanhas-2026.html,interno_relativo,,,,
blog/conteudo-whatsapp-corretores-litoral-paulista-2026.html,../servicos.html,interno_relativo,,,,
blog/conteudo-whatsapp-corretores-litoral-paulista-2026.html,../education/cursos/index.html,interno_relativo,,,,
blog/conteudo-whatsapp-corretores-litoral-paulista-2026.html,../cidades/santos.html,interno_relativo,,,,
blog/conteudo-whatsapp-corretores-litoral-paulista-2026.html,../bairros/index.html,interno_relativo,,,,
blog/conteudo-whatsapp-corretores-litoral-paulista-2026.html,../sitemap.xml,interno_relativo,,,,
blog/contrato-aluguel-temporada-litoral-clausulas-2026.html,../documentacao-aluguel-temporada-litoral-contrato-registro-seguro-2026.html,interno_relativo,,,,
blog/contrato-aluguel-temporada-modelo-2026.html,../sitemap.xml,interno_relativo,,,,
blog/contrato-aluguel-temporada-modelo-2026.html,../servicos.html,interno_relativo,,,,
blog/contrato-aluguel-temporada-modelo-2026.html,../education/cursos/index.html,interno_relativo,,,,
blog/contrato-aluguel-temporada-modelo-2026.html,../cidades/santos.html,interno_relativo,,,,
blog/contrato-aluguel-temporada-modelo-2026.html,../bairros/index.html,interno_relativo,,,,
blog/contrato-compra-venda-imovel-litoral-2026.html,../modelo-contrato-compra-venda-imovel-litoral.md,interno_relativo,,,,
blog/contrato-compra-venda-imovel-litoral-2026.html,documentacao-compra-imovel-litoral-paulista-2026.html,interno_relativo,,,,
blog/contrato-compra-venda-imovel-litoral-2026.html,../servicos.html,interno_relativo,,,,
blog/contrato-compra-venda-imovel-litoral-2026.html,../education/cursos/index.html,interno_relativo,,,,
blog/contrato-compra-venda-imovel-litoral-2026.html,../cidades/santos.html,interno_relativo,,,,
blog/contrato-compra-venda-imovel-litoral-2026.html,../bairros/index.html,interno_relativo,,,,
blog/contrato-compra-venda-imovel-litoral-2026.html,../cases/case-imobiliaria-porto-da-lua-35-leads-2026.html,interno_relativo,,,,
blog/contrato-compra-venda-imovel-litoral-2026.html,../seo-local-imobiliaria-litoral-passo-a-passo-2026-08-11.html,interno_relativo,,,,
blog/contrato-compra-venda-imovel-litoral-2026.html,../captacao-imoveis-sem-anuncios-pagos-corretores-litoral-2026.html,interno_relativo,,,,
blog/contrato-compra-venda-imovel-litoral-2026.html,../aluguel-por-temporada-dicas-proprietarios-2026.html,interno_relativo,,,,
blog/contrato-compra-venda-imovel-litoral-2026.html,../sitemap.xml,interno_relativo,,,,
blog/conversao-whatsapp-imobiliarias-litoral-roteiro-pratico-2026.html,../servicos.html,interno_relativo,,,,
blog/conversao-whatsapp-imobiliarias-litoral-roteiro-pratico-2026.html,../education/cursos/index.html,interno_relativo,,,,
blog/conversao-whatsapp-imobiliarias-litoral-roteiro-pratico-2026.html,../cidades/santos.html,interno_relativo,,,,
blog/conversao-whatsapp-imobiliarias-litoral-roteiro-pratico-2026.html,../bairros/index.html,interno_relativo,,,,
blog/conversao-whatsapp-imobiliarias-litoral-roteiro-pratico-2026.html,../sitemap.xml,interno_relativo,,,,
blog/converter-trafego-organico-parcerias-litoral-2026.html,como-conquistar-imobiliarias-parceiras-litoral-2026.html,interno_relativo,,,,
blog/converter-trafego-organico-parcerias-litoral-2026.html,../servicos.html,interno_relativo,,,,
blog/converter-trafego-organico-parcerias-litoral-2026.html,../education/cursos/index.html,interno_relativo,,,,
blog/converter-trafego-organico-parcerias-litoral-2026.html,../cidades/santos.html,interno_relativo,,,,
blog/converter-trafego-organico-parcerias-litoral-2026.html,../bairros/index.html,interno_relativo,,,,
blog/converter-trafego-organico-parcerias-litoral-2026.html,../sitemap.xml,interno_relativo,,,,
blog/copywriting-anuncios-alto-padrao-litoral-2026.html,../servicos.html,interno_relativo,,,,
blog/copywriting-anuncios-alto-padrao-litoral-2026.html,../education/cursos/index.html,interno_relativo,,,,
blog/copywriting-anuncios-alto-padrao-litoral-2026.html,../cidades/santos.html,interno_relativo,,,,
blog/copywriting-anuncios-alto-padrao-litoral-2026.html,../bairros/index.html,interno_relativo,,,,
blog/copywriting-anuncios-alto-padrao-litoral-2026.html,../sitemap.xml,interno_relativo,,,,
blog/copywriting-anuncios-imoveis-litoral-2026.html,../sitemap.xml,interno_relativo,,,,
blog/copywriting-anuncios-imoveis-litoral-2026.html,../servicos.html,interno_relativo,,,,
blog/copywriting-anuncios-imoveis-litoral-2026.html,../education/cursos/index.html,interno_relativo,,,,
blog/copywriting-anuncios-imoveis-litoral-2026.html,../cidades/santos.html,interno_relativo,,,,
blog/copywriting-anuncios-imoveis-litoral-2026.html,../bairros/index.html,interno_relativo,,,,
blog/core-web-vitals-imobiliarias-litoral-seo-2026.html,../seo-local-iniciantes-imobiliarias-litoral-2026.html,interno_relativo,,,,
blog/core-web-vitals-imobiliarias-litoral-seo-2026.html,../como-aparecer-maps-pack-imobiliarias-litoral-2026.html,interno_relativo,,,,
blog/coronadeleadership-imobiliaria-2026.html,../servicos.html,interno_relativo,,,,
blog/coronadeleadership-imobiliaria-2026.html,../education/cursos/index.html,interno_relativo,,,,
blog/coronadeleadership-imobiliaria-2026.html,../cidades/santos.html,interno_relativo,,,,
blog/coronadeleadership-imobiliaria-2026.html,../bairros/index.html,interno_relativo,,,,
blog/coronadeleadership-imobiliaria-2026.html,../sitemap.xml,interno_relativo,,,,
blog/corporativo-imoveis-litoral-2026.html,../servicos.html,interno_relativo,,,,
blog/corporativo-imoveis-litoral-2026.html,../education/cursos/index.html,interno_relativo,,,,
blog/corporativo-imoveis-litoral-2026.html,../cidades/santos.html,interno_relativo,,,,
blog/corporativo-imoveis-litoral-2026.html,../bairros/index.html,interno_relativo,,,,
blog/corporativo-imoveis-litoral-2026.html,../sitemap.xml,interno_relativo,,,,
blog/corretor-ajuda-comprar-imovel-2026.html,../servicos.html,interno_relativo,,,,
blog/corretor-ajuda-comprar-imovel-2026.html,../education/cursos/index.html,interno_relativo,,,,
blog/corretor-ajuda-comprar-imovel-2026.html,../cidades/santos.html,interno_relativo,,,,
blog/corretor-ajuda-comprar-imovel-2026.html,../bairros/index.html,interno_relativo,,,,
blog/corretor-ajuda-comprar-imovel-2026.html,../sitemap.xml,interno_relativo,,,,
blog/corretor-confiavel-litoral-2026.html,../servicos.html,interno_relativo,,,,
blog/corretor-confiavel-litoral-2026.html,../education/cursos/index.html,interno_relativo,,,,
blog/corretor-confiavel-litoral-2026.html,../cidades/santos.html,interno_relativo,,,,
blog/corretor-confiavel-litoral-2026.html,../bairros/index.html,interno_relativo,,,,
blog/corretor-confiavel-litoral-2026.html,../sitemap.xml,interno_relativo,,,,
blog/corretor-digital-imobiliaria-2026.html,../servicos.html,interno_relativo,,,,
blog/corretor-digital-imobiliaria-2026.html,../education/cursos/index.html,interno_relativo,,,,
blog/corretor-digital-imobiliaria-2026.html,../cidades/santos.html,interno_relativo,,,,
blog/corretor-digital-imobiliaria-2026.html,../bairros/index.html,interno_relativo,,,,
blog/corretor-digital-imobiliaria-2026.html,../sitemap.xml,interno_relativo,,,,
blog/corretor-litoral-captacao-imoveis-2026.html,../corretor-litoral-visita-tecnica-imovel-2026.html,interno_relativo,,,,
blog/corretor-litoral-diferenciais-concorrer-2026.html,../indicadores-eficiencia-imobiliaria-litoral-2026.html,interno_relativo,,,,
blog/corretor-litoral-follow-up-cliente-2026.html,../corretor-litoral-visita-tecnica-imovel-2026.html,interno_relativo,,,,
blog/corretor-litoral-tecnicas-fechar-vendas-rapido-2026.html,../tecnica-fechamento-vendas-corretores-litoral-2026.html,interno_relativo,,,,
blog/corretor-litoral-visita-tecnica-imovel-2026.html,../compra-imovel-litoral-visita-tecnica-checklist-2026.html,interno_relativo,,,,
blog/corretor-vendedor-imovel-2026.html,../servicos.html,interno_relativo,,,,
blog/corretor-vendedor-imovel-2026.html,../education/cursos/index.html,interno_relativo,,,,
blog/corretor-vendedor-imovel-2026.html,../cidades/santos.html,interno_relativo,,,,
blog/corretor-vendedor-imovel-2026.html,../bairros/index.html,interno_relativo,,,,
blog/corretor-vendedor-imovel-2026.html,../sitemap.xml,interno_relativo,,,,
blog/corretores-autonomos-ia-competir-imobiliarias.html,/,interno_absoluto,,,,
blog/corretores-autonomos-ia-competir-imobiliarias.html,../sitemap.xml,interno_relativo,,,,
blog/corretores-autonomos-ia-competir-imobiliarias.html,../servicos.html,interno_relativo,,,,
blog/corretores-autonomos-ia-competir-imobiliarias.html,../education/cursos/index.html,interno_relativo,,,,
blog/corretores-autonomos-ia-competir-imobiliarias.html,../cidades/santos.html,interno_relativo,,,,
blog/corretores-autonomos-ia-competir-imobiliarias.html,../bairros/index.html,interno_relativo,,,,
blog/corretores-imobiliarias-bertioga.html,/,interno_absoluto,,,,
blog/corretores-imobiliarias-bertioga.html,../servicos.html,interno_relativo,,,,
blog/corretores-imobiliarias-bertioga.html,../education/cursos/index.html,interno_relativo,,,,
blog/corretores-imobiliarias-bertioga.html,../cidades/santos.html,interno_relativo,,,,
blog/corretores-imobiliarias-bertioga.html,../bairros/index.html,interno_relativo,,,,
blog/corretores-imobiliarias-bertioga.html,../sitemap.xml,interno_relativo,,,,
blog/corretores-imoveis-dicas-litoral.html,/,interno_absoluto,,,,
blog/corretores-imoveis-dicas-litoral.html,../sitemap.xml,interno_relativo,,,,
blog/corretores-imoveis-dicas-litoral.html,../servicos.html,interno_relativo,,,,
blog/corretores-imoveis-dicas-litoral.html,../education/cursos/index.html,interno_relativo,,,,
blog/corretores-imoveis-dicas-litoral.html,../cidades/santos.html,interno_relativo,,,,
blog/corretores-imoveis-dicas-litoral.html,../bairros/index.html,interno_relativo,,,,
blog/credito-imobiliario-pre-aprovado-temporada-litoral-em-mongaguá-2026-07-12.html,../servicos.html,interno_relativo,,,,
blog/credito-imobiliario-pre-aprovado-temporada-litoral-em-mongaguá-2026-07-12.html,../education/cursos/index.html,interno_relativo,,,,
blog/credito-imobiliario-pre-aprovado-temporada-litoral-em-mongaguá-2026-07-12.html,../cidades/santos.html,interno_relativo,,,,
blog/credito-imobiliario-pre-aprovado-temporada-litoral-em-mongaguá-2026-07-12.html,../bairros/index.html,interno_relativo,,,,
blog/credito-imobiliario-pre-aprovado-temporada-litoral-em-mongaguá-2026-07-12.html,../sitemap.xml,interno_relativo,,,,
blog/criar-cultura-atendimento-corretores-litoral-2026.html,../tecnicas-negociacao-corretores-fechar-vendas-litoral-2026.html,interno_relativo,,,,
blog/crm-barato-imobiliaria-litoral-2026.html,../servicos.html,interno_relativo,,,,
blog/crm-barato-imobiliaria-litoral-2026.html,../education/cursos/index.html,interno_relativo,,,,
blog/crm-barato-imobiliaria-litoral-2026.html,../cidades/santos.html,interno_relativo,,,,
blog/crm-barato-imobiliaria-litoral-2026.html,../bairros/index.html,interno_relativo,,,,
blog/crm-barato-imobiliaria-litoral-2026.html,../sitemap.xml,interno_relativo,,,,
blog/crm-eleads-imobiliarias-litoral-2026.html,crm-imobiliarias-pequenas-litoral-2026.html,interno_relativo,,,,
blog/crm-eleads-imobiliarias-litoral-2026.html,captacao-leads-digitais-litoral-2026.html,interno_relativo,,,,
blog/crm-eleads-imobiliarias-litoral-2026.html,../servicos.html,interno_relativo,,,,
blog/crm-eleads-imobiliarias-litoral-2026.html,../education/cursos/index.html,interno_relativo,,,,
blog/crm-eleads-imobiliarias-litoral-2026.html,../cidades/santos.html,interno_relativo,,,,
blog/crm-eleads-imobiliarias-litoral-2026.html,../bairros/index.html,interno_relativo,,,,
blog/crm-eleads-imobiliarias-litoral-2026.html,../sitemap.xml,interno_relativo,,,,
blog/crm-gratis-corretores-litoral-2026.html,planilha-pipeline-vendas-imoveis-gratis-2026.html,interno_relativo,,,,
blog/crm-gratis-corretores-litoral-2026.html,../checklist-followup-corretores-litoral.md,interno_relativo,,,,
blog/crm-gratis-corretores-litoral-2026.html,../servicos.html,interno_relativo,,,,
blog/crm-gratis-corretores-litoral-2026.html,../education/cursos/index.html,interno_relativo,,,,
blog/crm-gratis-corretores-litoral-2026.html,../cidades/santos.html,interno_relativo,,,,
blog/crm-gratis-corretores-litoral-2026.html,../bairros/index.html,interno_relativo,,,,
blog/crm-gratis-corretores-litoral-2026.html,../sitemap.xml,interno_relativo,,,,
blog/crm-gratuito-corretores-litoral-2026.html,../servicos.html,interno_relativo,,,,
blog/crm-gratuito-corretores-litoral-2026.html,../education/cursos/index.html,interno_relativo,,,,
blog/crm-gratuito-corretores-litoral-2026.html,../cidades/santos.html,interno_relativo,,,,
blog/crm-gratuito-corretores-litoral-2026.html,../bairros/index.html,interno_relativo,,,,
blog/crm-gratuito-corretores-litoral-2026.html,../sitemap.xml,interno_relativo,,,,
blog/crm-gratuito-imobiliaria-litoral-2026.html,../servicos.html,interno_relativo,,,,
blog/crm-gratuito-imobiliaria-litoral-2026.html,../education/cursos/index.html,interno_relativo,,,,
blog/crm-gratuito-imobiliaria-litoral-2026.html,../cidades/santos.html,interno_relativo,,,,
blog/crm-gratuito-imobiliaria-litoral-2026.html,../bairros/index.html,interno_relativo,,,,
blog/crm-gratuito-imobiliaria-litoral-2026.html,../sitemap.xml,interno_relativo,,,,
blog/crm-ia-imobiliaria-litoral.html,/,interno_absoluto,,,,
blog/crm-ia-imobiliaria-litoral.html,../sitemap.xml,interno_relativo,,,,
blog/crm-ia-imobiliaria-litoral.html,../servicos.html,interno_relativo,,,,
blog/crm-ia-imobiliaria-litoral.html,../education/cursos/index.html,interno_relativo,,,,
blog/crm-ia-imobiliaria-litoral.html,../cidades/santos.html,interno_relativo,,,,
blog/crm-ia-imobiliaria-litoral.html,../bairros/index.html,interno_relativo,,,,
blog/crm-imobiliaria-litoral-2026.html,../sitemap.xml,interno_relativo,,,,
blog/crm-imobiliaria-litoral-2026.html,../servicos.html,interno_relativo,,,,
blog/crm-imobiliaria-litoral-2026.html,../education/cursos/index.html,interno_relativo,,,,
blog/crm-imobiliaria-litoral-2026.html,../cidades/santos.html,interno_relativo,,,,
blog/crm-imobiliaria-litoral-2026.html,../bairros/index.html,interno_relativo,,,,
blog/crm-imobiliarias-litoral-2026.html,../servicos.html,interno_relativo,,,,
blog/crm-imobiliarias-litoral-2026.html,../education/cursos/index.html,interno_relativo,,,,
blog/crm-imobiliarias-litoral-2026.html,../cidades/santos.html,interno_relativo,,,,
blog/crm-imobiliarias-litoral-2026.html,../bairros/index.html,interno_relativo,,,,
blog/crm-imobiliarias-litoral-2026.html,../sitemap.xml,interno_relativo,,,,
blog/crm-imobiliarias-pequenas-litoral-2026.html,crm-gratis-corretores-litoral-2026.html,interno_relativo,,,,
blog/crm-imobiliarias-pequenas-litoral-2026.html,planilha-pipeline-vendas-imoveis-gratis-2026.html,interno_relativo,,,,
blog/crm-imobiliarias-pequenas-litoral-2026.html,../servicos.html,interno_relativo,,,,
blog/crm-imobiliarias-pequenas-litoral-2026.html,../education/cursos/index.html,interno_relativo,,,,
blog/crm-imobiliarias-pequenas-litoral-2026.html,../cidades/santos.html,interno_relativo,,,,
blog/crm-imobiliarias-pequenas-litoral-2026.html,../bairros/index.html,interno_relativo,,,,
blog/crm-imobiliarias-pequenas-litoral-2026.html,../sitemap.xml,interno_relativo,,,,
blog/crm-imobiliario-corretores-litoral-paulista-2026.html,../servicos.html,interno_relativo,,,,
blog/crm-imobiliario-corretores-litoral-paulista-2026.html,../education/cursos/index.html,interno_relativo,,,,
blog/crm-imobiliario-corretores-litoral-paulista-2026.html,../cidades/santos.html,interno_relativo,,,,
blog/crm-imobiliario-corretores-litoral-paulista-2026.html,../bairros/index.html,interno_relativo,,,,
blog/crm-imobiliario-corretores-litoral-paulista-2026.html,../sitemap.xml,interno_relativo,,,,
blog/crm-para-corretores-primeiro-contato-fechamento.html,../assets/css/main.css,interno_relativo,,,,
blog/crm-para-corretores-primeiro-contato-fechamento.html,/,interno_absoluto,,,,
blog/crm-para-corretores-primeiro-contato-fechamento.html,../blog.html,interno_relativo,,,,
blog/crm-para-corretores-primeiro-contato-fechamento.html,../bairros/index.html,interno_relativo,,,,
blog/crm-para-corretores-primeiro-contato-fechamento.html,../cursos.html,interno_relativo,,,,
blog/crm-para-corretores-primeiro-contato-fechamento.html,../contato.html,interno_relativo,,,,
blog/crm-para-corretores-primeiro-contato-fechamento.html,../followup-leads-primeiro-contato-fechamento-2026.html,interno_relativo,,,,
blog/crm-para-corretores-primeiro-contato-fechamento.html,../checklist-followup-leads-litoral-paulista-2026.html,interno_relativo,,,,
blog/crm-para-corretores-primeiro-contato-fechamento.html,../abordagem-proprietarios-whatsapp-litoral-2026.html,interno_relativo,,,,
blog/crm-para-imobiliarias-litoral-ia.html,../sitemap.xml,interno_relativo,,,,
blog/crm-para-imobiliarias-litoral-ia.html,../servicos.html,interno_relativo,,,,
blog/crm-para-imobiliarias-litoral-ia.html,../education/cursos/index.html,interno_relativo,,,,
blog/crm-para-imobiliarias-litoral-ia.html,../cidades/santos.html,interno_relativo,,,,
blog/crm-para-imobiliarias-litoral-ia.html,../bairros/index.html,interno_relativo,,,,
blog/crm-simple-vendas-imoveis-litoral-2026.html,../servicos.html,interno_relativo,,,,
blog/crm-simple-vendas-imoveis-litoral-2026.html,../education/cursos/index.html,interno_relativo,,,,
blog/crm-simple-vendas-imoveis-litoral-2026.html,../cidades/santos.html,interno_relativo,,,,
blog/crm-simple-vendas-imoveis-litoral-2026.html,../bairros/index.html,interno_relativo,,,,
blog/crm-simple-vendas-imoveis-litoral-2026.html,../sitemap.xml,interno_relativo,,,,
blog/ctas-convertem-imoveis-litoral-2026.html,funil-captacao-imobiliarias-litoral-2026.html,interno_relativo,,,,
blog/ctas-convertem-imoveis-litoral-2026.html,captar-leads-site-gratuito-imobiliarias-litoral-2026.html,interno_relativo,,,,
blog/ctas-convertem-imoveis-litoral-2026.html,../servicos.html,interno_relativo,,,,
blog/ctas-convertem-imoveis-litoral-2026.html,../education/cursos/index.html,interno_relativo,,,,
blog/ctas-convertem-imoveis-litoral-2026.html,../cidades/santos.html,interno_relativo,,,,
blog/ctas-convertem-imoveis-litoral-2026.html,../bairros/index.html,interno_relativo,,,,
blog/ctas-convertem-imoveis-litoral-2026.html,../sitemap.xml,interno_relativo,,,,
blog/curso-completo-corretores-imoveis-2026.html,../sitemap.xml,interno_relativo,,,,
blog/curso-completo-corretores-imoveis-2026.html,../servicos.html,interno_relativo,,,,
blog/curso-completo-corretores-imoveis-2026.html,../education/cursos/index.html,interno_relativo,,,,
blog/curso-completo-corretores-imoveis-2026.html,../cidades/santos.html,interno_relativo,,,,
blog/curso-completo-corretores-imoveis-2026.html,../bairros/index.html,interno_relativo,,,,
blog/cursos-rapidos-gratuitos-imobiliarias-2026.html,../sitemap.xml,interno_relativo,,,,
blog/cursos-rapidos-gratuitos-imobiliarias-2026.html,../servicos.html,interno_relativo,,,,
blog/cursos-rapidos-gratuitos-imobiliarias-2026.html,../education/cursos/index.html,interno_relativo,,,,
blog/cursos-rapidos-gratuitos-imobiliarias-2026.html,../cidades/santos.html,interno_relativo,,,,
blog/cursos-rapidos-gratuitos-imobiliarias-2026.html,../bairros/index.html,interno_relativo,,,,
blog/custos-imovel-praia.html,/,interno_absoluto,,,,
blog/custos-imovel-praia.html,../servicos.html,interno_relativo,,,,
blog/custos-imovel-praia.html,../education/cursos/index.html,interno_relativo,,,,
blog/custos-imovel-praia.html,../cidades/santos.html,interno_relativo,,,,
blog/custos-imovel-praia.html,../bairros/index.html,interno_relativo,,,,
blog/custos-imovel-praia.html,../sitemap.xml,interno_relativo,,,,
blog/custos-ocultos-compra-imovel-litoral-2026.html,../como-usar-dados-locais-fechar-vendas-imoveis-litoral-2026.html,interno_relativo,,,,
blog/custos-ocultos-compra-imovel-litoral-itbi-registro-2026.html,../impostos-compra-imovel-litoral-2026.html,interno_relativo,,,,
blog/dados-aluguel-praia-sul-2026.html,../servicos.html,interno_relativo,,,,
blog/dados-aluguel-praia-sul-2026.html,../education/cursos/index.html,interno_relativo,,,,
blog/dados-aluguel-praia-sul-2026.html,../cidades/santos.html,interno_relativo,,,,
blog/dados-aluguel-praia-sul-2026.html,../bairros/index.html,interno_relativo,,,,
blog/dados-aluguel-praia-sul-2026.html,../sitemap.xml,interno_relativo,,,,
blog/dados-captacao-imoveis-litoral-2026.html,apresentar-dados-retorno-proprietarios-litoral-2026.html,interno_relativo,,,,
blog/dados-captacao-imoveis-litoral-2026.html,captacao-imoveis-sem-taxa-litoral-2026.html,interno_relativo,,,,
blog/dados-captacao-imoveis-litoral-2026.html,../servicos.html,interno_relativo,,,,
blog/dados-captacao-imoveis-litoral-2026.html,../education/cursos/index.html,interno_relativo,,,,
blog/dados-captacao-imoveis-litoral-2026.html,../cidades/santos.html,interno_relativo,,,,
blog/dados-captacao-imoveis-litoral-2026.html,../bairros/index.html,interno_relativo,,,,
blog/dados-captacao-imoveis-litoral-2026.html,../sitemap.xml,interno_relativo,,,,
blog/dados-climaticos-venda-imoveis-litoral-2026.html,alta-temporada-2026-imobiliaria-litoral.html,interno_relativo,,,,
blog/dados-climaticos-venda-imoveis-litoral-2026.html,dados-mercado-imobiliario-litoral-2026.html,interno_relativo,,,,
blog/dados-climaticos-venda-imoveis-litoral-2026.html,../servicos.html,interno_relativo,,,,
blog/dados-climaticos-venda-imoveis-litoral-2026.html,../education/cursos/index.html,interno_relativo,,,,
blog/dados-climaticos-venda-imoveis-litoral-2026.html,../cidades/santos.html,interno_relativo,,,,
blog/dados-climaticos-venda-imoveis-litoral-2026.html,../bairros/index.html,interno_relativo,,,,
blog/dados-climaticos-venda-imoveis-litoral-2026.html,../sitemap.xml,interno_relativo,,,,
blog/dados-mercado-imobiliario-litoral-2026.html,analise-mercado-imobiliario-litoral-2026.html,interno_relativo,,,,
blog/dados-mercado-imobiliario-litoral-2026.html,dados-captacao-imoveis-litoral-2026.html,interno_relativo,,,,
blog/dados-mercado-imobiliario-litoral-2026.html,../servicos.html,interno_relativo,,,,
blog/dados-mercado-imobiliario-litoral-2026.html,../education/cursos/index.html,interno_relativo,,,,
blog/dados-mercado-imobiliario-litoral-2026.html,../cidades/santos.html,interno_relativo,,,,
blog/dados-mercado-imobiliario-litoral-2026.html,../bairros/index.html,interno_relativo,,,,
blog/dados-mercado-imobiliario-litoral-2026.html,../sitemap.xml,interno_relativo,,,,
blog/dados-mercado-praia-grande-2026.html,../servicos.html,interno_relativo,,,,
blog/dados-mercado-praia-grande-2026.html,../education/cursos/index.html,interno_relativo,,,,
blog/dados-mercado-praia-grande-2026.html,../cidades/santos.html,interno_relativo,,,,
blog/dados-mercado-praia-grande-2026.html,../bairros/index.html,interno_relativo,,,,
blog/dados-mercado-praia-grande-2026.html,../sitemap.xml,interno_relativo,,,,
blog/dashboard-imobiliario-litoral-pratico-2026.html,../indicadores-imobiliarios-corretores-litoral-2026.html,interno_relativo,,,,
blog/dashboard-imobiliario-litoral-pratico-2026.html,../metas-okr-imobiliarias-litoral-pratico-2026.html,interno_relativo,,,,
blog/decisao-compra-imovel-litoral-2026.html,../servicos.html,interno_relativo,,,,
blog/decisao-compra-imovel-litoral-2026.html,../education/cursos/index.html,interno_relativo,,,,
blog/decisao-compra-imovel-litoral-2026.html,../cidades/santos.html,interno_relativo,,,,
blog/decisao-compra-imovel-litoral-2026.html,../bairros/index.html,interno_relativo,,,,
blog/decisao-compra-imovel-litoral-2026.html,../sitemap.xml,interno_relativo,,,,
blog/decisao-ferramentas-imobiliarias-litoral-sem-arrependimento-2026.html,../servicos.html,interno_relativo,,,,
blog/decisao-ferramentas-imobiliarias-litoral-sem-arrependimento-2026.html,../education/cursos/index.html,interno_relativo,,,,
blog/decisao-ferramentas-imobiliarias-litoral-sem-arrependimento-2026.html,../cidades/santos.html,interno_relativo,,,,
blog/decisao-ferramentas-imobiliarias-litoral-sem-arrependimento-2026.html,../bairros/index.html,interno_relativo,,,,
blog/decisao-ferramentas-imobiliarias-litoral-sem-arrependimento-2026.html,../sitemap.xml,interno_relativo,,,,
blog/decoracao-airbnb-barata-alta-conversao.html,../servicos.html,interno_relativo,,,,
blog/decoracao-airbnb-barata-alta-conversao.html,../education/cursos/index.html,interno_relativo,,,,
blog/decoracao-airbnb-barata-alta-conversao.html,../cidades/santos.html,interno_relativo,,,,
blog/decoracao-airbnb-barata-alta-conversao.html,../bairros/index.html,interno_relativo,,,,
blog/decoracao-airbnb-barata-alta-conversao.html,../sitemap.xml,interno_relativo,,,,
blog/demo-15min-imobiliarias-litoral-2026.html,../servicos.html,interno_relativo,,,,
blog/demo-15min-imobiliarias-litoral-2026.html,../education/cursos/index.html,interno_relativo,,,,
blog/demo-15min-imobiliarias-litoral-2026.html,../cidades/santos.html,interno_relativo,,,,
blog/demo-15min-imobiliarias-litoral-2026.html,../bairros/index.html,interno_relativo,,,,
blog/demo-15min-imobiliarias-litoral-2026.html,../sitemap.xml,interno_relativo,,,,
blog/depoimentos-video-imobiliarias-litoral-2026.html,../cases-depoimentos.html,interno_relativo,,,,
blog/depoimentos-video-imobiliarias-litoral-2026.html,reels-curtos-imobiliarias-litoral-2026.html,interno_relativo,,,,
blog/depoimentos-video-imobiliarias-litoral-2026.html,../servicos.html,interno_relativo,,,,
blog/depoimentos-video-imobiliarias-litoral-2026.html,../education/cursos/index.html,interno_relativo,,,,
blog/depoimentos-video-imobiliarias-litoral-2026.html,../cidades/santos.html,interno_relativo,,,,
blog/depoimentos-video-imobiliarias-litoral-2026.html,../bairros/index.html,interno_relativo,,,,
blog/depoimentos-video-imobiliarias-litoral-2026.html,../sitemap.xml,interno_relativo,,,,
blog/desapropriacao-imovel-litoral-indenizacao-2026.html,../avaliacao-mercado-imoveis-litoral-2026.html,interno_relativo,,,,
blog/diagnostico-ia-imobiliaria-gratis.html,/,interno_absoluto,,,,
blog/diagnostico-ia-imobiliaria-gratis.html,../sitemap.xml,interno_relativo,,,,
blog/diagnostico-ia-imobiliaria-gratis.html,../servicos.html,interno_relativo,,,,
blog/diagnostico-ia-imobiliaria-gratis.html,../education/cursos/index.html,interno_relativo,,,,
blog/diagnostico-ia-imobiliaria-gratis.html,../cidades/santos.html,interno_relativo,,,,
blog/diagnostico-ia-imobiliaria-gratis.html,../bairros/index.html,interno_relativo,,,,
blog/dicas-alugar-temporada-sem-dor-cabeca-2026.html,../servicos.html,interno_relativo,,,,
blog/dicas-alugar-temporada-sem-dor-cabeca-2026.html,../education/cursos/index.html,interno_relativo,,,,
blog/dicas-alugar-temporada-sem-dor-cabeca-2026.html,../cidades/santos.html,interno_relativo,,,,
blog/dicas-alugar-temporada-sem-dor-cabeca-2026.html,../bairros/index.html,interno_relativo,,,,
blog/dicas-alugar-temporada-sem-dor-cabeca-2026.html,../sitemap.xml,interno_relativo,,,,
blog/dicas-avaliacao-captacao-litoral-2026.html,../servicos.html,interno_relativo,,,,
blog/dicas-avaliacao-captacao-litoral-2026.html,../education/cursos/index.html,interno_relativo,,,,
blog/dicas-avaliacao-captacao-litoral-2026.html,../cidades/santos.html,interno_relativo,,,,
blog/dicas-avaliacao-captacao-litoral-2026.html,../bairros/index.html,interno_relativo,,,,
blog/dicas-avaliacao-captacao-litoral-2026.html,../sitemap.xml,interno_relativo,,,,
blog/dicas-captar-imoveis-temporada-litoral-norte-2026.html,../servicos.html,interno_relativo,,,,
blog/dicas-captar-imoveis-temporada-litoral-norte-2026.html,../education/cursos/index.html,interno_relativo,,,,
blog/dicas-captar-imoveis-temporada-litoral-norte-2026.html,../cidades/santos.html,interno_relativo,,,,
blog/dicas-captar-imoveis-temporada-litoral-norte-2026.html,../bairros/index.html,interno_relativo,,,,
blog/dicas-captar-imoveis-temporada-litoral-norte-2026.html,../sitemap.xml,interno_relativo,,,,
blog/dicas-proprietarios-alugam-temporada-litoral-2026.html,../servicos.html,interno_relativo,,,,
blog/dicas-proprietarios-alugam-temporada-litoral-2026.html,../education/cursos/index.html,interno_relativo,,,,
blog/dicas-proprietarios-alugam-temporada-litoral-2026.html,../cidades/santos.html,interno_relativo,,,,
blog/dicas-proprietarios-alugam-temporada-litoral-2026.html,../bairros/index.html,interno_relativo,,,,
blog/dicas-proprietarios-alugam-temporada-litoral-2026.html,../sitemap.xml,interno_relativo,,,,
blog/dicas-vender-imovel-mais-rapido-litoral-paulista-2026.html,../servicos.html,interno_relativo,,,,
blog/dicas-vender-imovel-mais-rapido-litoral-paulista-2026.html,../education/cursos/index.html,interno_relativo,,,,
blog/dicas-vender-imovel-mais-rapido-litoral-paulista-2026.html,../cidades/santos.html,interno_relativo,,,,
blog/dicas-vender-imovel-mais-rapido-litoral-paulista-2026.html,../bairros/index.html,interno_relativo,,,,
blog/dicas-vender-imovel-mais-rapido-litoral-paulista-2026.html,../sitemap.xml,interno_relativo,,,,
blog/diferenciacao-competitiva-imobiliarias-litoral-2026.html,proposta-valor-unica-imobiliaria-litoral-2026.html,interno_relativo,,,,
blog/diferenciacao-competitiva-imobiliarias-litoral-2026.html,planejamento-estrategico-imobiliaria-litoral-2026.html,interno_relativo,,,,
blog/diferenciacao-competitiva-imobiliarias-litoral-2026.html,../servicos.html,interno_relativo,,,,
blog/diferenciacao-competitiva-imobiliarias-litoral-2026.html,../education/cursos/index.html,interno_relativo,,,,
blog/diferenciacao-competitiva-imobiliarias-litoral-2026.html,../cidades/santos.html,interno_relativo,,,,
blog/diferenciacao-competitiva-imobiliarias-litoral-2026.html,../bairros/index.html,interno_relativo,,,,
blog/diferenciacao-competitiva-imobiliarias-litoral-2026.html,../sitemap.xml,interno_relativo,,,,
blog/diferenciacao-pequenas-imobiliarias-litoral-2026.html,/,interno_absoluto,,,,
blog/diferenciacao-pequenas-imobiliarias-litoral-2026.html,../servicos.html,interno_relativo,,,,
blog/diferenciacao-pequenas-imobiliarias-litoral-2026.html,../education/cursos/index.html,interno_relativo,,,,
blog/diferenciacao-pequenas-imobiliarias-litoral-2026.html,../cidades/santos.html,interno_relativo,,,,
blog/diferenciacao-pequenas-imobiliarias-litoral-2026.html,../bairros/index.html,interno_relativo,,,,
blog/diferenciacao-pequenas-imobiliarias-litoral-2026.html,../sitemap.xml,interno_relativo,,,,
blog/digitalizacao-imobiliaria-tradicional-2026.html,../servicos.html,interno_relativo,,,,
blog/digitalizacao-imobiliaria-tradicional-2026.html,../education/cursos/index.html,interno_relativo,,,,
blog/digitalizacao-imobiliaria-tradicional-2026.html,../cidades/santos.html,interno_relativo,,,,
blog/digitalizacao-imobiliaria-tradicional-2026.html,../bairros/index.html,interno_relativo,,,,
blog/digitalizacao-imobiliaria-tradicional-2026.html,../sitemap.xml,interno_relativo,,,,
blog/dinheiro-para-imovel-praia-2026.html,../servicos.html,interno_relativo,,,,
blog/dinheiro-para-imovel-praia-2026.html,../education/cursos/index.html,interno_relativo,,,,
blog/dinheiro-para-imovel-praia-2026.html,../cidades/santos.html,interno_relativo,,,,
blog/dinheiro-para-imovel-praia-2026.html,../bairros/index.html,interno_relativo,,,,
blog/dinheiro-para-imovel-praia-2026.html,../sitemap.xml,interno_relativo,,,,
blog/direito-aluguel-temporada-litoral-guia-2026.html,../sitemap.xml,interno_relativo,,,,
blog/direito-aluguel-temporada-litoral-guia-2026.html,../servicos.html,interno_relativo,,,,
blog/direito-aluguel-temporada-litoral-guia-2026.html,../education/cursos/index.html,interno_relativo,,,,
blog/direito-aluguel-temporada-litoral-guia-2026.html,../cidades/santos.html,interno_relativo,,,,
blog/direito-aluguel-temporada-litoral-guia-2026.html,../bairros/index.html,interno_relativo,,,,
blog/direitos-deveres-aluguel-temporada-litoral-2026.html,../aluguel-temporada-legalidade-documentos-2026.html,interno_relativo,,,,
blog/direitos-deveres-aluguel-temporada-litoral-2026.html,../gestao-imobiliaria-litoral-equipe-processos-2026.html,interno_relativo,,,,
blog/direitos-deveres-anfitriao-aluguel-temporada-litoral-2026.html,../processo-aluguel-temporada-etapas-2026.html,interno_relativo,,,,
blog/disputa-avaliacao-imovel-litoral-contestar-valor-banco-2026.html,../precificar-imovel-litoral-com-dados-reais-2026.html,interno_relativo,,,,
blog/distrato-imovel-planta-litoral-paulista-2026.html,../cases/case-imobiliaria-porto-da-lua-35-leads-2026.html,interno_relativo,,,,
blog/distrato-imovel-planta-litoral-paulista-2026.html,../seo-local-imobiliaria-litoral-passo-a-passo-2026-08-11.html,interno_relativo,,,,
blog/distrato-imovel-planta-litoral-paulista-2026.html,../captacao-imoveis-sem-anuncios-pagos-corretores-litoral-2026.html,interno_relativo,,,,
blog/distrato-imovel-planta-litoral-paulista-2026.html,../aluguel-por-temporada-dicas-proprietarios-2026.html,interno_relativo,,,,
blog/distrato-imovel-planta-litoral-paulista-2026.html,../servicos.html,interno_relativo,,,,
blog/distrato-imovel-planta-litoral-paulista-2026.html,../education/cursos/index.html,interno_relativo,,,,
blog/distrato-imovel-planta-litoral-paulista-2026.html,../cidades/santos.html,interno_relativo,,,,
blog/distrato-imovel-planta-litoral-paulista-2026.html,../bairros/index.html,interno_relativo,,,,
blog/distrato-imovel-planta-litoral-paulista-2026.html,../sitemap.xml,interno_relativo,,,,
blog/divulgar-imovel-redes-2026.html,../servicos.html,interno_relativo,,,,
blog/divulgar-imovel-redes-2026.html,../education/cursos/index.html,interno_relativo,,,,
blog/divulgar-imovel-redes-2026.html,../cidades/santos.html,interno_relativo,,,,
blog/divulgar-imovel-redes-2026.html,../bairros/index.html,interno_relativo,,,,
blog/divulgar-imovel-redes-2026.html,../sitemap.xml,interno_relativo,,,,
blog/doacao-imovel-litoral-formalidades-custos-2026.html,../documentacao-venda-imovel-litoral-checklist-2026.html,interno_relativo,,,,
blog/documentacao-alugar-temporada-litoral-2026-08-09.html,../sitemap.xml,interno_relativo,,,,
blog/documentacao-alugar-temporada-litoral-2026-08-09.html,../servicos.html,interno_relativo,,,,
blog/documentacao-alugar-temporada-litoral-2026-08-09.html,../education/cursos/index.html,interno_relativo,,,,
blog/documentacao-alugar-temporada-litoral-2026-08-09.html,../cidades/santos.html,interno_relativo,,,,
blog/documentacao-alugar-temporada-litoral-2026-08-09.html,../bairros/index.html,interno_relativo,,,,
blog/documentacao-aluguel-temporada-anfitriao-estrangeiro-2026.html,../como-funciona-aluguel-temporada-litoral-para-estrangeiros-2026.html,interno_relativo,,,,
blog/documentacao-aluguel-temporada-litoral-2026.html,../gestao-temporada-checkin-checkout-sem-dor-2026.html,interno_relativo,,,,
blog/documentacao-aluguel-temporada-litoral-2026.html,../como-ganhar-mais-com-aluguel-temporada-litoral-2026.html,interno_relativo,,,,
blog/documentacao-aluguel-temporada-litoral-2026.html,../sitemap.xml,interno_relativo,,,,
blog/documentacao-aluguel-temporada-litoral-checklist-2026.html,../cases/case-imobiliaria-porto-da-lua-35-leads-2026.html,interno_relativo,,,,
blog/documentacao-aluguel-temporada-litoral-checklist-2026.html,../seo-local-imobiliaria-litoral-passo-a-passo-2026-08-11.html,interno_relativo,,,,
blog/documentacao-aluguel-temporada-litoral-checklist-2026.html,../captacao-imoveis-sem-anuncios-pagos-corretores-litoral-2026.html,interno_relativo,,,,
blog/documentacao-aluguel-temporada-litoral-checklist-2026.html,../aluguel-por-temporada-dicas-proprietarios-2026.html,interno_relativo,,,,
blog/documentacao-aluguel-temporada-litoral-checklist-2026.html,../servicos.html,interno_relativo,,,,
blog/documentacao-aluguel-temporada-litoral-checklist-2026.html,../education/cursos/index.html,interno_relativo,,,,
blog/documentacao-aluguel-temporada-litoral-checklist-2026.html,../cidades/santos.html,interno_relativo,,,,
blog/documentacao-aluguel-temporada-litoral-checklist-2026.html,../bairros/index.html,interno_relativo,,,,
blog/documentacao-aluguel-temporada-litoral-checklist-2026.html,../sitemap.xml,interno_relativo,,,,
blog/documentacao-aluguel-temporada-litoral-contrato-registro-seguro-2026.html,../documentacao-aluguel-temporada-litoral-2026.html,interno_relativo,,,,
blog/documentacao-completa-imovel-2026.html,../servicos.html,interno_relativo,,,,
blog/documentacao-completa-imovel-2026.html,../education/cursos/index.html,interno_relativo,,,,
blog/documentacao-completa-imovel-2026.html,../cidades/santos.html,interno_relativo,,,,
blog/documentacao-completa-imovel-2026.html,../bairros/index.html,interno_relativo,,,,
blog/documentacao-completa-imovel-2026.html,../sitemap.xml,interno_relativo,,,,
blog/documentacao-completa-venda-imovel-litoral-passo-passo-2026.html,../documentacao-vender-imovel-litoral-2026.html,interno_relativo,,,,
blog/documentacao-compra-imovel-leilao-litoral-2026.html,../documentacao-completa-venda-imovel-litoral-passo-passo-2026.html,interno_relativo,,,,
blog/documentacao-compra-imovel-litoral-paulista-2026.html,contrato-compra-venda-imovel-litoral-2026.html,interno_relativo,,,,
blog/documentacao-compra-imovel-litoral-paulista-2026.html,../checklist-primeiro-imovel-litoral.md,interno_relativo,,,,
blog/documentacao-compra-imovel-litoral-paulista-2026.html,../servicos.html,interno_relativo,,,,
blog/documentacao-compra-imovel-litoral-paulista-2026.html,../education/cursos/index.html,interno_relativo,,,,
blog/documentacao-compra-imovel-litoral-paulista-2026.html,../cidades/santos.html,interno_relativo,,,,
blog/documentacao-compra-imovel-litoral-paulista-2026.html,../bairros/index.html,interno_relativo,,,,
blog/documentacao-compra-imovel-litoral-paulista-2026.html,../sitemap.xml,interno_relativo,,,,
blog/documentacao-compra-imovel-planta-litoral-passo-passo-2026.html,../documentacao-compra-imovel-litoral-guia-2026.html,interno_relativo,,,,
blog/documentacao-comprar-imovel-litoral-checklist-2026.html,../servicos.html,interno_relativo,,,,
blog/documentacao-comprar-imovel-litoral-checklist-2026.html,../education/cursos/index.html,interno_relativo,,,,
blog/documentacao-comprar-imovel-litoral-checklist-2026.html,../cidades/santos.html,interno_relativo,,,,
blog/documentacao-comprar-imovel-litoral-checklist-2026.html,../bairros/index.html,interno_relativo,,,,
blog/documentacao-comprar-imovel-litoral-checklist-2026.html,../sitemap.xml,interno_relativo,,,,
blog/documentacao-financiamento-imovel-litoral-2026.html,../documentacao-compra-imovel-litoral-guia-2026.html,interno_relativo,,,,
blog/documentacao-financiamento-imovel-litoral-2026.html,../financiamento-imovel-usado-litoral-sp-2026.html,interno_relativo,,,,
blog/documentacao-financiamento-imovel-litoral-2026.html,../sitemap.xml,interno_relativo,,,,
blog/documentacao-imoveis-litoral-checklist-2026.html,../servicos.html,interno_relativo,,,,
blog/documentacao-imoveis-litoral-checklist-2026.html,../education/cursos/index.html,interno_relativo,,,,
blog/documentacao-imoveis-litoral-checklist-2026.html,../cidades/santos.html,interno_relativo,,,,
blog/documentacao-imoveis-litoral-checklist-2026.html,../bairros/index.html,interno_relativo,,,,
blog/documentacao-imoveis-litoral-checklist-2026.html,../sitemap.xml,interno_relativo,,,,
blog/documentacao-imovel-heranca-litoral-passos-2026.html,../documentacao-completa-venda-imovel-litoral-passo-passo-2026.html,interno_relativo,,,,
blog/documentacao-locacao-temporada-litoral-guia-2026.html,../servicos.html,interno_relativo,,,,
blog/documentacao-locacao-temporada-litoral-guia-2026.html,../education/cursos/index.html,interno_relativo,,,,
blog/documentacao-locacao-temporada-litoral-guia-2026.html,../cidades/santos.html,interno_relativo,,,,
blog/documentacao-locacao-temporada-litoral-guia-2026.html,../bairros/index.html,interno_relativo,,,,
blog/documentacao-locacao-temporada-litoral-guia-2026.html,../sitemap.xml,interno_relativo,,,,
blog/documentacao-necessaria-comprar-imovel-litoral-passo-a-passo-em-praia-grande-2026-07-12.html,../servicos.html,interno_relativo,,,,
blog/documentacao-necessaria-comprar-imovel-litoral-passo-a-passo-em-praia-grande-2026-07-12.html,../education/cursos/index.html,interno_relativo,,,,
blog/documentacao-necessaria-comprar-imovel-litoral-passo-a-passo-em-praia-grande-2026-07-12.html,../cidades/santos.html,interno_relativo,,,,
blog/documentacao-necessaria-comprar-imovel-litoral-passo-a-passo-em-praia-grande-2026-07-12.html,../bairros/index.html,interno_relativo,,,,
blog/documentacao-necessaria-comprar-imovel-litoral-passo-a-passo-em-praia-grande-2026-07-12.html,../sitemap.xml,interno_relativo,,,,
blog/documentacao-venda-imovel-litoral-passos-2026.html,../documentacao-completa-venda-imovel-litoral-passo-passo-2026.html,interno_relativo,,,,
blog/documentacao-venda-imovel-praia-2026.html,../servicos.html,interno_relativo,,,,
blog/documentacao-venda-imovel-praia-2026.html,../education/cursos/index.html,interno_relativo,,,,
blog/documentacao-venda-imovel-praia-2026.html,../cidades/santos.html,interno_relativo,,,,
blog/documentacao-venda-imovel-praia-2026.html,../bairros/index.html,interno_relativo,,,,
blog/documentacao-venda-imovel-praia-2026.html,../sitemap.xml,interno_relativo,,,,
blog/documentacao-vender-imovel-litoral-2026.html,../documentacao-compra-imovel-litoral-guia-2026.html,interno_relativo,,,,
blog/documentacao-vender-imovel-litoral-2026.html,../modelo-proposta-venda-imovel-litoral-paulista-2026.html,interno_relativo,,,,
blog/documentacao-vender-imovel-litoral-2026.html,../sitemap.xml,interno_relativo,,,,
blog/documentos-compra-imovel-litoral-2026.html,../servicos.html,interno_relativo,,,,
blog/documentos-compra-imovel-litoral-2026.html,../education/cursos/index.html,interno_relativo,,,,
blog/documentos-compra-imovel-litoral-2026.html,../cidades/santos.html,interno_relativo,,,,
blog/documentos-compra-imovel-litoral-2026.html,../bairros/index.html,interno_relativo,,,,
blog/documentos-compra-imovel-litoral-2026.html,../sitemap.xml,interno_relativo,,,,
blog/documentos-compra-imovel-litoral-sp-checklist-2026.html,../documentos-essenciais-compra-imovel-litoral-2026.html,interno_relativo,,,,
blog/documentos-compra-imovel-litoral-sp-checklist-2026.html,../escritura-imovel-litoral-passos-custos-2026.html,interno_relativo,,,,
blog/documentos-comprar-imovel-litoral-checklist-2026.html,../servicos.html,interno_relativo,,,,
blog/documentos-comprar-imovel-litoral-checklist-2026.html,../education/cursos/index.html,interno_relativo,,,,
blog/documentos-comprar-imovel-litoral-checklist-2026.html,../cidades/santos.html,interno_relativo,,,,
blog/documentos-comprar-imovel-litoral-checklist-2026.html,../bairros/index.html,interno_relativo,,,,
blog/documentos-comprar-imovel-litoral-checklist-2026.html,../sitemap.xml,interno_relativo,,,,
blog/documentos-essenciais-compra-imovel-litoral-2026.html,../escritura-imovel-litoral-passos-custos-2026.html,interno_relativo,,,,
blog/documentos-essenciais-compra-imovel-litoral-2026.html,../gestao-imobiliaria-litoral-equipe-processos-2026.html,interno_relativo,,,,
blog/documentos-imovel-compra-2026.html,../servicos.html,interno_relativo,,,,
blog/documentos-imovel-compra-2026.html,../education/cursos/index.html,interno_relativo,,,,
blog/documentos-imovel-compra-2026.html,../cidades/santos.html,interno_relativo,,,,
blog/documentos-imovel-compra-2026.html,../bairros/index.html,interno_relativo,,,,
blog/documentos-imovel-compra-2026.html,../sitemap.xml,interno_relativo,,,,
blog/documentos-imovel-heranca-litoral-passos-2026.html,../documentacao-completa-venda-imovel-litoral-passo-passo-2026.html,interno_relativo,,,,
blog/documentos-necessarios-financiamento-imovel-2026.html,../servicos.html,interno_relativo,,,,
blog/documentos-necessarios-financiamento-imovel-2026.html,../education/cursos/index.html,interno_relativo,,,,
blog/documentos-necessarios-financiamento-imovel-2026.html,../cidades/santos.html,interno_relativo,,,,
blog/documentos-necessarios-financiamento-imovel-2026.html,../bairros/index.html,interno_relativo,,,,
blog/documentos-necessarios-financiamento-imovel-2026.html,../sitemap.xml,interno_relativo,,,,
blog/documentos-venda-imovel-litoral-checklist-2026.html,../documentacao-venda-imovel-litoral-passos-2026.html,interno_relativo,,,,
blog/dossie-conquista-corretores-autonomos-litoral-paulista.html,/,interno_absoluto,,,,
blog/dossie-conquista-corretores-autonomos-litoral-paulista.html,../sitemap.xml,interno_relativo,,,,
blog/dossie-conquista-corretores-autonomos-litoral-paulista.html,../servicos.html,interno_relativo,,,,
blog/dossie-conquista-corretores-autonomos-litoral-paulista.html,../education/cursos/index.html,interno_relativo,,,,
blog/dossie-conquista-corretores-autonomos-litoral-paulista.html,../cidades/santos.html,interno_relativo,,,,
blog/dossie-conquista-corretores-autonomos-litoral-paulista.html,../bairros/index.html,interno_relativo,,,,
blog/dossie-conquista-pequenas-imobiliarias-litoral-paulista.html,/,interno_absoluto,,,,
blog/dossie-conquista-pequenas-imobiliarias-litoral-paulista.html,../sitemap.xml,interno_relativo,,,,
blog/dossie-conquista-pequenas-imobiliarias-litoral-paulista.html,../servicos.html,interno_relativo,,,,
blog/dossie-conquista-pequenas-imobiliarias-litoral-paulista.html,../education/cursos/index.html,interno_relativo,,,,
blog/dossie-conquista-pequenas-imobiliarias-litoral-paulista.html,../cidades/santos.html,interno_relativo,,,,
blog/dossie-conquista-pequenas-imobiliarias-litoral-paulista.html,../bairros/index.html,interno_relativo,,,,
blog/economia-agua-imoveis-litoral-pratico-2026-v2.html,../eficiencia-energetica-imoveis-litoral-reduzir-custo-2026-v2.html,interno_relativo,,,,
blog/economia-agua-imoveis-litoral-pratico-2026-v2.html,../pegada-ecologica-imoveis-litoral-medir-reduzir-2026.html,interno_relativo,,,,
blog/economia-agua-imoveis-litoral-pratico-2026.html,../energia-renovavel-imoveis-litoral-passo-passo-2026.html,interno_relativo,,,,
blog/economia-agua-imoveis-litoral-pratico-2026.html,../gestao-imobiliaria-litoral-equipe-processos-2026.html,interno_relativo,,,,
blog/economia-anuncios-imobiliaria-ia.html,/,interno_absoluto,,,,
blog/economia-anuncios-imobiliaria-ia.html,../sitemap.xml,interno_relativo,,,,
blog/economia-anuncios-imobiliaria-ia.html,../servicos.html,interno_relativo,,,,
blog/economia-anuncios-imobiliaria-ia.html,../education/cursos/index.html,interno_relativo,,,,
blog/economia-anuncios-imobiliaria-ia.html,../cidades/santos.html,interno_relativo,,,,
blog/economia-anuncios-imobiliaria-ia.html,../bairros/index.html,interno_relativo,,,,
blog/economia-fechamento-corretor-2026.html,../servicos.html,interno_relativo,,,,
blog/economia-fechamento-corretor-2026.html,../education/cursos/index.html,interno_relativo,,,,
blog/economia-fechamento-corretor-2026.html,../cidades/santos.html,interno_relativo,,,,
blog/economia-fechamento-corretor-2026.html,../bairros/index.html,interno_relativo,,,,
blog/economia-fechamento-corretor-2026.html,../sitemap.xml,interno_relativo,,,,
blog/economia-impostos-imobiliaria-2026.html,../servicos.html,interno_relativo,,,,
blog/economia-impostos-imobiliaria-2026.html,../education/cursos/index.html,interno_relativo,,,,
blog/economia-impostos-imobiliaria-2026.html,../cidades/santos.html,interno_relativo,,,,
blog/economia-impostos-imobiliaria-2026.html,../bairros/index.html,interno_relativo,,,,
blog/economia-impostos-imobiliaria-2026.html,../sitemap.xml,interno_relativo,,,,
blog/edicao-profissional-imoveis-litoral-2026.html,../servicos.html,interno_relativo,,,,
blog/edicao-profissional-imoveis-litoral-2026.html,../education/cursos/index.html,interno_relativo,,,,
blog/edicao-profissional-imoveis-litoral-2026.html,../cidades/santos.html,interno_relativo,,,,
blog/edicao-profissional-imoveis-litoral-2026.html,../bairros/index.html,interno_relativo,,,,
blog/edicao-profissional-imoveis-litoral-2026.html,../sitemap.xml,interno_relativo,,,,
blog/educacao-continuada-corretores-filmes-series-estudo-2026.html,../style.css,interno_relativo,,,,
blog/educacao-continuada-corretores-filmes-series-estudo-2026.html,/,interno_absoluto,,,,
blog/educacao-continuada-corretores-filmes-series-estudo-2026.html,../servicos.html,interno_relativo,,,,
blog/educacao-continuada-corretores-filmes-series-estudo-2026.html,../education/cursos/index.html,interno_relativo,,,,
blog/educacao-continuada-corretores-filmes-series-estudo-2026.html,../cidades/santos.html,interno_relativo,,,,
blog/educacao-continuada-corretores-filmes-series-estudo-2026.html,../bairros/index.html,interno_relativo,,,,
blog/educacao-continuada-corretores-filmes-series-estudo-2026.html,../sitemap.xml,interno_relativo,,,,
blog/eficiencia-energetica-imoveis-litoral-reduzir-custo-2026-v2.html,../economia-agua-imoveis-litoral-pratico-2026.html,interno_relativo,,,,
blog/eficiencia-energetica-imoveis-litoral-reduzir-custo-2026-v2.html,../construcao-sustentavel-imoveis-litoral-guia-2026.html,interno_relativo,,,,
blog/eficiencia-energetica-imoveis-litoral-reduzir-custo-2026.html,../energia-renovavel-imoveis-litoral-passo-passo-2026.html,interno_relativo,,,,
blog/eficiencia-energetica-imoveis-litoral-reduzir-custo-2026.html,../pegada-ecologica-imoveis-litoral-medir-reduzir-2026.html,interno_relativo,,,,
blog/email-marketing-imobiliarias-litoral-relacionamento-2026.html,../funil-vendas-imobiliario-litoral-digital-2026.html,interno_relativo,,,,
blog/email-marketing-imobiliarias-litoral-relacionamento-2026.html,../google-ads-imobiliarias-litoral-paulista-campanhas-2026.html,interno_relativo,,,,
blog/email-nurture-imobiliarias-litoral-relacionamento-2026.html,../email-marketing-imobiliarias-litoral-relacionamento-2026.html,interno_relativo,,,,
blog/email-nurture-imobiliarias-litoral-relacionamento-2026.html,../funil-vendas-imobiliario-litoral-digital-2026.html,interno_relativo,,,,
blog/embare-santos-imoveis-oportunidades-2026.html,../servicos.html,interno_relativo,,,,
blog/embare-santos-imoveis-oportunidades-2026.html,../education/cursos/index.html,interno_relativo,,,,
blog/embare-santos-imoveis-oportunidades-2026.html,../cidades/santos.html,interno_relativo,,,,
blog/embare-santos-imoveis-oportunidades-2026.html,../bairros/index.html,interno_relativo,,,,
blog/embare-santos-imoveis-oportunidades-2026.html,../sitemap.xml,interno_relativo,,,,
blog/energia-renovavel-imoveis-litoral-passo-passo-2026.html,../eficiencia-energetica-imoveis-litoral-reduzir-custo-2026.html,interno_relativo,,,,
blog/energia-renovavel-imoveis-litoral-passo-passo-2026.html,../gestao-imobiliaria-litoral-equipe-processos-2026.html,interno_relativo,,,,
blog/energia-solar-imoveis-litoral-guia-2026.html,../energia-renovavel-imoveis-litoral-passo-passo-2026.html,interno_relativo,,,,
blog/energia-solar-imoveis-litoral-guia-2026.html,../eficiencia-energetica-imoveis-litoral-reduzir-custo-2026.html,interno_relativo,,,,
blog/enseada-guaruja-imoveis-oportunidades-2026.html,../servicos.html,interno_relativo,,,,
blog/enseada-guaruja-imoveis-oportunidades-2026.html,../education/cursos/index.html,interno_relativo,,,,
blog/enseada-guaruja-imoveis-oportunidades-2026.html,../cidades/santos.html,interno_relativo,,,,
blog/enseada-guaruja-imoveis-oportunidades-2026.html,../bairros/index.html,interno_relativo,,,,
blog/enseada-guaruja-imoveis-oportunidades-2026.html,../sitemap.xml,interno_relativo,,,,
blog/entrada-vs-financiamento-imovel-litoral-2026.html,financiamento-imobiliario-litoral-passo-passo-2026.html,interno_relativo,,,,
blog/entrada-vs-financiamento-imovel-litoral-2026.html,fgts-imoveis-litoral-paulista-2026.html,interno_relativo,,,,
blog/entrada-vs-financiamento-imovel-litoral-2026.html,../servicos.html,interno_relativo,,,,
blog/entrada-vs-financiamento-imovel-litoral-2026.html,../education/cursos/index.html,interno_relativo,,,,
blog/entrada-vs-financiamento-imovel-litoral-2026.html,../cidades/santos.html,interno_relativo,,,,
blog/entrada-vs-financiamento-imovel-litoral-2026.html,../bairros/index.html,interno_relativo,,,,
blog/entrada-vs-financiamento-imovel-litoral-2026.html,../sitemap.xml,interno_relativo,,,,
blog/erros-captacao-imoveis-alto-padrao-litoral-2026-08-10.html,../sitemap.xml,interno_relativo,,,,
blog/erros-captacao-imoveis-alto-padrao-litoral-2026-08-10.html,../servicos.html,interno_relativo,,,,
blog/erros-captacao-imoveis-alto-padrao-litoral-2026-08-10.html,../education/cursos/index.html,interno_relativo,,,,
blog/erros-captacao-imoveis-alto-padrao-litoral-2026-08-10.html,../cidades/santos.html,interno_relativo,,,,
blog/erros-captacao-imoveis-alto-padrao-litoral-2026-08-10.html,../bairros/index.html,interno_relativo,,,,
blog/erros-comuns-corretores-iniciantes-litoral-paulista-2026.html,../servicos.html,interno_relativo,,,,
blog/erros-comuns-corretores-iniciantes-litoral-paulista-2026.html,../education/cursos/index.html,interno_relativo,,,,
blog/erros-comuns-corretores-iniciantes-litoral-paulista-2026.html,../cidades/santos.html,interno_relativo,,,,
blog/erros-comuns-corretores-iniciantes-litoral-paulista-2026.html,../bairros/index.html,interno_relativo,,,,
blog/erros-comuns-corretores-iniciantes-litoral-paulista-2026.html,../sitemap.xml,interno_relativo,,,,
blog/erros-comuns-corretores-litoral-captacao-2026.html,../servicos.html,interno_relativo,,,,
blog/erros-comuns-corretores-litoral-captacao-2026.html,../education/cursos/index.html,interno_relativo,,,,
blog/erros-comuns-corretores-litoral-captacao-2026.html,../cidades/santos.html,interno_relativo,,,,
blog/erros-comuns-corretores-litoral-captacao-2026.html,../bairros/index.html,interno_relativo,,,,
blog/erros-comuns-corretores-litoral-captacao-2026.html,../sitemap.xml,interno_relativo,,,,
blog/erros-documentacao-compra-imovel-litoral-2026.html,../documentacao-compra-imovel-litoral-guia-2026.html,interno_relativo,,,,
blog/erros-documentacao-compra-imovel-litoral-2026.html,../documentacao-vender-imovel-litoral-2026.html,interno_relativo,,,,
blog/erros-documentacao-compra-imovel-litoral-2026.html,../compra-imovel-herdado-litoral-cuidados-2026.html,interno_relativo,,,,
blog/escalacao-parcerias-litoral-crescer-qualidade-2026.html,../servicos.html,interno_relativo,,,,
blog/escalacao-parcerias-litoral-crescer-qualidade-2026.html,../education/cursos/index.html,interno_relativo,,,,
blog/escalacao-parcerias-litoral-crescer-qualidade-2026.html,../cidades/santos.html,interno_relativo,,,,
blog/escalacao-parcerias-litoral-crescer-qualidade-2026.html,../bairros/index.html,interno_relativo,,,,
blog/escalacao-parcerias-litoral-crescer-qualidade-2026.html,../sitemap.xml,interno_relativo,,,,
blog/escolher-ferramentas-gratuitas-imobiliarias-litoral-2026.html,seriedade-ferramentas-gratuitas-imobiliarias-litoral-2026.html,interno_relativo,,,,
blog/escolher-ferramentas-gratuitas-imobiliarias-litoral-2026.html,ferramentas-gratuitas-corretores-litoral-2026.html,interno_relativo,,,,
blog/escolher-ferramentas-gratuitas-imobiliarias-litoral-2026.html,../servicos.html,interno_relativo,,,,
blog/escolher-ferramentas-gratuitas-imobiliarias-litoral-2026.html,../education/cursos/index.html,interno_relativo,,,,
blog/escolher-ferramentas-gratuitas-imobiliarias-litoral-2026.html,../cidades/santos.html,interno_relativo,,,,
blog/escolher-ferramentas-gratuitas-imobiliarias-litoral-2026.html,../bairros/index.html,interno_relativo,,,,
blog/escolher-ferramentas-gratuitas-imobiliarias-litoral-2026.html,../sitemap.xml,interno_relativo,,,,
blog/escolher-financiamento-bancario-consorcio-entrada-imovel-litoral-2026.html,../organizar-financiamento-antes-imovel-litoral-2026.html,interno_relativo,,,,
blog/escolher-imobiliaria-litoral-paulista-guia-2026.html,../servicos.html,interno_relativo,,,,
blog/escolher-imobiliaria-litoral-paulista-guia-2026.html,../education/cursos/index.html,interno_relativo,,,,
blog/escolher-imobiliaria-litoral-paulista-guia-2026.html,../cidades/santos.html,interno_relativo,,,,
blog/escolher-imobiliaria-litoral-paulista-guia-2026.html,../bairros/index.html,interno_relativo,,,,
blog/escolher-imobiliaria-litoral-paulista-guia-2026.html,../sitemap.xml,interno_relativo,,,,
blog/escritura-imovel-litoral-passos-custos-2026.html,../documentos-essenciais-compra-imovel-litoral-2026.html,interno_relativo,,,,
blog/escritura-imovel-litoral-passos-custos-2026.html,../gestao-imobiliaria-litoral-equipe-processos-2026.html,interno_relativo,,,,
blog/escritura-registro-imovel-litoral-passo-passo-2026.html,../servicos.html,interno_relativo,,,,
blog/escritura-registro-imovel-litoral-passo-passo-2026.html,../education/cursos/index.html,interno_relativo,,,,
blog/escritura-registro-imovel-litoral-passo-passo-2026.html,../cidades/santos.html,interno_relativo,,,,
blog/escritura-registro-imovel-litoral-passo-passo-2026.html,../bairros/index.html,interno_relativo,,,,
blog/escritura-registro-imovel-litoral-passo-passo-2026.html,../education/formacoes/documentacao-imoveis.html,interno_relativo,,,,
blog/escritura-registro-imovel-litoral-passo-passo-2026.html,../sitemap.xml,interno_relativo,,,,
blog/estagio-imoveis-gta-litoral-2026.html,../sitemap.xml,interno_relativo,,,,
blog/estagio-imoveis-gta-litoral-2026.html,../servicos.html,interno_relativo,,,,
blog/estagio-imoveis-gta-litoral-2026.html,../education/cursos/index.html,interno_relativo,,,,
blog/estagio-imoveis-gta-litoral-2026.html,../cidades/santos.html,interno_relativo,,,,
blog/estagio-imoveis-gta-litoral-2026.html,../bairros/index.html,interno_relativo,,,,
blog/estatisticas-mercado-litoral-paulista-2026.html,../servicos.html,interno_relativo,,,,
blog/estatisticas-mercado-litoral-paulista-2026.html,../education/cursos/index.html,interno_relativo,,,,
blog/estatisticas-mercado-litoral-paulista-2026.html,../cidades/santos.html,interno_relativo,,,,
blog/estatisticas-mercado-litoral-paulista-2026.html,../bairros/index.html,interno_relativo,,,,
blog/estatisticas-mercado-litoral-paulista-2026.html,../sitemap.xml,interno_relativo,,,,
blog/estrategia-captacao-verao-litoral.html,../sitemap.xml,interno_relativo,,,,
blog/estrategia-captacao-verao-litoral.html,../servicos.html,interno_relativo,,,,
blog/estrategia-captacao-verao-litoral.html,../education/cursos/index.html,interno_relativo,,,,
blog/estrategia-captacao-verao-litoral.html,../cidades/santos.html,interno_relativo,,,,
blog/estrategia-captacao-verao-litoral.html,../bairros/index.html,interno_relativo,,,,
blog/estrategia-indicacao-parceiros-litoral-2026.html,../servicos.html,interno_relativo,,,,
blog/estrategia-indicacao-parceiros-litoral-2026.html,../education/cursos/index.html,interno_relativo,,,,
blog/estrategia-indicacao-parceiros-litoral-2026.html,../cidades/santos.html,interno_relativo,,,,
blog/estrategia-indicacao-parceiros-litoral-2026.html,../bairros/index.html,interno_relativo,,,,
blog/estrategia-indicacao-parceiros-litoral-2026.html,../sitemap.xml,interno_relativo,,,,
blog/estrategia-preco-imovel-praia-2026.html,../servicos.html,interno_relativo,,,,
blog/estrategia-preco-imovel-praia-2026.html,../education/cursos/index.html,interno_relativo,,,,
blog/estrategia-preco-imovel-praia-2026.html,../cidades/santos.html,interno_relativo,,,,
blog/estrategia-preco-imovel-praia-2026.html,../bairros/index.html,interno_relativo,,,,
blog/estrategia-preco-imovel-praia-2026.html,../sitemap.xml,interno_relativo,,,,
blog/estratégia-crescimento-imobiliaria-litoral-2026.html,../sitemap.xml,interno_relativo,,,,
blog/estratégia-crescimento-imobiliaria-litoral-2026.html,../servicos.html,interno_relativo,,,,
blog/estratégia-crescimento-imobiliaria-litoral-2026.html,../education/cursos/index.html,interno_relativo,,,,
blog/estratégia-crescimento-imobiliaria-litoral-2026.html,../cidades/santos.html,interno_relativo,,,,
blog/estratégia-crescimento-imobiliaria-litoral-2026.html,../bairros/index.html,interno_relativo,,,,
blog/evento-imobiliario networking-litoral-paulista-2026.html,../servicos.html,interno_relativo,,,,
blog/evento-imobiliario networking-litoral-paulista-2026.html,../education/cursos/index.html,interno_relativo,,,,
blog/evento-imobiliario networking-litoral-paulista-2026.html,../cidades/santos.html,interno_relativo,,,,
blog/evento-imobiliario networking-litoral-paulista-2026.html,../bairros/index.html,interno_relativo,,,,
blog/evento-imobiliario networking-litoral-paulista-2026.html,../sitemap.xml,interno_relativo,,,,
blog/eventos-locais-captar-imoveis-litoral-2026.html,eventos-networking-imobiliario-litoral-2026.html,interno_relativo,,,,
blog/eventos-locais-captar-imoveis-litoral-2026.html,../captacao-imoveis-litoral-sem-custo-2026.html,interno_relativo,,,,
blog/eventos-locais-captar-imoveis-litoral-2026.html,../servicos.html,interno_relativo,,,,
blog/eventos-locais-captar-imoveis-litoral-2026.html,../education/cursos/index.html,interno_relativo,,,,
blog/eventos-locais-captar-imoveis-litoral-2026.html,../cidades/santos.html,interno_relativo,,,,
blog/eventos-locais-captar-imoveis-litoral-2026.html,../bairros/index.html,interno_relativo,,,,
blog/eventos-locais-captar-imoveis-litoral-2026.html,../sitemap.xml,interno_relativo,,,,
blog/eventos-networking-imobiliario-litoral-2026.html,../networking-corretores-litoral-2026.html,interno_relativo,,,,
blog/eventos-networking-imobiliario-litoral-2026.html,../captacao-imoveis-litoral-sem-custo-2026.html,interno_relativo,,,,
blog/eventos-networking-imobiliario-litoral-2026.html,../servicos.html,interno_relativo,,,,
blog/eventos-networking-imobiliario-litoral-2026.html,../education/cursos/index.html,interno_relativo,,,,
blog/eventos-networking-imobiliario-litoral-2026.html,../cidades/santos.html,interno_relativo,,,,
blog/eventos-networking-imobiliario-litoral-2026.html,../bairros/index.html,interno_relativo,,,,
blog/eventos-networking-imobiliario-litoral-2026.html,../sitemap.xml,interno_relativo,,,,
blog/evitar-golpes-aluguel-temporada-litoral-paulista-2026.html,../servicos.html,interno_relativo,,,,
blog/evitar-golpes-aluguel-temporada-litoral-paulista-2026.html,../education/cursos/index.html,interno_relativo,,,,
blog/evitar-golpes-aluguel-temporada-litoral-paulista-2026.html,../cidades/santos.html,interno_relativo,,,,
blog/evitar-golpes-aluguel-temporada-litoral-paulista-2026.html,../bairros/index.html,interno_relativo,,,,
blog/evitar-golpes-aluguel-temporada-litoral-paulista-2026.html,../sitemap.xml,interno_relativo,,,,
blog/evitar-golpes-fraudes-compra-imovel-litoral-2026.html,../checklist-unico-compra-imovel-litoral-2026.html,interno_relativo,,,,
blog/experiencia-cliente-imoveis-litoral-2026.html,atendimento-cliente-imobiliarias-litoral-2026.html,interno_relativo,,,,
blog/experiencia-cliente-imoveis-litoral-2026.html,satisfacao-cliente-imobiliarias-litoral-2026.html,interno_relativo,,,,
blog/experiencia-cliente-imoveis-litoral-2026.html,../servicos.html,interno_relativo,,,,
blog/experiencia-cliente-imoveis-litoral-2026.html,../education/cursos/index.html,interno_relativo,,,,
blog/experiencia-cliente-imoveis-litoral-2026.html,../cidades/santos.html,interno_relativo,,,,
blog/experiencia-cliente-imoveis-litoral-2026.html,../bairros/index.html,interno_relativo,,,,
blog/experiencia-cliente-imoveis-litoral-2026.html,../sitemap.xml,interno_relativo,,,,
blog/experiencia-hospede-luxo-temporada-litoral-2026.html,gestao-temporada-imoveis-luxo-litoral-2026.html,interno_relativo,,,,
blog/experiencia-hospede-luxo-temporada-litoral-2026.html,aluguel-temporada-imoveis-luxo-litoral-2026.html,interno_relativo,,,,
blog/experiencia-hospede-luxo-temporada-litoral-2026.html,../servicos.html,interno_relativo,,,,
blog/experiencia-hospede-luxo-temporada-litoral-2026.html,../education/cursos/index.html,interno_relativo,,,,
blog/experiencia-hospede-luxo-temporada-litoral-2026.html,../cidades/santos.html,interno_relativo,,,,
blog/experiencia-hospede-luxo-temporada-litoral-2026.html,../bairros/index.html,interno_relativo,,,,
blog/experiencia-hospede-luxo-temporada-litoral-2026.html,../sitemap.xml,interno_relativo,,,,
blog/familia-guaruja-zona-leste-ia.html,/,interno_absoluto,,,,
blog/familia-guaruja-zona-leste-ia.html,../sitemap.xml,interno_relativo,,,,
blog/familia-guaruja-zona-leste-ia.html,../servicos.html,interno_relativo,,,,
blog/familia-guaruja-zona-leste-ia.html,../education/cursos/index.html,interno_relativo,,,,
blog/familia-guaruja-zona-leste-ia.html,../cidades/santos.html,interno_relativo,,,,
blog/familia-guaruja-zona-leste-ia.html,../bairros/index.html,interno_relativo,,,,
blog/familia-itanhaem-zona-norte-ia.html,/,interno_absoluto,,,,
blog/familia-itanhaem-zona-norte-ia.html,../sitemap.xml,interno_relativo,,,,
blog/familia-itanhaem-zona-norte-ia.html,../servicos.html,interno_relativo,,,,
blog/familia-itanhaem-zona-norte-ia.html,../education/cursos/index.html,interno_relativo,,,,
blog/familia-itanhaem-zona-norte-ia.html,../cidades/santos.html,interno_relativo,,,,
blog/familia-itanhaem-zona-norte-ia.html,../bairros/index.html,interno_relativo,,,,
blog/familia-praiagrande-zona-sul-ia.html,/,interno_absoluto,,,,
blog/familia-praiagrande-zona-sul-ia.html,../sitemap.xml,interno_relativo,,,,
blog/familia-praiagrande-zona-sul-ia.html,../servicos.html,interno_relativo,,,,
blog/familia-praiagrande-zona-sul-ia.html,../education/cursos/index.html,interno_relativo,,,,
blog/familia-praiagrande-zona-sul-ia.html,../cidades/santos.html,interno_relativo,,,,
blog/familia-praiagrande-zona-sul-ia.html,../bairros/index.html,interno_relativo,,,,
blog/faq-bairro-imobiliarias-litoral-2026.html,/,interno_absoluto,,,,
blog/faq-bairro-imobiliarias-litoral-2026.html,../servicos.html,interno_relativo,,,,
blog/faq-bairro-imobiliarias-litoral-2026.html,../education/cursos/index.html,interno_relativo,,,,
blog/faq-bairro-imobiliarias-litoral-2026.html,../cidades/santos.html,interno_relativo,,,,
blog/faq-bairro-imobiliarias-litoral-2026.html,../bairros/index.html,interno_relativo,,,,
blog/faq-bairro-imobiliarias-litoral-2026.html,../sitemap.xml,interno_relativo,,,,
blog/faq-bairro-reduzir-objecao-litoral-2026.html,/,interno_absoluto,,,,
blog/faq-bairro-reduzir-objecao-litoral-2026.html,../servicos.html,interno_relativo,,,,
blog/faq-bairro-reduzir-objecao-litoral-2026.html,../education/cursos/index.html,interno_relativo,,,,
blog/faq-bairro-reduzir-objecao-litoral-2026.html,../cidades/santos.html,interno_relativo,,,,
blog/faq-bairro-reduzir-objecao-litoral-2026.html,../bairros/index.html,interno_relativo,,,,
blog/faq-bairro-reduzir-objecao-litoral-2026.html,../sitemap.xml,interno_relativo,,,,
blog/faq-ia-imobiliaria-litoral.html,../sitemap.xml,interno_relativo,,,,
blog/faq-ia-imobiliaria-litoral.html,../servicos.html,interno_relativo,,,,
blog/faq-ia-imobiliaria-litoral.html,../education/cursos/index.html,interno_relativo,,,,
blog/faq-ia-imobiliaria-litoral.html,../cidades/santos.html,interno_relativo,,,,
blog/faq-ia-imobiliaria-litoral.html,../bairros/index.html,interno_relativo,,,,
blog/faq-imoveis-litoral-paulista-2026.html,../servicos.html,interno_relativo,,,,
blog/faq-imoveis-litoral-paulista-2026.html,../education/cursos/index.html,interno_relativo,,,,
blog/faq-imoveis-litoral-paulista-2026.html,../cidades/santos.html,interno_relativo,,,,
blog/faq-imoveis-litoral-paulista-2026.html,../bairros/index.html,interno_relativo,,,,
blog/faq-imoveis-litoral-paulista-2026.html,../sitemap.xml,interno_relativo,,,,
blog/faq-rapido-corretores-litoral-paulista-2026.html,../servicos.html,interno_relativo,,,,
blog/faq-rapido-corretores-litoral-paulista-2026.html,../education/cursos/index.html,interno_relativo,,,,
blog/faq-rapido-corretores-litoral-paulista-2026.html,../cidades/santos.html,interno_relativo,,,,
blog/faq-rapido-corretores-litoral-paulista-2026.html,../bairros/index.html,interno_relativo,,,,
blog/faq-rapido-corretores-litoral-paulista-2026.html,../sitemap.xml,interno_relativo,,,,
blog/faq-site-imobiliarias-litoral-2026.html,../faq-termos-privacidade.html,interno_relativo,,,,
blog/faq-site-imobiliarias-litoral-2026.html,../faq-imoveis-litoral-paulista-2026.html,interno_relativo,,,,
blog/faq-site-imobiliarias-litoral-2026.html,../servicos.html,interno_relativo,,,,
blog/faq-site-imobiliarias-litoral-2026.html,../education/cursos/index.html,interno_relativo,,,,
blog/faq-site-imobiliarias-litoral-2026.html,../cidades/santos.html,interno_relativo,,,,
blog/faq-site-imobiliarias-litoral-2026.html,../bairros/index.html,interno_relativo,,,,
blog/faq-site-imobiliarias-litoral-2026.html,../sitemap.xml,interno_relativo,,,,
blog/fechamento-de-temporada-no-litoral-checklist-do-vendedor-2026-07-12-praia-digital.html,../servicos.html,interno_relativo,,,,
blog/fechamento-de-temporada-no-litoral-checklist-do-vendedor-2026-07-12-praia-digital.html,../education/cursos/index.html,interno_relativo,,,,
blog/fechamento-de-temporada-no-litoral-checklist-do-vendedor-2026-07-12-praia-digital.html,../cidades/santos.html,interno_relativo,,,,
blog/fechamento-de-temporada-no-litoral-checklist-do-vendedor-2026-07-12-praia-digital.html,../bairros/index.html,interno_relativo,,,,
blog/fechamento-de-temporada-no-litoral-checklist-do-vendedor-2026-07-12-praia-digital.html,../sitemap.xml,interno_relativo,,,,
blog/fechamento-parceria-imobiliaria-litoral-2026.html,../servicos.html,interno_relativo,,,,
blog/fechamento-parceria-imobiliaria-litoral-2026.html,../education/cursos/index.html,interno_relativo,,,,
blog/fechamento-parceria-imobiliaria-litoral-2026.html,../cidades/santos.html,interno_relativo,,,,
blog/fechamento-parceria-imobiliaria-litoral-2026.html,../bairros/index.html,interno_relativo,,,,
blog/fechamento-parceria-imobiliaria-litoral-2026.html,../sitemap.xml,interno_relativo,,,,
blog/fechamento-parceria-imobiliaria-litoral-checklist-2026.html,../cases/case-imobiliaria-porto-da-lua-35-leads-2026.html,interno_relativo,,,,
blog/fechamento-parceria-imobiliaria-litoral-checklist-2026.html,../seo-local-imobiliaria-litoral-passo-a-passo-2026-08-11.html,interno_relativo,,,,
blog/fechamento-parceria-imobiliaria-litoral-checklist-2026.html,../captacao-imoveis-sem-anuncios-pagos-corretores-litoral-2026.html,interno_relativo,,,,
blog/fechamento-parceria-imobiliaria-litoral-checklist-2026.html,../aluguel-por-temporada-dicas-proprietarios-2026.html,interno_relativo,,,,
blog/fechamento-parceria-imobiliaria-litoral-checklist-2026.html,../servicos.html,interno_relativo,,,,
blog/fechamento-parceria-imobiliaria-litoral-checklist-2026.html,../education/cursos/index.html,interno_relativo,,,,
blog/fechamento-parceria-imobiliaria-litoral-checklist-2026.html,../cidades/santos.html,interno_relativo,,,,
blog/fechamento-parceria-imobiliaria-litoral-checklist-2026.html,../bairros/index.html,interno_relativo,,,,
blog/fechamento-parceria-imobiliaria-litoral-checklist-2026.html,../sitemap.xml,interno_relativo,,,,
blog/fechamento-rapido-leads-quentes-litoral-2026.html,/,interno_absoluto,,,,
blog/fechamento-rapido-leads-quentes-litoral-2026.html,../servicos.html,interno_relativo,,,,
blog/fechamento-rapido-leads-quentes-litoral-2026.html,../education/cursos/index.html,interno_relativo,,,,
blog/fechamento-rapido-leads-quentes-litoral-2026.html,../cidades/santos.html,interno_relativo,,,,
blog/fechamento-rapido-leads-quentes-litoral-2026.html,../bairros/index.html,interno_relativo,,,,
blog/fechamento-rapido-leads-quentes-litoral-2026.html,../sitemap.xml,interno_relativo,,,,
blog/fechamento-rapido-temporada-imoveis-2026.html,../servicos.html,interno_relativo,,,,
blog/fechamento-rapido-temporada-imoveis-2026.html,../education/cursos/index.html,interno_relativo,,,,
blog/fechamento-rapido-temporada-imoveis-2026.html,../cidades/santos.html,interno_relativo,,,,
blog/fechamento-rapido-temporada-imoveis-2026.html,../bairros/index.html,interno_relativo,,,,
blog/fechamento-rapido-temporada-imoveis-2026.html,../sitemap.xml,interno_relativo,,,,
blog/fechamento-venda-litoral-lista-cheque-2026.html,../servicos.html,interno_relativo,,,,
blog/fechamento-venda-litoral-lista-cheque-2026.html,../education/cursos/index.html,interno_relativo,,,,
blog/fechamento-venda-litoral-lista-cheque-2026.html,../cidades/santos.html,interno_relativo,,,,
blog/fechamento-venda-litoral-lista-cheque-2026.html,../bairros/index.html,interno_relativo,,,,
blog/fechamento-venda-litoral-lista-cheque-2026.html,../sitemap.xml,interno_relativo,,,,
blog/fechamento-vendas-corretores-litoral-2026.html,../servicos.html,interno_relativo,,,,
blog/fechamento-vendas-corretores-litoral-2026.html,../education/cursos/index.html,interno_relativo,,,,
blog/fechamento-vendas-corretores-litoral-2026.html,../cidades/santos.html,interno_relativo,,,,
blog/fechamento-vendas-corretores-litoral-2026.html,../bairros/index.html,interno_relativo,,,,
blog/fechamento-vendas-corretores-litoral-2026.html,../education/formacoes/formacao-corretor-imoveis-litoral.html,interno_relativo,,,,
blog/fechamento-vendas-corretores-litoral-2026.html,../sitemap.xml,interno_relativo,,,,
blog/fechamento-vendas-corretores-litoral-paulista-2026.html,../servicos.html,interno_relativo,,,,
blog/fechamento-vendas-corretores-litoral-paulista-2026.html,../education/cursos/index.html,interno_relativo,,,,
blog/fechamento-vendas-corretores-litoral-paulista-2026.html,../cidades/santos.html,interno_relativo,,,,
blog/fechamento-vendas-corretores-litoral-paulista-2026.html,../bairros/index.html,interno_relativo,,,,
blog/fechamento-vendas-corretores-litoral-paulista-2026.html,../education/formacoes/formacao-corretor-imoveis-litoral.html,interno_relativo,,,,
blog/fechamento-vendas-corretores-litoral-paulista-2026.html,../sitemap.xml,interno_relativo,,,,
blog/fechamento-vendas-imobiliaria-litoral-2026.html,../sitemap.xml,interno_relativo,,,,
blog/fechamento-vendas-imobiliaria-litoral-2026.html,../servicos.html,interno_relativo,,,,
blog/fechamento-vendas-imobiliaria-litoral-2026.html,../education/cursos/index.html,interno_relativo,,,,
blog/fechamento-vendas-imobiliaria-litoral-2026.html,../cidades/santos.html,interno_relativo,,,,
blog/fechamento-vendas-imobiliaria-litoral-2026.html,../bairros/index.html,interno_relativo,,,,
blog/fechamento-whatsapp-parcerias-imobiliarias-litoral-2026.html,../servicos.html,interno_relativo,,,,
blog/fechamento-whatsapp-parcerias-imobiliarias-litoral-2026.html,../education/cursos/index.html,interno_relativo,,,,
blog/fechamento-whatsapp-parcerias-imobiliarias-litoral-2026.html,../cidades/santos.html,interno_relativo,,,,
blog/fechamento-whatsapp-parcerias-imobiliarias-litoral-2026.html,../bairros/index.html,interno_relativo,,,,
blog/fechamento-whatsapp-parcerias-imobiliarias-litoral-2026.html,../sitemap.xml,interno_relativo,,,,
blog/fechar-parcerias-imobiliarias-litoral-paulista-guia-2026.html,../servicos.html,interno_relativo,,,,
blog/fechar-parcerias-imobiliarias-litoral-paulista-guia-2026.html,../education/cursos/index.html,interno_relativo,,,,
blog/fechar-parcerias-imobiliarias-litoral-paulista-guia-2026.html,../cidades/santos.html,interno_relativo,,,,
blog/fechar-parcerias-imobiliarias-litoral-paulista-guia-2026.html,../bairros/index.html,interno_relativo,,,,
blog/fechar-parcerias-imobiliarias-litoral-paulista-guia-2026.html,../sitemap.xml,interno_relativo,,,,
blog/fechar-vendas-baixa-temporada-litoral-2026.html,captacao-imoveis-inverno-litoral-2026.html,interno_relativo,,,,
blog/fechar-vendas-baixa-temporada-litoral-2026.html,atendimento-digital-inverno-litoral-2026.html,interno_relativo,,,,
blog/fechar-vendas-baixa-temporada-litoral-2026.html,../servicos.html,interno_relativo,,,,
blog/fechar-vendas-baixa-temporada-litoral-2026.html,../education/cursos/index.html,interno_relativo,,,,
blog/fechar-vendas-baixa-temporada-litoral-2026.html,../cidades/santos.html,interno_relativo,,,,
blog/fechar-vendas-baixa-temporada-litoral-2026.html,../bairros/index.html,interno_relativo,,,,
blog/fechar-vendas-baixa-temporada-litoral-2026.html,../sitemap.xml,interno_relativo,,,,
blog/ferias-litoral-paulista-roteiro-imoveis-2026.html,../servicos.html,interno_relativo,,,,
blog/ferias-litoral-paulista-roteiro-imoveis-2026.html,../education/cursos/index.html,interno_relativo,,,,
blog/ferias-litoral-paulista-roteiro-imoveis-2026.html,../cidades/santos.html,interno_relativo,,,,
blog/ferias-litoral-paulista-roteiro-imoveis-2026.html,../bairros/index.html,interno_relativo,,,,
blog/ferias-litoral-paulista-roteiro-imoveis-2026.html,../sitemap.xml,interno_relativo,,,,
blog/ferramenta-ia-imobiliaria-gratis.html,/,interno_absoluto,,,,
blog/ferramenta-ia-imobiliaria-gratis.html,../sitemap.xml,interno_relativo,,,,
blog/ferramenta-ia-imobiliaria-gratis.html,../servicos.html,interno_relativo,,,,
blog/ferramenta-ia-imobiliaria-gratis.html,../education/cursos/index.html,interno_relativo,,,,
blog/ferramenta-ia-imobiliaria-gratis.html,../cidades/santos.html,interno_relativo,,,,
blog/ferramenta-ia-imobiliaria-gratis.html,../bairros/index.html,interno_relativo,,,,
blog/ferramentas-gratuitas-captacao-imoveis-praia-2026.html,../servicos.html,interno_relativo,,,,
blog/ferramentas-gratuitas-captacao-imoveis-praia-2026.html,../education/cursos/index.html,interno_relativo,,,,
blog/ferramentas-gratuitas-captacao-imoveis-praia-2026.html,../cidades/santos.html,interno_relativo,,,,
blog/ferramentas-gratuitas-captacao-imoveis-praia-2026.html,../bairros/index.html,interno_relativo,,,,
blog/ferramentas-gratuitas-captacao-imoveis-praia-2026.html,../sitemap.xml,interno_relativo,,,,
blog/ferramentas-gratuitas-corretores-litoral-2026.html,../cases/case-imobiliaria-porto-da-lua-35-leads-2026.html,interno_relativo,,,,
blog/ferramentas-gratuitas-corretores-litoral-2026.html,../seo-local-imobiliaria-litoral-passo-a-passo-2026-08-11.html,interno_relativo,,,,
blog/ferramentas-gratuitas-corretores-litoral-2026.html,../captacao-imoveis-sem-anuncios-pagos-corretores-litoral-2026.html,interno_relativo,,,,
blog/ferramentas-gratuitas-corretores-litoral-2026.html,../aluguel-por-temporada-dicas-proprietarios-2026.html,interno_relativo,,,,
blog/ferramentas-gratuitas-corretores-litoral-2026.html,../sitemap.xml,interno_relativo,,,,
blog/ferramentas-gratuitas-corretores-litoral-2026.html,../servicos.html,interno_relativo,,,,
blog/ferramentas-gratuitas-corretores-litoral-2026.html,../education/cursos/index.html,interno_relativo,,,,
blog/ferramentas-gratuitas-corretores-litoral-2026.html,../cidades/santos.html,interno_relativo,,,,
blog/ferramentas-gratuitas-corretores-litoral-2026.html,../bairros/index.html,interno_relativo,,,,
blog/ferramentas-gratuitas-corretores-litoral-paulista-2026.html,../servicos.html,interno_relativo,,,,
blog/ferramentas-gratuitas-corretores-litoral-paulista-2026.html,../education/cursos/index.html,interno_relativo,,,,
blog/ferramentas-gratuitas-corretores-litoral-paulista-2026.html,../cidades/santos.html,interno_relativo,,,,
blog/ferramentas-gratuitas-corretores-litoral-paulista-2026.html,../bairros/index.html,interno_relativo,,,,
blog/ferramentas-gratuitas-corretores-litoral-paulista-2026.html,../sitemap.xml,interno_relativo,,,,
blog/ferramentas-gratuitas-imobiliarias-litoral-2026.html,../ferramentas/calculadora-roi-temporada.html,interno_relativo,,,,
blog/ferramentas-gratuitas-imobiliarias-litoral-2026.html,../ferramentas/calculadora-ocupacao-airbnb-2026.html,interno_relativo,,,,
blog/ferramentas-gratuitas-imobiliarias-litoral-2026.html,../ferramentas/calculadora-diaria-ideal-airbnb-2026.html,interno_relativo,,,,
blog/ferramentas-gratuitas-imobiliarias-litoral-2026.html,../ferramentas/avaliacao-preco.html,interno_relativo,,,,
blog/ferramentas-gratuitas-imobiliarias-litoral-2026.html,../servicos.html,interno_relativo,,,,
blog/ferramentas-gratuitas-imobiliarias-litoral-2026.html,../education/cursos/index.html,interno_relativo,,,,
blog/ferramentas-gratuitas-imobiliarias-litoral-2026.html,../cidades/santos.html,interno_relativo,,,,
blog/ferramentas-gratuitas-imobiliarias-litoral-2026.html,../bairros/index.html,interno_relativo,,,,
blog/ferramentas-gratuitas-imobiliarias-litoral-comecar-2026.html,../servicos.html,interno_relativo,,,,
blog/ferramentas-gratuitas-imobiliarias-litoral-comecar-2026.html,../education/cursos/index.html,interno_relativo,,,,
blog/ferramentas-gratuitas-imobiliarias-litoral-comecar-2026.html,../cidades/santos.html,interno_relativo,,,,
blog/ferramentas-gratuitas-imobiliarias-litoral-comecar-2026.html,../bairros/index.html,interno_relativo,,,,
blog/ferramentas-gratuitas-imobiliarias-litoral-comecar-2026.html,../sitemap.xml,interno_relativo,,,,
blog/ferramentas-gratuitas-para-corretores-do-litoral-em-2026-lote-2026-07-11-31.html,../servicos.html,interno_relativo,,,,
blog/ferramentas-gratuitas-para-corretores-do-litoral-em-2026-lote-2026-07-11-31.html,../education/cursos/index.html,interno_relativo,,,,
blog/ferramentas-gratuitas-para-corretores-do-litoral-em-2026-lote-2026-07-11-31.html,../cidades/santos.html,interno_relativo,,,,
blog/ferramentas-gratuitas-para-corretores-do-litoral-em-2026-lote-2026-07-11-31.html,../bairros/index.html,interno_relativo,,,,
blog/ferramentas-gratuitas-para-corretores-do-litoral-em-2026-lote-2026-07-11-31.html,../sitemap.xml,interno_relativo,,,,
blog/ferramentas-ia-avaliacao-imoveis-litoral-2026.html,../servicos.html,interno_relativo,,,,
blog/ferramentas-ia-avaliacao-imoveis-litoral-2026.html,../education/cursos/index.html,interno_relativo,,,,
blog/ferramentas-ia-avaliacao-imoveis-litoral-2026.html,../cidades/santos.html,interno_relativo,,,,
blog/ferramentas-ia-avaliacao-imoveis-litoral-2026.html,../bairros/index.html,interno_relativo,,,,
blog/ferramentas-ia-avaliacao-imoveis-litoral-2026.html,../sitemap.xml,interno_relativo,,,,
blog/ferramentas-ia-corretores-imoveis-2026.html,../sitemap.xml,interno_relativo,,,,
blog/ferramentas-ia-corretores-imoveis-2026.html,../servicos.html,interno_relativo,,,,
blog/ferramentas-ia-corretores-imoveis-2026.html,../education/cursos/index.html,interno_relativo,,,,
blog/ferramentas-ia-corretores-imoveis-2026.html,../cidades/santos.html,interno_relativo,,,,
blog/ferramentas-ia-corretores-imoveis-2026.html,../bairros/index.html,interno_relativo,,,,
blog/ferramentas-ia-corretores-litoral-paulista-2026.html,../servicos.html,interno_relativo,,,,
blog/ferramentas-ia-corretores-litoral-paulista-2026.html,../education/cursos/index.html,interno_relativo,,,,
blog/ferramentas-ia-corretores-litoral-paulista-2026.html,../cidades/santos.html,interno_relativo,,,,
blog/ferramentas-ia-corretores-litoral-paulista-2026.html,../bairros/index.html,interno_relativo,,,,
blog/ferramentas-ia-corretores-litoral-paulista-2026.html,../sitemap.xml,interno_relativo,,,,
blog/ferramentas-ia-corretores-ranking-2026.html,../servicos.html,interno_relativo,,,,
blog/ferramentas-ia-corretores-ranking-2026.html,../education/cursos/index.html,interno_relativo,,,,
blog/ferramentas-ia-corretores-ranking-2026.html,../cidades/santos.html,interno_relativo,,,,
blog/ferramentas-ia-corretores-ranking-2026.html,../bairros/index.html,interno_relativo,,,,
blog/ferramentas-ia-corretores-ranking-2026.html,../sitemap.xml,interno_relativo,,,,
blog/ferramentas-ia-gratis-corretores-litoral-2026.html,../sitemap.xml,interno_relativo,,,,
blog/ferramentas-ia-gratis-corretores-litoral-2026.html,../servicos.html,interno_relativo,,,,
blog/ferramentas-ia-gratis-corretores-litoral-2026.html,../education/cursos/index.html,interno_relativo,,,,
blog/ferramentas-ia-gratis-corretores-litoral-2026.html,../cidades/santos.html,interno_relativo,,,,
blog/ferramentas-ia-gratis-corretores-litoral-2026.html,../bairros/index.html,interno_relativo,,,,
blog/ferramentas-ia-gratuitas-imobiliaria.html,/,interno_absoluto,,,,
blog/ferramentas-ia-gratuitas-imobiliaria.html,../sitemap.xml,interno_relativo,,,,
blog/ferramentas-ia-gratuitas-imobiliaria.html,../servicos.html,interno_relativo,,,,
blog/ferramentas-ia-gratuitas-imobiliaria.html,../education/cursos/index.html,interno_relativo,,,,
blog/ferramentas-ia-gratuitas-imobiliaria.html,../cidades/santos.html,interno_relativo,,,,
blog/ferramentas-ia-gratuitas-imobiliaria.html,../bairros/index.html,interno_relativo,,,,
blog/festas-turismo-aluguel-litoral-2026.html,../sitemap.xml,interno_relativo,,,,
blog/festas-turismo-aluguel-litoral-2026.html,../servicos.html,interno_relativo,,,,
blog/festas-turismo-aluguel-litoral-2026.html,../education/cursos/index.html,interno_relativo,,,,
blog/festas-turismo-aluguel-litoral-2026.html,../cidades/santos.html,interno_relativo,,,,
blog/festas-turismo-aluguel-litoral-2026.html,../bairros/index.html,interno_relativo,,,,
blog/fgts-imoveis-litoral-paulista-2026.html,financiamento-imobiliario-litoral-passo-passo-2026.html,interno_relativo,,,,
blog/fgts-imoveis-litoral-paulista-2026.html,entrada-vs-financiamento-imovel-litoral-2026.html,interno_relativo,,,,
blog/fgts-imoveis-litoral-paulista-2026.html,../servicos.html,interno_relativo,,,,
blog/fgts-imoveis-litoral-paulista-2026.html,../education/cursos/index.html,interno_relativo,,,,
blog/fgts-imoveis-litoral-paulista-2026.html,../cidades/santos.html,interno_relativo,,,,
blog/fgts-imoveis-litoral-paulista-2026.html,../bairros/index.html,interno_relativo,,,,
blog/fgts-imoveis-litoral-paulista-2026.html,../sitemap.xml,interno_relativo,,,,
blog/fidelizar-clientes-imobiliaria-litoral-2026.html,programa-indicacao-imobiliarias-litoral-2026.html,interno_relativo,,,,
blog/fidelizar-clientes-imobiliaria-litoral-2026.html,pos-venda-imobiliaria-litoral-2026.html,interno_relativo,,,,
blog/fidelizar-clientes-imobiliaria-litoral-2026.html,../servicos.html,interno_relativo,,,,
blog/fidelizar-clientes-imobiliaria-litoral-2026.html,../education/cursos/index.html,interno_relativo,,,,
blog/fidelizar-clientes-imobiliaria-litoral-2026.html,../cidades/santos.html,interno_relativo,,,,
blog/fidelizar-clientes-imobiliaria-litoral-2026.html,../bairros/index.html,interno_relativo,,,,
blog/fidelizar-clientes-imobiliaria-litoral-2026.html,../sitemap.xml,interno_relativo,,,,
blog/filmes-recomendados-creci-2026.html,../sitemap.xml,interno_relativo,,,,
blog/filmes-recomendados-creci-2026.html,../servicos.html,interno_relativo,,,,
blog/filmes-recomendados-creci-2026.html,../education/cursos/index.html,interno_relativo,,,,
blog/filmes-recomendados-creci-2026.html,../cidades/santos.html,interno_relativo,,,,
blog/filmes-recomendados-creci-2026.html,../bairros/index.html,interno_relativo,,,,
blog/financiamento-aprovado-imovel-litoral-dicas-2026.html,../financiamento-primeiro-imovel-litoral-sp-2026.html,interno_relativo,,,,
blog/financiamento-autonomos-mei-litoral-desafios-alternativas-2026.html,../organizar-financiamento-antes-imovel-litoral-2026.html,interno_relativo,,,,
blog/financiamento-caixa-imoveis-litoral-2026.html,../servicos.html,interno_relativo,,,,
blog/financiamento-caixa-imoveis-litoral-2026.html,../education/cursos/index.html,interno_relativo,,,,
blog/financiamento-caixa-imoveis-litoral-2026.html,../cidades/santos.html,interno_relativo,,,,
blog/financiamento-caixa-imoveis-litoral-2026.html,../bairros/index.html,interno_relativo,,,,
blog/financiamento-caixa-imoveis-litoral-2026.html,../sitemap.xml,interno_relativo,,,,
blog/financiamento-explicado-2026.html,../servicos.html,interno_relativo,,,,
blog/financiamento-explicado-2026.html,../education/cursos/index.html,interno_relativo,,,,
blog/financiamento-explicado-2026.html,../cidades/santos.html,interno_relativo,,,,
blog/financiamento-explicado-2026.html,../bairros/index.html,interno_relativo,,,,
blog/financiamento-explicado-2026.html,../sitemap.xml,interno_relativo,,,,
blog/financiamento-imobiliario-litoral-guia-2026.html,../sitemap.xml,interno_relativo,,,,
blog/financiamento-imobiliario-litoral-guia-2026.html,../servicos.html,interno_relativo,,,,
blog/financiamento-imobiliario-litoral-guia-2026.html,../education/cursos/index.html,interno_relativo,,,,
blog/financiamento-imobiliario-litoral-guia-2026.html,../cidades/santos.html,interno_relativo,,,,
blog/financiamento-imobiliario-litoral-guia-2026.html,../bairros/index.html,interno_relativo,,,,
blog/financiamento-imobiliario-litoral-passo-passo-2026.html,documentacao-compra-imovel-litoral-paulista-2026.html,interno_relativo,,,,
blog/financiamento-imobiliario-litoral-passo-passo-2026.html,../checklist-primeiro-imovel-litoral.md,interno_relativo,,,,
blog/financiamento-imobiliario-litoral-passo-passo-2026.html,../servicos.html,interno_relativo,,,,
blog/financiamento-imobiliario-litoral-passo-passo-2026.html,../education/cursos/index.html,interno_relativo,,,,
blog/financiamento-imobiliario-litoral-passo-passo-2026.html,../cidades/santos.html,interno_relativo,,,,
blog/financiamento-imobiliario-litoral-passo-passo-2026.html,../bairros/index.html,interno_relativo,,,,
blog/financiamento-imobiliario-litoral-passo-passo-2026.html,../sitemap.xml,interno_relativo,,,,
blog/financiamento-imobiliario-praia-grande-em-ubatuba-2026-07-13.html,../servicos.html,interno_relativo,,,,
blog/financiamento-imobiliario-praia-grande-em-ubatuba-2026-07-13.html,../education/cursos/index.html,interno_relativo,,,,
blog/financiamento-imobiliario-praia-grande-em-ubatuba-2026-07-13.html,../cidades/santos.html,interno_relativo,,,,
blog/financiamento-imobiliario-praia-grande-em-ubatuba-2026-07-13.html,../bairros/index.html,interno_relativo,,,,
blog/financiamento-imobiliario-praia-grande-em-ubatuba-2026-07-13.html,../sitemap.xml,interno_relativo,,,,
blog/financiamento-imoveis-litoral-aprovar-mais-rapido-2026.html,../financiamento-imovel-praia-documentacao-aprovar.html,interno_relativo,,,,
blog/financiamento-imoveis-litoral-aprovar-mais-rapido-2026.html,../alugar-ou-comprar-imovel-litoral-paulista-2026.html,interno_relativo,,,,
blog/financiamento-imoveis-litoral-aprovar-mais-rapido-2026.html,../analise-mercado-imobiliario-litoral-2026.html,interno_relativo,,,,
blog/financiamento-imoveis-litoral-guia.html,../sitemap.xml,interno_relativo,,,,
blog/financiamento-imoveis-litoral-guia.html,../servicos.html,interno_relativo,,,,
blog/financiamento-imoveis-litoral-guia.html,../education/cursos/index.html,interno_relativo,,,,
blog/financiamento-imoveis-litoral-guia.html,../cidades/santos.html,interno_relativo,,,,
blog/financiamento-imoveis-litoral-guia.html,../bairros/index.html,interno_relativo,,,,
blog/financiamento-imoveis-litoral-paulista-2026.html,../servicos.html,interno_relativo,,,,
blog/financiamento-imoveis-litoral-paulista-2026.html,../education/cursos/index.html,interno_relativo,,,,
blog/financiamento-imoveis-litoral-paulista-2026.html,../cidades/santos.html,interno_relativo,,,,
blog/financiamento-imoveis-litoral-paulista-2026.html,../bairros/index.html,interno_relativo,,,,
blog/financiamento-imoveis-litoral-paulista-2026.html,../sitemap.xml,interno_relativo,,,,
blog/financiamento-imoveis-litoral-paulista-guia-2026.html,../servicos.html,interno_relativo,,,,
blog/financiamento-imoveis-litoral-paulista-guia-2026.html,../education/cursos/index.html,interno_relativo,,,,
blog/financiamento-imoveis-litoral-paulista-guia-2026.html,../cidades/santos.html,interno_relativo,,,,
blog/financiamento-imoveis-litoral-paulista-guia-2026.html,../bairros/index.html,interno_relativo,,,,
blog/financiamento-imoveis-litoral-paulista-guia-2026.html,../sitemap.xml,interno_relativo,,,,
blog/financiamento-imovel-litoral-amortizacao-antecipada-beneficios-2026.html,../financiamento-imovel-litoral-comparativo-bancos-2026.html,interno_relativo,,,,
blog/financiamento-imovel-litoral-amortizacao-beneficios-prazo-2026.html,../financiamento-imovel-litoral-amortizacao-antecipada-beneficios-2026.html,interno_relativo,,,,
blog/financiamento-imovel-litoral-amortizacao-comparacao-tipos-2026.html,../financiamento-imovel-litoral-amortizacao-antecipada-beneficios-2026.html,interno_relativo,,,,
blog/financiamento-imovel-litoral-amortizacao-dicas-2026.html,../financiamento-imovel-litoral-amortizacao-antecipada-beneficios-2026.html,interno_relativo,,,,
blog/financiamento-imovel-litoral-amortizacao-iniciantes-2026.html,../financiamento-imovel-litoral-amortizacao-antecipada-beneficios-2026.html,interno_relativo,,,,
blog/financiamento-imovel-litoral-amortizacao-parcelas-extraordinarias-2026.html,../financiamento-imovel-litoral-comparativo-bancos-2026.html,interno_relativo,,,,
blog/financiamento-imovel-litoral-amortizacao-prazo-reducao-2026.html,../financiamento-imovel-litoral-amortizacao-antecipada-beneficios-2026.html,interno_relativo,,,,
blog/financiamento-imovel-litoral-amortizacao-reducao-juros-2026.html,../financiamento-imovel-litoral-amortizacao-antecipada-beneficios-2026.html,interno_relativo,,,,
blog/financiamento-imovel-litoral-amortizacao-saldo-devedor-2026.html,../financiamento-imovel-litoral-amortizacao-antecipada-beneficios-2026.html,interno_relativo,,,,
blog/financiamento-imovel-litoral-amortizacao-sistema-sac-2026.html,../financiamento-imovel-litoral-comparativo-bancos-2026.html,interno_relativo,,,,
blog/financiamento-imovel-litoral-amortizacao-tipo-prazo-2026.html,../financiamento-imovel-litoral-amortizacao-antecipada-beneficios-2026.html,interno_relativo,,,,
blog/financiamento-imovel-litoral-atraso-parcelas-direitos-2026.html,../financiamento-aprovado-imovel-litoral-dicas-2026.html,interno_relativo,,,,
blog/financiamento-imovel-litoral-comparativo-bancos-2026.html,../financiamento-aprovado-imovel-litoral-dicas-2026.html,interno_relativo,,,,
blog/financiamento-imovel-litoral-paulista-2026.html,../servicos.html,interno_relativo,,,,
blog/financiamento-imovel-litoral-paulista-2026.html,../education/cursos/index.html,interno_relativo,,,,
blog/financiamento-imovel-litoral-paulista-2026.html,../cidades/santos.html,interno_relativo,,,,
blog/financiamento-imovel-litoral-paulista-2026.html,../bairros/index.html,interno_relativo,,,,
blog/financiamento-imovel-litoral-paulista-2026.html,../sitemap.xml,interno_relativo,,,,
blog/financiamento-imovel-litoral-portabilidade-repassar-2026.html,../financiamento-imovel-litoral-comparativo-bancos-2026.html,interno_relativo,,,,
blog/financiamento-imovel-litoral-primeiro-comprador-2026.html,../servicos.html,interno_relativo,,,,
blog/financiamento-imovel-litoral-primeiro-comprador-2026.html,../education/cursos/index.html,interno_relativo,,,,
blog/financiamento-imovel-litoral-primeiro-comprador-2026.html,../cidades/santos.html,interno_relativo,,,,
blog/financiamento-imovel-litoral-primeiro-comprador-2026.html,../bairros/index.html,interno_relativo,,,,
blog/financiamento-imovel-litoral-primeiro-comprador-2026.html,../sitemap.xml,interno_relativo,,,,
blog/financiamento-imovel-litoral-refinanciamento-casa-propria-2026.html,../financiamento-imovel-litoral-comparativo-bancos-2026.html,interno_relativo,,,,
blog/financiamento-imovel-litoral-refinanciamento-cuidados-2026.html,../financiamento-imovel-litoral-refinanciamento-casa-propria-2026.html,interno_relativo,,,,
blog/financiamento-imovel-litoral-revisao-juros-contrato-2026.html,../financiamento-imovel-litoral-atraso-parcelas-direitos-2026.html,interno_relativo,,,,
blog/financiamento-imovel-litoral-seguradoras-garantia-2026.html,../financiamento-imovel-litoral-atraso-parcelas-direitos-2026.html,interno_relativo,,,,
blog/financiamento-imovel-litoral-seguro-imovel-obrigatorio-2026.html,../seguro-residencial-litoral-cobertura-seus-direitos-2026.html,interno_relativo,,,,
blog/financiamento-imovel-litoral-seguro-residencial-obrigatorio-2026.html,../seguro-residencial-litoral-cobertura-seus-direitos-2026.html,interno_relativo,,,,
blog/financiamento-imovel-litoral.html,/,interno_absoluto,,,,
blog/financiamento-imovel-litoral.html,../servicos.html,interno_relativo,,,,
blog/financiamento-imovel-litoral.html,../education/cursos/index.html,interno_relativo,,,,
blog/financiamento-imovel-litoral.html,../cidades/santos.html,interno_relativo,,,,
blog/financiamento-imovel-litoral.html,../bairros/index.html,interno_relativo,,,,
blog/financiamento-imovel-litoral.html,../sitemap.xml,interno_relativo,,,,
blog/financiamento-imovel-praia-documentacao-aprovar.html,../financiamento-imoveis-litoral-aprovar-mais-rapido-2026.html,interno_relativo,,,,
blog/financiamento-imovel-praia-documentacao-aprovar.html,../alugar-ou-comprar-imovel-litoral-paulista-2026.html,interno_relativo,,,,
blog/financiamento-imovel-praia-documentacao-aprovar.html,../analise-mercado-imobiliario-litoral-2026.html,interno_relativo,,,,
blog/financiamento-imovel-usado-2026.html,../servicos.html,interno_relativo,,,,
blog/financiamento-imovel-usado-2026.html,../education/cursos/index.html,interno_relativo,,,,
blog/financiamento-imovel-usado-2026.html,../cidades/santos.html,interno_relativo,,,,
blog/financiamento-imovel-usado-2026.html,../bairros/index.html,interno_relativo,,,,
blog/financiamento-imovel-usado-2026.html,../sitemap.xml,interno_relativo,,,,
blog/financiamento-imovel-usado-litoral-2026.html,../organizar-financiamento-antes-imovel-litoral-2026.html,interno_relativo,,,,
blog/financiamento-imovel-usado-litoral-sp-2026.html,../avaliacao-rapida-imovel.html,interno_relativo,,,,
blog/financiamento-imovel-usado-litoral-sp-2026.html,../documentacao-compra-imovel-litoral-guia-2026.html,interno_relativo,,,,
blog/financiamento-imovel-usado-litoral-sp-2026.html,../sitemap.xml,interno_relativo,,,,
blog/financiamento-investidores-multiplos-imoveis-litoral-2026.html,../financiamento-primeiro-imovel-litoral-sp-2026.html,interno_relativo,,,,
blog/financiamento-ou-consorcio-imovel-2026.html,../servicos.html,interno_relativo,,,,
blog/financiamento-ou-consorcio-imovel-2026.html,../education/cursos/index.html,interno_relativo,,,,
blog/financiamento-ou-consorcio-imovel-2026.html,../cidades/santos.html,interno_relativo,,,,
blog/financiamento-ou-consorcio-imovel-2026.html,../bairros/index.html,interno_relativo,,,,
blog/financiamento-ou-consorcio-imovel-2026.html,../sitemap.xml,interno_relativo,,,,
blog/financiamento-primeiro-imovel-litoral-sp-2026.html,../documentacao-financiamento-imovel-litoral-2026.html,interno_relativo,,,,
blog/financiamento-primeiro-imovel-litoral-sp-2026.html,../financiamento-imovel-usado-litoral-sp-2026.html,interno_relativo,,,,
blog/financiamento-primeiro-imovel-litoral-sp-2026.html,../sitemap.xml,interno_relativo,,,,
blog/financiamento-social-imoveis-litoral-2026.html,../financiamento-primeiro-imovel-litoral-sp-2026.html,interno_relativo,,,,
blog/financiamento-social-imoveis-quando-vale-pena-corretores.html,../financiamento-imoveis-litoral-aprovar-mais-rapido-2026.html,interno_relativo,,,,
blog/financiamento-social-imoveis-quando-vale-pena-corretores.html,../financiamento-imovel-praia-documentacao-aprovar.html,interno_relativo,,,,
blog/financiamento-social-imoveis-quando-vale-pena-corretores.html,../refinanciamento-imovel-praia-quando-vale-pena-2026.html,interno_relativo,,,,
blog/financiamento-social-litoral-vale-pena-solicitar-2026.html,../organizar-financiamento-antes-imovel-litoral-2026.html,interno_relativo,,,,
blog/financiamento-terreno-litoral-sp-2026.html,../financiamento-primeiro-imovel-litoral-sp-2026.html,interno_relativo,,,,
blog/financiamento-terreno-litoral-sp-2026.html,../documentacao-financiamento-imovel-litoral-2026.html,interno_relativo,,,,
blog/financiamento-terreno-litoral-sp-2026.html,../sitemap.xml,interno_relativo,,,,
blog/financiamento-terreno-litoral-sp-regras-2026.html,../financiamento-primeiro-imovel-litoral-sp-2026.html,interno_relativo,,,,
blog/florianopolis-praias-guia-2026-sc-2026-07-14.html,../servicos.html,interno_relativo,,,,
blog/florianopolis-praias-guia-2026-sc-2026-07-14.html,../education/cursos/index.html,interno_relativo,,,,
blog/florianopolis-praias-guia-2026-sc-2026-07-14.html,../cidades/santos.html,interno_relativo,,,,
blog/florianopolis-praias-guia-2026-sc-2026-07-14.html,../bairros/index.html,interno_relativo,,,,
blog/florianopolis-praias-guia-2026-sc-2026-07-14.html,../sitemap.xml,interno_relativo,,,,
blog/fluxo-atendimento-imobiliarias-litoral-2026.html,../servicos.html,interno_relativo,,,,
blog/fluxo-atendimento-imobiliarias-litoral-2026.html,../education/cursos/index.html,interno_relativo,,,,
blog/fluxo-atendimento-imobiliarias-litoral-2026.html,../cidades/santos.html,interno_relativo,,,,
blog/fluxo-atendimento-imobiliarias-litoral-2026.html,../bairros/index.html,interno_relativo,,,,
blog/fluxo-atendimento-imobiliarias-litoral-2026.html,../sitemap.xml,interno_relativo,,,,
blog/fluxo-caixa-aluguel-temporada-litoral-2026.html,../aluguel-temporada-manutencao-custo-2026.html,interno_relativo,,,,
blog/fluxo-caixa-imobiliaria-litoral-2026.html,../servicos.html,interno_relativo,,,,
blog/fluxo-caixa-imobiliaria-litoral-2026.html,../education/cursos/index.html,interno_relativo,,,,
blog/fluxo-caixa-imobiliaria-litoral-2026.html,../cidades/santos.html,interno_relativo,,,,
blog/fluxo-caixa-imobiliaria-litoral-2026.html,../bairros/index.html,interno_relativo,,,,
blog/fluxo-caixa-imobiliaria-litoral-2026.html,../sitemap.xml,interno_relativo,,,,
blog/fluxo-captacao-imoveis-sem-invasivo-litoral-2026.html,../checklist-captacao-temporada.md,interno_relativo,,,,
blog/fluxo-captacao-imoveis-sem-invasivo-litoral-2026.html,followup-proprietarios-temporada-luxo-litoral-2026.html,interno_relativo,,,,
blog/fluxo-captacao-imoveis-sem-invasivo-litoral-2026.html,../servicos.html,interno_relativo,,,,
blog/fluxo-captacao-imoveis-sem-invasivo-litoral-2026.html,../education/cursos/index.html,interno_relativo,,,,
blog/fluxo-captacao-imoveis-sem-invasivo-litoral-2026.html,../cidades/santos.html,interno_relativo,,,,
blog/fluxo-captacao-imoveis-sem-invasivo-litoral-2026.html,../bairros/index.html,interno_relativo,,,,
blog/fluxo-captacao-imoveis-sem-invasivo-litoral-2026.html,../sitemap.xml,interno_relativo,,,,
blog/follow-up-automatico-para-cananeia-cananeia.html,../servicos.html,interno_relativo,,,,
blog/follow-up-automatico-para-cananeia-cananeia.html,../education/cursos/index.html,interno_relativo,,,,
blog/follow-up-automatico-para-cananeia-cananeia.html,../cidades/santos.html,interno_relativo,,,,
blog/follow-up-automatico-para-cananeia-cananeia.html,../bairros/index.html,interno_relativo,,,,
blog/follow-up-automatico-para-cananeia-cananeia.html,../sitemap.xml,interno_relativo,,,,
blog/follow-up-automatico-para-caraguatatuba-caraguatatuba.html,../servicos.html,interno_relativo,,,,
blog/follow-up-automatico-para-caraguatatuba-caraguatatuba.html,../education/cursos/index.html,interno_relativo,,,,
blog/follow-up-automatico-para-caraguatatuba-caraguatatuba.html,../cidades/santos.html,interno_relativo,,,,
blog/follow-up-automatico-para-caraguatatuba-caraguatatuba.html,../bairros/index.html,interno_relativo,,,,
blog/follow-up-automatico-para-caraguatatuba-caraguatatuba.html,../sitemap.xml,interno_relativo,,,,
blog/follow-up-automatico-para-ilhabela-ilhabela.html,../servicos.html,interno_relativo,,,,
blog/follow-up-automatico-para-ilhabela-ilhabela.html,../education/cursos/index.html,interno_relativo,,,,
blog/follow-up-automatico-para-ilhabela-ilhabela.html,../cidades/santos.html,interno_relativo,,,,
blog/follow-up-automatico-para-ilhabela-ilhabela.html,../bairros/index.html,interno_relativo,,,,
blog/follow-up-automatico-para-ilhabela-ilhabela.html,../sitemap.xml,interno_relativo,,,,
blog/follow-up-automatico-para-sao-sebastiao-sao-sebastiao.html,../servicos.html,interno_relativo,,,,
blog/follow-up-automatico-para-sao-sebastiao-sao-sebastiao.html,../education/cursos/index.html,interno_relativo,,,,
blog/follow-up-automatico-para-sao-sebastiao-sao-sebastiao.html,../cidades/santos.html,interno_relativo,,,,
blog/follow-up-automatico-para-sao-sebastiao-sao-sebastiao.html,../bairros/index.html,interno_relativo,,,,
blog/follow-up-automatico-para-sao-sebastiao-sao-sebastiao.html,../sitemap.xml,interno_relativo,,,,
blog/follow-up-automatico-para-ubatuba-ubatuba.html,../servicos.html,interno_relativo,,,,
blog/follow-up-automatico-para-ubatuba-ubatuba.html,../education/cursos/index.html,interno_relativo,,,,
blog/follow-up-automatico-para-ubatuba-ubatuba.html,../cidades/santos.html,interno_relativo,,,,
blog/follow-up-automatico-para-ubatuba-ubatuba.html,../bairros/index.html,interno_relativo,,,,
blog/follow-up-automatico-para-ubatuba-ubatuba.html,../sitemap.xml,interno_relativo,,,,
blog/follow-up-corretores-litoral-sequencias-prontas-2026.html,../servicos.html,interno_relativo,,,,
blog/follow-up-corretores-litoral-sequencias-prontas-2026.html,../education/cursos/index.html,interno_relativo,,,,
blog/follow-up-corretores-litoral-sequencias-prontas-2026.html,../cidades/santos.html,interno_relativo,,,,
blog/follow-up-corretores-litoral-sequencias-prontas-2026.html,../bairros/index.html,interno_relativo,,,,
blog/follow-up-corretores-litoral-sequencias-prontas-2026.html,../sitemap.xml,interno_relativo,,,,
blog/follow-up-leads-imobiliaria-2026.html,../servicos.html,interno_relativo,,,,
blog/follow-up-leads-imobiliaria-2026.html,../education/cursos/index.html,interno_relativo,,,,
blog/follow-up-leads-imobiliaria-2026.html,../cidades/santos.html,interno_relativo,,,,
blog/follow-up-leads-imobiliaria-2026.html,../bairros/index.html,interno_relativo,,,,
blog/follow-up-leads-imobiliaria-2026.html,../sitemap.xml,interno_relativo,,,,
blog/followup-automatico-corretores-litoral-2026.html,../servicos.html,interno_relativo,,,,
blog/followup-automatico-corretores-litoral-2026.html,../education/cursos/index.html,interno_relativo,,,,
blog/followup-automatico-corretores-litoral-2026.html,../cidades/santos.html,interno_relativo,,,,
blog/followup-automatico-corretores-litoral-2026.html,../bairros/index.html,interno_relativo,,,,
blog/followup-automatico-corretores-litoral-2026.html,../sitemap.xml,interno_relativo,,,,
blog/followup-automatico-imobiliarias-litoral-2026.html,../servicos.html,interno_relativo,,,,
blog/followup-automatico-imobiliarias-litoral-2026.html,../education/cursos/index.html,interno_relativo,,,,
blog/followup-automatico-imobiliarias-litoral-2026.html,../cidades/santos.html,interno_relativo,,,,
blog/followup-automatico-imobiliarias-litoral-2026.html,../bairros/index.html,interno_relativo,,,,
blog/followup-automatico-imobiliarias-litoral-2026.html,../sitemap.xml,interno_relativo,,,,
blog/followup-leads-primeiro-contato-fechamento-2026.html,../crm-para-corretores-primeiro-contato-fechamento.html,interno_relativo,,,,
blog/followup-leads-primeiro-contato-fechamento-2026.html,../roteiro-whatsapp-corretores-litoral-paulista-primeiro-contato-fechamento-2026.html,interno_relativo,,,,
blog/followup-pos-visita-fechamento-litoral-2026-08-08.html,../sitemap.xml,interno_relativo,,,,
blog/followup-pos-visita-fechamento-litoral-2026-08-08.html,../servicos.html,interno_relativo,,,,
blog/followup-pos-visita-fechamento-litoral-2026-08-08.html,../education/cursos/index.html,interno_relativo,,,,
blog/followup-pos-visita-fechamento-litoral-2026-08-08.html,../cidades/santos.html,interno_relativo,,,,
blog/followup-pos-visita-fechamento-litoral-2026-08-08.html,../bairros/index.html,interno_relativo,,,,
blog/followup-pos-visita-litoral-2026.html,../sitemap.xml,interno_relativo,,,,
blog/followup-pos-visita-litoral-2026.html,../servicos.html,interno_relativo,,,,
blog/followup-pos-visita-litoral-2026.html,../education/cursos/index.html,interno_relativo,,,,
blog/followup-pos-visita-litoral-2026.html,../cidades/santos.html,interno_relativo,,,,
blog/followup-pos-visita-litoral-2026.html,../bairros/index.html,interno_relativo,,,,
blog/followup-pos-visita-sem-insistencia-litoral-2026.html,/,interno_absoluto,,,,
blog/followup-pos-visita-sem-insistencia-litoral-2026.html,../servicos.html,interno_relativo,,,,
blog/followup-pos-visita-sem-insistencia-litoral-2026.html,../education/cursos/index.html,interno_relativo,,,,
blog/followup-pos-visita-sem-insistencia-litoral-2026.html,../cidades/santos.html,interno_relativo,,,,
blog/followup-pos-visita-sem-insistencia-litoral-2026.html,../bairros/index.html,interno_relativo,,,,
blog/followup-pos-visita-sem-insistencia-litoral-2026.html,../sitemap.xml,interno_relativo,,,,
blog/followup-proprietarios-temporada-luxo-litoral-2026.html,gestao-temporada-imoveis-luxo-litoral-2026.html,interno_relativo,,,,
blog/followup-proprietarios-temporada-luxo-litoral-2026.html,prospeccao-proprietarios-imoveis-luxo-litoral-2026.html,interno_relativo,,,,
blog/followup-proprietarios-temporada-luxo-litoral-2026.html,../servicos.html,interno_relativo,,,,
blog/followup-proprietarios-temporada-luxo-litoral-2026.html,../education/cursos/index.html,interno_relativo,,,,
blog/followup-proprietarios-temporada-luxo-litoral-2026.html,../cidades/santos.html,interno_relativo,,,,
blog/followup-proprietarios-temporada-luxo-litoral-2026.html,../bairros/index.html,interno_relativo,,,,
blog/followup-proprietarios-temporada-luxo-litoral-2026.html,../sitemap.xml,interno_relativo,,,,
blog/followup-whatsapp-corretores-litoral-2026.html,automacao-follow-up-corretores-litoral-2026.html,interno_relativo,,,,
blog/followup-whatsapp-corretores-litoral-2026.html,../checklist-followup-corretores-litoral.md,interno_relativo,,,,
blog/followup-whatsapp-corretores-litoral-2026.html,../servicos.html,interno_relativo,,,,
blog/followup-whatsapp-corretores-litoral-2026.html,../education/cursos/index.html,interno_relativo,,,,
blog/followup-whatsapp-corretores-litoral-2026.html,../cidades/santos.html,interno_relativo,,,,
blog/followup-whatsapp-corretores-litoral-2026.html,../bairros/index.html,interno_relativo,,,,
blog/followup-whatsapp-corretores-litoral-2026.html,../sitemap.xml,interno_relativo,,,,
blog/formulario-captura-leads-imobiliarias-litoral-2026.html,../servicos.html,interno_relativo,,,,
blog/formulario-captura-leads-imobiliarias-litoral-2026.html,../education/cursos/index.html,interno_relativo,,,,
blog/formulario-captura-leads-imobiliarias-litoral-2026.html,../cidades/santos.html,interno_relativo,,,,
blog/formulario-captura-leads-imobiliarias-litoral-2026.html,../bairros/index.html,interno_relativo,,,,
blog/formulario-captura-leads-imobiliarias-litoral-2026.html,../sitemap.xml,interno_relativo,,,,
blog/foto-profissional-imoveis-litoral-2026.html,../servicos.html,interno_relativo,,,,
blog/foto-profissional-imoveis-litoral-2026.html,../education/cursos/index.html,interno_relativo,,,,
blog/foto-profissional-imoveis-litoral-2026.html,../cidades/santos.html,interno_relativo,,,,
blog/foto-profissional-imoveis-litoral-2026.html,../bairros/index.html,interno_relativo,,,,
blog/foto-profissional-imoveis-litoral-2026.html,../sitemap.xml,interno_relativo,,,,
blog/fotografar-imovel-venda-conversao.html,../servicos.html,interno_relativo,,,,
blog/fotografar-imovel-venda-conversao.html,../education/cursos/index.html,interno_relativo,,,,
blog/fotografar-imovel-venda-conversao.html,../cidades/santos.html,interno_relativo,,,,
blog/fotografar-imovel-venda-conversao.html,../bairros/index.html,interno_relativo,,,,
blog/fotografar-imovel-venda-conversao.html,../sitemap.xml,interno_relativo,,,,
blog/fotografia-aerea-drone-imoveis-litoral.html,../sitemap.xml,interno_relativo,,,,
blog/fotografia-aerea-drone-imoveis-litoral.html,../servicos.html,interno_relativo,,,,
blog/fotografia-aerea-drone-imoveis-litoral.html,../education/cursos/index.html,interno_relativo,,,,
blog/fotografia-aerea-drone-imoveis-litoral.html,../cidades/santos.html,interno_relativo,,,,
blog/fotografia-aerea-drone-imoveis-litoral.html,../bairros/index.html,interno_relativo,,,,
blog/fotografia-anuncios-imoveis-gratis-2026.html,laudo-fotografico-gratis-imoveis-2026.html,interno_relativo,,,,
blog/fotografia-anuncios-imoveis-gratis-2026.html,checklist-avaliacao-imovel-download-2026.html,interno_relativo,,,,
blog/fotografia-anuncios-imoveis-gratis-2026.html,../servicos.html,interno_relativo,,,,
blog/fotografia-anuncios-imoveis-gratis-2026.html,../education/cursos/index.html,interno_relativo,,,,
blog/fotografia-anuncios-imoveis-gratis-2026.html,../cidades/santos.html,interno_relativo,,,,
blog/fotografia-anuncios-imoveis-gratis-2026.html,../bairros/index.html,interno_relativo,,,,
blog/fotografia-anuncios-imoveis-gratis-2026.html,../sitemap.xml,interno_relativo,,,,
blog/fotografia-imoveis-praia-dicas-2026.html,../servicos.html,interno_relativo,,,,
blog/fotografia-imoveis-praia-dicas-2026.html,../education/cursos/index.html,interno_relativo,,,,
blog/fotografia-imoveis-praia-dicas-2026.html,../cidades/santos.html,interno_relativo,,,,
blog/fotografia-imoveis-praia-dicas-2026.html,../bairros/index.html,interno_relativo,,,,
blog/fotografia-imoveis-praia-dicas-2026.html,../sitemap.xml,interno_relativo,,,,
blog/fotografia-imoveis-venda-temporada-litoral-2026.html,../servicos.html,interno_relativo,,,,
blog/fotografia-imoveis-venda-temporada-litoral-2026.html,../education/cursos/index.html,interno_relativo,,,,
blog/fotografia-imoveis-venda-temporada-litoral-2026.html,../cidades/santos.html,interno_relativo,,,,
blog/fotografia-imoveis-venda-temporada-litoral-2026.html,../bairros/index.html,interno_relativo,,,,
blog/fotografia-imoveis-venda-temporada-litoral-2026.html,../sitemap.xml,interno_relativo,,,,
blog/fotos-imovel-venda-rapida-2026.html,../servicos.html,interno_relativo,,,,
blog/fotos-imovel-venda-rapida-2026.html,../education/cursos/index.html,interno_relativo,,,,
blog/fotos-imovel-venda-rapida-2026.html,../cidades/santos.html,interno_relativo,,,,
blog/fotos-imovel-venda-rapida-2026.html,../bairros/index.html,interno_relativo,,,,
blog/fotos-imovel-venda-rapida-2026.html,../sitemap.xml,interno_relativo,,,,
blog/framework-captacao-ia-imobiliaria-litoral-paulista.html,/,interno_absoluto,,,,
blog/framework-captacao-ia-imobiliaria-litoral-paulista.html,../sitemap.xml,interno_relativo,,,,
blog/framework-captacao-ia-imobiliaria-litoral-paulista.html,../servicos.html,interno_relativo,,,,
blog/framework-captacao-ia-imobiliaria-litoral-paulista.html,../education/cursos/index.html,interno_relativo,,,,
blog/framework-captacao-ia-imobiliaria-litoral-paulista.html,../cidades/santos.html,interno_relativo,,,,
blog/framework-captacao-ia-imobiliaria-litoral-paulista.html,../bairros/index.html,interno_relativo,,,,
blog/framework-captacao-imoveis-litoral.html,/,interno_absoluto,,,,
blog/framework-captacao-imoveis-litoral.html,../sitemap.xml,interno_relativo,,,,
blog/framework-captacao-imoveis-litoral.html,../servicos.html,interno_relativo,,,,
blog/framework-captacao-imoveis-litoral.html,../education/cursos/index.html,interno_relativo,,,,
blog/framework-captacao-imoveis-litoral.html,../cidades/santos.html,interno_relativo,,,,
blog/framework-captacao-imoveis-litoral.html,../bairros/index.html,interno_relativo,,,,
blog/framework-onboarding-imobiliaria-digital-2026.html,../sitemap.xml,interno_relativo,,,,
blog/framework-onboarding-imobiliaria-digital-2026.html,../servicos.html,interno_relativo,,,,
blog/framework-onboarding-imobiliaria-digital-2026.html,../education/cursos/index.html,interno_relativo,,,,
blog/framework-onboarding-imobiliaria-digital-2026.html,../cidades/santos.html,interno_relativo,,,,
blog/framework-onboarding-imobiliaria-digital-2026.html,../bairros/index.html,interno_relativo,,,,
blog/funil-anuncios-lancamentos-litoral-paulista-2026.html,../marketing-lancamentos-imobiliarios-litoral-paulista-2026.html,interno_relativo,,,,
blog/funil-anuncios-lancamentos-litoral-paulista-2026.html,../meta-ads-imobiliarias-litoral-facebook-instagram-2026.html,interno_relativo,,,,
blog/funil-captacao-imobiliarias-litoral-2026.html,ctas-convertem-imoveis-litoral-2026.html,interno_relativo,,,,
blog/funil-captacao-imobiliarias-litoral-2026.html,captar-leads-site-gratuito-imobiliarias-litoral-2026.html,interno_relativo,,,,
blog/funil-captacao-imobiliarias-litoral-2026.html,../servicos.html,interno_relativo,,,,
blog/funil-captacao-imobiliarias-litoral-2026.html,../education/cursos/index.html,interno_relativo,,,,
blog/funil-captacao-imobiliarias-litoral-2026.html,../cidades/santos.html,interno_relativo,,,,
blog/funil-captacao-imobiliarias-litoral-2026.html,../bairros/index.html,interno_relativo,,,,
blog/funil-captacao-imobiliarias-litoral-2026.html,../sitemap.xml,interno_relativo,,,,
blog/funil-de-vendas-em-imobiliarias-pequenas-litoral-paulista-em-santos-2026-07-12.html,../servicos.html,interno_relativo,,,,
blog/funil-de-vendas-em-imobiliarias-pequenas-litoral-paulista-em-santos-2026-07-12.html,../education/cursos/index.html,interno_relativo,,,,
blog/funil-de-vendas-em-imobiliarias-pequenas-litoral-paulista-em-santos-2026-07-12.html,../cidades/santos.html,interno_relativo,,,,
blog/funil-de-vendas-em-imobiliarias-pequenas-litoral-paulista-em-santos-2026-07-12.html,../bairros/index.html,interno_relativo,,,,
blog/funil-de-vendas-em-imobiliarias-pequenas-litoral-paulista-em-santos-2026-07-12.html,../sitemap.xml,interno_relativo,,,,
blog/funil-vendas-imobiliaria-litoral-2026.html,../servicos.html,interno_relativo,,,,
blog/funil-vendas-imobiliaria-litoral-2026.html,../education/cursos/index.html,interno_relativo,,,,
blog/funil-vendas-imobiliaria-litoral-2026.html,../cidades/santos.html,interno_relativo,,,,
blog/funil-vendas-imobiliaria-litoral-2026.html,../bairros/index.html,interno_relativo,,,,
blog/funil-vendas-imobiliaria-litoral-2026.html,../sitemap.xml,interno_relativo,,,,
blog/funil-vendas-imobiliario-litoral-digital-2026.html,../email-marketing-imobiliarias-litoral-relacionamento-2026.html,interno_relativo,,,,
blog/funil-vendas-imobiliario-litoral-digital-2026.html,../google-ads-imobiliarias-litoral-paulista-campanhas-2026.html,interno_relativo,,,,
blog/funil-vendas-imoveis-litoral-2026.html,../servicos.html,interno_relativo,,,,
blog/funil-vendas-imoveis-litoral-2026.html,../education/cursos/index.html,interno_relativo,,,,
blog/funil-vendas-imoveis-litoral-2026.html,../cidades/santos.html,interno_relativo,,,,
blog/funil-vendas-imoveis-litoral-2026.html,../bairros/index.html,interno_relativo,,,,
blog/funil-vendas-imoveis-litoral-2026.html,../sitemap.xml,interno_relativo,,,,
blog/funil-vendas-instagram-imobiliarias-litoral-2026.html,instagram-vender-imoveis-litoral-paulista-2026.html,interno_relativo,,,,
blog/funil-vendas-instagram-imobiliarias-litoral-2026.html,captacao-leads-digitais-litoral-2026.html,interno_relativo,,,,
blog/funil-vendas-instagram-imobiliarias-litoral-2026.html,../servicos.html,interno_relativo,,,,
blog/funil-vendas-instagram-imobiliarias-litoral-2026.html,../education/cursos/index.html,interno_relativo,,,,
blog/funil-vendas-instagram-imobiliarias-litoral-2026.html,../cidades/santos.html,interno_relativo,,,,
blog/funil-vendas-instagram-imobiliarias-litoral-2026.html,../bairros/index.html,interno_relativo,,,,
blog/funil-vendas-instagram-imobiliarias-litoral-2026.html,../sitemap.xml,interno_relativo,,,,
blog/funil-vendas-pequenas-imobiliarias-litoral-2026.html,../servicos.html,interno_relativo,,,,
blog/funil-vendas-pequenas-imobiliarias-litoral-2026.html,../education/cursos/index.html,interno_relativo,,,,
blog/funil-vendas-pequenas-imobiliarias-litoral-2026.html,../cidades/santos.html,interno_relativo,,,,
blog/funil-vendas-pequenas-imobiliarias-litoral-2026.html,../bairros/index.html,interno_relativo,,,,
blog/funil-vendas-pequenas-imobiliarias-litoral-2026.html,../sitemap.xml,interno_relativo,,,,
blog/galpoes-logisticos-litoral-paulista-2026.html,../servicos.html,interno_relativo,,,,
blog/galpoes-logisticos-litoral-paulista-2026.html,../education/cursos/index.html,interno_relativo,,,,
blog/galpoes-logisticos-litoral-paulista-2026.html,../cidades/santos.html,interno_relativo,,,,
blog/galpoes-logisticos-litoral-paulista-2026.html,../bairros/index.html,interno_relativo,,,,
blog/galpoes-logisticos-litoral-paulista-2026.html,../sitemap.xml,interno_relativo,,,,
blog/garopaca-surf-quietude-2026-sc-2026-07-14.html,../servicos.html,interno_relativo,,,,
blog/garopaca-surf-quietude-2026-sc-2026-07-14.html,../education/cursos/index.html,interno_relativo,,,,
blog/garopaca-surf-quietude-2026-sc-2026-07-14.html,../cidades/santos.html,interno_relativo,,,,
blog/garopaca-surf-quietude-2026-sc-2026-07-14.html,../bairros/index.html,interno_relativo,,,,
blog/garopaca-surf-quietude-2026-sc-2026-07-14.html,../sitemap.xml,interno_relativo,,,,
blog/gastronomia-litoral-paulista-roteiros-imoveis-2026.html,../servicos.html,interno_relativo,,,,
blog/gastronomia-litoral-paulista-roteiros-imoveis-2026.html,../education/cursos/index.html,interno_relativo,,,,
blog/gastronomia-litoral-paulista-roteiros-imoveis-2026.html,../cidades/santos.html,interno_relativo,,,,
blog/gastronomia-litoral-paulista-roteiros-imoveis-2026.html,../bairros/index.html,interno_relativo,,,,
blog/gastronomia-litoral-paulista-roteiros-imoveis-2026.html,../sitemap.xml,interno_relativo,,,,
blog/gatilhos-mentais-corretores-litoral-2026.html,../servicos.html,interno_relativo,,,,
blog/gatilhos-mentais-corretores-litoral-2026.html,../education/cursos/index.html,interno_relativo,,,,
blog/gatilhos-mentais-corretores-litoral-2026.html,../cidades/santos.html,interno_relativo,,,,
blog/gatilhos-mentais-corretores-litoral-2026.html,../bairros/index.html,interno_relativo,,,,
blog/gatilhos-mentais-corretores-litoral-2026.html,../sitemap.xml,interno_relativo,,,,
blog/geracao-automatica-descricoes-anuncios-2026.html,../sitemap.xml,interno_relativo,,,,
blog/geracao-automatica-descricoes-anuncios-2026.html,../servicos.html,interno_relativo,,,,
blog/geracao-automatica-descricoes-anuncios-2026.html,../education/cursos/index.html,interno_relativo,,,,
blog/geracao-automatica-descricoes-anuncios-2026.html,../cidades/santos.html,interno_relativo,,,,
blog/geracao-automatica-descricoes-anuncios-2026.html,../bairros/index.html,interno_relativo,,,,
blog/geracao-automatica-descricoes-anuncios-litoral-2026-07-24.html,../sitemap.xml,interno_relativo,,,,
blog/geracao-automatica-descricoes-anuncios-litoral-2026-07-24.html,../servicos.html,interno_relativo,,,,
blog/geracao-automatica-descricoes-anuncios-litoral-2026-07-24.html,../education/cursos/index.html,interno_relativo,,,,
blog/geracao-automatica-descricoes-anuncios-litoral-2026-07-24.html,../cidades/santos.html,interno_relativo,,,,
blog/geracao-automatica-descricoes-anuncios-litoral-2026-07-24.html,../bairros/index.html,interno_relativo,,,,
blog/geracao-automatica-descricoes-imobiliarias-litoral-2026.html,../servicos.html,interno_relativo,,,,
blog/geracao-automatica-descricoes-imobiliarias-litoral-2026.html,../education/cursos/index.html,interno_relativo,,,,
blog/geracao-automatica-descricoes-imobiliarias-litoral-2026.html,../cidades/santos.html,interno_relativo,,,,
blog/geracao-automatica-descricoes-imobiliarias-litoral-2026.html,../bairros/index.html,interno_relativo,,,,
blog/geracao-automatica-descricoes-imobiliarias-litoral-2026.html,../sitemap.xml,interno_relativo,,,,
blog/geracao-descricoes-anuncios-ia.html,../sitemap.xml,interno_relativo,,,,
blog/geracao-descricoes-anuncios-ia.html,../servicos.html,interno_relativo,,,,
blog/geracao-descricoes-anuncios-ia.html,../education/cursos/index.html,interno_relativo,,,,
blog/geracao-descricoes-anuncios-ia.html,../cidades/santos.html,interno_relativo,,,,
blog/geracao-descricoes-anuncios-ia.html,../bairros/index.html,interno_relativo,,,,
blog/geracao-descricoes-anuncios-imoveis-2026.html,../servicos.html,interno_relativo,,,,
blog/geracao-descricoes-anuncios-imoveis-2026.html,../education/cursos/index.html,interno_relativo,,,,
blog/geracao-descricoes-anuncios-imoveis-2026.html,../cidades/santos.html,interno_relativo,,,,
blog/geracao-descricoes-anuncios-imoveis-2026.html,../bairros/index.html,interno_relativo,,,,
blog/geracao-descricoes-anuncios-imoveis-2026.html,../sitemap.xml,interno_relativo,,,,
blog/geracao-descricoes-ia-imoveis-litoral-paulista-2026.html,../servicos.html,interno_relativo,,,,
blog/geracao-descricoes-ia-imoveis-litoral-paulista-2026.html,../education/cursos/index.html,interno_relativo,,,,
blog/geracao-descricoes-ia-imoveis-litoral-paulista-2026.html,../cidades/santos.html,interno_relativo,,,,
blog/geracao-descricoes-ia-imoveis-litoral-paulista-2026.html,../bairros/index.html,interno_relativo,,,,
blog/geracao-descricoes-ia-imoveis-litoral-paulista-2026.html,../sitemap.xml,interno_relativo,,,,
blog/geracao-leads-alta-temporada-litoral.html,/,interno_absoluto,,,,
blog/geracao-leads-alta-temporada-litoral.html,../sitemap.xml,interno_relativo,,,,
blog/geracao-leads-alta-temporada-litoral.html,../servicos.html,interno_relativo,,,,
blog/geracao-leads-alta-temporada-litoral.html,../education/cursos/index.html,interno_relativo,,,,
blog/geracao-leads-alta-temporada-litoral.html,../cidades/santos.html,interno_relativo,,,,
blog/geracao-leads-alta-temporada-litoral.html,../bairros/index.html,interno_relativo,,,,
blog/geracao-leads-imobiliarias-litoral-paulista-2026.html,../servicos.html,interno_relativo,,,,
blog/geracao-leads-imobiliarias-litoral-paulista-2026.html,../education/cursos/index.html,interno_relativo,,,,
blog/geracao-leads-imobiliarias-litoral-paulista-2026.html,../cidades/santos.html,interno_relativo,,,,
blog/geracao-leads-imobiliarias-litoral-paulista-2026.html,../bairros/index.html,interno_relativo,,,,
blog/geracao-leads-imobiliarias-litoral-paulista-2026.html,../sitemap.xml,interno_relativo,,,,
blog/geracao-leads-qualificados-temporada-litoral-2026.html,../servicos.html,interno_relativo,,,,
blog/geracao-leads-qualificados-temporada-litoral-2026.html,../education/cursos/index.html,interno_relativo,,,,
blog/geracao-leads-qualificados-temporada-litoral-2026.html,../cidades/santos.html,interno_relativo,,,,
blog/geracao-leads-qualificados-temporada-litoral-2026.html,../bairros/index.html,interno_relativo,,,,
blog/geracao-leads-qualificados-temporada-litoral-2026.html,../sitemap.xml,interno_relativo,,,,
blog/gestao-aluguel-temporada-iniciantes-passo-passo-litoral-2026.html,../gestao-temporada-checkin-checkout-sem-dor-2026.html,interno_relativo,,,,
blog/gestao-aluguel-temporada-litoral-checklist-2026.html,../servicos.html,interno_relativo,,,,
blog/gestao-aluguel-temporada-litoral-checklist-2026.html,../education/cursos/index.html,interno_relativo,,,,
blog/gestao-aluguel-temporada-litoral-checklist-2026.html,../cidades/santos.html,interno_relativo,,,,
blog/gestao-aluguel-temporada-litoral-checklist-2026.html,../bairros/index.html,interno_relativo,,,,
blog/gestao-aluguel-temporada-litoral-checklist-2026.html,../sitemap.xml,interno_relativo,,,,
blog/gestao-avaliacoes-imoveis-litoral-2026.html,../servicos.html,interno_relativo,,,,
blog/gestao-avaliacoes-imoveis-litoral-2026.html,../education/cursos/index.html,interno_relativo,,,,
blog/gestao-avaliacoes-imoveis-litoral-2026.html,../cidades/santos.html,interno_relativo,,,,
blog/gestao-avaliacoes-imoveis-litoral-2026.html,../bairros/index.html,interno_relativo,,,,
blog/gestao-avaliacoes-imoveis-litoral-2026.html,../sitemap.xml,interno_relativo,,,,
blog/gestao-carteira-corretores-autonomos-2026.html,../servicos.html,interno_relativo,,,,
blog/gestao-carteira-corretores-autonomos-2026.html,../education/cursos/index.html,interno_relativo,,,,
blog/gestao-carteira-corretores-autonomos-2026.html,../cidades/santos.html,interno_relativo,,,,
blog/gestao-carteira-corretores-autonomos-2026.html,../bairros/index.html,interno_relativo,,,,
blog/gestao-carteira-corretores-autonomos-2026.html,../sitemap.xml,interno_relativo,,,,
blog/gestao-carteira-imoveis-corretores-litoral-2026.html,../servicos.html,interno_relativo,,,,
blog/gestao-carteira-imoveis-corretores-litoral-2026.html,../education/cursos/index.html,interno_relativo,,,,
blog/gestao-carteira-imoveis-corretores-litoral-2026.html,../cidades/santos.html,interno_relativo,,,,
blog/gestao-carteira-imoveis-corretores-litoral-2026.html,../bairros/index.html,interno_relativo,,,,
blog/gestao-carteira-imoveis-corretores-litoral-2026.html,../sitemap.xml,interno_relativo,,,,
blog/gestao-carteira-imoveis-litoral-2026.html,../cases/case-imobiliaria-porto-da-lua-35-leads-2026.html,interno_relativo,,,,
blog/gestao-carteira-imoveis-litoral-2026.html,../seo-local-imobiliaria-litoral-passo-a-passo-2026-08-11.html,interno_relativo,,,,
blog/gestao-carteira-imoveis-litoral-2026.html,../captacao-imoveis-sem-anuncios-pagos-corretores-litoral-2026.html,interno_relativo,,,,
blog/gestao-carteira-imoveis-litoral-2026.html,../aluguel-por-temporada-dicas-proprietarios-2026.html,interno_relativo,,,,
blog/gestao-carteira-imoveis-litoral-2026.html,../servicos.html,interno_relativo,,,,
blog/gestao-carteira-imoveis-litoral-2026.html,../education/cursos/index.html,interno_relativo,,,,
blog/gestao-carteira-imoveis-litoral-2026.html,../cidades/santos.html,interno_relativo,,,,
blog/gestao-carteira-imoveis-litoral-2026.html,../bairros/index.html,interno_relativo,,,,
blog/gestao-carteira-imoveis-litoral-2026.html,../sitemap.xml,interno_relativo,,,,
blog/gestao-carteira-imoveis-temporada-litoral-2026.html,../servicos.html,interno_relativo,,,,
blog/gestao-carteira-imoveis-temporada-litoral-2026.html,../education/cursos/index.html,interno_relativo,,,,
blog/gestao-carteira-imoveis-temporada-litoral-2026.html,../cidades/santos.html,interno_relativo,,,,
blog/gestao-carteira-imoveis-temporada-litoral-2026.html,../bairros/index.html,interno_relativo,,,,
blog/gestao-carteira-imoveis-temporada-litoral-2026.html,../sitemap.xml,interno_relativo,,,,
blog/gestao-condominio-clube-renda.html,../servicos.html,interno_relativo,,,,
blog/gestao-condominio-clube-renda.html,../education/cursos/index.html,interno_relativo,,,,
blog/gestao-condominio-clube-renda.html,../cidades/santos.html,interno_relativo,,,,
blog/gestao-condominio-clube-renda.html,../bairros/index.html,interno_relativo,,,,
blog/gestao-condominio-clube-renda.html,../sitemap.xml,interno_relativo,,,,
blog/gestao-contratos-imobiliarias-litoral-2026.html,../servicos.html,interno_relativo,,,,
blog/gestao-contratos-imobiliarias-litoral-2026.html,../education/cursos/index.html,interno_relativo,,,,
blog/gestao-contratos-imobiliarias-litoral-2026.html,../cidades/santos.html,interno_relativo,,,,
blog/gestao-contratos-imobiliarias-litoral-2026.html,../bairros/index.html,interno_relativo,,,,
blog/gestao-contratos-imobiliarias-litoral-2026.html,../sitemap.xml,interno_relativo,,,,
blog/gestao-crise-imobiliaria-litoral-conflitos-resolucao-2026.html,../gestao-contratos-imobiliarias-litoral-2026.html,interno_relativo,,,,
blog/gestao-crise-imobiliaria-litoral-conflitos-resolucao-2026.html,../clima-organizacional-imobiliarias-litoral-2026.html,interno_relativo,,,,
blog/gestao-de-indicadores-imobiliarios-sem-planilha-complicada-em-mongaguá-2026-07-12.html,../servicos.html,interno_relativo,,,,
blog/gestao-de-indicadores-imobiliarios-sem-planilha-complicada-em-mongaguá-2026-07-12.html,../education/cursos/index.html,interno_relativo,,,,
blog/gestao-de-indicadores-imobiliarios-sem-planilha-complicada-em-mongaguá-2026-07-12.html,../cidades/santos.html,interno_relativo,,,,
blog/gestao-de-indicadores-imobiliarios-sem-planilha-complicada-em-mongaguá-2026-07-12.html,../bairros/index.html,interno_relativo,,,,
blog/gestao-de-indicadores-imobiliarios-sem-planilha-complicada-em-mongaguá-2026-07-12.html,../sitemap.xml,interno_relativo,,,,
blog/gestao-disponibilidade-temporada-litoral-2026.html,../servicos.html,interno_relativo,,,,
blog/gestao-disponibilidade-temporada-litoral-2026.html,../education/cursos/index.html,interno_relativo,,,,
blog/gestao-disponibilidade-temporada-litoral-2026.html,../cidades/santos.html,interno_relativo,,,,
blog/gestao-disponibilidade-temporada-litoral-2026.html,../bairros/index.html,interno_relativo,,,,
blog/gestao-disponibilidade-temporada-litoral-2026.html,../sitemap.xml,interno_relativo,,,,
blog/gestao-equipe-corretores-litoral-2026.html,../servicos.html,interno_relativo,,,,
blog/gestao-equipe-corretores-litoral-2026.html,../education/cursos/index.html,interno_relativo,,,,
blog/gestao-equipe-corretores-litoral-2026.html,../cidades/santos.html,interno_relativo,,,,
blog/gestao-equipe-corretores-litoral-2026.html,../bairros/index.html,interno_relativo,,,,
blog/gestao-equipe-corretores-litoral-2026.html,../sitemap.xml,interno_relativo,,,,
blog/gestao-imobiliaria-digital-litoral-2026.html,../servicos.html,interno_relativo,,,,
blog/gestao-imobiliaria-digital-litoral-2026.html,../education/cursos/index.html,interno_relativo,,,,
blog/gestao-imobiliaria-digital-litoral-2026.html,../cidades/santos.html,interno_relativo,,,,
blog/gestao-imobiliaria-digital-litoral-2026.html,../bairros/index.html,interno_relativo,,,,
blog/gestao-imobiliaria-digital-litoral-2026.html,../sitemap.xml,interno_relativo,,,,
blog/gestao-imobiliaria-litoral-equipe-processos-2026.html,../metas-okr-imobiliarias-litoral-pratico-2026.html,interno_relativo,,,,
blog/gestao-imobiliaria-litoral-equipe-processos-2026.html,../analise-dados-imobiliarias-litoral-pratico-2026.html,interno_relativo,,,,
blog/gestao-imoveis-temporada-litoral-2026.html,../sitemap.xml,interno_relativo,,,,
blog/gestao-imoveis-temporada-litoral-2026.html,../servicos.html,interno_relativo,,,,
blog/gestao-imoveis-temporada-litoral-2026.html,../education/cursos/index.html,interno_relativo,,,,
blog/gestao-imoveis-temporada-litoral-2026.html,../cidades/santos.html,interno_relativo,,,,
blog/gestao-imoveis-temporada-litoral-2026.html,../bairros/index.html,interno_relativo,,,,
blog/gestao-imoveis-temporada-litoral-paulista-guia-2026.html,../servicos.html,interno_relativo,,,,
blog/gestao-imoveis-temporada-litoral-paulista-guia-2026.html,../education/cursos/index.html,interno_relativo,,,,
blog/gestao-imoveis-temporada-litoral-paulista-guia-2026.html,../cidades/santos.html,interno_relativo,,,,
blog/gestao-imoveis-temporada-litoral-paulista-guia-2026.html,../bairros/index.html,interno_relativo,,,,
blog/gestao-imoveis-temporada-litoral-paulista-guia-2026.html,../sitemap.xml,interno_relativo,,,,
blog/gestao-indicadores-imobiliarios-litoral-dashboard-2026.html,../gestao-imobiliaria-litoral-equipe-processos-2026.html,interno_relativo,,,,
blog/gestao-indicadores-imobiliarios-litoral-dashboard-2026.html,../imobiliaria-litoral-indicadores-desempenho-equipe-2026.html,interno_relativo,,,,
blog/gestao-inovacao-imobiliaria-litoral-tecnologia-2026.html,../gestao-imobiliaria-digital-litoral-2026.html,interno_relativo,,,,
blog/gestao-inovacao-imobiliaria-litoral-tecnologia-2026.html,../marketing-local-imobiliarias-litoral-ia.html,interno_relativo,,,,
blog/gestao-leads-imobiliarias-litoral-2026.html,../servicos.html,interno_relativo,,,,
blog/gestao-leads-imobiliarias-litoral-2026.html,../education/cursos/index.html,interno_relativo,,,,
blog/gestao-leads-imobiliarias-litoral-2026.html,../cidades/santos.html,interno_relativo,,,,
blog/gestao-leads-imobiliarias-litoral-2026.html,../bairros/index.html,interno_relativo,,,,
blog/gestao-leads-imobiliarias-litoral-2026.html,../sitemap.xml,interno_relativo,,,,
blog/gestao-leads-imobiliarias-litoral-paulista-2026.html,../servicos.html,interno_relativo,,,,
blog/gestao-leads-imobiliarias-litoral-paulista-2026.html,../education/cursos/index.html,interno_relativo,,,,
blog/gestao-leads-imobiliarias-litoral-paulista-2026.html,../cidades/santos.html,interno_relativo,,,,
blog/gestao-leads-imobiliarias-litoral-paulista-2026.html,../bairros/index.html,interno_relativo,,,,
blog/gestao-leads-imobiliarias-litoral-paulista-2026.html,../sitemap.xml,interno_relativo,,,,
blog/gestao-locacao-temporada-imoveis-2026.html,../servicos/gestao-imoveis.html,interno_relativo,,,,
blog/gestao-locacao-temporada-imoveis-2026.html,../servicos.html,interno_relativo,,,,
blog/gestao-locacao-temporada-imoveis-2026.html,../education/cursos/index.html,interno_relativo,,,,
blog/gestao-locacao-temporada-imoveis-2026.html,../cidades/santos.html,interno_relativo,,,,
blog/gestao-locacao-temporada-imoveis-2026.html,../bairros/index.html,interno_relativo,,,,
blog/gestao-mudanca-imobiliaria-litoral-transformacao-digital-2026.html,../onboarding-corretores-imobiliarias-litoral-2026.html,interno_relativo,,,,
blog/gestao-mudanca-imobiliaria-litoral-transformacao-digital-2026.html,../clima-organizacional-imobiliarias-litoral-2026.html,interno_relativo,,,,
blog/gestao-multiplas-propriedades-litoral-ferramentas-2026.html,../fluxo-caixa-aluguel-temporada-litoral-2026.html,interno_relativo,,,,
blog/gestao-multiplos-imoveis-temporada-2026.html,../servicos.html,interno_relativo,,,,
blog/gestao-multiplos-imoveis-temporada-2026.html,../education/cursos/index.html,interno_relativo,,,,
blog/gestao-multiplos-imoveis-temporada-2026.html,../cidades/santos.html,interno_relativo,,,,
blog/gestao-multiplos-imoveis-temporada-2026.html,../bairros/index.html,interno_relativo,,,,
blog/gestao-multiplos-imoveis-temporada-2026.html,../sitemap.xml,interno_relativo,,,,
blog/gestao-obra-incorporadoras-litoral-paulista-2026.html,../servicos.html,interno_relativo,,,,
blog/gestao-obra-incorporadoras-litoral-paulista-2026.html,../education/cursos/index.html,interno_relativo,,,,
blog/gestao-obra-incorporadoras-litoral-paulista-2026.html,../cidades/santos.html,interno_relativo,,,,
blog/gestao-obra-incorporadoras-litoral-paulista-2026.html,../bairros/index.html,interno_relativo,,,,
blog/gestao-obra-incorporadoras-litoral-paulista-2026.html,../sitemap.xml,interno_relativo,,,,
blog/gestao-receita-temporada-imobiliarias-litoral-2026.html,/,interno_absoluto,,,,
blog/gestao-receita-temporada-imobiliarias-litoral-2026.html,../servicos.html,interno_relativo,,,,
blog/gestao-receita-temporada-imobiliarias-litoral-2026.html,../education/cursos/index.html,interno_relativo,,,,
blog/gestao-receita-temporada-imobiliarias-litoral-2026.html,../cidades/santos.html,interno_relativo,,,,
blog/gestao-receita-temporada-imobiliarias-litoral-2026.html,../bairros/index.html,interno_relativo,,,,
blog/gestao-receita-temporada-imobiliarias-litoral-2026.html,../sitemap.xml,interno_relativo,,,,
blog/gestao-reservas-temporada-litoral-paulista-2026.html,../servicos.html,interno_relativo,,,,
blog/gestao-reservas-temporada-litoral-paulista-2026.html,../education/cursos/index.html,interno_relativo,,,,
blog/gestao-reservas-temporada-litoral-paulista-2026.html,../cidades/santos.html,interno_relativo,,,,
blog/gestao-reservas-temporada-litoral-paulista-2026.html,../bairros/index.html,interno_relativo,,,,
blog/gestao-reservas-temporada-litoral-paulista-2026.html,../sitemap.xml,interno_relativo,,,,
blog/gestao-risco-imobiliaria-litoral-compliance-2026.html,../gestao-contratos-imobiliarias-litoral-2026.html,interno_relativo,,,,
blog/gestao-risco-imobiliaria-litoral-compliance-2026.html,../documentos-compra-imovel-litoral-sp-checklist-2026.html,interno_relativo,,,,
blog/gestao-tempo-corretores-litoral-paulista-2026.html,../servicos.html,interno_relativo,,,,
blog/gestao-tempo-corretores-litoral-paulista-2026.html,../education/cursos/index.html,interno_relativo,,,,
blog/gestao-tempo-corretores-litoral-paulista-2026.html,../cidades/santos.html,interno_relativo,,,,
blog/gestao-tempo-corretores-litoral-paulista-2026.html,../bairros/index.html,interno_relativo,,,,
blog/gestao-tempo-corretores-litoral-paulista-2026.html,../sitemap.xml,interno_relativo,,,,
blog/gestao-temporada-aluguel-imoveis-guia-pratico-2026.html,../servicos.html,interno_relativo,,,,
blog/gestao-temporada-aluguel-imoveis-guia-pratico-2026.html,../education/cursos/index.html,interno_relativo,,,,
blog/gestao-temporada-aluguel-imoveis-guia-pratico-2026.html,../cidades/santos.html,interno_relativo,,,,
blog/gestao-temporada-aluguel-imoveis-guia-pratico-2026.html,../bairros/index.html,interno_relativo,,,,
blog/gestao-temporada-aluguel-imoveis-guia-pratico-2026.html,../sitemap.xml,interno_relativo,,,,
blog/gestao-temporada-imobiliarias-litoral-2026.html,../servicos.html,interno_relativo,,,,
blog/gestao-temporada-imobiliarias-litoral-2026.html,../education/cursos/index.html,interno_relativo,,,,
blog/gestao-temporada-imobiliarias-litoral-2026.html,../cidades/santos.html,interno_relativo,,,,
blog/gestao-temporada-imobiliarias-litoral-2026.html,../bairros/index.html,interno_relativo,,,,
blog/gestao-temporada-imobiliarias-litoral-2026.html,../sitemap.xml,interno_relativo,,,,
blog/gestao-temporada-imobiliarias-litoral-paulista-2026.html,../servicos.html,interno_relativo,,,,
blog/gestao-temporada-imobiliarias-litoral-paulista-2026.html,../education/cursos/index.html,interno_relativo,,,,
blog/gestao-temporada-imobiliarias-litoral-paulista-2026.html,../cidades/santos.html,interno_relativo,,,,
blog/gestao-temporada-imobiliarias-litoral-paulista-2026.html,../bairros/index.html,interno_relativo,,,,
blog/gestao-temporada-imobiliarias-litoral-paulista-2026.html,../sitemap.xml,interno_relativo,,,,
blog/gestao-temporada-imoveis-luxo-litoral-2026.html,aluguel-temporada-imoveis-luxo-litoral-2026.html,interno_relativo,,,,
blog/gestao-temporada-imoveis-luxo-litoral-2026.html,avaliacao-imoveis-luxo-litoral-2026.html,interno_relativo,,,,
blog/gestao-temporada-imoveis-luxo-litoral-2026.html,../servicos.html,interno_relativo,,,,
blog/gestao-temporada-imoveis-luxo-litoral-2026.html,../education/cursos/index.html,interno_relativo,,,,
blog/gestao-temporada-imoveis-luxo-litoral-2026.html,../cidades/santos.html,interno_relativo,,,,
blog/gestao-temporada-imoveis-luxo-litoral-2026.html,../bairros/index.html,interno_relativo,,,,
blog/gestao-temporada-imoveis-luxo-litoral-2026.html,../sitemap.xml,interno_relativo,,,,
blog/gestao-temporada-sem-dor-de-cabeca-2026-08-01.html,../cases/case-imobiliaria-porto-da-lua-35-leads-2026.html,interno_relativo,,,,
blog/gestao-temporada-sem-dor-de-cabeca-2026-08-01.html,../seo-local-imobiliaria-litoral-passo-a-passo-2026-08-11.html,interno_relativo,,,,
blog/gestao-temporada-sem-dor-de-cabeca-2026-08-01.html,../captacao-imoveis-sem-anuncios-pagos-corretores-litoral-2026.html,interno_relativo,,,,
blog/gestao-temporada-sem-dor-de-cabeca-2026-08-01.html,../aluguel-por-temporada-dicas-proprietarios-2026.html,interno_relativo,,,,
blog/gestao-temporada-sem-dor-de-cabeca-2026-08-01.html,../sitemap.xml,interno_relativo,,,,
blog/gestao-temporada-sem-dor-de-cabeca-2026-08-01.html,../servicos.html,interno_relativo,,,,
blog/gestao-temporada-sem-dor-de-cabeca-2026-08-01.html,../education/cursos/index.html,interno_relativo,,,,
blog/gestao-temporada-sem-dor-de-cabeca-2026-08-01.html,../cidades/santos.html,interno_relativo,,,,
blog/gestao-temporada-sem-dor-de-cabeca-2026-08-01.html,../bairros/index.html,interno_relativo,,,,
blog/golpes-fraudes-imobiliarias-litoral.html,../sitemap.xml,interno_relativo,,,,
blog/golpes-fraudes-imobiliarias-litoral.html,../servicos.html,interno_relativo,,,,
blog/golpes-fraudes-imobiliarias-litoral.html,../education/cursos/index.html,interno_relativo,,,,
blog/golpes-fraudes-imobiliarias-litoral.html,../cidades/santos.html,interno_relativo,,,,
blog/golpes-fraudes-imobiliarias-litoral.html,../bairros/index.html,interno_relativo,,,,
blog/gonzaga-santos-imoveis-oportunidades-2026.html,../servicos.html,interno_relativo,,,,
blog/gonzaga-santos-imoveis-oportunidades-2026.html,../education/cursos/index.html,interno_relativo,,,,
blog/gonzaga-santos-imoveis-oportunidades-2026.html,../cidades/santos.html,interno_relativo,,,,
blog/gonzaga-santos-imoveis-oportunidades-2026.html,../bairros/index.html,interno_relativo,,,,
blog/gonzaga-santos-imoveis-oportunidades-2026.html,../sitemap.xml,interno_relativo,,,,
blog/gonzaga-santos-imoveis-precos-avaliacao-2026.html,../servicos.html,interno_relativo,,,,
blog/gonzaga-santos-imoveis-precos-avaliacao-2026.html,../education/cursos/index.html,interno_relativo,,,,
blog/gonzaga-santos-imoveis-precos-avaliacao-2026.html,../cidades/santos.html,interno_relativo,,,,
blog/gonzaga-santos-imoveis-precos-avaliacao-2026.html,../bairros/index.html,interno_relativo,,,,
blog/gonzaga-santos-imoveis-precos-avaliacao-2026.html,../sitemap.xml,interno_relativo,,,,
blog/google-ads-imobiliarias-litoral-paulista-campanhas-2026.html,../meta-ads-imobiliarias-litoral-facebook-instagram-2026.html,interno_relativo,,,,
blog/google-ads-imobiliarias-litoral-paulista-campanhas-2026.html,../redes-sociais-imobiliarias-litoral-conteudo-2026.html,interno_relativo,,,,
blog/google-ads-leads-internacionais-litoral-paulista-2026.html,seo-internacional-imobiliarias-litoral-paulista-2026.html,interno_relativo,,,,
blog/google-ads-leads-internacionais-litoral-paulista-2026.html,anuncios-locais-instagram-imobiliarias-litoral-2026.html,interno_relativo,,,,
blog/google-ads-leads-internacionais-litoral-paulista-2026.html,../servicos.html,interno_relativo,,,,
blog/google-ads-leads-internacionais-litoral-paulista-2026.html,../education/cursos/index.html,interno_relativo,,,,
blog/google-ads-leads-internacionais-litoral-paulista-2026.html,../cidades/santos.html,interno_relativo,,,,
blog/google-ads-leads-internacionais-litoral-paulista-2026.html,../bairros/index.html,interno_relativo,,,,
blog/google-ads-leads-internacionais-litoral-paulista-2026.html,../sitemap.xml,interno_relativo,,,,
blog/google-ads-temporada-fora-alta-litoral-paulista-2026.html,../google-ads-imobiliarias-litoral-paulista-campanhas-2026.html,interno_relativo,,,,
blog/google-ads-temporada-fora-alta-litoral-paulista-2026.html,../gestao-temporada-aluguel-imoveis-guia-pratico-2026.html,interno_relativo,,,,
blog/google-business-profile-corretores-imoveis-litoral-passo-passo-2026.html,../seo-local-imobiliarias-litoral-google-maps-pack-local-2026.html,interno_relativo,,,,
blog/google-business-profile-corretores-imoveis-litoral-passo-passo-2026.html,../checklist-completa-google-business-profile-imobiliarias-litoral-2026.html,interno_relativo,,,,
blog/google-estrangeiros-interessados-litoral-paulista-2026.html,seo-internacional-imobiliarias-litoral-paulista-2026.html,interno_relativo,,,,
blog/google-estrangeiros-interessados-litoral-paulista-2026.html,google-ads-leads-internacionais-litoral-paulista-2026.html,interno_relativo,,,,
blog/google-estrangeiros-interessados-litoral-paulista-2026.html,../servicos.html,interno_relativo,,,,
blog/google-estrangeiros-interessados-litoral-paulista-2026.html,../education/cursos/index.html,interno_relativo,,,,
blog/google-estrangeiros-interessados-litoral-paulista-2026.html,../cidades/santos.html,interno_relativo,,,,
blog/google-estrangeiros-interessados-litoral-paulista-2026.html,../bairros/index.html,interno_relativo,,,,
blog/google-estrangeiros-interessados-litoral-paulista-2026.html,../sitemap.xml,interno_relativo,,,,
blog/google-maps-imobiliarias-litoral-paulista-2026.html,seo-local-imobiliarias-litoral-paulista-2026.html,interno_relativo,,,,
blog/google-maps-imobiliarias-litoral-paulista-2026.html,../google-business-profile-imobiliarias-litoral-2026.html,interno_relativo,,,,
blog/google-maps-imobiliarias-litoral-paulista-2026.html,../servicos.html,interno_relativo,,,,
blog/google-maps-imobiliarias-litoral-paulista-2026.html,../education/cursos/index.html,interno_relativo,,,,
blog/google-maps-imobiliarias-litoral-paulista-2026.html,../cidades/santos.html,interno_relativo,,,,
blog/google-maps-imobiliarias-litoral-paulista-2026.html,../bairros/index.html,interno_relativo,,,,
blog/google-maps-imobiliarias-litoral-paulista-2026.html,../sitemap.xml,interno_relativo,,,,
blog/google-meu-negocio-imobiliaria-2026.html,../servicos.html,interno_relativo,,,,
blog/google-meu-negocio-imobiliaria-2026.html,../education/cursos/index.html,interno_relativo,,,,
blog/google-meu-negocio-imobiliaria-2026.html,../cidades/santos.html,interno_relativo,,,,
blog/google-meu-negocio-imobiliaria-2026.html,../bairros/index.html,interno_relativo,,,,
blog/google-meu-negocio-imobiliaria-2026.html,../sitemap.xml,interno_relativo,,,,
blog/google-meu-negocio-imobiliarias-litoral-2026.html,../seo-local-imobiliaria-litoral-paulista-2026.html,interno_relativo,,,,
blog/google-meu-negocio-imoveis-litoral-2026.html,../sitemap.xml,interno_relativo,,,,
blog/google-meu-negocio-imoveis-litoral-2026.html,../servicos.html,interno_relativo,,,,
blog/google-meu-negocio-imoveis-litoral-2026.html,../education/cursos/index.html,interno_relativo,,,,
blog/google-meu-negocio-imoveis-litoral-2026.html,../cidades/santos.html,interno_relativo,,,,
blog/google-meu-negocio-imoveis-litoral-2026.html,../bairros/index.html,interno_relativo,,,,
blog/google-sheets-gestao-imoveis-litoral.html,../sitemap.xml,interno_relativo,,,,
blog/google-sheets-gestao-imoveis-litoral.html,../servicos.html,interno_relativo,,,,
blog/google-sheets-gestao-imoveis-litoral.html,../education/cursos/index.html,interno_relativo,,,,
blog/google-sheets-gestao-imoveis-litoral.html,../cidades/santos.html,interno_relativo,,,,
blog/google-sheets-gestao-imoveis-litoral.html,../bairros/index.html,interno_relativo,,,,
blog/governanca-compliance-imobiliarias-litoral-2026.html,politicas-atendimento-imobiliarias-litoral-2026.html,interno_relativo,,,,
blog/governanca-compliance-imobiliarias-litoral-2026.html,../modelo-termo-uso-site-imobiliario-litoral-2026.md,interno_relativo,,,,
blog/governanca-compliance-imobiliarias-litoral-2026.html,../servicos.html,interno_relativo,,,,
blog/governanca-compliance-imobiliarias-litoral-2026.html,../education/cursos/index.html,interno_relativo,,,,
blog/governanca-compliance-imobiliarias-litoral-2026.html,../cidades/santos.html,interno_relativo,,,,
blog/governanca-compliance-imobiliarias-litoral-2026.html,../bairros/index.html,interno_relativo,,,,
blog/governanca-compliance-imobiliarias-litoral-2026.html,../sitemap.xml,interno_relativo,,,,
blog/guaruja-ilha-panqueca-fim-semana-2026-sp-2026-07-14.html,../servicos.html,interno_relativo,,,,
blog/guaruja-ilha-panqueca-fim-semana-2026-sp-2026-07-14.html,../education/cursos/index.html,interno_relativo,,,,
blog/guaruja-ilha-panqueca-fim-semana-2026-sp-2026-07-14.html,../cidades/santos.html,interno_relativo,,,,
blog/guaruja-ilha-panqueca-fim-semana-2026-sp-2026-07-14.html,../bairros/index.html,interno_relativo,,,,
blog/guaruja-ilha-panqueca-fim-semana-2026-sp-2026-07-14.html,../sitemap.xml,interno_relativo,,,,
blog/guaruja-riviera-imoveis-oportunidades-2026.html,../servicos.html,interno_relativo,,,,
blog/guaruja-riviera-imoveis-oportunidades-2026.html,../education/cursos/index.html,interno_relativo,,,,
blog/guaruja-riviera-imoveis-oportunidades-2026.html,../cidades/santos.html,interno_relativo,,,,
blog/guaruja-riviera-imoveis-oportunidades-2026.html,../bairros/index.html,interno_relativo,,,,
blog/guaruja-riviera-imoveis-oportunidades-2026.html,../sitemap.xml,interno_relativo,,,,
blog/guia-aluguel-temporada-imoveis-litoral-ia.html,/,interno_absoluto,,,,
blog/guia-aluguel-temporada-imoveis-litoral-ia.html,../sitemap.xml,interno_relativo,,,,
blog/guia-aluguel-temporada-imoveis-litoral-ia.html,../servicos.html,interno_relativo,,,,
blog/guia-aluguel-temporada-imoveis-litoral-ia.html,../education/cursos/index.html,interno_relativo,,,,
blog/guia-aluguel-temporada-imoveis-litoral-ia.html,../cidades/santos.html,interno_relativo,,,,
blog/guia-aluguel-temporada-imoveis-litoral-ia.html,../bairros/index.html,interno_relativo,,,,
blog/guia-aluguel-temporada-primeira-locacao-anuncio-primeiro-hospede-2026.html,../gestao-aluguel-temporada-iniciantes-passo-passo-litoral-2026.html,interno_relativo,,,,
blog/guia-bairro-beira-mar-praia-grande-2026.html,../servicos.html,interno_relativo,,,,
blog/guia-bairro-beira-mar-praia-grande-2026.html,../education/cursos/index.html,interno_relativo,,,,
blog/guia-bairro-beira-mar-praia-grande-2026.html,../cidades/santos.html,interno_relativo,,,,
blog/guia-bairro-beira-mar-praia-grande-2026.html,../bairros/index.html,interno_relativo,,,,
blog/guia-bairro-beira-mar-praia-grande-2026.html,../sitemap.xml,interno_relativo,,,,
blog/guia-bairro-centro-barra-norte-2026.html,../servicos.html,interno_relativo,,,,
blog/guia-bairro-centro-barra-norte-2026.html,../education/cursos/index.html,interno_relativo,,,,
blog/guia-bairro-centro-barra-norte-2026.html,../cidades/santos.html,interno_relativo,,,,
blog/guia-bairro-centro-barra-norte-2026.html,../bairros/index.html,interno_relativo,,,,
blog/guia-bairro-centro-barra-norte-2026.html,../sitemap.xml,interno_relativo,,,,
blog/guia-bairro-jardim-atlantico-porto-da-lua-2026.html,../servicos.html,interno_relativo,,,,
blog/guia-bairro-jardim-atlantico-porto-da-lua-2026.html,../education/cursos/index.html,interno_relativo,,,,
blog/guia-bairro-jardim-atlantico-porto-da-lua-2026.html,../cidades/santos.html,interno_relativo,,,,
blog/guia-bairro-jardim-atlantico-porto-da-lua-2026.html,../bairros/index.html,interno_relativo,,,,
blog/guia-bairro-jardim-atlantico-porto-da-lua-2026.html,../sitemap.xml,interno_relativo,,,,
blog/guia-bairro-recanto-sol-litoral-norte-2026.html,../servicos.html,interno_relativo,,,,
blog/guia-bairro-recanto-sol-litoral-norte-2026.html,../education/cursos/index.html,interno_relativo,,,,
blog/guia-bairro-recanto-sol-litoral-norte-2026.html,../cidades/santos.html,interno_relativo,,,,
blog/guia-bairro-recanto-sol-litoral-norte-2026.html,../bairros/index.html,interno_relativo,,,,
blog/guia-bairro-recanto-sol-litoral-norte-2026.html,../sitemap.xml,interno_relativo,,,,
blog/guia-bairro-vista-mar-costa-verde-2026.html,../servicos.html,interno_relativo,,,,
blog/guia-bairro-vista-mar-costa-verde-2026.html,../education/cursos/index.html,interno_relativo,,,,
blog/guia-bairro-vista-mar-costa-verde-2026.html,../cidades/santos.html,interno_relativo,,,,
blog/guia-bairro-vista-mar-costa-verde-2026.html,../bairros/index.html,interno_relativo,,,,
blog/guia-bairro-vista-mar-costa-verde-2026.html,../sitemap.xml,interno_relativo,,,,
blog/guia-bertioga-imoveis-2026.html,../bertioga.html,interno_relativo,,,,
blog/guia-bertioga-imoveis-2026.html,../servicos.html,interno_relativo,,,,
blog/guia-bertioga-imoveis-2026.html,../education/cursos/index.html,interno_relativo,,,,
blog/guia-bertioga-imoveis-2026.html,../cidades/santos.html,interno_relativo,,,,
blog/guia-bertioga-imoveis-2026.html,../bairros/index.html,interno_relativo,,,,
blog/guia-captacao-leads-temporada-alta-litoral.html,../sitemap.xml,interno_relativo,,,,
blog/guia-captacao-leads-temporada-alta-litoral.html,../servicos.html,interno_relativo,,,,
blog/guia-captacao-leads-temporada-alta-litoral.html,../education/cursos/index.html,interno_relativo,,,,
blog/guia-captacao-leads-temporada-alta-litoral.html,../cidades/santos.html,interno_relativo,,,,
blog/guia-captacao-leads-temporada-alta-litoral.html,../bairros/index.html,interno_relativo,,,,
blog/guia-captacao-redes-sociais-imobiliaria-litoral.html,../sitemap.xml,interno_relativo,,,,
blog/guia-captacao-redes-sociais-imobiliaria-litoral.html,../servicos.html,interno_relativo,,,,
blog/guia-captacao-redes-sociais-imobiliaria-litoral.html,../education/cursos/index.html,interno_relativo,,,,
blog/guia-captacao-redes-sociais-imobiliaria-litoral.html,../cidades/santos.html,interno_relativo,,,,
blog/guia-captacao-redes-sociais-imobiliaria-litoral.html,../bairros/index.html,interno_relativo,,,,
blog/guia-completo-corretor-imoveis-digital-litoral-2026.html,../servicos.html,interno_relativo,,,,
blog/guia-completo-corretor-imoveis-digital-litoral-2026.html,../education/cursos/index.html,interno_relativo,,,,
blog/guia-completo-corretor-imoveis-digital-litoral-2026.html,../cidades/santos.html,interno_relativo,,,,
blog/guia-completo-corretor-imoveis-digital-litoral-2026.html,../bairros/index.html,interno_relativo,,,,
blog/guia-completo-corretor-imoveis-digital-litoral-2026.html,../sitemap.xml,interno_relativo,,,,
blog/guia-completo-praia-grande-familia-2026-sp-2026-07-14.html,../servicos.html,interno_relativo,,,,
blog/guia-completo-praia-grande-familia-2026-sp-2026-07-14.html,../education/cursos/index.html,interno_relativo,,,,
blog/guia-completo-praia-grande-familia-2026-sp-2026-07-14.html,../cidades/santos.html,interno_relativo,,,,
blog/guia-completo-praia-grande-familia-2026-sp-2026-07-14.html,../bairros/index.html,interno_relativo,,,,
blog/guia-completo-praia-grande-familia-2026-sp-2026-07-14.html,../sitemap.xml,interno_relativo,,,,
blog/guia-completo-temporada-verao-2026.html,../servicos.html,interno_relativo,,,,
blog/guia-completo-temporada-verao-2026.html,../education/cursos/index.html,interno_relativo,,,,
blog/guia-completo-temporada-verao-2026.html,../cidades/santos.html,interno_relativo,,,,
blog/guia-completo-temporada-verao-2026.html,../bairros/index.html,interno_relativo,,,,
blog/guia-completo-temporada-verao-2026.html,../sitemap.xml,interno_relativo,,,,
blog/guia-compra-imovel-litoral-iniciantes.html,../sitemap.xml,interno_relativo,,,,
blog/guia-compra-imovel-litoral-iniciantes.html,../servicos.html,interno_relativo,,,,
blog/guia-compra-imovel-litoral-iniciantes.html,../education/cursos/index.html,interno_relativo,,,,
blog/guia-compra-imovel-litoral-iniciantes.html,../cidades/santos.html,interno_relativo,,,,
blog/guia-compra-imovel-litoral-iniciantes.html,../bairros/index.html,interno_relativo,,,,
blog/guia-compra-imovel-planta-iniciantes-litoral-2026.html,../imoveis-na-planta-litoral-vantagens-riscos-2026.html,interno_relativo,,,,
blog/guia-comprar-imovel-barra-norte-2026.html,../servicos.html,interno_relativo,,,,
blog/guia-comprar-imovel-barra-norte-2026.html,../education/cursos/index.html,interno_relativo,,,,
blog/guia-comprar-imovel-barra-norte-2026.html,../cidades/santos.html,interno_relativo,,,,
blog/guia-comprar-imovel-barra-norte-2026.html,../bairros/index.html,interno_relativo,,,,
blog/guia-comprar-imovel-barra-norte-2026.html,../sitemap.xml,interno_relativo,,,,
blog/guia-comprar-imovel-centro-historico-2026.html,../servicos.html,interno_relativo,,,,
blog/guia-comprar-imovel-centro-historico-2026.html,../education/cursos/index.html,interno_relativo,,,,
blog/guia-comprar-imovel-centro-historico-2026.html,../cidades/santos.html,interno_relativo,,,,
blog/guia-comprar-imovel-centro-historico-2026.html,../bairros/index.html,interno_relativo,,,,
blog/guia-comprar-imovel-centro-historico-2026.html,../sitemap.xml,interno_relativo,,,,
blog/guia-comprar-imovel-costa-verde-2026.html,../servicos.html,interno_relativo,,,,
blog/guia-comprar-imovel-costa-verde-2026.html,../education/cursos/index.html,interno_relativo,,,,
blog/guia-comprar-imovel-costa-verde-2026.html,../cidades/santos.html,interno_relativo,,,,
blog/guia-comprar-imovel-costa-verde-2026.html,../bairros/index.html,interno_relativo,,,,
blog/guia-comprar-imovel-costa-verde-2026.html,../sitemap.xml,interno_relativo,,,,
blog/guia-comprar-imovel-porto-da-lua-2026.html,../servicos.html,interno_relativo,,,,
blog/guia-comprar-imovel-porto-da-lua-2026.html,../education/cursos/index.html,interno_relativo,,,,
blog/guia-comprar-imovel-porto-da-lua-2026.html,../cidades/santos.html,interno_relativo,,,,
blog/guia-comprar-imovel-porto-da-lua-2026.html,../bairros/index.html,interno_relativo,,,,
blog/guia-comprar-imovel-porto-da-lua-2026.html,../sitemap.xml,interno_relativo,,,,
blog/guia-comprar-imovel-praia-grande-2026.html,../servicos.html,interno_relativo,,,,
blog/guia-comprar-imovel-praia-grande-2026.html,../education/cursos/index.html,interno_relativo,,,,
blog/guia-comprar-imovel-praia-grande-2026.html,../cidades/santos.html,interno_relativo,,,,
blog/guia-comprar-imovel-praia-grande-2026.html,../bairros/index.html,interno_relativo,,,,
blog/guia-comprar-imovel-praia-grande-2026.html,../sitemap.xml,interno_relativo,,,,
blog/guia-documentacao-aluguel-temporada-litoral-2026.html,../aluguel-temporada-legalidade-documentos-2026.html,interno_relativo,,,,
blog/guia-estudo-creci-2026.html,../matematica-financeira-imoveis-creci-2026.html,interno_relativo,,,,
blog/guia-estudo-creci-2026.html,../calculadora-cientifica-creci-provas-2026.html,interno_relativo,,,,
blog/guia-estudo-creci-2026.html,../ptam-ia-avaliacao-mercadologica-2026.html,interno_relativo,,,,
blog/guia-estudo-creci-2026.html,../cif-fob-comparacao-tabelas-comercio-exterior-2026.html,interno_relativo,,,,
blog/guia-estudo-creci-2026.html,../roadmap-capacitacao-imobiliaria-digital-2026.html,interno_relativo,,,,
blog/guia-estudo-creci-2026.html,../sitemap.xml,interno_relativo,,,,
blog/guia-estudo-creci-2026.html,../servicos.html,interno_relativo,,,,
blog/guia-estudo-creci-2026.html,../education/cursos/index.html,interno_relativo,,,,
blog/guia-estudo-creci-2026.html,../cidades/santos.html,interno_relativo,,,,
blog/guia-estudo-creci-2026.html,../bairros/index.html,interno_relativo,,,,
blog/guia-ferramentas-gratuitas-imobiliarias-litoral-2026.html,../sitemap.xml,interno_relativo,,,,
blog/guia-ferramentas-gratuitas-imobiliarias-litoral-2026.html,../servicos.html,interno_relativo,,,,
blog/guia-ferramentas-gratuitas-imobiliarias-litoral-2026.html,../education/cursos/index.html,interno_relativo,,,,
blog/guia-ferramentas-gratuitas-imobiliarias-litoral-2026.html,../cidades/santos.html,interno_relativo,,,,
blog/guia-ferramentas-gratuitas-imobiliarias-litoral-2026.html,../bairros/index.html,interno_relativo,,,,
blog/guia-follow-up-imobiliaria-litoral.html,../sitemap.xml,interno_relativo,,,,
blog/guia-follow-up-imobiliaria-litoral.html,../servicos.html,interno_relativo,,,,
blog/guia-follow-up-imobiliaria-litoral.html,../education/cursos/index.html,interno_relativo,,,,
blog/guia-follow-up-imobiliaria-litoral.html,../cidades/santos.html,interno_relativo,,,,
blog/guia-follow-up-imobiliaria-litoral.html,../bairros/index.html,interno_relativo,,,,
blog/guia-follow-up-inteligente-imobiliaria-litoral-2026.html,../sitemap.xml,interno_relativo,,,,
blog/guia-follow-up-inteligente-imobiliaria-litoral-2026.html,../servicos.html,interno_relativo,,,,
blog/guia-follow-up-inteligente-imobiliaria-litoral-2026.html,../education/cursos/index.html,interno_relativo,,,,
blog/guia-follow-up-inteligente-imobiliaria-litoral-2026.html,../cidades/santos.html,interno_relativo,,,,
blog/guia-follow-up-inteligente-imobiliaria-litoral-2026.html,../bairros/index.html,interno_relativo,,,,
blog/guia-ia-renda-extra-imoveis-litoral.html,../sitemap.xml,interno_relativo,,,,
blog/guia-ia-renda-extra-imoveis-litoral.html,../servicos.html,interno_relativo,,,,
blog/guia-ia-renda-extra-imoveis-litoral.html,../education/cursos/index.html,interno_relativo,,,,
blog/guia-ia-renda-extra-imoveis-litoral.html,../cidades/santos.html,interno_relativo,,,,
blog/guia-ia-renda-extra-imoveis-litoral.html,../bairros/index.html,interno_relativo,,,,
blog/guia-imoveis-frente-mar-2026.html,../sitemap.xml,interno_relativo,,,,
blog/guia-imoveis-frente-mar-2026.html,../servicos.html,interno_relativo,,,,
blog/guia-imoveis-frente-mar-2026.html,../education/cursos/index.html,interno_relativo,,,,
blog/guia-imoveis-frente-mar-2026.html,../cidades/santos.html,interno_relativo,,,,
blog/guia-imoveis-frente-mar-2026.html,../bairros/index.html,interno_relativo,,,,
blog/guia-imoveis-frente-mar-bertioga.html,/,interno_absoluto,,,,
blog/guia-imoveis-frente-mar-bertioga.html,../sitemap.xml,interno_relativo,,,,
blog/guia-imoveis-frente-mar-bertioga.html,../servicos.html,interno_relativo,,,,
blog/guia-imoveis-frente-mar-bertioga.html,../education/cursos/index.html,interno_relativo,,,,
blog/guia-imoveis-frente-mar-bertioga.html,../cidades/santos.html,interno_relativo,,,,
blog/guia-imoveis-frente-mar-bertioga.html,../bairros/index.html,interno_relativo,,,,
blog/guia-investidor-imoveis-litoral-2026.html,../servicos.html,interno_relativo,,,,
blog/guia-investidor-imoveis-litoral-2026.html,../education/cursos/index.html,interno_relativo,,,,
blog/guia-investidor-imoveis-litoral-2026.html,../cidades/santos.html,interno_relativo,,,,
blog/guia-investidor-imoveis-litoral-2026.html,../bairros/index.html,interno_relativo,,,,
blog/guia-investidor-imoveis-litoral-2026.html,../sitemap.xml,interno_relativo,,,,
blog/guia-investidor-imoveis-litoral-primeiro-portfolio-2026.html,../compra-imovel-litoral-investimento-checklist-pre-investimento-2026.html,interno_relativo,,,,
blog/guia-investidor-litoral-2026.html,../ferramentas/vale-a-pena-comprar-2026.html,interno_relativo,,,,
blog/guia-investidor-litoral-2026.html,../ferramentas/pre-qualificacao-credito-2026.html,interno_relativo,,,,
blog/guia-investidor-litoral-2026.html,../ferramentas/airbnb-admin.html,interno_relativo,,,,
blog/guia-investidor-litoral-2026.html,../personas/investidor-ia-2026.html,interno_relativo,,,,
blog/guia-investidor-litoral-2026.html,../servicos.html,interno_relativo,,,,
blog/guia-investidor-litoral-2026.html,../education/cursos/index.html,interno_relativo,,,,
blog/guia-investidor-litoral-2026.html,../cidades/santos.html,interno_relativo,,,,
blog/guia-investidor-litoral-2026.html,../bairros/index.html,interno_relativo,,,,
blog/guia-investidor-litoral-2026.html,../sitemap.xml,interno_relativo,,,,
blog/guia-itanhaem-imoveis-2026.html,../itanhaem.html,interno_relativo,,,,
blog/guia-itanhaem-imoveis-2026.html,../servicos.html,interno_relativo,,,,
blog/guia-itanhaem-imoveis-2026.html,../education/cursos/index.html,interno_relativo,,,,
blog/guia-itanhaem-imoveis-2026.html,../cidades/santos.html,interno_relativo,,,,
blog/guia-itanhaem-imoveis-2026.html,../bairros/index.html,interno_relativo,,,,
blog/guia-lancamento-imoveis-litoral-ia.html,../sitemap.xml,interno_relativo,,,,
blog/guia-lancamento-imoveis-litoral-ia.html,../servicos.html,interno_relativo,,,,
blog/guia-lancamento-imoveis-litoral-ia.html,../education/cursos/index.html,interno_relativo,,,,
blog/guia-lancamento-imoveis-litoral-ia.html,../cidades/santos.html,interno_relativo,,,,
blog/guia-lancamento-imoveis-litoral-ia.html,../bairros/index.html,interno_relativo,,,,
blog/guia-mongagua-imoveis-2026.html,../mongagua.html,interno_relativo,,,,
blog/guia-mongagua-imoveis-2026.html,../servicos.html,interno_relativo,,,,
blog/guia-mongagua-imoveis-2026.html,../education/cursos/index.html,interno_relativo,,,,
blog/guia-mongagua-imoveis-2026.html,../cidades/santos.html,interno_relativo,,,,
blog/guia-mongagua-imoveis-2026.html,../bairros/index.html,interno_relativo,,,,
blog/guia-nurturing-leads-imobiliarias-litoral-2026.html,../sitemap.xml,interno_relativo,,,,
blog/guia-nurturing-leads-imobiliarias-litoral-2026.html,../servicos.html,interno_relativo,,,,
blog/guia-nurturing-leads-imobiliarias-litoral-2026.html,../education/cursos/index.html,interno_relativo,,,,
blog/guia-nurturing-leads-imobiliarias-litoral-2026.html,../cidades/santos.html,interno_relativo,,,,
blog/guia-nurturing-leads-imobiliarias-litoral-2026.html,../bairros/index.html,interno_relativo,,,,
blog/guia-peruibe-imoveis-2026.html,../peruibe.html,interno_relativo,,,,
blog/guia-peruibe-imoveis-2026.html,../servicos.html,interno_relativo,,,,
blog/guia-peruibe-imoveis-2026.html,../education/cursos/index.html,interno_relativo,,,,
blog/guia-peruibe-imoveis-2026.html,../cidades/santos.html,interno_relativo,,,,
blog/guia-peruibe-imoveis-2026.html,../bairros/index.html,interno_relativo,,,,
blog/guia-pratico-fechamento-vendas-imobilirias-litoral.html,../sitemap.xml,interno_relativo,,,,
blog/guia-pratico-fechamento-vendas-imobilirias-litoral.html,../servicos.html,interno_relativo,,,,
blog/guia-pratico-fechamento-vendas-imobilirias-litoral.html,../education/cursos/index.html,interno_relativo,,,,
blog/guia-pratico-fechamento-vendas-imobilirias-litoral.html,../cidades/santos.html,interno_relativo,,,,
blog/guia-pratico-fechamento-vendas-imobilirias-litoral.html,../bairros/index.html,interno_relativo,,,,
blog/guia-pratico-gestao-imoveis-aluguel-litoral.html,../sitemap.xml,interno_relativo,,,,
blog/guia-pratico-gestao-imoveis-aluguel-litoral.html,../servicos.html,interno_relativo,,,,
blog/guia-pratico-gestao-imoveis-aluguel-litoral.html,../education/cursos/index.html,interno_relativo,,,,
blog/guia-pratico-gestao-imoveis-aluguel-litoral.html,../cidades/santos.html,interno_relativo,,,,
blog/guia-pratico-gestao-imoveis-aluguel-litoral.html,../bairros/index.html,interno_relativo,,,,
blog/guia-pratico-ia-imobiliaria-litoral-paulista.html,/,interno_absoluto,,,,
blog/guia-pratico-ia-imobiliaria-litoral-paulista.html,../sitemap.xml,interno_relativo,,,,
blog/guia-pratico-ia-imobiliaria-litoral-paulista.html,../servicos.html,interno_relativo,,,,
blog/guia-pratico-ia-imobiliaria-litoral-paulista.html,../education/cursos/index.html,interno_relativo,,,,
blog/guia-pratico-ia-imobiliaria-litoral-paulista.html,../cidades/santos.html,interno_relativo,,,,
blog/guia-pratico-ia-imobiliaria-litoral-paulista.html,../bairros/index.html,interno_relativo,,,,
blog/guia-rapido-captar-leads-temporada-litoral-sem-anuncios-2026.html,../servicos.html,interno_relativo,,,,
blog/guia-rapido-captar-leads-temporada-litoral-sem-anuncios-2026.html,../education/cursos/index.html,interno_relativo,,,,
blog/guia-rapido-captar-leads-temporada-litoral-sem-anuncios-2026.html,../cidades/santos.html,interno_relativo,,,,
blog/guia-rapido-captar-leads-temporada-litoral-sem-anuncios-2026.html,../bairros/index.html,interno_relativo,,,,
blog/guia-rapido-captar-leads-temporada-litoral-sem-anuncios-2026.html,../sitemap.xml,interno_relativo,,,,
blog/guia-rapido-ia-corretores-litoral-2026-v2.html,../sitemap.xml,interno_relativo,,,,
blog/guia-rapido-ia-corretores-litoral-2026-v2.html,../servicos.html,interno_relativo,,,,
blog/guia-rapido-ia-corretores-litoral-2026-v2.html,../education/cursos/index.html,interno_relativo,,,,
blog/guia-rapido-ia-corretores-litoral-2026-v2.html,../cidades/santos.html,interno_relativo,,,,
blog/guia-rapido-ia-corretores-litoral-2026-v2.html,../bairros/index.html,interno_relativo,,,,
blog/guia-rapido-ia-corretores-litoral-2026.html,../sitemap.xml,interno_relativo,,,,
blog/guia-rapido-ia-corretores-litoral-2026.html,../servicos.html,interno_relativo,,,,
blog/guia-rapido-ia-corretores-litoral-2026.html,../education/cursos/index.html,interno_relativo,,,,
blog/guia-rapido-ia-corretores-litoral-2026.html,../cidades/santos.html,interno_relativo,,,,
blog/guia-rapido-ia-corretores-litoral-2026.html,../bairros/index.html,interno_relativo,,,,
blog/guia-reforma-imovel-litoral-vender-2026.html,../checklist-pre-venda-imovel-litoral-anuncio-assinatura-2026.html,interno_relativo,,,,
blog/guia-renda-aluguel-temporada-litoral-2026.html,../sitemap.xml,interno_relativo,,,,
blog/guia-renda-aluguel-temporada-litoral-2026.html,../servicos.html,interno_relativo,,,,
blog/guia-renda-aluguel-temporada-litoral-2026.html,../education/cursos/index.html,interno_relativo,,,,
blog/guia-renda-aluguel-temporada-litoral-2026.html,../cidades/santos.html,interno_relativo,,,,
blog/guia-renda-aluguel-temporada-litoral-2026.html,../bairros/index.html,interno_relativo,,,,
blog/guia-resposta-rapida-whatsapp-corretores-litoral-2026.html,../servicos.html,interno_relativo,,,,
blog/guia-resposta-rapida-whatsapp-corretores-litoral-2026.html,../education/cursos/index.html,interno_relativo,,,,
blog/guia-resposta-rapida-whatsapp-corretores-litoral-2026.html,../cidades/santos.html,interno_relativo,,,,
blog/guia-resposta-rapida-whatsapp-corretores-litoral-2026.html,../bairros/index.html,interno_relativo,,,,
blog/guia-resposta-rapida-whatsapp-corretores-litoral-2026.html,../sitemap.xml,interno_relativo,,,,
blog/guia-sao-vicente-imoveis-2026.html,../sao-vicente.html,interno_relativo,,,,
blog/guia-sao-vicente-imoveis-2026.html,../servicos.html,interno_relativo,,,,
blog/guia-sao-vicente-imoveis-2026.html,../education/cursos/index.html,interno_relativo,,,,
blog/guia-sao-vicente-imoveis-2026.html,../cidades/santos.html,interno_relativo,,,,
blog/guia-sao-vicente-imoveis-2026.html,../bairros/index.html,interno_relativo,,,,
blog/guia-seo-local-imobiliaria-litoral-paulista.html,/,interno_absoluto,,,,
blog/guia-seo-local-imobiliaria-litoral-paulista.html,../sitemap.xml,interno_relativo,,,,
blog/guia-seo-local-imobiliaria-litoral-paulista.html,../servicos.html,interno_relativo,,,,
blog/guia-seo-local-imobiliaria-litoral-paulista.html,../education/cursos/index.html,interno_relativo,,,,
blog/guia-seo-local-imobiliaria-litoral-paulista.html,../cidades/santos.html,interno_relativo,,,,
blog/guia-seo-local-imobiliaria-litoral-paulista.html,../bairros/index.html,interno_relativo,,,,
blog/guia-social-media-imobiliarias-litoral-2026.html,../servicos.html,interno_relativo,,,,
blog/guia-social-media-imobiliarias-litoral-2026.html,../education/cursos/index.html,interno_relativo,,,,
blog/guia-social-media-imobiliarias-litoral-2026.html,../cidades/santos.html,interno_relativo,,,,
blog/guia-social-media-imobiliarias-litoral-2026.html,../bairros/index.html,interno_relativo,,,,
blog/guia-social-media-imobiliarias-litoral-2026.html,../sitemap.xml,interno_relativo,,,,
blog/guia-vendas-alta-temporada-litoral-2026.html,../servicos.html,interno_relativo,,,,
blog/guia-vendas-alta-temporada-litoral-2026.html,../education/cursos/index.html,interno_relativo,,,,
blog/guia-vendas-alta-temporada-litoral-2026.html,../cidades/santos.html,interno_relativo,,,,
blog/guia-vendas-alta-temporada-litoral-2026.html,../bairros/index.html,interno_relativo,,,,
blog/guia-vendas-alta-temporada-litoral-2026.html,../sitemap.xml,interno_relativo,,,,
blog/heranca-imoveis-litoral-inventario-partilha-2026.html,../documentos-imovel-heranca-litoral-passos-2026.html,interno_relativo,,,,
blog/home-office-imoveis-litoral.html,../sitemap.xml,interno_relativo,,,,
blog/home-office-imoveis-litoral.html,../servicos.html,interno_relativo,,,,
blog/home-office-imoveis-litoral.html,../education/cursos/index.html,interno_relativo,,,,
blog/home-office-imoveis-litoral.html,../cidades/santos.html,interno_relativo,,,,
blog/home-office-imoveis-litoral.html,../bairros/index.html,interno_relativo,,,,
blog/home-office-litoral-imoveis-internet-2026.html,../servicos.html,interno_relativo,,,,
blog/home-office-litoral-imoveis-internet-2026.html,../education/cursos/index.html,interno_relativo,,,,
blog/home-office-litoral-imoveis-internet-2026.html,../cidades/santos.html,interno_relativo,,,,
blog/home-office-litoral-imoveis-internet-2026.html,../bairros/index.html,interno_relativo,,,,
blog/home-office-litoral-imoveis-internet-2026.html,../sitemap.xml,interno_relativo,,,,
blog/home-office-temporada-litoral-paulista-guia-2026.html,../servicos.html,interno_relativo,,,,
blog/home-office-temporada-litoral-paulista-guia-2026.html,../education/cursos/index.html,interno_relativo,,,,
blog/home-office-temporada-litoral-paulista-guia-2026.html,../cidades/santos.html,interno_relativo,,,,
blog/home-office-temporada-litoral-paulista-guia-2026.html,../bairros/index.html,interno_relativo,,,,
blog/home-office-temporada-litoral-paulista-guia-2026.html,../sitemap.xml,interno_relativo,,,,
blog/home-stage-imovel-praia-2026.html,../servicos.html,interno_relativo,,,,
blog/home-stage-imovel-praia-2026.html,../education/cursos/index.html,interno_relativo,,,,
blog/home-stage-imovel-praia-2026.html,../cidades/santos.html,interno_relativo,,,,
blog/home-stage-imovel-praia-2026.html,../bairros/index.html,interno_relativo,,,,
blog/home-stage-imovel-praia-2026.html,../sitemap.xml,interno_relativo,,,,
blog/home-staging-imoveis-praia-vender-mais-rapido-2026.html,../captacao-imoveis-litoral-sem-custo-2026.html,interno_relativo,,,,
blog/hotelaria-temporada-litoral-paulista-2026.html,../servicos.html,interno_relativo,,,,
blog/hotelaria-temporada-litoral-paulista-2026.html,../education/cursos/index.html,interno_relativo,,,,
blog/hotelaria-temporada-litoral-paulista-2026.html,../cidades/santos.html,interno_relativo,,,,
blog/hotelaria-temporada-litoral-paulista-2026.html,../bairros/index.html,interno_relativo,,,,
blog/hotelaria-temporada-litoral-paulista-2026.html,../sitemap.xml,interno_relativo,,,,
blog/ia-2026-corretores-imobiliária-2026-07-16.html,../servicos.html,interno_relativo,,,,
blog/ia-2026-corretores-imobiliária-2026-07-16.html,../education/cursos/index.html,interno_relativo,,,,
blog/ia-2026-corretores-imobiliária-2026-07-16.html,../cidades/santos.html,interno_relativo,,,,
blog/ia-2026-corretores-imobiliária-2026-07-16.html,../bairros/index.html,interno_relativo,,,,
blog/ia-2026-corretores-imobiliária-2026-07-16.html,../sitemap.xml,interno_relativo,,,,
blog/ia-2026-imobiliária-avaliação-2026-08-01.html,../servicos.html,interno_relativo,,,,
blog/ia-2026-imobiliária-avaliação-2026-08-01.html,../education/cursos/index.html,interno_relativo,,,,
blog/ia-2026-imobiliária-avaliação-2026-08-01.html,../cidades/santos.html,interno_relativo,,,,
blog/ia-2026-imobiliária-avaliação-2026-08-01.html,../bairros/index.html,interno_relativo,,,,
blog/ia-2026-imobiliária-avaliação-2026-08-01.html,../sitemap.xml,interno_relativo,,,,
blog/ia-assistente-virtual-compradores-litoral-2026.html,../servicos.html,interno_relativo,,,,
blog/ia-assistente-virtual-compradores-litoral-2026.html,../education/cursos/index.html,interno_relativo,,,,
blog/ia-assistente-virtual-compradores-litoral-2026.html,../cidades/santos.html,interno_relativo,,,,
blog/ia-assistente-virtual-compradores-litoral-2026.html,../bairros/index.html,interno_relativo,,,,
blog/ia-assistente-virtual-compradores-litoral-2026.html,../sitemap.xml,interno_relativo,,,,
blog/ia-avaliacao-preco-mercado-litoral-2026.html,../servicos.html,interno_relativo,,,,
blog/ia-avaliacao-preco-mercado-litoral-2026.html,../education/cursos/index.html,interno_relativo,,,,
blog/ia-avaliacao-preco-mercado-litoral-2026.html,../cidades/santos.html,interno_relativo,,,,
blog/ia-avaliacao-preco-mercado-litoral-2026.html,../bairros/index.html,interno_relativo,,,,
blog/ia-avaliacao-preco-mercado-litoral-2026.html,../education/formacoes/avaliacao-imoveis-ptam.html,interno_relativo,,,,
blog/ia-avaliacao-preco-mercado-litoral-2026.html,../sitemap.xml,interno_relativo,,,,
blog/ia-avaliação-corretores-imobiliária-2026-07-18.html,../servicos.html,interno_relativo,,,,
blog/ia-avaliação-corretores-imobiliária-2026-07-18.html,../education/cursos/index.html,interno_relativo,,,,
blog/ia-avaliação-corretores-imobiliária-2026-07-18.html,../cidades/santos.html,interno_relativo,,,,
blog/ia-avaliação-corretores-imobiliária-2026-07-18.html,../bairros/index.html,interno_relativo,,,,
blog/ia-avaliação-corretores-imobiliária-2026-07-18.html,../sitemap.xml,interno_relativo,,,,
blog/ia-avaliação-recomendação-corretores-2026-08-06.html,../servicos.html,interno_relativo,,,,
blog/ia-avaliação-recomendação-corretores-2026-08-06.html,../education/cursos/index.html,interno_relativo,,,,
blog/ia-avaliação-recomendação-corretores-2026-08-06.html,../cidades/santos.html,interno_relativo,,,,
blog/ia-avaliação-recomendação-corretores-2026-08-06.html,../bairros/index.html,interno_relativo,,,,
blog/ia-corretores-avaliação-2026-2026-07-24.html,../servicos.html,interno_relativo,,,,
blog/ia-corretores-avaliação-2026-2026-07-24.html,../education/cursos/index.html,interno_relativo,,,,
blog/ia-corretores-avaliação-2026-2026-07-24.html,../cidades/santos.html,interno_relativo,,,,
blog/ia-corretores-avaliação-2026-2026-07-24.html,../bairros/index.html,interno_relativo,,,,
blog/ia-corretores-avaliação-2026-2026-07-24.html,../sitemap.xml,interno_relativo,,,,
blog/ia-corretores-produtividade-litoral-2026.html,../sitemap.xml,interno_relativo,,,,
blog/ia-corretores-produtividade-litoral-2026.html,../servicos.html,interno_relativo,,,,
blog/ia-corretores-produtividade-litoral-2026.html,../education/cursos/index.html,interno_relativo,,,,
blog/ia-corretores-produtividade-litoral-2026.html,../cidades/santos.html,interno_relativo,,,,
blog/ia-corretores-produtividade-litoral-2026.html,../bairros/index.html,interno_relativo,,,,
blog/ia-engajamento-redes-imobiliarias-litoral.html,../sitemap.xml,interno_relativo,,,,
blog/ia-engajamento-redes-imobiliarias-litoral.html,../servicos.html,interno_relativo,,,,
blog/ia-engajamento-redes-imobiliarias-litoral.html,../education/cursos/index.html,interno_relativo,,,,
blog/ia-engajamento-redes-imobiliarias-litoral.html,../cidades/santos.html,interno_relativo,,,,
blog/ia-engajamento-redes-imobiliarias-litoral.html,../bairros/index.html,interno_relativo,,,,
blog/ia-generativa-marketing-imobiliario-litoral.html,/,interno_absoluto,,,,
blog/ia-generativa-marketing-imobiliario-litoral.html,../sitemap.xml,interno_relativo,,,,
blog/ia-generativa-marketing-imobiliario-litoral.html,../servicos.html,interno_relativo,,,,
blog/ia-generativa-marketing-imobiliario-litoral.html,../education/cursos/index.html,interno_relativo,,,,
blog/ia-generativa-marketing-imobiliario-litoral.html,../cidades/santos.html,interno_relativo,,,,
blog/ia-generativa-marketing-imobiliario-litoral.html,../bairros/index.html,interno_relativo,,,,
blog/ia-geracao-descricoes-anuncios-imobiliarios-2026.html,../servicos.html,interno_relativo,,,,
blog/ia-geracao-descricoes-anuncios-imobiliarios-2026.html,../education/cursos/index.html,interno_relativo,,,,
blog/ia-geracao-descricoes-anuncios-imobiliarios-2026.html,../cidades/santos.html,interno_relativo,,,,
blog/ia-geracao-descricoes-anuncios-imobiliarios-2026.html,../bairros/index.html,interno_relativo,,,,
blog/ia-geracao-descricoes-anuncios-imobiliarios-2026.html,../sitemap.xml,interno_relativo,,,,
blog/ia-litoral-2026-avaliação-2026-07-10.html,../servicos.html,interno_relativo,,,,
blog/ia-litoral-2026-avaliação-2026-07-10.html,../education/cursos/index.html,interno_relativo,,,,
blog/ia-litoral-2026-avaliação-2026-07-10.html,../cidades/santos.html,interno_relativo,,,,
blog/ia-litoral-2026-avaliação-2026-07-10.html,../bairros/index.html,interno_relativo,,,,
blog/ia-litoral-2026-avaliação-2026-07-10.html,../sitemap.xml,interno_relativo,,,,
blog/ia-litoral-avaliação-imobiliária-2026-07-21.html,../servicos.html,interno_relativo,,,,
blog/ia-litoral-avaliação-imobiliária-2026-07-21.html,../education/cursos/index.html,interno_relativo,,,,
blog/ia-litoral-avaliação-imobiliária-2026-07-21.html,../cidades/santos.html,interno_relativo,,,,
blog/ia-litoral-avaliação-imobiliária-2026-07-21.html,../bairros/index.html,interno_relativo,,,,
blog/ia-litoral-avaliação-imobiliária-2026-07-21.html,../sitemap.xml,interno_relativo,,,,
blog/ia-litoral-corretores-imobiliária-2026-08-02.html,../servicos.html,interno_relativo,,,,
blog/ia-litoral-corretores-imobiliária-2026-08-02.html,../education/cursos/index.html,interno_relativo,,,,
blog/ia-litoral-corretores-imobiliária-2026-08-02.html,../cidades/santos.html,interno_relativo,,,,
blog/ia-litoral-corretores-imobiliária-2026-08-02.html,../bairros/index.html,interno_relativo,,,,
blog/ia-litoral-corretores-imobiliária-2026-08-02.html,../sitemap.xml,interno_relativo,,,,
blog/ia-litoral-recomendação-2026-2026-07-17.html,../servicos.html,interno_relativo,,,,
blog/ia-litoral-recomendação-2026-2026-07-17.html,../education/cursos/index.html,interno_relativo,,,,
blog/ia-litoral-recomendação-2026-2026-07-17.html,../cidades/santos.html,interno_relativo,,,,
blog/ia-litoral-recomendação-2026-2026-07-17.html,../bairros/index.html,interno_relativo,,,,
blog/ia-litoral-recomendação-2026-2026-07-17.html,../sitemap.xml,interno_relativo,,,,
blog/ia-para-administradores-imoveis-litoral.html,/,interno_absoluto,,,,
blog/ia-para-administradores-imoveis-litoral.html,../sitemap.xml,interno_relativo,,,,
blog/ia-para-administradores-imoveis-litoral.html,../servicos.html,interno_relativo,,,,
blog/ia-para-administradores-imoveis-litoral.html,../education/cursos/index.html,interno_relativo,,,,
blog/ia-para-administradores-imoveis-litoral.html,../cidades/santos.html,interno_relativo,,,,
blog/ia-para-administradores-imoveis-litoral.html,../bairros/index.html,interno_relativo,,,,
blog/ia-para-aluguel-temporada-litoral.html,/,interno_absoluto,,,,
blog/ia-para-aluguel-temporada-litoral.html,../sitemap.xml,interno_relativo,,,,
blog/ia-para-aluguel-temporada-litoral.html,../servicos.html,interno_relativo,,,,
blog/ia-para-aluguel-temporada-litoral.html,../education/cursos/index.html,interno_relativo,,,,
blog/ia-para-aluguel-temporada-litoral.html,../cidades/santos.html,interno_relativo,,,,
blog/ia-para-aluguel-temporada-litoral.html,../bairros/index.html,interno_relativo,,,,
blog/ia-para-apto-litoral.html,/,interno_absoluto,,,,
blog/ia-para-apto-litoral.html,../sitemap.xml,interno_relativo,,,,
blog/ia-para-apto-litoral.html,../servicos.html,interno_relativo,,,,
blog/ia-para-apto-litoral.html,../education/cursos/index.html,interno_relativo,,,,
blog/ia-para-apto-litoral.html,../cidades/santos.html,interno_relativo,,,,
blog/ia-para-apto-litoral.html,../bairros/index.html,interno_relativo,,,,
blog/ia-para-casa-litoral.html,/,interno_absoluto,,,,
blog/ia-para-casa-litoral.html,../sitemap.xml,interno_relativo,,,,
blog/ia-para-casa-litoral.html,../servicos.html,interno_relativo,,,,
blog/ia-para-casa-litoral.html,../education/cursos/index.html,interno_relativo,,,,
blog/ia-para-casa-litoral.html,../cidades/santos.html,interno_relativo,,,,
blog/ia-para-casa-litoral.html,../bairros/index.html,interno_relativo,,,,
blog/ia-para-corretores-autonomos-litoral-paulista.html,/,interno_absoluto,,,,
blog/ia-para-corretores-autonomos-litoral-paulista.html,../sitemap.xml,interno_relativo,,,,
blog/ia-para-corretores-autonomos-litoral-paulista.html,../servicos.html,interno_relativo,,,,
blog/ia-para-corretores-autonomos-litoral-paulista.html,../education/cursos/index.html,interno_relativo,,,,
blog/ia-para-corretores-autonomos-litoral-paulista.html,../cidades/santos.html,interno_relativo,,,,
blog/ia-para-corretores-autonomos-litoral-paulista.html,../bairros/index.html,interno_relativo,,,,
blog/ia-para-corretores-autonomos-litoral.html,../sitemap.xml,interno_relativo,,,,
blog/ia-para-corretores-autonomos-litoral.html,../servicos.html,interno_relativo,,,,
blog/ia-para-corretores-autonomos-litoral.html,../education/cursos/index.html,interno_relativo,,,,
blog/ia-para-corretores-autonomos-litoral.html,../cidades/santos.html,interno_relativo,,,,
blog/ia-para-corretores-autonomos-litoral.html,../bairros/index.html,interno_relativo,,,,
blog/ia-para-corretores-imoveis-litoral.html,/,interno_absoluto,,,,
blog/ia-para-corretores-imoveis-litoral.html,../sitemap.xml,interno_relativo,,,,
blog/ia-para-corretores-imoveis-litoral.html,../servicos.html,interno_relativo,,,,
blog/ia-para-corretores-imoveis-litoral.html,../education/cursos/index.html,interno_relativo,,,,
blog/ia-para-corretores-imoveis-litoral.html,../cidades/santos.html,interno_relativo,,,,
blog/ia-para-corretores-imoveis-litoral.html,../bairros/index.html,interno_relativo,,,,
blog/ia-para-corretores-iniciantes-litoral.html,/,interno_absoluto,,,,
blog/ia-para-corretores-iniciantes-litoral.html,../sitemap.xml,interno_relativo,,,,
blog/ia-para-corretores-iniciantes-litoral.html,../servicos.html,interno_relativo,,,,
blog/ia-para-corretores-iniciantes-litoral.html,../education/cursos/index.html,interno_relativo,,,,
blog/ia-para-corretores-iniciantes-litoral.html,../cidades/santos.html,interno_relativo,,,,
blog/ia-para-corretores-iniciantes-litoral.html,../bairros/index.html,interno_relativo,,,,
blog/ia-para-corretores-litoral-2026.html,../servicos.html,interno_relativo,,,,
blog/ia-para-corretores-litoral-2026.html,../education/cursos/index.html,interno_relativo,,,,
blog/ia-para-corretores-litoral-2026.html,../cidades/santos.html,interno_relativo,,,,
blog/ia-para-corretores-litoral-2026.html,../bairros/index.html,interno_relativo,,,,
blog/ia-para-corretores-litoral-2026.html,../sitemap.xml,interno_relativo,,,,
blog/ia-para-generar-videos-imoveis-litoral.html,../sitemap.xml,interno_relativo,,,,
blog/ia-para-generar-videos-imoveis-litoral.html,../servicos.html,interno_relativo,,,,
blog/ia-para-generar-videos-imoveis-litoral.html,../education/cursos/index.html,interno_relativo,,,,
blog/ia-para-generar-videos-imoveis-litoral.html,../cidades/santos.html,interno_relativo,,,,
blog/ia-para-generar-videos-imoveis-litoral.html,../bairros/index.html,interno_relativo,,,,
blog/ia-para-imobiliaria-bertioga.html,/,interno_absoluto,,,,
blog/ia-para-imobiliaria-bertioga.html,../sitemap.xml,interno_relativo,,,,
blog/ia-para-imobiliaria-bertioga.html,../servicos.html,interno_relativo,,,,
blog/ia-para-imobiliaria-bertioga.html,../education/cursos/index.html,interno_relativo,,,,
blog/ia-para-imobiliaria-bertioga.html,../cidades/santos.html,interno_relativo,,,,
blog/ia-para-imobiliaria-bertioga.html,../bairros/index.html,interno_relativo,,,,
blog/ia-para-imobiliaria-guaruja.html,/,interno_absoluto,,,,
blog/ia-para-imobiliaria-guaruja.html,../sitemap.xml,interno_relativo,,,,
blog/ia-para-imobiliaria-guaruja.html,../servicos.html,interno_relativo,,,,
blog/ia-para-imobiliaria-guaruja.html,../education/cursos/index.html,interno_relativo,,,,
blog/ia-para-imobiliaria-guaruja.html,../cidades/santos.html,interno_relativo,,,,
blog/ia-para-imobiliaria-guaruja.html,../bairros/index.html,interno_relativo,,,,
blog/ia-para-imobiliaria-itanhaem.html,/,interno_absoluto,,,,
blog/ia-para-imobiliaria-itanhaem.html,../sitemap.xml,interno_relativo,,,,
blog/ia-para-imobiliaria-itanhaem.html,../servicos.html,interno_relativo,,,,
blog/ia-para-imobiliaria-itanhaem.html,../education/cursos/index.html,interno_relativo,,,,
blog/ia-para-imobiliaria-itanhaem.html,../cidades/santos.html,interno_relativo,,,,
blog/ia-para-imobiliaria-itanhaem.html,../bairros/index.html,interno_relativo,,,,
blog/ia-para-imobiliaria-mongagua.html,/,interno_absoluto,,,,
blog/ia-para-imobiliaria-mongagua.html,../sitemap.xml,interno_relativo,,,,
blog/ia-para-imobiliaria-mongagua.html,../servicos.html,interno_relativo,,,,
blog/ia-para-imobiliaria-mongagua.html,../education/cursos/index.html,interno_relativo,,,,
blog/ia-para-imobiliaria-mongagua.html,../cidades/santos.html,interno_relativo,,,,
blog/ia-para-imobiliaria-mongagua.html,../bairros/index.html,interno_relativo,,,,
blog/ia-para-imobiliaria-peruibe.html,/,interno_absoluto,,,,
blog/ia-para-imobiliaria-peruibe.html,../sitemap.xml,interno_relativo,,,,
blog/ia-para-imobiliaria-peruibe.html,../servicos.html,interno_relativo,,,,
blog/ia-para-imobiliaria-peruibe.html,../education/cursos/index.html,interno_relativo,,,,
blog/ia-para-imobiliaria-peruibe.html,../cidades/santos.html,interno_relativo,,,,
blog/ia-para-imobiliaria-peruibe.html,../bairros/index.html,interno_relativo,,,,
blog/ia-para-imobiliaria-praia-grande.html,/,interno_absoluto,,,,
blog/ia-para-imobiliaria-praia-grande.html,../sitemap.xml,interno_relativo,,,,
blog/ia-para-imobiliaria-praia-grande.html,../servicos.html,interno_relativo,,,,
blog/ia-para-imobiliaria-praia-grande.html,../education/cursos/index.html,interno_relativo,,,,
blog/ia-para-imobiliaria-praia-grande.html,../cidades/santos.html,interno_relativo,,,,
blog/ia-para-imobiliaria-praia-grande.html,../bairros/index.html,interno_relativo,,,,
blog/ia-para-imobiliaria-santos.html,/,interno_absoluto,,,,
blog/ia-para-imobiliaria-santos.html,../sitemap.xml,interno_relativo,,,,
blog/ia-para-imobiliaria-santos.html,../servicos.html,interno_relativo,,,,
blog/ia-para-imobiliaria-santos.html,../education/cursos/index.html,interno_relativo,,,,
blog/ia-para-imobiliaria-santos.html,../cidades/santos.html,interno_relativo,,,,
blog/ia-para-imobiliaria-santos.html,../bairros/index.html,interno_relativo,,,,
blog/ia-para-imobiliaria-sao-vicente.html,/,interno_absoluto,,,,
blog/ia-para-imobiliaria-sao-vicente.html,../sitemap.xml,interno_relativo,,,,
blog/ia-para-imobiliaria-sao-vicente.html,../servicos.html,interno_relativo,,,,
blog/ia-para-imobiliaria-sao-vicente.html,../education/cursos/index.html,interno_relativo,,,,
blog/ia-para-imobiliaria-sao-vicente.html,../cidades/santos.html,interno_relativo,,,,
blog/ia-para-imobiliaria-sao-vicente.html,../bairros/index.html,interno_relativo,,,,
blog/ia-para-imobiliaria-tradicional-litoral-paulista.html,/,interno_absoluto,,,,
blog/ia-para-imobiliaria-tradicional-litoral-paulista.html,../sitemap.xml,interno_relativo,,,,
blog/ia-para-imobiliaria-tradicional-litoral-paulista.html,../servicos.html,interno_relativo,,,,
blog/ia-para-imobiliaria-tradicional-litoral-paulista.html,../education/cursos/index.html,interno_relativo,,,,
blog/ia-para-imobiliaria-tradicional-litoral-paulista.html,../cidades/santos.html,interno_relativo,,,,
blog/ia-para-imobiliaria-tradicional-litoral-paulista.html,../bairros/index.html,interno_relativo,,,,
blog/ia-para-imobiliarias-iniciantes.html,/,interno_absoluto,,,,
blog/ia-para-imobiliarias-iniciantes.html,../sitemap.xml,interno_relativo,,,,
blog/ia-para-imobiliarias-iniciantes.html,../servicos.html,interno_relativo,,,,
blog/ia-para-imobiliarias-iniciantes.html,../education/cursos/index.html,interno_relativo,,,,
blog/ia-para-imobiliarias-iniciantes.html,../cidades/santos.html,interno_relativo,,,,
blog/ia-para-imobiliarias-iniciantes.html,../bairros/index.html,interno_relativo,,,,
blog/ia-para-imobiliarias-litoral-paulista-guia-2026.html,../servicos.html,interno_relativo,,,,
blog/ia-para-imobiliarias-litoral-paulista-guia-2026.html,../education/cursos/index.html,interno_relativo,,,,
blog/ia-para-imobiliarias-litoral-paulista-guia-2026.html,../cidades/santos.html,interno_relativo,,,,
blog/ia-para-imobiliarias-litoral-paulista-guia-2026.html,../bairros/index.html,interno_relativo,,,,
blog/ia-para-imobiliarias-litoral-paulista-guia-2026.html,../sitemap.xml,interno_relativo,,,,
blog/ia-para-imoveis-luxo-litoral.html,/,interno_absoluto,,,,
blog/ia-para-imoveis-luxo-litoral.html,../sitemap.xml,interno_relativo,,,,
blog/ia-para-imoveis-luxo-litoral.html,../servicos.html,interno_relativo,,,,
blog/ia-para-imoveis-luxo-litoral.html,../education/cursos/index.html,interno_relativo,,,,
blog/ia-para-imoveis-luxo-litoral.html,../cidades/santos.html,interno_relativo,,,,
blog/ia-para-imoveis-luxo-litoral.html,../bairros/index.html,interno_relativo,,,,
blog/ia-para-investidores-imoveis-litoral.html,/,interno_absoluto,,,,
blog/ia-para-investidores-imoveis-litoral.html,../sitemap.xml,interno_relativo,,,,
blog/ia-para-investidores-imoveis-litoral.html,../servicos.html,interno_relativo,,,,
blog/ia-para-investidores-imoveis-litoral.html,../education/cursos/index.html,interno_relativo,,,,
blog/ia-para-investidores-imoveis-litoral.html,../cidades/santos.html,interno_relativo,,,,
blog/ia-para-investidores-imoveis-litoral.html,../bairros/index.html,interno_relativo,,,,
blog/ia-para-investidores-litoral-paulista.html,/,interno_absoluto,,,,
blog/ia-para-investidores-litoral-paulista.html,../sitemap.xml,interno_relativo,,,,
blog/ia-para-investidores-litoral-paulista.html,../servicos.html,interno_relativo,,,,
blog/ia-para-investidores-litoral-paulista.html,../education/cursos/index.html,interno_relativo,,,,
blog/ia-para-investidores-litoral-paulista.html,../cidades/santos.html,interno_relativo,,,,
blog/ia-para-investidores-litoral-paulista.html,../bairros/index.html,interno_relativo,,,,
blog/ia-para-lancamentos-imobiliarios-litoral.html,../sitemap.xml,interno_relativo,,,,
blog/ia-para-lancamentos-imobiliarios-litoral.html,../servicos.html,interno_relativo,,,,
blog/ia-para-lancamentos-imobiliarios-litoral.html,../education/cursos/index.html,interno_relativo,,,,
blog/ia-para-lancamentos-imobiliarios-litoral.html,../cidades/santos.html,interno_relativo,,,,
blog/ia-para-lancamentos-imobiliarios-litoral.html,../bairros/index.html,interno_relativo,,,,
blog/ia-para-lancamentos-imoveis-litoral.html,/,interno_absoluto,,,,
blog/ia-para-lancamentos-imoveis-litoral.html,../sitemap.xml,interno_relativo,,,,
blog/ia-para-lancamentos-imoveis-litoral.html,../servicos.html,interno_relativo,,,,
blog/ia-para-lancamentos-imoveis-litoral.html,../education/cursos/index.html,interno_relativo,,,,
blog/ia-para-lancamentos-imoveis-litoral.html,../cidades/santos.html,interno_relativo,,,,
blog/ia-para-lancamentos-imoveis-litoral.html,../bairros/index.html,interno_relativo,,,,
blog/ia-para-metaverse-imoveis-litoral.html,../servicos.html,interno_relativo,,,,
blog/ia-para-metaverse-imoveis-litoral.html,../education/cursos/index.html,interno_relativo,,,,
blog/ia-para-metaverse-imoveis-litoral.html,../cidades/santos.html,interno_relativo,,,,
blog/ia-para-metaverse-imoveis-litoral.html,../bairros/index.html,interno_relativo,,,,
blog/ia-para-metaverse-imoveis-litoral.html,../sitemap.xml,interno_relativo,,,,
blog/ia-para-premium-litoral.html,../sitemap.xml,interno_relativo,,,,
blog/ia-para-premium-litoral.html,../servicos.html,interno_relativo,,,,
blog/ia-para-premium-litoral.html,../education/cursos/index.html,interno_relativo,,,,
blog/ia-para-premium-litoral.html,../cidades/santos.html,interno_relativo,,,,
blog/ia-para-premium-litoral.html,../bairros/index.html,interno_relativo,,,,
blog/ia-para-primeira-compra-imovel-litoral.html,/,interno_absoluto,,,,
blog/ia-para-primeira-compra-imovel-litoral.html,../sitemap.xml,interno_relativo,,,,
blog/ia-para-primeira-compra-imovel-litoral.html,../servicos.html,interno_relativo,,,,
blog/ia-para-primeira-compra-imovel-litoral.html,../education/cursos/index.html,interno_relativo,,,,
blog/ia-para-primeira-compra-imovel-litoral.html,../cidades/santos.html,interno_relativo,,,,
blog/ia-para-primeira-compra-imovel-litoral.html,../bairros/index.html,interno_relativo,,,,
blog/ia-recomendacao-automatica-imoveis-2026.html,../servicos.html,interno_relativo,,,,
blog/ia-recomendacao-automatica-imoveis-2026.html,../education/cursos/index.html,interno_relativo,,,,
blog/ia-recomendacao-automatica-imoveis-2026.html,../cidades/santos.html,interno_relativo,,,,
blog/ia-recomendacao-automatica-imoveis-2026.html,../bairros/index.html,interno_relativo,,,,
blog/ia-recomendacao-automatica-imoveis-2026.html,../sitemap.xml,interno_relativo,,,,
blog/ia-recomendação-2026-avaliação-2026-07-20.html,../servicos.html,interno_relativo,,,,
blog/ia-recomendação-2026-avaliação-2026-07-20.html,../education/cursos/index.html,interno_relativo,,,,
blog/ia-recomendação-2026-avaliação-2026-07-20.html,../cidades/santos.html,interno_relativo,,,,
blog/ia-recomendação-2026-avaliação-2026-07-20.html,../bairros/index.html,interno_relativo,,,,
blog/ia-recomendação-2026-avaliação-2026-07-20.html,../sitemap.xml,interno_relativo,,,,
blog/ia-recomendação-avaliação-imobiliária-2026-07-22.html,../servicos.html,interno_relativo,,,,
blog/ia-recomendação-avaliação-imobiliária-2026-07-22.html,../education/cursos/index.html,interno_relativo,,,,
blog/ia-recomendação-avaliação-imobiliária-2026-07-22.html,../cidades/santos.html,interno_relativo,,,,
blog/ia-recomendação-avaliação-imobiliária-2026-07-22.html,../bairros/index.html,interno_relativo,,,,
blog/ia-recomendação-avaliação-imobiliária-2026-07-22.html,../sitemap.xml,interno_relativo,,,,
blog/ia-recomendação-litoral-corretores-2026-07-16.html,../servicos.html,interno_relativo,,,,
blog/ia-recomendação-litoral-corretores-2026-07-16.html,../education/cursos/index.html,interno_relativo,,,,
blog/ia-recomendação-litoral-corretores-2026-07-16.html,../cidades/santos.html,interno_relativo,,,,
blog/ia-recomendação-litoral-corretores-2026-07-16.html,../bairros/index.html,interno_relativo,,,,
blog/ia-recomendação-litoral-corretores-2026-07-16.html,../sitemap.xml,interno_relativo,,,,
blog/ia-seo-local-rapido-imobiliaria.html,/,interno_absoluto,,,,
blog/ia-seo-local-rapido-imobiliaria.html,../sitemap.xml,interno_relativo,,,,
blog/ia-seo-local-rapido-imobiliaria.html,../servicos.html,interno_relativo,,,,
blog/ia-seo-local-rapido-imobiliaria.html,../education/cursos/index.html,interno_relativo,,,,
blog/ia-seo-local-rapido-imobiliaria.html,../cidades/santos.html,interno_relativo,,,,
blog/ia-seo-local-rapido-imobiliaria.html,../bairros/index.html,interno_relativo,,,,
blog/ia-suporte-cliente-imobiliaria-litoral.html,/,interno_absoluto,,,,
blog/ia-suporte-cliente-imobiliaria-litoral.html,../sitemap.xml,interno_relativo,,,,
blog/ia-suporte-cliente-imobiliaria-litoral.html,../servicos.html,interno_relativo,,,,
blog/ia-suporte-cliente-imobiliaria-litoral.html,../education/cursos/index.html,interno_relativo,,,,
blog/ia-suporte-cliente-imobiliaria-litoral.html,../cidades/santos.html,interno_relativo,,,,
blog/ia-suporte-cliente-imobiliaria-litoral.html,../bairros/index.html,interno_relativo,,,,
blog/ia-vs-humano-captacao-imoveis-litoral.html,../sitemap.xml,interno_relativo,,,,
blog/ia-vs-humano-captacao-imoveis-litoral.html,../servicos.html,interno_relativo,,,,
blog/ia-vs-humano-captacao-imoveis-litoral.html,../education/cursos/index.html,interno_relativo,,,,
blog/ia-vs-humano-captacao-imoveis-litoral.html,../cidades/santos.html,interno_relativo,,,,
blog/ia-vs-humano-captacao-imoveis-litoral.html,../bairros/index.html,interno_relativo,,,,
blog/identidade-visual-imobiliarias-litoral-paulista-2026.html,branding-local-imobiliarias-litoral-paulista-2026.html,interno_relativo,,,,
blog/identidade-visual-imobiliarias-litoral-paulista-2026.html,naming-posicionamento-imobiliarias-litoral-2026.html,interno_relativo,,,,
blog/identidade-visual-imobiliarias-litoral-paulista-2026.html,../servicos.html,interno_relativo,,,,
blog/identidade-visual-imobiliarias-litoral-paulista-2026.html,../education/cursos/index.html,interno_relativo,,,,
blog/identidade-visual-imobiliarias-litoral-paulista-2026.html,../cidades/santos.html,interno_relativo,,,,
blog/identidade-visual-imobiliarias-litoral-paulista-2026.html,../bairros/index.html,interno_relativo,,,,
blog/identidade-visual-imobiliarias-litoral-paulista-2026.html,../sitemap.xml,interno_relativo,,,,
blog/iframes-site-imoveis-2026.html,../servicos.html,interno_relativo,,,,
blog/iframes-site-imoveis-2026.html,../education/cursos/index.html,interno_relativo,,,,
blog/iframes-site-imoveis-2026.html,../cidades/santos.html,interno_relativo,,,,
blog/iframes-site-imoveis-2026.html,../bairros/index.html,interno_relativo,,,,
blog/iframes-site-imoveis-2026.html,../sitemap.xml,interno_relativo,,,,
blog/ilha-das-pecas-bertioga-imoveis-oportunidades-2026.html,../servicos.html,interno_relativo,,,,
blog/ilha-das-pecas-bertioga-imoveis-oportunidades-2026.html,../education/cursos/index.html,interno_relativo,,,,
blog/ilha-das-pecas-bertioga-imoveis-oportunidades-2026.html,../cidades/santos.html,interno_relativo,,,,
blog/ilha-das-pecas-bertioga-imoveis-oportunidades-2026.html,../bairros/index.html,interno_relativo,,,,
blog/ilha-das-pecas-bertioga-imoveis-oportunidades-2026.html,../sitemap.xml,interno_relativo,,,,
blog/ilhabela-imoveis-temporada-oportunidades-2026.html,../servicos.html,interno_relativo,,,,
blog/ilhabela-imoveis-temporada-oportunidades-2026.html,../education/cursos/index.html,interno_relativo,,,,
blog/ilhabela-imoveis-temporada-oportunidades-2026.html,../cidades/santos.html,interno_relativo,,,,
blog/ilhabela-imoveis-temporada-oportunidades-2026.html,../bairros/index.html,interno_relativo,,,,
blog/ilhabela-imoveis-temporada-oportunidades-2026.html,../sitemap.xml,interno_relativo,,,,
blog/imobiliaria-digital-litoral-2026.html,../servicos.html,interno_relativo,,,,
blog/imobiliaria-digital-litoral-2026.html,../education/cursos/index.html,interno_relativo,,,,
blog/imobiliaria-digital-litoral-2026.html,../cidades/santos.html,interno_relativo,,,,
blog/imobiliaria-digital-litoral-2026.html,../bairros/index.html,interno_relativo,,,,
blog/imobiliaria-digital-vs-fisica-qual-escolher-litoral-em-são-vicente-2026-07-12.html,../servicos.html,interno_relativo,,,,
blog/imobiliaria-digital-vs-fisica-qual-escolher-litoral-em-são-vicente-2026-07-12.html,../education/cursos/index.html,interno_relativo,,,,
blog/imobiliaria-digital-vs-fisica-qual-escolher-litoral-em-são-vicente-2026-07-12.html,../cidades/santos.html,interno_relativo,,,,
blog/imobiliaria-digital-vs-fisica-qual-escolher-litoral-em-são-vicente-2026-07-12.html,../bairros/index.html,interno_relativo,,,,
blog/imobiliaria-digital-vs-fisica-qual-escolher-litoral-em-são-vicente-2026-07-12.html,../sitemap.xml,interno_relativo,,,,
blog/imobiliaria-litoral-cultura-atendimento-cliente-2026.html,../checklist-atendimento-imobiliaria-litoral-2026.html,interno_relativo,,,,
blog/imobiliaria-litoral-indicadores-desempenho-equipe-2026.html,../indicadores-eficiencia-imobiliaria-litoral-2026.html,interno_relativo,,,,
blog/imoveis-alto-padrao-litoral-ia.html,/,interno_absoluto,,,,
blog/imoveis-alto-padrao-litoral-ia.html,../sitemap.xml,interno_relativo,,,,
blog/imoveis-alto-padrao-litoral-ia.html,../servicos.html,interno_relativo,,,,
blog/imoveis-alto-padrao-litoral-ia.html,../education/cursos/index.html,interno_relativo,,,,
blog/imoveis-alto-padrao-litoral-ia.html,../cidades/santos.html,interno_relativo,,,,
blog/imoveis-alto-padrao-litoral-ia.html,../bairros/index.html,interno_relativo,,,,
blog/imoveis-bertioga-2026.html,../ferramentas/vale-a-pena-comprar-2026.html,interno_relativo,,,,
blog/imoveis-bertioga-2026.html,../ferramentas/airbnb-admin.html,interno_relativo,,,,
blog/imoveis-bertioga-2026.html,cidades-litoral-sp-2026.html,interno_relativo,,,,
blog/imoveis-bertioga-2026.html,../servicos.html,interno_relativo,,,,
blog/imoveis-bertioga-2026.html,../education/cursos/index.html,interno_relativo,,,,
blog/imoveis-bertioga-2026.html,../cidades/santos.html,interno_relativo,,,,
blog/imoveis-bertioga-2026.html,../bairros/index.html,interno_relativo,,,,
blog/imoveis-bertioga-2026.html,../sitemap.xml,interno_relativo,,,,
blog/imoveis-bertioga-sp.html,/,interno_absoluto,,,,
blog/imoveis-bertioga-sp.html,../servicos.html,interno_relativo,,,,
blog/imoveis-bertioga-sp.html,../education/cursos/index.html,interno_relativo,,,,
blog/imoveis-bertioga-sp.html,../cidades/santos.html,interno_relativo,,,,
blog/imoveis-bertioga-sp.html,../bairros/index.html,interno_relativo,,,,
blog/imoveis-bertioga-sp.html,../sitemap.xml,interno_relativo,,,,
blog/imoveis-bertioga-temporada-mercado-2026.html,../servicos.html,interno_relativo,,,,
blog/imoveis-bertioga-temporada-mercado-2026.html,../education/cursos/index.html,interno_relativo,,,,
blog/imoveis-bertioga-temporada-mercado-2026.html,../cidades/santos.html,interno_relativo,,,,
blog/imoveis-bertioga-temporada-mercado-2026.html,../bairros/index.html,interno_relativo,,,,
blog/imoveis-bertioga-temporada-mercado-2026.html,../sitemap.xml,interno_relativo,,,,
blog/imoveis-desconto-litoral-paulista.html,/,interno_absoluto,,,,
blog/imoveis-desconto-litoral-paulista.html,../sitemap.xml,interno_relativo,,,,
blog/imoveis-desconto-litoral-paulista.html,../servicos.html,interno_relativo,,,,
blog/imoveis-desconto-litoral-paulista.html,../education/cursos/index.html,interno_relativo,,,,
blog/imoveis-desconto-litoral-paulista.html,../cidades/santos.html,interno_relativo,,,,
blog/imoveis-desconto-litoral-paulista.html,../bairros/index.html,interno_relativo,,,,
blog/imoveis-frente-mar-litoral-paulista-2026.html,../servicos.html,interno_relativo,,,,
blog/imoveis-frente-mar-litoral-paulista-2026.html,../education/cursos/index.html,interno_relativo,,,,
blog/imoveis-frente-mar-litoral-paulista-2026.html,../cidades/santos.html,interno_relativo,,,,
blog/imoveis-frente-mar-litoral-paulista-2026.html,../bairros/index.html,interno_relativo,,,,
blog/imoveis-frente-mar-litoral-paulista-2026.html,../sitemap.xml,interno_relativo,,,,
blog/imoveis-guaruja-2026.html,../ferramentas/vale-a-pena-comprar-2026.html,interno_relativo,,,,
blog/imoveis-guaruja-2026.html,../ferramentas/airbnb-admin.html,interno_relativo,,,,
blog/imoveis-guaruja-2026.html,cidades-litoral-sp-2026.html,interno_relativo,,,,
blog/imoveis-guaruja-2026.html,../servicos.html,interno_relativo,,,,
blog/imoveis-guaruja-2026.html,../education/cursos/index.html,interno_relativo,,,,
blog/imoveis-guaruja-2026.html,../cidades/santos.html,interno_relativo,,,,
blog/imoveis-guaruja-2026.html,../bairros/index.html,interno_relativo,,,,
blog/imoveis-guaruja-2026.html,../sitemap.xml,interno_relativo,,,,
blog/imoveis-guaruja-riviera-oportunidades-2026.html,../servicos.html,interno_relativo,,,,
blog/imoveis-guaruja-riviera-oportunidades-2026.html,../education/cursos/index.html,interno_relativo,,,,
blog/imoveis-guaruja-riviera-oportunidades-2026.html,../cidades/santos.html,interno_relativo,,,,
blog/imoveis-guaruja-riviera-oportunidades-2026.html,../bairros/index.html,interno_relativo,,,,
blog/imoveis-guaruja-riviera-oportunidades-2026.html,../sitemap.xml,interno_relativo,,,,
blog/imoveis-ilhabela-temporada-oportunidades-2026.html,../servicos.html,interno_relativo,,,,
blog/imoveis-ilhabela-temporada-oportunidades-2026.html,../education/cursos/index.html,interno_relativo,,,,
blog/imoveis-ilhabela-temporada-oportunidades-2026.html,../cidades/santos.html,interno_relativo,,,,
blog/imoveis-ilhabela-temporada-oportunidades-2026.html,../bairros/index.html,interno_relativo,,,,
blog/imoveis-ilhabela-temporada-oportunidades-2026.html,../sitemap.xml,interno_relativo,,,,
blog/imoveis-itanhaem-2026.html,../ferramentas/vale-a-pena-comprar-2026.html,interno_relativo,,,,
blog/imoveis-itanhaem-2026.html,../ferramentas/airbnb-admin.html,interno_relativo,,,,
blog/imoveis-itanhaem-2026.html,cidades-litoral-sp-2026.html,interno_relativo,,,,
blog/imoveis-itanhaem-2026.html,../servicos.html,interno_relativo,,,,
blog/imoveis-itanhaem-2026.html,../education/cursos/index.html,interno_relativo,,,,
blog/imoveis-itanhaem-2026.html,../cidades/santos.html,interno_relativo,,,,
blog/imoveis-itanhaem-2026.html,../bairros/index.html,interno_relativo,,,,
blog/imoveis-itanhaem-2026.html,../sitemap.xml,interno_relativo,,,,
blog/imoveis-litoral-acessibilidade-universal-2026.html,../checklist-compra-imovel-vista-litoral-2026.html,interno_relativo,,,,
blog/imoveis-litoral-conectividade-internet-movel-como-avaliar-2026.html,../avaliacao-mercado-imoveis-litoral-2026.html,interno_relativo,,,,
blog/imoveis-litoral-zonamento-restricoes-consultar-antes-comprar-2026.html,../documentacao-compra-imovel-leilao-litoral-2026.html,interno_relativo,,,,
blog/imoveis-na-planta-bertioga-ia.html,/,interno_absoluto,,,,
blog/imoveis-na-planta-bertioga-ia.html,../sitemap.xml,interno_relativo,,,,
blog/imoveis-na-planta-bertioga-ia.html,../servicos.html,interno_relativo,,,,
blog/imoveis-na-planta-bertioga-ia.html,../education/cursos/index.html,interno_relativo,,,,
blog/imoveis-na-planta-bertioga-ia.html,../cidades/santos.html,interno_relativo,,,,
blog/imoveis-na-planta-bertioga-ia.html,../bairros/index.html,interno_relativo,,,,
blog/imoveis-na-planta-guaruja-zona-leste-ia.html,/,interno_absoluto,,,,
blog/imoveis-na-planta-guaruja-zona-leste-ia.html,../sitemap.xml,interno_relativo,,,,
blog/imoveis-na-planta-guaruja-zona-leste-ia.html,../servicos.html,interno_relativo,,,,
blog/imoveis-na-planta-guaruja-zona-leste-ia.html,../education/cursos/index.html,interno_relativo,,,,
blog/imoveis-na-planta-guaruja-zona-leste-ia.html,../cidades/santos.html,interno_relativo,,,,
blog/imoveis-na-planta-guaruja-zona-leste-ia.html,../bairros/index.html,interno_relativo,,,,
blog/imoveis-na-planta-litoral-paulista.html,../sitemap.xml,interno_relativo,,,,
blog/imoveis-na-planta-litoral-paulista.html,../servicos.html,interno_relativo,,,,
blog/imoveis-na-planta-litoral-paulista.html,../education/cursos/index.html,interno_relativo,,,,
blog/imoveis-na-planta-litoral-paulista.html,../cidades/santos.html,interno_relativo,,,,
blog/imoveis-na-planta-litoral-paulista.html,../bairros/index.html,interno_relativo,,,,
blog/imoveis-na-planta-santos-ia.html,/,interno_absoluto,,,,
blog/imoveis-na-planta-santos-ia.html,../sitemap.xml,interno_relativo,,,,
blog/imoveis-na-planta-santos-ia.html,../servicos.html,interno_relativo,,,,
blog/imoveis-na-planta-santos-ia.html,../education/cursos/index.html,interno_relativo,,,,
blog/imoveis-na-planta-santos-ia.html,../cidades/santos.html,interno_relativo,,,,
blog/imoveis-na-planta-santos-ia.html,../bairros/index.html,interno_relativo,,,,
blog/imoveis-na-planta-sao-vicente-ia.html,/,interno_absoluto,,,,
blog/imoveis-na-planta-sao-vicente-ia.html,../sitemap.xml,interno_relativo,,,,
blog/imoveis-na-planta-sao-vicente-ia.html,../servicos.html,interno_relativo,,,,
blog/imoveis-na-planta-sao-vicente-ia.html,../education/cursos/index.html,interno_relativo,,,,
blog/imoveis-na-planta-sao-vicente-ia.html,../cidades/santos.html,interno_relativo,,,,
blog/imoveis-na-planta-sao-vicente-ia.html,../bairros/index.html,interno_relativo,,,,
blog/imoveis-peruibe-2026.html,../ferramentas/vale-a-pena-comprar-2026.html,interno_relativo,,,,
blog/imoveis-peruibe-2026.html,../ferramentas/airbnb-admin.html,interno_relativo,,,,
blog/imoveis-peruibe-2026.html,cidades-litoral-sp-2026.html,interno_relativo,,,,
blog/imoveis-peruibe-2026.html,../servicos.html,interno_relativo,,,,
blog/imoveis-peruibe-2026.html,../education/cursos/index.html,interno_relativo,,,,
blog/imoveis-peruibe-2026.html,../cidades/santos.html,interno_relativo,,,,
blog/imoveis-peruibe-2026.html,../bairros/index.html,interno_relativo,,,,
blog/imoveis-peruibe-2026.html,../sitemap.xml,interno_relativo,,,,
blog/imoveis-peruibe-temporada-avaliacao-2026.html,../servicos.html,interno_relativo,,,,
blog/imoveis-peruibe-temporada-avaliacao-2026.html,../education/cursos/index.html,interno_relativo,,,,
blog/imoveis-peruibe-temporada-avaliacao-2026.html,../cidades/santos.html,interno_relativo,,,,
blog/imoveis-peruibe-temporada-avaliacao-2026.html,../bairros/index.html,interno_relativo,,,,
blog/imoveis-peruibe-temporada-avaliacao-2026.html,../sitemap.xml,interno_relativo,,,,
blog/imoveis-pet-friendly-compradores-em-santos-2026-07-12.html,../servicos.html,interno_relativo,,,,
blog/imoveis-pet-friendly-compradores-em-santos-2026-07-12.html,../education/cursos/index.html,interno_relativo,,,,
blog/imoveis-pet-friendly-compradores-em-santos-2026-07-12.html,../cidades/santos.html,interno_relativo,,,,
blog/imoveis-pet-friendly-compradores-em-santos-2026-07-12.html,../bairros/index.html,interno_relativo,,,,
blog/imoveis-pet-friendly-compradores-em-santos-2026-07-12.html,../sitemap.xml,interno_relativo,,,,
blog/imoveis-pet-friendly-litoral-paulista-2026.html,automacao-captacao-imoveis-litoral-2026.html,interno_relativo,,,,
blog/imoveis-pet-friendly-litoral-paulista-2026.html,seo-local-imobiliarias-litoral-paulista-2026.html,interno_relativo,,,,
blog/imoveis-pet-friendly-litoral-paulista-2026.html,../servicos.html,interno_relativo,,,,
blog/imoveis-pet-friendly-litoral-paulista-2026.html,../education/cursos/index.html,interno_relativo,,,,
blog/imoveis-pet-friendly-litoral-paulista-2026.html,../cidades/santos.html,interno_relativo,,,,
blog/imoveis-pet-friendly-litoral-paulista-2026.html,../bairros/index.html,interno_relativo,,,,
blog/imoveis-pet-friendly-litoral-paulista-2026.html,../sitemap.xml,interno_relativo,,,,
blog/imoveis-pet-friendly-litoral.html,../sitemap.xml,interno_relativo,,,,
blog/imoveis-pet-friendly-litoral.html,../servicos.html,interno_relativo,,,,
blog/imoveis-pet-friendly-litoral.html,../education/cursos/index.html,interno_relativo,,,,
blog/imoveis-pet-friendly-litoral.html,../cidades/santos.html,interno_relativo,,,,
blog/imoveis-pet-friendly-litoral.html,../bairros/index.html,interno_relativo,,,,
blog/imoveis-praia-grande-2026.html,../ferramentas/vale-a-pena-comprar-2026.html,interno_relativo,,,,
blog/imoveis-praia-grande-2026.html,../ferramentas/airbnb-admin.html,interno_relativo,,,,
blog/imoveis-praia-grande-2026.html,cidades-litoral-sp-2026.html,interno_relativo,,,,
blog/imoveis-praia-grande-2026.html,../servicos.html,interno_relativo,,,,
blog/imoveis-praia-grande-2026.html,../education/cursos/index.html,interno_relativo,,,,
blog/imoveis-praia-grande-2026.html,../cidades/santos.html,interno_relativo,,,,
blog/imoveis-praia-grande-2026.html,../bairros/index.html,interno_relativo,,,,
blog/imoveis-praia-grande-2026.html,../sitemap.xml,interno_relativo,,,,
blog/imoveis-santos-2026.html,../ferramentas/vale-a-pena-comprar-2026.html,interno_relativo,,,,
blog/imoveis-santos-2026.html,../ferramentas/airbnb-admin.html,interno_relativo,,,,
blog/imoveis-santos-2026.html,cidades-litoral-sp-2026.html,interno_relativo,,,,
blog/imoveis-santos-2026.html,../servicos.html,interno_relativo,,,,
blog/imoveis-santos-2026.html,../education/cursos/index.html,interno_relativo,,,,
blog/imoveis-santos-2026.html,../cidades/santos.html,interno_relativo,,,,
blog/imoveis-santos-2026.html,../bairros/index.html,interno_relativo,,,,
blog/imoveis-santos-2026.html,../sitemap.xml,interno_relativo,,,,
blog/imoveis-sao-vicente-2026.html,../ferramentas/vale-a-pena-comprar-2026.html,interno_relativo,,,,
blog/imoveis-sao-vicente-2026.html,../ferramentas/airbnb-admin.html,interno_relativo,,,,
blog/imoveis-sao-vicente-2026.html,cidades-litoral-sp-2026.html,interno_relativo,,,,
blog/imoveis-sao-vicente-2026.html,../servicos.html,interno_relativo,,,,
blog/imoveis-sao-vicente-2026.html,../education/cursos/index.html,interno_relativo,,,,
blog/imoveis-sao-vicente-2026.html,../cidades/santos.html,interno_relativo,,,,
blog/imoveis-sao-vicente-2026.html,../bairros/index.html,interno_relativo,,,,
blog/imoveis-sao-vicente-2026.html,../sitemap.xml,interno_relativo,,,,
blog/imoveis-sao-vicente-temporada-oportunidades-2026.html,../servicos.html,interno_relativo,,,,
blog/imoveis-sao-vicente-temporada-oportunidades-2026.html,../education/cursos/index.html,interno_relativo,,,,
blog/imoveis-sao-vicente-temporada-oportunidades-2026.html,../cidades/santos.html,interno_relativo,,,,
blog/imoveis-sao-vicente-temporada-oportunidades-2026.html,../bairros/index.html,interno_relativo,,,,
blog/imoveis-sao-vicente-temporada-oportunidades-2026.html,../sitemap.xml,interno_relativo,,,,
blog/imoveis-sustentaveis-litoral-vantagens-mercado-2026.html,../reforma-imovel-aumentar-valor-litoral-2026.html,interno_relativo,,,,
blog/imoveis-sustentaveis-praia-tendencias-2026.html,../sitemap.xml,interno_relativo,,,,
blog/imoveis-sustentaveis-praia-tendencias-2026.html,../servicos.html,interno_relativo,,,,
blog/imoveis-sustentaveis-praia-tendencias-2026.html,../education/cursos/index.html,interno_relativo,,,,
blog/imoveis-sustentaveis-praia-tendencias-2026.html,../cidades/santos.html,interno_relativo,,,,
blog/imoveis-sustentaveis-praia-tendencias-2026.html,../bairros/index.html,interno_relativo,,,,
blog/imoveis-ubatuba-temporada-avaliacao-2026.html,../servicos.html,interno_relativo,,,,
blog/imoveis-ubatuba-temporada-avaliacao-2026.html,../education/cursos/index.html,interno_relativo,,,,
blog/imoveis-ubatuba-temporada-avaliacao-2026.html,../cidades/santos.html,interno_relativo,,,,
blog/imoveis-ubatuba-temporada-avaliacao-2026.html,../bairros/index.html,interno_relativo,,,,
blog/imoveis-ubatuba-temporada-avaliacao-2026.html,../sitemap.xml,interno_relativo,,,,
blog/imovel-barato-barra-norte-2026.html,../servicos.html,interno_relativo,,,,
blog/imovel-barato-barra-norte-2026.html,../education/cursos/index.html,interno_relativo,,,,
blog/imovel-barato-barra-norte-2026.html,../cidades/santos.html,interno_relativo,,,,
blog/imovel-barato-barra-norte-2026.html,../bairros/index.html,interno_relativo,,,,
blog/imovel-barato-barra-norte-2026.html,../sitemap.xml,interno_relativo,,,,
blog/imovel-litoral-academia-imovel-2026.html,../imovel-litoral-area-kids-imovel-2026.html,interno_relativo,,,,
blog/imovel-litoral-aluguel-airbnb-2026.html,../imovel-litoral-aluguel-booking-2026.html,interno_relativo,,,,
blog/imovel-litoral-aluguel-booking-2026.html,../imovel-litoral-contrato-aluguel-modelo-2026.html,interno_relativo,,,,
blog/imovel-litoral-aluguel-prazo-fixo-2026.html,../imovel-litoral-aluguel-prazo-indeterminado-2026.html,interno_relativo,,,,
blog/imovel-litoral-aluguel-prazo-indeterminado-2026.html,../imovel-litoral-risco-alagamento-custo-2026.html,interno_relativo,,,,
blog/imovel-litoral-aluguel-temporada-avaliacao-hospede-2026.html,../imovel-litoral-compra-primeira-compra-2026.html,interno_relativo,,,,
blog/imovel-litoral-aluguel-temporada-avaliacao-imovel-2026.html,../imovel-litoral-aluguel-temporada-divulgacao-2026.html,interno_relativo,,,,
blog/imovel-litoral-aluguel-temporada-cancelamento-2026.html,../imovel-litoral-aluguel-temporada-seguro-2026.html,interno_relativo,,,,
blog/imovel-litoral-aluguel-temporada-checkin-2026.html,../imovel-litoral-aluguel-temporada-contrato-2026.html,interno_relativo,,,,
blog/imovel-litoral-aluguel-temporada-checkout-2026.html,../imovel-litoral-custo-condominio-analise-2026.html,interno_relativo,,,,
blog/imovel-litoral-aluguel-temporada-contrato-2026.html,../imovel-litoral-aluguel-temporada-danos-2026.html,interno_relativo,,,,
blog/imovel-litoral-aluguel-temporada-danos-2026.html,../imovel-litoral-aluguel-temporada-cancelamento-2026.html,interno_relativo,,,,
blog/imovel-litoral-aluguel-temporada-dicas-anfitriao-2026.html,../imovel-litoral-aluguel-temporada-preco-justo-2026.html,interno_relativo,,,,
blog/imovel-litoral-aluguel-temporada-divulgacao-2026.html,../imovel-litoral-venda-imovel-proposta-escrita-2026.html,interno_relativo,,,,
blog/imovel-litoral-aluguel-temporada-estudante-2026.html,../imovel-litoral-cobertura-imovel-2026.html,interno_relativo,,,,
blog/imovel-litoral-aluguel-temporada-experiencia-hospede-2026.html,../imovel-litoral-aluguel-temporada-preparacao-imovel-2026.html,interno_relativo,,,,
blog/imovel-litoral-aluguel-temporada-limpeza-2026.html,../imovel-litoral-aluguel-temporada-checkout-2026.html,interno_relativo,,,,
blog/imovel-litoral-aluguel-temporada-preco-justo-2026.html,../imovel-litoral-aluguel-temporada-avaliacao-imovel-2026.html,interno_relativo,,,,
blog/imovel-litoral-aluguel-temporada-preparacao-imovel-2026.html,../imovel-litoral-aluguel-temporada-avaliacao-hospede-2026.html,interno_relativo,,,,
blog/imovel-litoral-aluguel-temporada-reserva-rapida-2026.html,../imovel-litoral-aluguel-temporada-dicas-anfitriao-2026.html,interno_relativo,,,,
blog/imovel-litoral-aluguel-temporada-seguro-2026.html,../imovel-litoral-aluguel-temporada-checkin-2026.html,interno_relativo,,,,
blog/imovel-litoral-aluguel-temporada-tarifa-2026.html,../imovel-litoral-aluguel-temporada-limpeza-2026.html,interno_relativo,,,,
blog/imovel-litoral-alvara-construcao-2026.html,../imovel-litoral-licenca-prefeitura-reforma-2026.html,interno_relativo,,,,
blog/imovel-litoral-alvara-obra-emitir-2026.html,../imovel-litoral-licenca-obra-documentos-2026.html,interno_relativo,,,,
blog/imovel-litoral-analise-dados-imoveis-2026.html,../imovel-litoral-analise-dados-mercado-2026.html,interno_relativo,,,,
blog/imovel-litoral-analise-dados-mercado-2026.html,../imovel-litoral-cases-sucesso-venda-2026.html,interno_relativo,,,,
blog/imovel-litoral-area-kids-imovel-2026.html,../imovel-litoral-parcelamento-imovel-2026.html,interno_relativo,,,,
blog/imovel-litoral-area-lazer-condominio-como-avaliar-2026.html,../como-avaliar-taxa-condominio-lixo-imoveis-litoral-2026.html,interno_relativo,,,,
blog/imovel-litoral-area-preservacao-permanente-2026.html,../imoveis-litoral-zonamento-restricoes-consultar-antes-comprar-2026.html,interno_relativo,,,,
blog/imovel-litoral-area-preservacao-permanente-construcao-2026.html,../imovel-litoral-area-preservacao-permanente-2026.html,interno_relativo,,,,
blog/imovel-litoral-areacomum-condominio-uso-2026.html,../imovel-litoral-condominio-briga-regra-2026.html,interno_relativo,,,,
blog/imovel-litoral-art-crtt-reforma-2026.html,../reforma-imovel-litoral-licenca-prefeitura-2026.html,interno_relativo,,,,
blog/imovel-litoral-assembleia-condominio-quorum-2026.html,../imovel-litoral-fundo-reserva-condominio-aplicacao-2026.html,interno_relativo,,,,
blog/imovel-litoral-avaliacao-ambiental-compra-2026.html,../imovel-litoral-area-preservacao-permanente-2026.html,interno_relativo,,,,
blog/imovel-litoral-avaliacao-imovel-comparacao-2026.html,../imovel-litoral-marketing-imovel-digital-2026.html,interno_relativo,,,,
blog/imovel-litoral-avaliacao-imovel-pericia-2026.html,../imovel-litoral-avaliacao-imovel-comparacao-2026.html,interno_relativo,,,,
blog/imovel-litoral-avaliacao-online-vs-presencial-2026.html,../avaliacao-mercado-imoveis-litoral-2026.html,interno_relativo,,,,
blog/imovel-litoral-averbacao-imovel-2026.html,../imovel-litoral-habitese-imovel-2026.html,interno_relativo,,,,
blog/imovel-litoral-averbacao-imovel-prazo-2026.html,../imovel-litoral-habitese-imovel-condicoes-2026.html,interno_relativo,,,,
blog/imovel-litoral-averbacao-matricula-alteracao-2026.html,../imovel-litoral-habitese-documentos-obtencao-2026.html,interno_relativo,,,,
blog/imovel-litoral-averbacao-matricula-o-que-e-2026.html,../imovel-litoral-matricula-regularizacao-2026.html,interno_relativo,,,,
blog/imovel-litoral-averbacao-obras-2026.html,../imovel-litoral-habitese-regularizacao-2026.html,interno_relativo,,,,
blog/imovel-litoral-bolsa-familia-condicoes-2026.html,../imovel-litoral-fgts-saque-2026.html,interno_relativo,,,,
blog/imovel-litoral-bolsa-familia-imovel-2026.html,../imovel-litoral-fgts-imovel-2026.html,interno_relativo,,,,
blog/imovel-litoral-captacao-imoveis-digitacao-2026.html,../imovel-litoral-captacao-imoveis-foto-2026.html,interno_relativo,,,,
blog/imovel-litoral-captacao-imoveis-foto-2026.html,../imovel-litoral-captacao-imoveis-rede-2026.html,interno_relativo,,,,
blog/imovel-litoral-captacao-imoveis-indicacao-2026.html,../imovel-litoral-divulgacao-imovel-portal-2026.html,interno_relativo,,,,
blog/imovel-litoral-captacao-imoveis-rede-2026.html,../imovel-litoral-captacao-imoveis-indicacao-2026.html,interno_relativo,,,,
blog/imovel-litoral-cases-sucesso-aluguel-2026.html,../imovel-litoral-seo-local-imobiliaria-2026.html,interno_relativo,,,,
blog/imovel-litoral-cases-sucesso-venda-2026.html,../imovel-litoral-cases-sucesso-aluguel-2026.html,interno_relativo,,,,
blog/imovel-litoral-caucao-aluguel-devolucao-2026.html,../imovel-litoral-reforma-praia-ventilacao-2026.html,interno_relativo,,,,
blog/imovel-litoral-caucao-aluguel-funciona-2026.html,../imovel-litoral-caucao-aluguel-devolucao-2026.html,interno_relativo,,,,
blog/imovel-litoral-cdl-imovel-2026.html,../imovel-litoral-spc-imovel-2026.html,interno_relativo,,,,
blog/imovel-litoral-certidao-matricula-2026.html,../imovel-litoral-registro-imoveis-2026.html,interno_relativo,,,,
blog/imovel-litoral-certidao-onus-consulta-2026.html,../imovel-litoral-matricula-consultar-online-2026.html,interno_relativo,,,,
blog/imovel-litoral-certidao-onus-consultar-2026.html,../compra-imovel-litoral-documentacao-entrega-2026.html,interno_relativo,,,,
blog/imovel-litoral-certificacao-imobiliaria-2026.html,../imovel-litoral-piscina-imovel-2026.html,interno_relativo,,,,
blog/imovel-litoral-cnd-obra-emitir-2026.html,../reforma-imovel-litoral-licenca-prefeitura-2026.html,interno_relativo,,,,
blog/imovel-litoral-cnh-2026.html,../imovel-litoral-cpf-2026.html,interno_relativo,,,,
blog/imovel-litoral-cnh-transferencia-2026.html,../imovel-litoral-cpf-atualizacao-2026.html,interno_relativo,,,,
blog/imovel-litoral-cobertura-imovel-2026.html,../imovel-litoral-duplex-imovel-2026.html,interno_relativo,,,,
blog/imovel-litoral-compra-imovel-documentos-2026.html,../imovel-litoral-proprietario-aluguel-gestao-2026.html,interno_relativo,,,,
blog/imovel-litoral-compra-imovel-inspecao-2026.html,../imovel-litoral-compra-imovel-negociacao-2026.html,interno_relativo,,,,
blog/imovel-litoral-compra-imovel-negociacao-2026.html,../imovel-litoral-compra-imovel-documentos-2026.html,interno_relativo,,,,
blog/imovel-litoral-compra-primeira-compra-2026.html,../imovel-litoral-venda-primeira-venda-2026.html,interno_relativo,,,,
blog/imovel-litoral-comprovante-residencia-2026.html,../imovel-litoral-bolsa-familia-imovel-2026.html,interno_relativo,,,,
blog/imovel-litoral-comprovante-residencia-multas-2026.html,../imovel-litoral-bolsa-familia-condicoes-2026.html,interno_relativo,,,,
blog/imovel-litoral-concierge-imovel-2026.html,../imovel-litoral-jardinagem-imovel-2026.html,interno_relativo,,,,
blog/imovel-litoral-condominio-area-comum-convivencia-2026.html,../imovel-litoral-condominio-regra-multa-2026.html,interno_relativo,,,,
blog/imovel-litoral-condominio-area-comum-regras-2026.html,../imovel-litoral-norma-uso-churrasqueira-condominio-2026.html,interno_relativo,,,,
blog/imovel-litoral-condominio-assembleia-2026.html,../imovel-litoral-condominio-sindico-2026.html,interno_relativo,,,,
blog/imovel-litoral-condominio-briga-regra-2026.html,../imovel-litoral-multa-condominial-entendimento-2026.html,interno_relativo,,,,
blog/imovel-litoral-condominio-fundo-reserva-2026.html,../imovel-litoral-condominio-assembleia-2026.html,interno_relativo,,,,
blog/imovel-litoral-condominio-regra-multa-2026.html,../imovel-litoral-sindico-deveres-gestao-2026.html,interno_relativo,,,,
blog/imovel-litoral-condominio-sindico-2026.html,../imovel-litoral-promessa-compra-venda-2026.html,interno_relativo,,,,
blog/imovel-litoral-consorcio-imovel-2026.html,../imovel-litoral-aluguel-temporada-estudante-2026.html,interno_relativo,,,,
blog/imovel-litoral-construcao-aco-leve-vantagens-2026.html,../imovel-litoral-construcao-prefabricada-vantagens-2026.html,interno_relativo,,,,
blog/imovel-litoral-construcao-apartamento-2026.html,../imovel-litoral-condominio-fundo-reserva-2026.html,interno_relativo,,,,
blog/imovel-litoral-construcao-casa-terreno-2026.html,../imovel-litoral-reforma-cobertura-2026.html,interno_relativo,,,,
blog/imovel-litoral-construcao-madeira-cuidados-2026.html,../reforma-imovel-litoral-custo-beneficio-2026.html,interno_relativo,,,,
blog/imovel-litoral-construcao-praia-fundacao-2026.html,../imovel-litoral-construcao-praia-ventilacao-2026.html,interno_relativo,,,,
blog/imovel-litoral-construcao-praia-ventilacao-2026.html,../imovel-litoral-documentacao-importacao-2026.html,interno_relativo,,,,
blog/imovel-litoral-construcao-prefabricada-vantagens-2026.html,../imovel-litoral-construcao-terreno-proprio-2026.html,interno_relativo,,,,
blog/imovel-litoral-construcao-terreno-lamina-2026.html,../imovel-litoral-construcao-terreno-proprio-2026.html,interno_relativo,,,,
blog/imovel-litoral-construcao-terreno-lamina-cuidados-2026.html,../imovel-litoral-construcao-terreno-proprio-2026.html,interno_relativo,,,,
blog/imovel-litoral-construcao-terreno-lamina-custo-2026.html,../imovel-litoral-construcao-terreno-proprio-2026.html,interno_relativo,,,,
blog/imovel-litoral-construcao-terreno-lamina-custo-beneficio-2026.html,../imovel-litoral-construcao-terreno-proprio-2026.html,interno_relativo,,,,
blog/imovel-litoral-construcao-terreno-lamina-passos-2026.html,../imovel-litoral-construcao-terreno-proprio-2026.html,interno_relativo,,,,
blog/imovel-litoral-construcao-terreno-lamina-planejamento-2026.html,../imovel-litoral-construcao-terreno-proprio-2026.html,interno_relativo,,,,
blog/imovel-litoral-construcao-terreno-lamina-verificacao-2026.html,../imovel-litoral-construcao-terreno-proprio-2026.html,interno_relativo,,,,
blog/imovel-litoral-construcao-terreno-proprio-2026.html,../reforma-imovel-litoral-licenca-prefeitura-2026.html,interno_relativo,,,,
blog/imovel-litoral-contrato-aluguel-caucao-2026.html,../imovel-litoral-contrato-aluguel-fiador-2026.html,interno_relativo,,,,
blog/imovel-litoral-contrato-aluguel-caucao-devolucao-2026.html,../imovel-litoral-contrato-aluguel-fiador-exigencia-2026.html,interno_relativo,,,,
blog/imovel-litoral-contrato-aluguel-clausulas-2026.html,../imovel-litoral-caucao-aluguel-funciona-2026.html,interno_relativo,,,,
blog/imovel-litoral-contrato-aluguel-fiador-2026.html,../imovel-litoral-contrato-aluguel-seguro-2026.html,interno_relativo,,,,
blog/imovel-litoral-contrato-aluguel-fiador-exigencia-2026.html,../imovel-litoral-contrato-aluguel-seguro-obrigatoriedade-2026.html,interno_relativo,,,,
blog/imovel-litoral-contrato-aluguel-modelo-2026.html,../imovel-litoral-contrato-aluguel-clausulas-2026.html,interno_relativo,,,,
blog/imovel-litoral-contrato-aluguel-seguro-2026.html,../imovel-litoral-matricula-imovel-2026.html,interno_relativo,,,,
blog/imovel-litoral-contrato-aluguel-seguro-obrigatoriedade-2026.html,../imovel-litoral-matricula-imovel-regularizacao-2026.html,interno_relativo,,,,
blog/imovel-litoral-contrato-promessa-compra-2026.html,../imovel-litoral-usucapiao-tempo-2026.html,interno_relativo,,,,
blog/imovel-litoral-convencao-condominial-alteracao-2026.html,../imovel-litoral-assembleia-condominio-quorum-2026.html,interno_relativo,,,,
blog/imovel-litoral-cpf-2026.html,../imovel-litoral-comprovante-residencia-2026.html,interno_relativo,,,,
blog/imovel-litoral-cpf-atualizacao-2026.html,../imovel-litoral-comprovante-residencia-multas-2026.html,interno_relativo,,,,
blog/imovel-litoral-curso-corretor-imovel-2026.html,../imovel-litoral-certificacao-imobiliaria-2026.html,interno_relativo,,,,
blog/imovel-litoral-custo-condominio-analise-2026.html,../imovel-litoral-custo-manutencao-predial-2026.html,interno_relativo,,,,
blog/imovel-litoral-custo-manutencao-predial-2026.html,../imovel-litoral-custo-obra-reforma-2026.html,interno_relativo,,,,
blog/imovel-litoral-custo-obra-reforma-2026.html,../imovel-litoral-precificacao-aluguel-temporada-2026.html,interno_relativo,,,,
blog/imovel-litoral-despejo-inadimplencia-2026.html,../imovel-litoral-dicas-investidor-iniciante-2026.html,interno_relativo,,,,
blog/imovel-litoral-dicas-investidor-iniciante-2026.html,../imovel-litoral-investidor-rentabilidade-2026.html,interno_relativo,,,,
blog/imovel-litoral-direito-doado-2026.html,../imovel-litoral-tributacao-aluguel-2026.html,interno_relativo,,,,
blog/imovel-litoral-direito-doado-formalismo-2026.html,../imovel-litoral-tributacao-aluguel-declaracao-2026.html,interno_relativo,,,,
blog/imovel-litoral-direito-heranca-2026.html,../imovel-litoral-direito-doado-2026.html,interno_relativo,,,,
blog/imovel-litoral-direito-heranca-complexo-2026.html,../imovel-litoral-direito-doado-formalismo-2026.html,interno_relativo,,,,
blog/imovel-litoral-direito-internacional-2026.html,../imovel-litoral-seguro-vida-imovel-2026.html,interno_relativo,,,,
blog/imovel-litoral-direito-preferencia-compra-2026.html,../compra-imovel-litoral-caracteres-ocultos-golpe-2026.html,interno_relativo,,,,
blog/imovel-litoral-direito-vizinhanca-barulho-2026.html,../imovel-litoral-norma-barulho-condominio-2026.html,interno_relativo,,,,
blog/imovel-litoral-direito-vizinhanca-condominio-2026.html,../imovel-litoral-condominio-area-comum-regras-2026.html,interno_relativo,,,,
blog/imovel-litoral-direito-vizinhanca-obras-2026.html,../reforma-imovel-litoral-licenca-prefeitura-2026.html,interno_relativo,,,,
blog/imovel-litoral-direito-vizinhanca-ruido-2026.html,../imovel-litoral-areacomum-condominio-uso-2026.html,interno_relativo,,,,
blog/imovel-litoral-divisao-herdeiros-como-funciona-2026.html,../heranca-imoveis-litoral-inventario-partilha-2026.html,interno_relativo,,,,
blog/imovel-litoral-divulgacao-imovel-portal-2026.html,../imovel-litoral-divulgacao-imovel-video-2026.html,interno_relativo,,,,
blog/imovel-litoral-divulgacao-imovel-tour-2026.html,../imovel-litoral-visita-imovel-presencial-2026.html,interno_relativo,,,,
blog/imovel-litoral-divulgacao-imovel-video-2026.html,../imovel-litoral-divulgacao-imovel-tour-2026.html,interno_relativo,,,,
blog/imovel-litoral-doacao-filhos-regras-2026.html,../heranca-imoveis-litoral-inventario-partilha-2026.html,interno_relativo,,,,
blog/imovel-litoral-documentacao-compra-coletiva-2026.html,../compra-imovel-litoral-documentacao-entrega-2026.html,interno_relativo,,,,
blog/imovel-litoral-documentacao-compra-coletiva-alinhamento-2026.html,../compra-imovel-litoral-documentacao-entrega-2026.html,interno_relativo,,,,
blog/imovel-litoral-documentacao-compra-coletiva-contrato-2026.html,../compra-imovel-litoral-documentacao-entrega-2026.html,interno_relativo,,,,
blog/imovel-litoral-documentacao-compra-coletiva-passos-2026.html,../compra-imovel-litoral-documentacao-entrega-2026.html,interno_relativo,,,,
blog/imovel-litoral-documentacao-compra-coletiva-simples-2026.html,../compra-imovel-litoral-documentacao-entrega-2026.html,interno_relativo,,,,
blog/imovel-litoral-documentacao-compra-coletiva-verificacao-2026.html,../compra-imovel-litoral-documentacao-entrega-2026.html,interno_relativo,,,,
blog/imovel-litoral-documentacao-compra-estrangeiro-2026.html,../imovel-litoral-documentacao-consulta-online-2026.html,interno_relativo,,,,
blog/imovel-litoral-documentacao-compra-verificacao-2026.html,../compra-imovel-litoral-caracteres-ocultos-golpe-2026.html,interno_relativo,,,,
blog/imovel-litoral-documentacao-consulta-online-2026.html,../documentacao-venda-imovel-litoral-checklist-2026.html,interno_relativo,,,,
blog/imovel-litoral-documentacao-digital-armazenamento-2026.html,../imovel-litoral-tecnologia-ia-imobiliaria-2026.html,interno_relativo,,,,
blog/imovel-litoral-documentacao-digital-assinatura-2026.html,../imovel-litoral-documentacao-digital-armazenamento-2026.html,interno_relativo,,,,
blog/imovel-litoral-documentacao-heranca-passos-2026.html,../heranca-imoveis-litoral-inventario-partilha-2026.html,interno_relativo,,,,
blog/imovel-litoral-documentacao-importacao-2026.html,../imovel-litoral-plataforma-captacao-2026.html,interno_relativo,,,,
blog/imovel-litoral-duplex-imovel-2026.html,../imovel-litoral-madeira-imovel-2026.html,interno_relativo,,,,
blog/imovel-litoral-entrega-imovel-pos-obra-2026.html,../imovel-litoral-entrega-imovel-vistoria-2026.html,interno_relativo,,,,
blog/imovel-litoral-entrega-imovel-vistoria-2026.html,../imovel-litoral-financeamento-imovel-renda-extra-2026.html,interno_relativo,,,,
blog/imovel-litoral-escritura-compra-venda-etapas-2026.html,../imovel-litoral-averbacao-matricula-alteracao-2026.html,interno_relativo,,,,
blog/imovel-litoral-escritura-imovel-2026.html,../imovel-litoral-averbacao-imovel-2026.html,interno_relativo,,,,
blog/imovel-litoral-escritura-imovel-custo-2026.html,../imovel-litoral-averbacao-imovel-prazo-2026.html,interno_relativo,,,,
blog/imovel-litoral-escritura-publica-2026.html,../imovel-litoral-averbacao-obras-2026.html,interno_relativo,,,,
blog/imovel-litoral-escritura-registro-custo-2026.html,../compra-imovel-litoral-documentacao-entrega-2026.html,interno_relativo,,,,
blog/imovel-litoral-espaco-gourmet-condominio-2026.html,../imovel-litoral-area-lazer-condominio-como-avaliar-2026.html,interno_relativo,,,,
blog/imovel-litoral-estrangeiro-compra-2026.html,../imovel-litoral-aluguel-prazo-fixo-2026.html,interno_relativo,,,,
blog/imovel-litoral-fgts-imovel-2026.html,../imovel-litoral-cdl-imovel-2026.html,interno_relativo,,,,
blog/imovel-litoral-fgts-saque-2026.html,../imovel-litoral-cdl-restricao-2026.html,interno_relativo,,,,
blog/imovel-litoral-financeamento-imovel-renda-extra-2026.html,../imovel-litoral-reforma-imovel-decoracao-2026.html,interno_relativo,,,,
blog/imovel-litoral-financiamento-aprovacao-2026.html,../imovel-litoral-financiamento-documentos-2026.html,interno_relativo,,,,
blog/imovel-litoral-financiamento-documentos-2026.html,../imovel-litoral-financiamento-negativado-2026.html,interno_relativo,,,,
blog/imovel-litoral-financiamento-entrada-negociacao-2026.html,../imovel-litoral-financiamento-tipo-comparacao-2026.html,interno_relativo,,,,
blog/imovel-litoral-financiamento-negativado-2026.html,../imovel-litoral-financiamento-entrada-negociacao-2026.html,interno_relativo,,,,
blog/imovel-litoral-financiamento-tipo-comparacao-2026.html,../imovel-litoral-financiamento-aprovacao-2026.html,interno_relativo,,,,
blog/imovel-litoral-follow-up-cliente-2026.html,../imovel-litoral-whatsapp-imobiliaria-2026.html,interno_relativo,,,,
blog/imovel-litoral-fundo-renda-moradia-2026.html,../imovel-litoral-leasing-imovel-2026.html,interno_relativo,,,,
blog/imovel-litoral-fundo-reserva-condominio-aplicacao-2026.html,../imovel-litoral-peticao-condominio-modelo-2026.html,interno_relativo,,,,
blog/imovel-litoral-gestao-aluguel-temporada-2026.html,../aluguel-temporada-litoral-reserva-antecedencia-vantagens-2026.html,interno_relativo,,,,
blog/imovel-litoral-gestao-custo-fixo-2026.html,../imovel-litoral-gestao-aluguel-temporada-2026.html,interno_relativo,,,,
blog/imovel-litoral-gestao-imoveis-operacao-2026.html,../imovel-litoral-follow-up-cliente-2026.html,interno_relativo,,,,
blog/imovel-litoral-gestao-imoveis-rentabilidade-2026.html,../imovel-litoral-gestao-imoveis-operacao-2026.html,interno_relativo,,,,
blog/imovel-litoral-gestao-manutencao-predial-2026.html,../imovel-litoral-reforma-estrutural-monitoramento-2026.html,interno_relativo,,,,
blog/imovel-litoral-habitese-documentos-obtencao-2026.html,../imovel-litoral-responsavel-tecnico-reforma-obrigatoriedade-2026.html,interno_relativo,,,,
blog/imovel-litoral-habitese-imovel-2026.html,../imovel-litoral-negociacao-imovel-tempo-2026.html,interno_relativo,,,,
blog/imovel-litoral-habitese-imovel-condicoes-2026.html,../imovel-litoral-negociacao-imovel-tempo-2026.html,interno_relativo,,,,
blog/imovel-litoral-habitese-obtencao-2026.html,../reforma-imovel-litoral-licenca-prefeitura-2026.html,interno_relativo,,,,
blog/imovel-litoral-habitese-regularizacao-2026.html,../imovel-litoral-construcao-casa-terreno-2026.html,interno_relativo,,,,
blog/imovel-litoral-imposto-aluguel-declaracao-2026.html,../imovel-litoral-imposto-venda-imovel-ganho-capital-2026.html,interno_relativo,,,,
blog/imovel-litoral-imposto-compra-imovel-itbi-2026.html,../imovel-litoral-custo-condominio-analise-2026.html,interno_relativo,,,,
blog/imovel-litoral-imposto-reforma-calculo-2026.html,../imovel-litoral-imposto-aluguel-declaracao-2026.html,interno_relativo,,,,
blog/imovel-litoral-imposto-venda-imovel-ganho-capital-2026.html,../imovel-litoral-imposto-compra-imovel-itbi-2026.html,interno_relativo,,,,
blog/imovel-litoral-inss-obra-calculo-2026.html,../imovel-litoral-art-crtt-reforma-2026.html,interno_relativo,,,,
blog/imovel-litoral-interiores-design-2026.html,../imovel-litoral-visto-imigracao-2026.html,interno_relativo,,,,
blog/imovel-litoral-inundacao-risco-segurador-2026.html,../seguro-residencial-imovel-litoral-2026.html,interno_relativo,,,,
blog/imovel-litoral-investidor-experiente-2026.html,../imovel-litoral-reforma-estrutural-orcamento-2026.html,interno_relativo,,,,
blog/imovel-litoral-investidor-iniciante-2026.html,../imovel-litoral-investidor-rentabilidade-2026.html,interno_relativo,,,,
blog/imovel-litoral-investidor-rentabilidade-2026.html,../imovel-litoral-seguro-residencial-contratacao-2026.html,interno_relativo,,,,
blog/imovel-litoral-investimento-aluguel-2026.html,../imovel-litoral-investimento-reforma-2026.html,interno_relativo,,,,
blog/imovel-litoral-investimento-compra-2026.html,../imovel-litoral-investimento-venda-2026.html,interno_relativo,,,,
blog/imovel-litoral-investimento-construcao-2026.html,../imovel-litoral-investimento-compra-2026.html,interno_relativo,,,,
blog/imovel-litoral-investimento-custo-2026.html,../imovel-litoral-investimento-imovel-usado-2026.html,interno_relativo,,,,
blog/imovel-litoral-investimento-imovel-novo-2026.html,../imovel-litoral-investimento-aluguel-2026.html,interno_relativo,,,,
blog/imovel-litoral-investimento-imovel-usado-2026.html,../imovel-litoral-investimento-imovel-novo-2026.html,interno_relativo,,,,
blog/imovel-litoral-investimento-prazo-2026.html,../imovel-litoral-investimento-custo-2026.html,interno_relativo,,,,
blog/imovel-litoral-investimento-reforma-2026.html,../imovel-litoral-investimento-construcao-2026.html,interno_relativo,,,,
blog/imovel-litoral-investimento-risco-2026.html,../imovel-litoral-investimento-prazo-2026.html,interno_relativo,,,,
blog/imovel-litoral-investimento-venda-2026.html,../imovel-litoral-investimento-risco-2026.html,interno_relativo,,,,
blog/imovel-litoral-jardinagem-imovel-2026.html,../imovel-litoral-negociacao-imovel-tempo-2026.html,interno_relativo,,,,
blog/imovel-litoral-leasing-imovel-2026.html,../imovel-litoral-contrato-promessa-compra-2026.html,interno_relativo,,,,
blog/imovel-litoral-licenca-obra-documentos-2026.html,../imovel-litoral-vistoria-obra-aprovacao-2026.html,interno_relativo,,,,
blog/imovel-litoral-licenca-prefeitura-reforma-2026.html,../imovel-litoral-vistoria-prefeitura-obra-2026.html,interno_relativo,,,,
blog/imovel-litoral-madeira-imovel-2026.html,../imovel-litoral-concierge-imovel-2026.html,interno_relativo,,,,
blog/imovel-litoral-marketing-imovel-digital-2026.html,../imovel-litoral-marketing-imovel-redes-sociais-2026.html,interno_relativo,,,,
blog/imovel-litoral-marketing-imovel-redes-sociais-2026.html,../imovel-litoral-tecnologia-captacao-imoveis-2026.html,interno_relativo,,,,
blog/imovel-litoral-matricula-consultar-online-2026.html,../imovel-litoral-escritura-compra-venda-etapas-2026.html,interno_relativo,,,,
blog/imovel-litoral-matricula-imovel-2026.html,../imovel-litoral-registro-imovel-2026.html,interno_relativo,,,,
blog/imovel-litoral-matricula-imovel-regularizacao-2026.html,../imovel-litoral-registro-imovel-online-2026.html,interno_relativo,,,,
blog/imovel-litoral-matricula-regularizacao-2026.html,../imovel-litoral-usucapiao-como-funciona-2026.html,interno_relativo,,,,
blog/imovel-litoral-mercado-analise-tendencias-2026.html,../imovel-litoral-mercado-comparacao-imoveis-2026.html,interno_relativo,,,,
blog/imovel-litoral-mercado-avaliacao-imovel-2026.html,../imovel-litoral-mercado-negociacao-imovel-2026.html,interno_relativo,,,,
blog/imovel-litoral-mercado-comparacao-cidades-2026.html,../imovel-litoral-mercado-valorizacao-2026.html,interno_relativo,,,,
blog/imovel-litoral-mercado-comparacao-imoveis-2026.html,../imovel-litoral-mercado-avaliacao-imovel-2026.html,interno_relativo,,,,
blog/imovel-litoral-mercado-negociacao-imovel-2026.html,../imovel-litoral-mercado-oferta-imovel-2026.html,interno_relativo,,,,
blog/imovel-litoral-mercado-oferta-imovel-2026.html,../imovel-litoral-tecnologia-smart-home-2026.html,interno_relativo,,,,
blog/imovel-litoral-mercado-tendencia-2026.html,../imovel-litoral-mercado-valorizacao-2026.html,interno_relativo,,,,
blog/imovel-litoral-mercado-valorizacao-2026.html,../imovel-litoral-mercado-tendencia-2026.html,interno_relativo,,,,
blog/imovel-litoral-multa-condominial-entendimento-2026.html,../imovel-litoral-sindico-eleicao-deveres-2026.html,interno_relativo,,,,
blog/imovel-litoral-negociacao-imovel-prazo-2026.html,../imovel-litoral-entrega-imovel-pos-obra-2026.html,interno_relativo,,,,
blog/imovel-litoral-negociacao-imovel-preco-2026.html,../imovel-litoral-negociacao-imovel-prazo-2026.html,interno_relativo,,,,
blog/imovel-litoral-negociacao-imovel-tempo-2026.html,../imovel-litoral-negociacao-imovel-preco-2026.html,interno_relativo,,,,
blog/imovel-litoral-norma-barulho-condominio-2026.html,../condominio-litoral-assembleia-regras-locacao-2026.html,interno_relativo,,,,
blog/imovel-litoral-norma-garagem-visitante-2026.html,../como-avaliar-taxa-condominio-lixo-imoveis-litoral-2026.html,interno_relativo,,,,
blog/imovel-litoral-norma-piscina-condominio-2026.html,../como-avaliar-taxa-condominio-lixo-imoveis-litoral-2026.html,interno_relativo,,,,
blog/imovel-litoral-norma-uso-churrasqueira-condominio-2026.html,../condominio-litoral-assembleia-regras-locacao-2026.html,interno_relativo,,,,
blog/imovel-litoral-obra-laje-estrutural-2026.html,../reforma-imovel-litoral-licenca-prefeitura-2026.html,interno_relativo,,,,
blog/imovel-litoral-obra-parada-riscos-direitos-2026.html,../analise-risco-imoveis-planta-litoral-proteger-investimento-2026.html,interno_relativo,,,,
blog/imovel-litoral-obra-vizinha-incômodo-direitos-2026.html,../indenizacao-imovel-litoral-obra-vizinha-2026.html,interno_relativo,,,,
blog/imovel-litoral-obra-vizinha-notificacao-2026.html,../imovel-litoral-direito-vizinhanca-ruido-2026.html,interno_relativo,,,,
blog/imovel-litoral-ocupacao-irregular-despejo-2026.html,../acidente-imovel-litoral-responsabilidade-proprietario-2026.html,interno_relativo,,,,
blog/imovel-litoral-operacao-aluguel-temporada-2026.html,../imovel-litoral-pricing-temporada-2026.html,interno_relativo,,,,
blog/imovel-litoral-paisagismo-area-lazer-2026.html,../imovel-litoral-interiores-design-2026.html,interno_relativo,,,,
blog/imovel-litoral-parcelamento-imovel-2026.html,../imovel-litoral-consorcio-imovel-2026.html,interno_relativo,,,,
blog/imovel-litoral-peticao-condominio-modelo-2026.html,../imovel-litoral-obra-vizinha-notificacao-2026.html,interno_relativo,,,,
blog/imovel-litoral-piscina-imovel-2026.html,../imovel-litoral-academia-imovel-2026.html,interno_relativo,,,,
blog/imovel-litoral-placa-venda-aluguel-regras-2026.html,../venda-imovel-litoral-anuncio-fotos-profissionais-2026.html,interno_relativo,,,,
blog/imovel-litoral-plantas-projeto-aprovacao-prefeitura-2026.html,../reforma-imovel-litoral-licenca-prefeitura-2026.html,interno_relativo,,,,
blog/imovel-litoral-plataforma-captacao-2026.html,../imovel-litoral-riparo-direito-2026.html,interno_relativo,,,,
blog/imovel-litoral-poco-artesiano-regras-2026.html,../imovel-litoral-documentacao-consulta-online-2026.html,interno_relativo,,,,
blog/imovel-litoral-posse-amanha-direitos-2026.html,../terreno-litoral-matricula-irregular-regularizacao-2026.html,interno_relativo,,,,
blog/imovel-litoral-precificacao-aluguel-temporada-2026.html,../imovel-litoral-precificacao-venda-imovel-2026.html,interno_relativo,,,,
blog/imovel-litoral-precificacao-compra-imovel-2026.html,../imovel-litoral-avaliacao-imovel-pericia-2026.html,interno_relativo,,,,
blog/imovel-litoral-precificacao-venda-imovel-2026.html,../imovel-litoral-precificacao-compra-imovel-2026.html,interno_relativo,,,,
blog/imovel-litoral-pricing-temporada-2026.html,../imovel-litoral-custo-condominio-analise-2026.html,interno_relativo,,,,
blog/imovel-litoral-projeto-arquitetonico-2026.html,../imovel-litoral-paisagismo-area-lazer-2026.html,interno_relativo,,,,
blog/imovel-litoral-promessa-compra-venda-2026.html,../imovel-litoral-despejo-inadimplencia-2026.html,interno_relativo,,,,
blog/imovel-litoral-proprietario-aluguel-gestao-2026.html,../imovel-litoral-proprietario-manutencao-imovel-2026.html,interno_relativo,,,,
blog/imovel-litoral-proprietario-manutencao-imovel-2026.html,../imovel-litoral-proprietario-seguro-imovel-2026.html,interno_relativo,,,,
blog/imovel-litoral-proprietario-seguro-imovel-2026.html,../imovel-litoral-venda-imovel-proposta-2026.html,interno_relativo,,,,
blog/imovel-litoral-redes-sociais-imovel-2026.html,../imovel-litoral-follow-up-cliente-2026.html,interno_relativo,,,,
blog/imovel-litoral-reforma-cobertura-2026.html,../imovel-litoral-reforma-fachada-2026.html,interno_relativo,,,,
blog/imovel-litoral-reforma-cozinha-area-servico-2026.html,../reforma-imovel-litoral-custo-beneficio-2026.html,interno_relativo,,,,
blog/imovel-litoral-reforma-economica-sem-perder-qualidade-2026.html,../reforma-imovel-litoral-custo-beneficio-2026.html,interno_relativo,,,,
blog/imovel-litoral-reforma-eletrica-2026.html,../imovel-litoral-reforma-pintura-2026.html,interno_relativo,,,,
blog/imovel-litoral-reforma-eletrica-normas-2026.html,../reforma-imovel-litoral-licenca-prefeitura-2026.html,interno_relativo,,,,
blog/imovel-litoral-reforma-energia-solar-retorno-2026.html,../imovel-litoral-sustentabilidade-economia-agua-2026.html,interno_relativo,,,,
blog/imovel-litoral-reforma-estrutural-acompanhamento-2026.html,../imovel-litoral-reforma-estrutural-tecnologia-2026.html,interno_relativo,,,,
blog/imovel-litoral-reforma-estrutural-avaliacao-tecnica-2026.html,../reforma-imovel-litoral-licenca-prefeitura-2026.html,interno_relativo,,,,
blog/imovel-litoral-reforma-estrutural-cuidados-2026.html,../reforma-imovel-litoral-licenca-prefeitura-2026.html,interno_relativo,,,,
blog/imovel-litoral-reforma-estrutural-custo-2026.html,../reforma-imovel-litoral-licenca-prefeitura-2026.html,interno_relativo,,,,
blog/imovel-litoral-reforma-estrutural-custo-beneficio-2026.html,../imovel-litoral-reforma-estrutural-inspecao-2026.html,interno_relativo,,,,
blog/imovel-litoral-reforma-estrutural-custo-etapas-2026.html,../reforma-imovel-litoral-licenca-prefeitura-2026.html,interno_relativo,,,,
blog/imovel-litoral-reforma-estrutural-detalhamento-2026.html,../imovel-litoral-reforma-estrutural-planejamento-2026.html,interno_relativo,,,,
blog/imovel-litoral-reforma-estrutural-dicas-2026.html,../imovel-litoral-reforma-estrutural-prazo-2026.html,interno_relativo,,,,
blog/imovel-litoral-reforma-estrutural-documentacao-2026.html,../imovel-litoral-reforma-estrutural-responsavel-2026.html,interno_relativo,,,,
blog/imovel-litoral-reforma-estrutural-duvidas-2026.html,../reforma-imovel-litoral-licenca-prefeitura-2026.html,interno_relativo,,,,
blog/imovel-litoral-reforma-estrutural-execucao-2026.html,../imovel-litoral-reforma-estrutural-acompanhamento-2026.html,interno_relativo,,,,
blog/imovel-litoral-reforma-estrutural-garantia-2026.html,../imovel-litoral-reforma-estrutural-seguro-2026.html,interno_relativo,,,,
blog/imovel-litoral-reforma-estrutural-inspecao-2026.html,../imovel-litoral-reforma-estrutural-rapido-2026.html,interno_relativo,,,,
blog/imovel-litoral-reforma-estrutural-licenca-2026.html,../imovel-litoral-reforma-estrutural-vistoria-2026.html,interno_relativo,,,,
blog/imovel-litoral-reforma-estrutural-materiais-2026.html,../imovel-litoral-reforma-estrutural-execucao-2026.html,interno_relativo,,,,
blog/imovel-litoral-reforma-estrutural-monitoramento-2026.html,../reforma-imovel-litoral-licenca-prefeitura-2026.html,interno_relativo,,,,
blog/imovel-litoral-reforma-estrutural-orcamento-2026.html,../imovel-litoral-construcao-apartamento-2026.html,interno_relativo,,,,
blog/imovel-litoral-reforma-estrutural-pilares-fundacoes-2026.html,../reforma-imovel-litoral-licenca-prefeitura-2026.html,interno_relativo,,,,
blog/imovel-litoral-reforma-estrutural-planejamento-2026.html,../imovel-litoral-reforma-estrutural-detalhamento-2026.html,interno_relativo,,,,
blog/imovel-litoral-reforma-estrutural-prazo-2026.html,../imovel-litoral-reforma-estrutural-rapido-2026.html,interno_relativo,,,,
blog/imovel-litoral-reforma-estrutural-projeto-executivo-2026.html,../reforma-imovel-litoral-licenca-prefeitura-2026.html,interno_relativo,,,,
blog/imovel-litoral-reforma-estrutural-qualificacao-2026.html,../imovel-litoral-reforma-estrutural-tecnica-2026.html,interno_relativo,,,,
blog/imovel-litoral-reforma-estrutural-rapida-2026.html,../reforma-imovel-litoral-licenca-prefeitura-2026.html,interno_relativo,,,,
blog/imovel-litoral-reforma-estrutural-rapido-2026.html,../imovel-litoral-seguranca-alarme-inteligente-2026.html,interno_relativo,,,,
blog/imovel-litoral-reforma-estrutural-responsavel-2026.html,../imovel-litoral-reforma-estrutural-garantia-2026.html,interno_relativo,,,,
blog/imovel-litoral-reforma-estrutural-riscos-2026.html,../imovel-litoral-reforma-estrutural-qualificacao-2026.html,interno_relativo,,,,
blog/imovel-litoral-reforma-estrutural-seguro-2026.html,../imovel-litoral-reforma-estrutural-licenca-2026.html,interno_relativo,,,,
blog/imovel-litoral-reforma-estrutural-tecnica-2026.html,../imovel-litoral-reforma-estrutural-materiais-2026.html,interno_relativo,,,,
blog/imovel-litoral-reforma-estrutural-tecnologia-2026.html,../imovel-litoral-reforma-estrutural-documentacao-2026.html,interno_relativo,,,,
blog/imovel-litoral-reforma-estrutural-verificacao-2026.html,../reforma-imovel-litoral-licenca-prefeitura-2026.html,interno_relativo,,,,
blog/imovel-litoral-reforma-estrutural-vistoria-2026.html,../imovel-litoral-reforma-estrutural-responsavel-2026.html,interno_relativo,,,,
blog/imovel-litoral-reforma-fachada-2026.html,../imovel-litoral-aluguel-temporada-reserva-rapida-2026.html,interno_relativo,,,,
blog/imovel-litoral-reforma-hidraulica-2026.html,../imovel-litoral-reforma-eletrica-2026.html,interno_relativo,,,,
blog/imovel-litoral-reforma-hidraulica-tubulacao-2026.html,../reforma-imovel-litoral-custo-beneficio-2026.html,interno_relativo,,,,
blog/imovel-litoral-reforma-imovel-decoracao-2026.html,../imovel-litoral-reforma-imovel-mobiliario-2026.html,interno_relativo,,,,
blog/imovel-litoral-reforma-imovel-espaco-2026.html,../imovel-litoral-negociacao-imovel-tempo-2026.html,interno_relativo,,,,
blog/imovel-litoral-reforma-imovel-iluminacao-2026.html,../imovel-litoral-reforma-imovel-espaco-2026.html,interno_relativo,,,,
blog/imovel-litoral-reforma-imovel-mobiliario-2026.html,../imovel-litoral-reforma-imovel-iluminacao-2026.html,interno_relativo,,,,
blog/imovel-litoral-reforma-janela-telhado-2026.html,../imovel-litoral-reforma-ventilacao-telhado-2026.html,interno_relativo,,,,
blog/imovel-litoral-reforma-jardim-paisagismo-2026.html,../imovel-litoral-reforma-piscina-2026.html,interno_relativo,,,,
blog/imovel-litoral-reforma-jardim-paisagismo-custo-2026.html,../imovel-litoral-reforma-economica-sem-perder-qualidade-2026.html,interno_relativo,,,,
blog/imovel-litoral-reforma-jardim-paisagismo-manutencao-2026.html,../imovel-litoral-reforma-economica-sem-perder-qualidade-2026.html,interno_relativo,,,,
blog/imovel-litoral-reforma-jardim-paisagismo-planejamento-2026.html,../imovel-litoral-reforma-economica-sem-perder-qualidade-2026.html,interno_relativo,,,,
blog/imovel-litoral-reforma-jardim-paisagismo-rapido-2026.html,../imovel-litoral-reforma-economica-sem-perder-qualidade-2026.html,interno_relativo,,,,
blog/imovel-litoral-reforma-jardim-paisagismo-verificacao-2026.html,../imovel-litoral-reforma-economica-sem-perder-qualidade-2026.html,interno_relativo,,,,
blog/imovel-litoral-reforma-legalizacao-prefeitura-2026.html,../reforma-imovel-litoral-licenca-prefeitura-2026.html,interno_relativo,,,,
blog/imovel-litoral-reforma-parede-2026.html,../imovel-litoral-reforma-hidraulica-2026.html,interno_relativo,,,,
blog/imovel-litoral-reforma-parede-umida-solucoes-2026.html,../reforma-imovel-litoral-custo-beneficio-2026.html,interno_relativo,,,,
blog/imovel-litoral-reforma-pintura-2026.html,../imovel-litoral-reforma-telhado-2026.html,interno_relativo,,,,
blog/imovel-litoral-reforma-pintura-umidade-prevencao-2026.html,../reforma-imovel-litoral-custo-beneficio-2026.html,interno_relativo,,,,
blog/imovel-litoral-reforma-piscina-2026.html,../imovel-litoral-reforma-cobertura-2026.html,interno_relativo,,,,
blog/imovel-litoral-reforma-piso-2026.html,../imovel-litoral-reforma-telhado-2026.html,interno_relativo,,,,
blog/imovel-litoral-reforma-praia-corrosao-2026.html,../imovel-litoral-construcao-praia-fundacao-2026.html,interno_relativo,,,,
blog/imovel-litoral-reforma-praia-materiais-2026.html,../imovel-litoral-reforma-praia-corrosao-2026.html,interno_relativo,,,,
blog/imovel-litoral-reforma-praia-ventilacao-2026.html,../imovel-litoral-reforma-praia-materiais-2026.html,interno_relativo,,,,
blog/imovel-litoral-reforma-telhado-2026.html,../imovel-litoral-reforma-parede-2026.html,interno_relativo,,,,
blog/imovel-litoral-reforma-ventilacao-telhado-2026.html,../imovel-litoral-reforma-economica-sem-perder-qualidade-2026.html,interno_relativo,,,,
blog/imovel-litoral-registro-imoveis-2026.html,../imovel-litoral-escritura-publica-2026.html,interno_relativo,,,,
blog/imovel-litoral-registro-imovel-2026.html,../imovel-litoral-escritura-imovel-2026.html,interno_relativo,,,,
blog/imovel-litoral-registro-imovel-online-2026.html,../imovel-litoral-escritura-imovel-custo-2026.html,interno_relativo,,,,
blog/imovel-litoral-regularizacao-obra-prefeitura-2026.html,../imovel-litoral-condominio-area-comum-convivencia-2026.html,interno_relativo,,,,
blog/imovel-litoral-responsavel-tecnico-reforma-obrigatoriedade-2026.html,../imovel-litoral-areacomum-condominio-uso-2026.html,interno_relativo,,,,
blog/imovel-litoral-riparo-direito-2026.html,../imovel-litoral-zoneamento-costeiro-2026.html,interno_relativo,,,,
blog/imovel-litoral-risco-alagamento-custo-2026.html,../imovel-litoral-risco-alagamento-seguro-2026.html,interno_relativo,,,,
blog/imovel-litoral-risco-alagamento-prevencao-2026.html,../imovel-litoral-aluguel-airbnb-2026.html,interno_relativo,,,,
blog/imovel-litoral-risco-alagamento-seguro-2026.html,../imovel-litoral-risco-alagamento-prevencao-2026.html,interno_relativo,,,,
blog/imovel-litoral-seguranca-alarme-inteligente-2026.html,../imovel-litoral-seguranca-camera-monitoramento-2026.html,interno_relativo,,,,
blog/imovel-litoral-seguranca-aluguel-temporada-2026.html,../aluguel-temporada-litoral-seguro-obrigatorio-2026.html,interno_relativo,,,,
blog/imovel-litoral-seguranca-camera-monitoramento-2026.html,../imovel-litoral-seguranca-fechadura-inteligente-2026.html,interno_relativo,,,,
blog/imovel-litoral-seguranca-portaria-24h-2026.html,../imovel-litoral-seguranca-residencial-condominio-2026.html,interno_relativo,,,,
blog/imovel-litoral-seguranca-residencial-condominio-2026.html,../imovel-litoral-seguranca-portaria-24h-2026.html,interno_relativo,,,,
blog/imovel-litoral-seguro-reforma-obrigatorio-2026.html,../imovel-litoral-aluguel-temporada-experiencia-hospede-2026.html,interno_relativo,,,,
blog/imovel-litoral-seguro-residencial-cobertura-2026.html,../imovel-litoral-seguro-residencial-valor-2026.html,interno_relativo,,,,
blog/imovel-litoral-seguro-residencial-contratacao-2026.html,../imovel-litoral-seguro-residencial-cobertura-2026.html,interno_relativo,,,,
blog/imovel-litoral-seguro-residencial-valor-2026.html,../imovel-litoral-seguro-reforma-obrigatorio-2026.html,interno_relativo,,,,
blog/imovel-litoral-seguro-saude-imovel-2026.html,../imovel-litoral-curso-corretor-imovel-2026.html,interno_relativo,,,,
blog/imovel-litoral-seguro-vida-imovel-2026.html,../imovel-litoral-seguro-saude-imovel-2026.html,interno_relativo,,,,
blog/imovel-litoral-seo-local-imobiliaria-2026.html,../imovel-litoral-redes-sociais-imovel-2026.html,interno_relativo,,,,
blog/imovel-litoral-sinalizacao-seguranca-praia-2026.html,../imovel-litoral-inundacao-risco-segurador-2026.html,interno_relativo,,,,
blog/imovel-litoral-sindico-deveres-gestao-2026.html,../imovel-litoral-convencao-condominial-modificacao-2026.html,interno_relativo,,,,
blog/imovel-litoral-sindico-eleicao-deveres-2026.html,../imovel-litoral-convencao-condominial-alteracao-2026.html,interno_relativo,,,,
blog/imovel-litoral-smart-home-automacao-2026.html,../imovel-litoral-smart-home-seguranca-2026.html,interno_relativo,,,,
blog/imovel-litoral-smart-home-economia-energia-2026.html,../imovel-litoral-sustentabilidade-energia-solar-2026.html,interno_relativo,,,,
blog/imovel-litoral-smart-home-seguranca-2026.html,../imovel-litoral-seguranca-aluguel-temporada-2026.html,interno_relativo,,,,
blog/imovel-litoral-spc-imovel-2026.html,../imovel-litoral-contrato-aluguel-caucao-2026.html,interno_relativo,,,,
blog/imovel-litoral-sustentabilidade-construcao-verde-2026.html,../imovel-litoral-sustentabilidade-energia-solar-2026.html,interno_relativo,,,,
blog/imovel-litoral-sustentabilidade-economia-agua-2026.html,../sustentabilidade-imoveis-litoral-certificacoes-2026.html,interno_relativo,,,,
blog/imovel-litoral-sustentabilidade-energia-solar-2026.html,../imovel-litoral-sustentabilidade-construcao-verde-2026.html,interno_relativo,,,,
blog/imovel-litoral-sustentabilidade-imovel-verde-2026.html,../imovel-litoral-gestao-imoveis-rentabilidade-2026.html,interno_relativo,,,,
blog/imovel-litoral-sustentabilidade-recuperacao-agua-2026.html,../imovel-litoral-sustentabilidade-energia-solar-2026.html,interno_relativo,,,,
blog/imovel-litoral-sustentabilidade-reforma-verde-2026.html,../imovel-litoral-sustentabilidade-imovel-verde-2026.html,interno_relativo,,,,
blog/imovel-litoral-tecnologia-automacao-2026.html,../imovel-litoral-tecnologia-energia-solar-2026.html,interno_relativo,,,,
blog/imovel-litoral-tecnologia-automacao-imovel-2026.html,../imovel-litoral-analise-dados-imoveis-2026.html,interno_relativo,,,,
blog/imovel-litoral-tecnologia-captacao-imoveis-2026.html,../imovel-litoral-tecnologia-divulgacao-imovel-2026.html,interno_relativo,,,,
blog/imovel-litoral-tecnologia-divulgacao-imovel-2026.html,../imovel-litoral-sustentabilidade-reforma-verde-2026.html,interno_relativo,,,,
blog/imovel-litoral-tecnologia-economia-energia-2026.html,../imovel-litoral-sustentabilidade-recursos-2026.html,interno_relativo,,,,
blog/imovel-litoral-tecnologia-energia-solar-2026.html,../imovel-litoral-tecnologia-economia-energia-2026.html,interno_relativo,,,,
blog/imovel-litoral-tecnologia-ia-imobiliaria-2026.html,../imovel-litoral-tecnologia-automacao-imovel-2026.html,interno_relativo,,,,
blog/imovel-litoral-tecnologia-smart-home-2026.html,../imovel-litoral-tecnologia-automacao-2026.html,interno_relativo,,,,
blog/imovel-litoral-tributacao-aluguel-2026.html,../imovel-litoral-tributacao-venda-2026.html,interno_relativo,,,,
blog/imovel-litoral-tributacao-aluguel-declaracao-2026.html,../imovel-litoral-tributacao-venda-calculo-2026.html,interno_relativo,,,,
blog/imovel-litoral-tributacao-compra-2026.html,../imovel-litoral-cnh-2026.html,interno_relativo,,,,
blog/imovel-litoral-tributacao-compra-itbi-2026.html,../imovel-litoral-cnh-transferencia-2026.html,interno_relativo,,,,
blog/imovel-litoral-tributacao-venda-2026.html,../imovel-litoral-tributacao-compra-2026.html,interno_relativo,,,,
blog/imovel-litoral-tributacao-venda-calculo-2026.html,../imovel-litoral-tributacao-compra-itbi-2026.html,interno_relativo,,,,
blog/imovel-litoral-usucapiao-como-funciona-2026.html,../compra-imovel-litoral-documentacao-entrega-2026.html,interno_relativo,,,,
blog/imovel-litoral-usucapiao-custo-2026.html,../imovel-litoral-aluguel-temporada-tarifa-2026.html,interno_relativo,,,,
blog/imovel-litoral-usucapiao-documentos-2026.html,../imovel-litoral-usucapiao-custo-2026.html,interno_relativo,,,,
blog/imovel-litoral-usucapiao-tempo-2026.html,../imovel-litoral-usucapiao-documentos-2026.html,interno_relativo,,,,
blog/imovel-litoral-venda-filhos-menores-2026.html,../heranca-imoveis-litoral-inventario-partilha-2026.html,interno_relativo,,,,
blog/imovel-litoral-venda-imovel-contraproposta-2026.html,../imovel-litoral-venda-imovel-prazo-2026.html,interno_relativo,,,,
blog/imovel-litoral-venda-imovel-prazo-2026.html,../imovel-litoral-compra-imovel-inspecao-2026.html,interno_relativo,,,,
blog/imovel-litoral-venda-imovel-proposta-2026.html,../imovel-litoral-venda-imovel-contraproposta-2026.html,interno_relativo,,,,
blog/imovel-litoral-venda-imovel-proposta-escrita-2026.html,../imovel-litoral-reforma-estrutural-prazo-2026.html,interno_relativo,,,,
blog/imovel-litoral-venda-primeira-venda-2026.html,../imovel-litoral-investidor-iniciante-2026.html,interno_relativo,,,,
blog/imovel-litoral-ventilacao-casa-verao-2026.html,../imovel-litoral-conforto-termico-clima-umido-2026.html,interno_relativo,,,,
blog/imovel-litoral-visita-imovel-grupo-2026.html,../imovel-litoral-negociacao-imovel-tempo-2026.html,interno_relativo,,,,
blog/imovel-litoral-visita-imovel-presencial-2026.html,../imovel-litoral-visita-imovel-virtual-2026.html,interno_relativo,,,,
blog/imovel-litoral-visita-imovel-virtual-2026.html,../imovel-litoral-visita-imovel-grupo-2026.html,interno_relativo,,,,
blog/imovel-litoral-vista-mar-jardim-valorizacao-como-escolher-2026.html,../valorizacao-imovel-litoral-infraestrutura-urbana-como-medir-2026.html,interno_relativo,,,,
blog/imovel-litoral-visto-imigracao-2026.html,../imovel-litoral-direito-internacional-2026.html,interno_relativo,,,,
blog/imovel-litoral-vistoria-entrega-danos-2026.html,../checklist-inspecao-imovel-litoral-visita-segura-2026.html,interno_relativo,,,,
blog/imovel-litoral-vistoria-obra-aprovacao-2026.html,../imovel-litoral-regularizacao-obra-prefeitura-2026.html,interno_relativo,,,,
blog/imovel-litoral-vistoria-prefeitura-obra-2026.html,../imovel-litoral-alvara-obra-emitir-2026.html,interno_relativo,,,,
blog/imovel-litoral-whatsapp-imobiliaria-2026.html,../imovel-litoral-operacao-aluguel-temporada-2026.html,interno_relativo,,,,
blog/imovel-litoral-zoneamento-costeiro-2026.html,../imovel-litoral-fundo-renda-moradia-2026.html,interno_relativo,,,,
blog/imovel-luxo-porto-da-lua-2026.html,../servicos.html,interno_relativo,,,,
blog/imovel-luxo-porto-da-lua-2026.html,../education/cursos/index.html,interno_relativo,,,,
blog/imovel-luxo-porto-da-lua-2026.html,../cidades/santos.html,interno_relativo,,,,
blog/imovel-luxo-porto-da-lua-2026.html,../bairros/index.html,interno_relativo,,,,
blog/imovel-luxo-porto-da-lua-2026.html,../sitemap.xml,interno_relativo,,,,
blog/imovel-planta-monitorar-obra-garantir-entrega-litoral-2026.html,../quando-comprar-imovel-na-planta-litoral-2026.html,interno_relativo,,,,
blog/imovel-pronto-temporada-litoral-2026.html,../servicos.html,interno_relativo,,,,
blog/imovel-pronto-temporada-litoral-2026.html,../education/cursos/index.html,interno_relativo,,,,
blog/imovel-pronto-temporada-litoral-2026.html,../cidades/santos.html,interno_relativo,,,,
blog/imovel-pronto-temporada-litoral-2026.html,../bairros/index.html,interno_relativo,,,,
blog/imovel-pronto-temporada-litoral-2026.html,../sitemap.xml,interno_relativo,,,,
blog/imovel-sustentavel-temporada-litoral-2026.html,../servicos.html,interno_relativo,,,,
blog/imovel-sustentavel-temporada-litoral-2026.html,../education/cursos/index.html,interno_relativo,,,,
blog/imovel-sustentavel-temporada-litoral-2026.html,../cidades/santos.html,interno_relativo,,,,
blog/imovel-sustentavel-temporada-litoral-2026.html,../bairros/index.html,interno_relativo,,,,
blog/imovel-sustentavel-temporada-litoral-2026.html,../sitemap.xml,interno_relativo,,,,
blog/imovel-temporada-praia-grande-2026.html,../servicos.html,interno_relativo,,,,
blog/imovel-temporada-praia-grande-2026.html,../education/cursos/index.html,interno_relativo,,,,
blog/imovel-temporada-praia-grande-2026.html,../cidades/santos.html,interno_relativo,,,,
blog/imovel-temporada-praia-grande-2026.html,../bairros/index.html,interno_relativo,,,,
blog/imovel-temporada-praia-grande-2026.html,../sitemap.xml,interno_relativo,,,,
blog/impactos-juros-alto-mercado-imobiliario-litoral-2026.html,../organizar-financiamento-antes-imovel-litoral-2026.html,interno_relativo,,,,
blog/imposto-de-renda-aluguel-temporada-2026-guia.html,../servicos.html,interno_relativo,,,,
blog/imposto-de-renda-aluguel-temporada-2026-guia.html,../education/cursos/index.html,interno_relativo,,,,
blog/imposto-de-renda-aluguel-temporada-2026-guia.html,../cidades/santos.html,interno_relativo,,,,
blog/imposto-de-renda-aluguel-temporada-2026-guia.html,../bairros/index.html,interno_relativo,,,,
blog/imposto-de-renda-aluguel-temporada-2026-guia.html,../sitemap.xml,interno_relativo,,,,
blog/imposto-renda-imoveis-litoral-2026.html,../servicos.html,interno_relativo,,,,
blog/imposto-renda-imoveis-litoral-2026.html,../education/cursos/index.html,interno_relativo,,,,
blog/imposto-renda-imoveis-litoral-2026.html,../cidades/santos.html,interno_relativo,,,,
blog/imposto-renda-imoveis-litoral-2026.html,../bairros/index.html,interno_relativo,,,,
blog/imposto-renda-imoveis-litoral-2026.html,../sitemap.xml,interno_relativo,,,,
blog/impostos-aluguel-temporada-litoral-guia-proprietario-2026.html,../impostos-venda-imovel-litoral-guia-pratico-2026.html,interno_relativo,,,,
blog/impostos-aluguel-temporada-litoral-paulista-2026.html,../servicos.html,interno_relativo,,,,
blog/impostos-aluguel-temporada-litoral-paulista-2026.html,../education/cursos/index.html,interno_relativo,,,,
blog/impostos-aluguel-temporada-litoral-paulista-2026.html,../cidades/santos.html,interno_relativo,,,,
blog/impostos-aluguel-temporada-litoral-paulista-2026.html,../bairros/index.html,interno_relativo,,,,
blog/impostos-aluguel-temporada-litoral-paulista-2026.html,../sitemap.xml,interno_relativo,,,,
blog/impostos-compra-imovel-litoral-2026.html,../documentacao-compra-imovel-litoral-guia-2026.html,interno_relativo,,,,
blog/impostos-compra-imovel-litoral-2026.html,../financiamento-imovel-usado-litoral-sp-2026.html,interno_relativo,,,,
blog/impostos-compra-imovel-litoral-2026.html,../sitemap.xml,interno_relativo,,,,
blog/impostos-compra-imovel-litoral-paulista-2026.html,registro-imovel-litoral-paulista-2026.html,interno_relativo,,,,
blog/impostos-compra-imovel-litoral-paulista-2026.html,transferencia-imovel-litoral-paulista-2026.html,interno_relativo,,,,
blog/impostos-compra-imovel-litoral-paulista-2026.html,../servicos.html,interno_relativo,,,,
blog/impostos-compra-imovel-litoral-paulista-2026.html,../education/cursos/index.html,interno_relativo,,,,
blog/impostos-compra-imovel-litoral-paulista-2026.html,../cidades/santos.html,interno_relativo,,,,
blog/impostos-compra-imovel-litoral-paulista-2026.html,../bairros/index.html,interno_relativo,,,,
blog/impostos-compra-imovel-litoral-paulista-2026.html,../cases/case-imobiliaria-porto-da-lua-35-leads-2026.html,interno_relativo,,,,
blog/impostos-compra-imovel-litoral-paulista-2026.html,../seo-local-imobiliaria-litoral-passo-a-passo-2026-08-11.html,interno_relativo,,,,
blog/impostos-compra-imovel-litoral-paulista-2026.html,../captacao-imoveis-sem-anuncios-pagos-corretores-litoral-2026.html,interno_relativo,,,,
blog/impostos-compra-imovel-litoral-paulista-2026.html,../aluguel-por-temporada-dicas-proprietarios-2026.html,interno_relativo,,,,
blog/impostos-compra-imovel-litoral-paulista-2026.html,../sitemap.xml,interno_relativo,,,,
blog/impostos-compra-imovel-litoral-quem-paga-2026.html,../impostos-venda-imovel-litoral-guia-pratico-2026.html,interno_relativo,,,,
blog/impostos-estrangeiros-brasil-guia-rapido-corretores.html,../compra-imovel-litoral-estrangeiro-guia-passo-a-passo.html,interno_relativo,,,,
blog/impostos-estrangeiros-brasil-guia-rapido-corretores.html,../visto-residencia-comprar-imovel-brasil-guia-corretor.html,interno_relativo,,,,
blog/impostos-estrangeiros-brasil-guia-rapido-corretores.html,../imovel-litoral-estrangeiro-captar-leads-internacionais.html,interno_relativo,,,,
blog/impostos-imovel-praia-2026.html,../servicos.html,interno_relativo,,,,
blog/impostos-imovel-praia-2026.html,../education/cursos/index.html,interno_relativo,,,,
blog/impostos-imovel-praia-2026.html,../cidades/santos.html,interno_relativo,,,,
blog/impostos-imovel-praia-2026.html,../bairros/index.html,interno_relativo,,,,
blog/impostos-imovel-praia-2026.html,../sitemap.xml,interno_relativo,,,,
blog/impostos-imovel-venda-litoral-guia-2026.html,../impostos-venda-imovel-litoral-guia-pratico-2026.html,interno_relativo,,,,
blog/impostos-reforma-imovel-litoral-dicas-2026.html,../impostos-venda-imovel-litoral-proprietario-2026.html,interno_relativo,,,,
blog/impostos-venda-imovel-litoral-guia-pratico-2026.html,../documentacao-completa-venda-imovel-litoral-passo-passo-2026.html,interno_relativo,,,,
blog/impostos-venda-imovel-litoral-paulista-guia-2026.html,../servicos.html,interno_relativo,,,,
blog/impostos-venda-imovel-litoral-paulista-guia-2026.html,../education/cursos/index.html,interno_relativo,,,,
blog/impostos-venda-imovel-litoral-paulista-guia-2026.html,../cidades/santos.html,interno_relativo,,,,
blog/impostos-venda-imovel-litoral-paulista-guia-2026.html,../bairros/index.html,interno_relativo,,,,
blog/impostos-venda-imovel-litoral-paulista-guia-2026.html,../sitemap.xml,interno_relativo,,,,
blog/impostos-venda-imovel-litoral-proprietario-2026.html,../documentacao-vender-imovel-litoral-2026.html,interno_relativo,,,,
blog/impostos-venda-locacao-litoral-paulista-2026.html,../servicos.html,interno_relativo,,,,
blog/impostos-venda-locacao-litoral-paulista-2026.html,../education/cursos/index.html,interno_relativo,,,,
blog/impostos-venda-locacao-litoral-paulista-2026.html,../cidades/santos.html,interno_relativo,,,,
blog/impostos-venda-locacao-litoral-paulista-2026.html,../bairros/index.html,interno_relativo,,,,
blog/impostos-venda-locacao-litoral-paulista-2026.html,../sitemap.xml,interno_relativo,,,,
blog/inadimplencia-alugueis-temporada-litoral-2026.html,../servicos.html,interno_relativo,,,,
blog/inadimplencia-alugueis-temporada-litoral-2026.html,../education/cursos/index.html,interno_relativo,,,,
blog/inadimplencia-alugueis-temporada-litoral-2026.html,../cidades/santos.html,interno_relativo,,,,
blog/inadimplencia-alugueis-temporada-litoral-2026.html,../bairros/index.html,interno_relativo,,,,
blog/inadimplencia-alugueis-temporada-litoral-2026.html,../sitemap.xml,interno_relativo,,,,
blog/inadimplencia-aluguel-temporada-litoral-direitos-2026.html,../aluguel-temporada-litoral-multa-rescisao-contrato-2026.html,interno_relativo,,,,
blog/inadimplencia-temporada-como-evitar.html,../servicos.html,interno_relativo,,,,
blog/inadimplencia-temporada-como-evitar.html,../education/cursos/index.html,interno_relativo,,,,
blog/inadimplencia-temporada-como-evitar.html,../cidades/santos.html,interno_relativo,,,,
blog/inadimplencia-temporada-como-evitar.html,../bairros/index.html,interno_relativo,,,,
blog/inadimplencia-temporada-como-evitar.html,../sitemap.xml,interno_relativo,,,,
blog/indenizacao-imovel-litoral-obra-vizinha-2026.html,../acidente-imovel-litoral-responsabilidade-proprietario-2026.html,interno_relativo,,,,
blog/index.html,../seo-local-imobiliaria-litoral-2026.html,interno_relativo,,,,
blog/index.html,../gestao-locacao-temporada-imoveis-2026.html,interno_relativo,,,,
blog/index.html,../propaganda-imobiliaria-litoral-2026.html,interno_relativo,,,,
blog/index.html,../documentacao-venda-imovel-herdado-litoral.html,interno_relativo,,,,
blog/index.html,../servicos.html,interno_relativo,,,,
blog/index.html,../education/cursos/index.html,interno_relativo,,,,
blog/index.html,../education/formacoes/index.html,interno_relativo,,,,
blog/index.html,../noticias/index.html,interno_relativo,,,,
blog/index.html,../cidades/santos.html,interno_relativo,,,,
blog/index.html,../bairros/index.html,interno_relativo,,,,
blog/indexador-aluguel-temporada-litoral-2026.html,../aluguel-temporada-checkin-checkout-2026.html,interno_relativo,,,,
blog/indicacao-clientes-imobiliarias-litoral-2026.html,../servicos.html,interno_relativo,,,,
blog/indicacao-clientes-imobiliarias-litoral-2026.html,../education/cursos/index.html,interno_relativo,,,,
blog/indicacao-clientes-imobiliarias-litoral-2026.html,../cidades/santos.html,interno_relativo,,,,
blog/indicacao-clientes-imobiliarias-litoral-2026.html,../bairros/index.html,interno_relativo,,,,
blog/indicacao-clientes-imobiliarias-litoral-2026.html,../sitemap.xml,interno_relativo,,,,
blog/indicacao-imoveis-litoral-paulista-2026.html,../servicos.html,interno_relativo,,,,
blog/indicacao-imoveis-litoral-paulista-2026.html,../education/cursos/index.html,interno_relativo,,,,
blog/indicacao-imoveis-litoral-paulista-2026.html,../cidades/santos.html,interno_relativo,,,,
blog/indicacao-imoveis-litoral-paulista-2026.html,../bairros/index.html,interno_relativo,,,,
blog/indicacao-imoveis-litoral-paulista-2026.html,../sitemap.xml,interno_relativo,,,,
blog/indicacao-imoveis-litoral-paulista-programa-2026.html,../servicos.html,interno_relativo,,,,
blog/indicacao-imoveis-litoral-paulista-programa-2026.html,../education/cursos/index.html,interno_relativo,,,,
blog/indicacao-imoveis-litoral-paulista-programa-2026.html,../cidades/santos.html,interno_relativo,,,,
blog/indicacao-imoveis-litoral-paulista-programa-2026.html,../bairros/index.html,interno_relativo,,,,
blog/indicacao-imoveis-litoral-paulista-programa-2026.html,../sitemap.xml,interno_relativo,,,,
blog/indicacao-proprietarios-litoral-captacao-imoveis-2026.html,../networking-corretores-litoral-parcerias-indicacoes-2026.html,interno_relativo,,,,
blog/indicacao-proprietarios-litoral-captacao-imoveis-2026.html,../parceria-construtora-imobiliarias-litoral-lancamentos-2026.html,interno_relativo,,,,
blog/indicadores-atendimento-imobiliarias-litoral-2026.html,../servicos.html,interno_relativo,,,,
blog/indicadores-atendimento-imobiliarias-litoral-2026.html,../education/cursos/index.html,interno_relativo,,,,
blog/indicadores-atendimento-imobiliarias-litoral-2026.html,../cidades/santos.html,interno_relativo,,,,
blog/indicadores-atendimento-imobiliarias-litoral-2026.html,../bairros/index.html,interno_relativo,,,,
blog/indicadores-atendimento-imobiliarias-litoral-2026.html,../sitemap.xml,interno_relativo,,,,
blog/indicadores-crescimento-imobiliaria-litoral-2026.html,/,interno_absoluto,,,,
blog/indicadores-crescimento-imobiliaria-litoral-2026.html,../servicos.html,interno_relativo,,,,
blog/indicadores-crescimento-imobiliaria-litoral-2026.html,../education/cursos/index.html,interno_relativo,,,,
blog/indicadores-crescimento-imobiliaria-litoral-2026.html,../cidades/santos.html,interno_relativo,,,,
blog/indicadores-crescimento-imobiliaria-litoral-2026.html,../bairros/index.html,interno_relativo,,,,
blog/indicadores-crescimento-imobiliaria-litoral-2026.html,../sitemap.xml,interno_relativo,,,,
blog/indicadores-desempenho-imobiliaria-2026.html,../servicos.html,interno_relativo,,,,
blog/indicadores-desempenho-imobiliaria-2026.html,../education/cursos/index.html,interno_relativo,,,,
blog/indicadores-desempenho-imobiliaria-2026.html,../cidades/santos.html,interno_relativo,,,,
blog/indicadores-desempenho-imobiliaria-2026.html,../bairros/index.html,interno_relativo,,,,
blog/indicadores-desempenho-imobiliaria-2026.html,../sitemap.xml,interno_relativo,,,,
blog/indicadores-eficiencia-imobiliaria-litoral-2026.html,../automacao-captacao-imoveis-litoral-passos.html,interno_relativo,,,,
blog/indicadores-imobiliaria-litoral-2026.html,../sitemap.xml,interno_relativo,,,,
blog/indicadores-imobiliaria-litoral-2026.html,../servicos.html,interno_relativo,,,,
blog/indicadores-imobiliaria-litoral-2026.html,../education/cursos/index.html,interno_relativo,,,,
blog/indicadores-imobiliaria-litoral-2026.html,../cidades/santos.html,interno_relativo,,,,
blog/indicadores-imobiliaria-litoral-2026.html,../bairros/index.html,interno_relativo,,,,
blog/indicadores-imobiliarias-litoral-paulista-2026.html,../servicos.html,interno_relativo,,,,
blog/indicadores-imobiliarias-litoral-paulista-2026.html,../education/cursos/index.html,interno_relativo,,,,
blog/indicadores-imobiliarias-litoral-paulista-2026.html,../cidades/santos.html,interno_relativo,,,,
blog/indicadores-imobiliarias-litoral-paulista-2026.html,../bairros/index.html,interno_relativo,,,,
blog/indicadores-imobiliarias-litoral-paulista-2026.html,../sitemap.xml,interno_relativo,,,,
blog/indicadores-imobiliarios-corretores-litoral-2026.html,../analise-roi-imoveis-litoral-temporada-2026.html,interno_relativo,,,,
blog/indicadores-imobiliarios-corretores-litoral-2026.html,../gestao-imobiliaria-litoral-equipe-processos-2026.html,interno_relativo,,,,
blog/indicadores-pdi-imobiliaria-litoral-2026.html,../servicos.html,interno_relativo,,,,
blog/indicadores-pdi-imobiliaria-litoral-2026.html,../education/cursos/index.html,interno_relativo,,,,
blog/indicadores-pdi-imobiliaria-litoral-2026.html,../cidades/santos.html,interno_relativo,,,,
blog/indicadores-pdi-imobiliaria-litoral-2026.html,../bairros/index.html,interno_relativo,,,,
blog/indicadores-pdi-imobiliaria-litoral-2026.html,../sitemap.xml,interno_relativo,,,,
blog/indicadores-sucesso-imoveis-litoral-2026.html,../sitemap.xml,interno_relativo,,,,
blog/indicadores-sucesso-imoveis-litoral-2026.html,../servicos.html,interno_relativo,,,,
blog/indicadores-sucesso-imoveis-litoral-2026.html,../education/cursos/index.html,interno_relativo,,,,
blog/indicadores-sucesso-imoveis-litoral-2026.html,../cidades/santos.html,interno_relativo,,,,
blog/indicadores-sucesso-imoveis-litoral-2026.html,../bairros/index.html,interno_relativo,,,,
blog/indicadores-vendas-imobiliarias-litoral-2026.html,../servicos.html,interno_relativo,,,,
blog/indicadores-vendas-imobiliarias-litoral-2026.html,../education/cursos/index.html,interno_relativo,,,,
blog/indicadores-vendas-imobiliarias-litoral-2026.html,../cidades/santos.html,interno_relativo,,,,
blog/indicadores-vendas-imobiliarias-litoral-2026.html,../bairros/index.html,interno_relativo,,,,
blog/indicadores-vendas-imobiliarias-litoral-2026.html,../sitemap.xml,interno_relativo,,,,
blog/indice-semana-30-2026-07-21.html,../sitemap.xml,interno_relativo,,,,
blog/indice-semana-30-2026-07-21.html,../servicos.html,interno_relativo,,,,
blog/indice-semana-30-2026-07-21.html,../education/cursos/index.html,interno_relativo,,,,
blog/indice-semana-30-2026-07-21.html,../cidades/santos.html,interno_relativo,,,,
blog/indice-semana-30-2026-07-21.html,../bairros/index.html,interno_relativo,,,,
blog/indice-semana-31-2026-07-25.html,../sitemap.xml,interno_relativo,,,,
blog/indice-semana-31-2026-07-25.html,../servicos.html,interno_relativo,,,,
blog/indice-semana-31-2026-07-25.html,../education/cursos/index.html,interno_relativo,,,,
blog/indice-semana-31-2026-07-25.html,../cidades/santos.html,interno_relativo,,,,
blog/indice-semana-31-2026-07-25.html,../bairros/index.html,interno_relativo,,,,
blog/indice-semana-32-2026-08-01.html,../sitemap.xml,interno_relativo,,,,
blog/indice-semana-32-2026-08-01.html,../servicos.html,interno_relativo,,,,
blog/indice-semana-32-2026-08-01.html,../education/cursos/index.html,interno_relativo,,,,
blog/indice-semana-32-2026-08-01.html,../cidades/santos.html,interno_relativo,,,,
blog/indice-semana-32-2026-08-01.html,../bairros/index.html,interno_relativo,,,,
blog/indice-semana-33-2026-08-05.html,../sitemap.xml,interno_relativo,,,,
blog/indice-semana-33-2026-08-05.html,../servicos.html,interno_relativo,,,,
blog/indice-semana-33-2026-08-05.html,../education/cursos/index.html,interno_relativo,,,,
blog/indice-semana-33-2026-08-05.html,../cidades/santos.html,interno_relativo,,,,
blog/indice-semana-33-2026-08-05.html,../bairros/index.html,interno_relativo,,,,
blog/indice-semana-34-2026-08-09.html,../sitemap.xml,interno_relativo,,,,
blog/indice-semana-34-2026-08-09.html,../servicos.html,interno_relativo,,,,
blog/indice-semana-34-2026-08-09.html,../education/cursos/index.html,interno_relativo,,,,
blog/indice-semana-34-2026-08-09.html,../cidades/santos.html,interno_relativo,,,,
blog/indice-semana-34-2026-08-09.html,../bairros/index.html,interno_relativo,,,,
blog/indices-atualizacao-imovel-2026.html,../servicos.html,interno_relativo,,,,
blog/indices-atualizacao-imovel-2026.html,../education/cursos/index.html,interno_relativo,,,,
blog/indices-atualizacao-imovel-2026.html,../cidades/santos.html,interno_relativo,,,,
blog/indices-atualizacao-imovel-2026.html,../bairros/index.html,interno_relativo,,,,
blog/indices-atualizacao-imovel-2026.html,../sitemap.xml,interno_relativo,,,,
blog/influencia-social-imobiliarias-litoral-2026.html,../servicos.html,interno_relativo,,,,
blog/influencia-social-imobiliarias-litoral-2026.html,../education/cursos/index.html,interno_relativo,,,,
blog/influencia-social-imobiliarias-litoral-2026.html,../cidades/santos.html,interno_relativo,,,,
blog/influencia-social-imobiliarias-litoral-2026.html,../bairros/index.html,interno_relativo,,,,
blog/influencia-social-imobiliarias-litoral-2026.html,../sitemap.xml,interno_relativo,,,,
blog/influenciadores-digitais-litoral-paulista-2026.html,../servicos.html,interno_relativo,,,,
blog/influenciadores-digitais-litoral-paulista-2026.html,../education/cursos/index.html,interno_relativo,,,,
blog/influenciadores-digitais-litoral-paulista-2026.html,../cidades/santos.html,interno_relativo,,,,
blog/influenciadores-digitais-litoral-paulista-2026.html,../bairros/index.html,interno_relativo,,,,
blog/influenciadores-digitais-litoral-paulista-2026.html,../sitemap.xml,interno_relativo,,,,
blog/infraestrutura-condominial-imoveis-litoral-checklist-2026.html,../checklist-compra-imovel-usado-litoral-2026.html,interno_relativo,,,,
blog/instagram-ads-imobiliarias-campanhas-geram-leads-litoral.html,../instagram-imobiliarias-litoral-roteiro-conteudo-converte.html,interno_relativo,,,,
blog/instagram-ads-imobiliarias-campanhas-geram-leads-litoral.html,../conteudo-instagram-imobiliaria-15-ideias-geram-consultas.html,interno_relativo,,,,
blog/instagram-ads-imobiliarias-campanhas-geram-leads-litoral.html,../anunciar-imoveis-google-litoral-paulista-2026.html,interno_relativo,,,,
blog/instagram-imobiliaria-litoral-paulista-2026.html,../servicos.html,interno_relativo,,,,
blog/instagram-imobiliaria-litoral-paulista-2026.html,../education/cursos/index.html,interno_relativo,,,,
blog/instagram-imobiliaria-litoral-paulista-2026.html,../cidades/santos.html,interno_relativo,,,,
blog/instagram-imobiliaria-litoral-paulista-2026.html,../bairros/index.html,interno_relativo,,,,
blog/instagram-imobiliaria-litoral-paulista-2026.html,../sitemap.xml,interno_relativo,,,,
blog/instagram-vender-imoveis-litoral-paulista-2026.html,reels-curtos-imobiliarias-litoral-2026.html,interno_relativo,,,,
blog/instagram-vender-imoveis-litoral-paulista-2026.html,roteiro-video-venda-imoveis-litoral-2026.html,interno_relativo,,,,
blog/instagram-vender-imoveis-litoral-paulista-2026.html,../servicos.html,interno_relativo,,,,
blog/instagram-vender-imoveis-litoral-paulista-2026.html,../education/cursos/index.html,interno_relativo,,,,
blog/instagram-vender-imoveis-litoral-paulista-2026.html,../cidades/santos.html,interno_relativo,,,,
blog/instagram-vender-imoveis-litoral-paulista-2026.html,../bairros/index.html,interno_relativo,,,,
blog/instagram-vender-imoveis-litoral-paulista-2026.html,../sitemap.xml,interno_relativo,,,,
blog/integracao-crm-imobiliaria-litoral-2026.html,../servicos.html,interno_relativo,,,,
blog/integracao-crm-imobiliaria-litoral-2026.html,../education/cursos/index.html,interno_relativo,,,,
blog/integracao-crm-imobiliaria-litoral-2026.html,../cidades/santos.html,interno_relativo,,,,
blog/integracao-crm-imobiliaria-litoral-2026.html,../bairros/index.html,interno_relativo,,,,
blog/integracao-crm-imobiliaria-litoral-2026.html,../sitemap.xml,interno_relativo,,,,
blog/integracao-crm-imobiliarias-litoral-2026.html,../servicos.html,interno_relativo,,,,
blog/integracao-crm-imobiliarias-litoral-2026.html,../education/cursos/index.html,interno_relativo,,,,
blog/integracao-crm-imobiliarias-litoral-2026.html,../cidades/santos.html,interno_relativo,,,,
blog/integracao-crm-imobiliarias-litoral-2026.html,../bairros/index.html,interno_relativo,,,,
blog/integracao-crm-imobiliarias-litoral-2026.html,../sitemap.xml,interno_relativo,,,,
blog/integracao-multicanal-imobiliarias-litoral-2026.html,../servicos.html,interno_relativo,,,,
blog/integracao-multicanal-imobiliarias-litoral-2026.html,../education/cursos/index.html,interno_relativo,,,,
blog/integracao-multicanal-imobiliarias-litoral-2026.html,../cidades/santos.html,interno_relativo,,,,
blog/integracao-multicanal-imobiliarias-litoral-2026.html,../bairros/index.html,interno_relativo,,,,
blog/integracao-multicanal-imobiliarias-litoral-2026.html,../sitemap.xml,interno_relativo,,,,
blog/integracao-portais-imobiliarias-litoral-2026.html,../servicos.html,interno_relativo,,,,
blog/integracao-portais-imobiliarias-litoral-2026.html,../education/cursos/index.html,interno_relativo,,,,
blog/integracao-portais-imobiliarias-litoral-2026.html,../cidades/santos.html,interno_relativo,,,,
blog/integracao-portais-imobiliarias-litoral-2026.html,../bairros/index.html,interno_relativo,,,,
blog/integracao-portais-imobiliarias-litoral-2026.html,../sitemap.xml,interno_relativo,,,,
blog/integracao-whatsapp-business-imobiliaria-litoral-2026.html,../servicos.html,interno_relativo,,,,
blog/integracao-whatsapp-business-imobiliaria-litoral-2026.html,../education/cursos/index.html,interno_relativo,,,,
blog/integracao-whatsapp-business-imobiliaria-litoral-2026.html,../cidades/santos.html,interno_relativo,,,,
blog/integracao-whatsapp-business-imobiliaria-litoral-2026.html,../bairros/index.html,interno_relativo,,,,
blog/integracao-whatsapp-business-imobiliaria-litoral-2026.html,../sitemap.xml,interno_relativo,,,,
blog/inteligencia-artificial-mercado-imobiliario-2026.html,../servicos.html,interno_relativo,,,,
blog/inteligencia-artificial-mercado-imobiliario-2026.html,../education/cursos/index.html,interno_relativo,,,,
blog/inteligencia-artificial-mercado-imobiliario-2026.html,../cidades/santos.html,interno_relativo,,,,
blog/inteligencia-artificial-mercado-imobiliario-2026.html,../bairros/index.html,interno_relativo,,,,
blog/inteligencia-artificial-mercado-imobiliario-2026.html,../sitemap.xml,interno_relativo,,,,
blog/intencao-compra-litoral-requalificacao-2026.html,/,interno_absoluto,,,,
blog/intencao-compra-litoral-requalificacao-2026.html,../servicos.html,interno_relativo,,,,
blog/intencao-compra-litoral-requalificacao-2026.html,../education/cursos/index.html,interno_relativo,,,,
blog/intencao-compra-litoral-requalificacao-2026.html,../cidades/santos.html,interno_relativo,,,,
blog/intencao-compra-litoral-requalificacao-2026.html,../bairros/index.html,interno_relativo,,,,
blog/intencao-compra-litoral-requalificacao-2026.html,../sitemap.xml,interno_relativo,,,,
blog/investidor-fora-sp-comprar-litoral.html,../servicos.html,interno_relativo,,,,
blog/investidor-fora-sp-comprar-litoral.html,../education/cursos/index.html,interno_relativo,,,,
blog/investidor-fora-sp-comprar-litoral.html,../cidades/santos.html,interno_relativo,,,,
blog/investidor-fora-sp-comprar-litoral.html,../bairros/index.html,interno_relativo,,,,
blog/investidor-fora-sp-comprar-litoral.html,../sitemap.xml,interno_relativo,,,,
blog/investidor-guaruja-zona-oeste-ia.html,/,interno_absoluto,,,,
blog/investidor-guaruja-zona-oeste-ia.html,../sitemap.xml,interno_relativo,,,,
blog/investidor-guaruja-zona-oeste-ia.html,../servicos.html,interno_relativo,,,,
blog/investidor-guaruja-zona-oeste-ia.html,../education/cursos/index.html,interno_relativo,,,,
blog/investidor-guaruja-zona-oeste-ia.html,../cidades/santos.html,interno_relativo,,,,
blog/investidor-guaruja-zona-oeste-ia.html,../bairros/index.html,interno_relativo,,,,
blog/investidor-imovel-litoral-aluguel-curto-prazo-2026.html,../aluguel-temporada-litoral-reserva-antecedencia-vantagens-2026.html,interno_relativo,,,,
blog/investidor-imovel-litoral-calculadora-rentabilidade-2026.html,../investidor-imovel-litoral-reforma-gasto-retorno-2026.html,interno_relativo,,,,
blog/investidor-imovel-litoral-receita-aluguel-tributacao-2026.html,../aluguel-temporada-litoral-controle-receita-2026.html,interno_relativo,,,,
blog/investidor-imovel-litoral-reforma-gasto-retorno-2026.html,../investidor-imovel-litoral-receita-aluguel-tributacao-2026.html,interno_relativo,,,,
blog/investidor-sao-vicente-ia.html,/,interno_absoluto,,,,
blog/investidor-sao-vicente-ia.html,../sitemap.xml,interno_relativo,,,,
blog/investidor-sao-vicente-ia.html,../servicos.html,interno_relativo,,,,
blog/investidor-sao-vicente-ia.html,../education/cursos/index.html,interno_relativo,,,,
blog/investidor-sao-vicente-ia.html,../cidades/santos.html,interno_relativo,,,,
blog/investidor-sao-vicente-ia.html,../bairros/index.html,interno_relativo,,,,
blog/investidor-zona-sul-santos-ia.html,/,interno_absoluto,,,,
blog/investidor-zona-sul-santos-ia.html,../sitemap.xml,interno_relativo,,,,
blog/investidor-zona-sul-santos-ia.html,../servicos.html,interno_relativo,,,,
blog/investidor-zona-sul-santos-ia.html,../education/cursos/index.html,interno_relativo,,,,
blog/investidor-zona-sul-santos-ia.html,../cidades/santos.html,interno_relativo,,,,
blog/investidor-zona-sul-santos-ia.html,../bairros/index.html,interno_relativo,,,,
blog/investimento-bertioga.html,/,interno_absoluto,,,,
blog/investimento-bertioga.html,../servicos.html,interno_relativo,,,,
blog/investimento-bertioga.html,../education/cursos/index.html,interno_relativo,,,,
blog/investimento-bertioga.html,../cidades/santos.html,interno_relativo,,,,
blog/investimento-bertioga.html,../bairros/index.html,interno_relativo,,,,
blog/investimento-bertioga.html,../sitemap.xml,interno_relativo,,,,
blog/investimento-em-imoveis-em-guaruja-em-2026-guaruja.html,../servicos.html,interno_relativo,,,,
blog/investimento-em-imoveis-em-guaruja-em-2026-guaruja.html,../education/cursos/index.html,interno_relativo,,,,
blog/investimento-em-imoveis-em-guaruja-em-2026-guaruja.html,../cidades/santos.html,interno_relativo,,,,
blog/investimento-em-imoveis-em-guaruja-em-2026-guaruja.html,../bairros/index.html,interno_relativo,,,,
blog/investimento-em-imoveis-em-guaruja-em-2026-guaruja.html,../sitemap.xml,interno_relativo,,,,
blog/investimento-em-imoveis-em-iguape-em-2026-iguape.html,../servicos.html,interno_relativo,,,,
blog/investimento-em-imoveis-em-iguape-em-2026-iguape.html,../education/cursos/index.html,interno_relativo,,,,
blog/investimento-em-imoveis-em-iguape-em-2026-iguape.html,../cidades/santos.html,interno_relativo,,,,
blog/investimento-em-imoveis-em-iguape-em-2026-iguape.html,../bairros/index.html,interno_relativo,,,,
blog/investimento-em-imoveis-em-iguape-em-2026-iguape.html,../sitemap.xml,interno_relativo,,,,
blog/investimento-em-imoveis-em-ilhabela-em-2026-ilhabela.html,../servicos.html,interno_relativo,,,,
blog/investimento-em-imoveis-em-ilhabela-em-2026-ilhabela.html,../education/cursos/index.html,interno_relativo,,,,
blog/investimento-em-imoveis-em-ilhabela-em-2026-ilhabela.html,../cidades/santos.html,interno_relativo,,,,
blog/investimento-em-imoveis-em-ilhabela-em-2026-ilhabela.html,../bairros/index.html,interno_relativo,,,,
blog/investimento-em-imoveis-em-ilhabela-em-2026-ilhabela.html,../sitemap.xml,interno_relativo,,,,
blog/investimento-em-imoveis-em-maresias-em-2026-maresias.html,../servicos.html,interno_relativo,,,,
blog/investimento-em-imoveis-em-maresias-em-2026-maresias.html,../education/cursos/index.html,interno_relativo,,,,
blog/investimento-em-imoveis-em-maresias-em-2026-maresias.html,../cidades/santos.html,interno_relativo,,,,
blog/investimento-em-imoveis-em-maresias-em-2026-maresias.html,../bairros/index.html,interno_relativo,,,,
blog/investimento-em-imoveis-em-maresias-em-2026-maresias.html,../sitemap.xml,interno_relativo,,,,
blog/investimento-em-imoveis-em-sao-sebastiao-em-2026-sao-sebastiao.html,../servicos.html,interno_relativo,,,,
blog/investimento-em-imoveis-em-sao-sebastiao-em-2026-sao-sebastiao.html,../education/cursos/index.html,interno_relativo,,,,
blog/investimento-em-imoveis-em-sao-sebastiao-em-2026-sao-sebastiao.html,../cidades/santos.html,interno_relativo,,,,
blog/investimento-em-imoveis-em-sao-sebastiao-em-2026-sao-sebastiao.html,../bairros/index.html,interno_relativo,,,,
blog/investimento-em-imoveis-em-sao-sebastiao-em-2026-sao-sebastiao.html,../sitemap.xml,interno_relativo,,,,
blog/investimento-imoveis-comerciais-vs-residenciais-litoral-comparativo-2026.html,../rentabilidade-imoveis-praia-roi-cidade-litoral-2026.html,interno_relativo,,,,
blog/investimento-imoveis-litoral-paulista-2026.html,../servicos.html,interno_relativo,,,,
blog/investimento-imoveis-litoral-paulista-2026.html,../education/cursos/index.html,interno_relativo,,,,
blog/investimento-imoveis-litoral-paulista-2026.html,../cidades/santos.html,interno_relativo,,,,
blog/investimento-imoveis-litoral-paulista-2026.html,../bairros/index.html,interno_relativo,,,,
blog/investimento-imoveis-litoral-paulista-2026.html,../sitemap.xml,interno_relativo,,,,
blog/investimento-imoveis-litoral-paulista-guia-2026.html,../servicos.html,interno_relativo,,,,
blog/investimento-imoveis-litoral-paulista-guia-2026.html,../education/cursos/index.html,interno_relativo,,,,
blog/investimento-imoveis-litoral-paulista-guia-2026.html,../cidades/santos.html,interno_relativo,,,,
blog/investimento-imoveis-litoral-paulista-guia-2026.html,../bairros/index.html,interno_relativo,,,,
blog/investimento-imoveis-litoral-paulista-guia-2026.html,../sitemap.xml,interno_relativo,,,,
blog/investimento-no-litoral-bertioga.html,/,interno_absoluto,,,,
blog/investimento-no-litoral-bertioga.html,../sitemap.xml,interno_relativo,,,,
blog/investimento-no-litoral-bertioga.html,../servicos.html,interno_relativo,,,,
blog/investimento-no-litoral-bertioga.html,../education/cursos/index.html,interno_relativo,,,,
blog/investimento-no-litoral-bertioga.html,../cidades/santos.html,interno_relativo,,,,
blog/investimento-no-litoral-bertioga.html,../bairros/index.html,interno_relativo,,,,
blog/investimento-seguro-imovel-praia-2026.html,../servicos.html,interno_relativo,,,,
blog/investimento-seguro-imovel-praia-2026.html,../education/cursos/index.html,interno_relativo,,,,
blog/investimento-seguro-imovel-praia-2026.html,../cidades/santos.html,interno_relativo,,,,
blog/investimento-seguro-imovel-praia-2026.html,../bairros/index.html,interno_relativo,,,,
blog/investimento-seguro-imovel-praia-2026.html,../sitemap.xml,interno_relativo,,,,
blog/investimento-temporada-verao-2026.html,../servicos.html,interno_relativo,,,,
blog/investimento-temporada-verao-2026.html,../education/cursos/index.html,interno_relativo,,,,
blog/investimento-temporada-verao-2026.html,../cidades/santos.html,interno_relativo,,,,
blog/investimento-temporada-verao-2026.html,../bairros/index.html,interno_relativo,,,,
blog/investimento-temporada-verao-2026.html,../sitemap.xml,interno_relativo,,,,
blog/investir-aluguel-temporada-litoral-custo-beneficio-2026.html,../calcular-roi-aluguel-tradicional-imovel-litoral-2026.html,interno_relativo,,,,
blog/investir-consorcio-imovel-2026.html,../servicos.html,interno_relativo,,,,
blog/investir-consorcio-imovel-2026.html,../education/cursos/index.html,interno_relativo,,,,
blog/investir-consorcio-imovel-2026.html,../cidades/santos.html,interno_relativo,,,,
blog/investir-consorcio-imovel-2026.html,../bairros/index.html,interno_relativo,,,,
blog/investir-consorcio-imovel-2026.html,../sitemap.xml,interno_relativo,,,,
blog/investir-em-imovel-no-litoral-vale-a-pena-em-praia-grande-2026-07-13.html,../servicos.html,interno_relativo,,,,
blog/investir-em-imovel-no-litoral-vale-a-pena-em-praia-grande-2026-07-13.html,../education/cursos/index.html,interno_relativo,,,,
blog/investir-em-imovel-no-litoral-vale-a-pena-em-praia-grande-2026-07-13.html,../cidades/santos.html,interno_relativo,,,,
blog/investir-em-imovel-no-litoral-vale-a-pena-em-praia-grande-2026-07-13.html,../bairros/index.html,interno_relativo,,,,
blog/investir-em-imovel-no-litoral-vale-a-pena-em-praia-grande-2026-07-13.html,../sitemap.xml,interno_relativo,,,,
blog/investir-imoveis-litoral-2026.html,../ferramentas/vale-a-pena-comprar-2026.html,interno_relativo,,,,
blog/investir-imoveis-litoral-2026.html,../servicos.html,interno_relativo,,,,
blog/investir-imoveis-litoral-2026.html,../education/cursos/index.html,interno_relativo,,,,
blog/investir-imoveis-litoral-2026.html,../cidades/santos.html,interno_relativo,,,,
blog/investir-imoveis-litoral-2026.html,../bairros/index.html,interno_relativo,,,,
blog/investir-imoveis-litoral-50-mil-reais-2026.html,../rentabilidade-imoveis-praia-roi-cidade-litoral-2026.html,interno_relativo,,,,
blog/investir-imoveis-litoral-paulista-2026.html,../cases/case-imobiliaria-porto-da-lua-35-leads-2026.html,interno_relativo,,,,
blog/investir-imoveis-litoral-paulista-2026.html,../seo-local-imobiliaria-litoral-passo-a-passo-2026-08-11.html,interno_relativo,,,,
blog/investir-imoveis-litoral-paulista-2026.html,../captacao-imoveis-sem-anuncios-pagos-corretores-litoral-2026.html,interno_relativo,,,,
blog/investir-imoveis-litoral-paulista-2026.html,../aluguel-por-temporada-dicas-proprietarios-2026.html,interno_relativo,,,,
blog/investir-imoveis-litoral-paulista-2026.html,../servicos.html,interno_relativo,,,,
blog/investir-imoveis-litoral-paulista-2026.html,../education/cursos/index.html,interno_relativo,,,,
blog/investir-imoveis-litoral-paulista-2026.html,../cidades/santos.html,interno_relativo,,,,
blog/investir-imoveis-litoral-paulista-2026.html,../bairros/index.html,interno_relativo,,,,
blog/investir-imoveis-litoral-paulista-2026.html,../sitemap.xml,interno_relativo,,,,
blog/investir-imoveis-litoral-paulista-guia.html,../sitemap.xml,interno_relativo,,,,
blog/investir-imoveis-litoral-paulista-guia.html,../servicos.html,interno_relativo,,,,
blog/investir-imoveis-litoral-paulista-guia.html,../education/cursos/index.html,interno_relativo,,,,
blog/investir-imoveis-litoral-paulista-guia.html,../cidades/santos.html,interno_relativo,,,,
blog/investir-imoveis-litoral-paulista-guia.html,../bairros/index.html,interno_relativo,,,,
blog/investir-imoveis-litoral-paulista-seguranca-2026.html,../servicos.html,interno_relativo,,,,
blog/investir-imoveis-litoral-paulista-seguranca-2026.html,../education/cursos/index.html,interno_relativo,,,,
blog/investir-imoveis-litoral-paulista-seguranca-2026.html,../cidades/santos.html,interno_relativo,,,,
blog/investir-imoveis-litoral-paulista-seguranca-2026.html,../bairros/index.html,interno_relativo,,,,
blog/investir-imoveis-litoral-paulista-seguranca-2026.html,../sitemap.xml,interno_relativo,,,,
blog/investir-imoveis-litoral-renda-aluguel-2026.html,../rentabilidade-imoveis-praia-roi-cidade-litoral-2026.html,interno_relativo,,,,
blog/investir-imoveis-litoral-tendencias-2026.html,../sitemap.xml,interno_relativo,,,,
blog/investir-imoveis-litoral-tendencias-2026.html,../servicos.html,interno_relativo,,,,
blog/investir-imoveis-litoral-tendencias-2026.html,../education/cursos/index.html,interno_relativo,,,,
blog/investir-imoveis-litoral-tendencias-2026.html,../cidades/santos.html,interno_relativo,,,,
blog/investir-imoveis-litoral-tendencias-2026.html,../bairros/index.html,interno_relativo,,,,
blog/investir-litoral-paulista-2026.html,../ferramentas/vale-a-pena-comprar-2026.html,interno_relativo,,,,
blog/investir-litoral-paulista-2026.html,../ferramentas/pre-qualificacao-credito-2026.html,interno_relativo,,,,
blog/investir-litoral-paulista-2026.html,../ferramentas/airbnb-admin.html,interno_relativo,,,,
blog/investir-litoral-paulista-2026.html,../personas/investidor-ia-2026.html,interno_relativo,,,,
blog/investir-litoral-paulista-2026.html,../servicos.html,interno_relativo,,,,
blog/investir-litoral-paulista-2026.html,../education/cursos/index.html,interno_relativo,,,,
blog/investir-litoral-paulista-2026.html,../cidades/santos.html,interno_relativo,,,,
blog/investir-litoral-paulista-2026.html,../bairros/index.html,interno_relativo,,,,
blog/investir-litoral-paulista-2026.html,../sitemap.xml,interno_relativo,,,,
blog/investir-temporada-litoral-paulista-iniciantes-2026.html,../servicos.html,interno_relativo,,,,
blog/investir-temporada-litoral-paulista-iniciantes-2026.html,../education/cursos/index.html,interno_relativo,,,,
blog/investir-temporada-litoral-paulista-iniciantes-2026.html,../cidades/santos.html,interno_relativo,,,,
blog/investir-temporada-litoral-paulista-iniciantes-2026.html,../bairros/index.html,interno_relativo,,,,
blog/investir-temporada-litoral-paulista-iniciantes-2026.html,../sitemap.xml,interno_relativo,,,,
blog/iptu-imovel-praia-como-reducir.html,../servicos.html,interno_relativo,,,,
blog/iptu-imovel-praia-como-reducir.html,../education/cursos/index.html,interno_relativo,,,,
blog/iptu-imovel-praia-como-reducir.html,../cidades/santos.html,interno_relativo,,,,
blog/iptu-imovel-praia-como-reducir.html,../bairros/index.html,interno_relativo,,,,
blog/iptu-imovel-praia-como-reducir.html,../sitemap.xml,interno_relativo,,,,
blog/itajai-porto-gastronomia-2026-sc-2026-07-14.html,../servicos.html,interno_relativo,,,,
blog/itajai-porto-gastronomia-2026-sc-2026-07-14.html,../education/cursos/index.html,interno_relativo,,,,
blog/itajai-porto-gastronomia-2026-sc-2026-07-14.html,../cidades/santos.html,interno_relativo,,,,
blog/itajai-porto-gastronomia-2026-sc-2026-07-14.html,../bairros/index.html,interno_relativo,,,,
blog/itajai-porto-gastronomia-2026-sc-2026-07-14.html,../sitemap.xml,interno_relativo,,,,
blog/itanhaem-centro-antigo-lagoa-2026-sp-2026-07-14.html,../servicos.html,interno_relativo,,,,
blog/itanhaem-centro-antigo-lagoa-2026-sp-2026-07-14.html,../education/cursos/index.html,interno_relativo,,,,
blog/itanhaem-centro-antigo-lagoa-2026-sp-2026-07-14.html,../cidades/santos.html,interno_relativo,,,,
blog/itanhaem-centro-antigo-lagoa-2026-sp-2026-07-14.html,../bairros/index.html,interno_relativo,,,,
blog/itanhaem-centro-antigo-lagoa-2026-sp-2026-07-14.html,../sitemap.xml,interno_relativo,,,,
blog/itanhaem-imoveis-tendencias-dicas-2026.html,../servicos.html,interno_relativo,,,,
blog/itanhaem-imoveis-tendencias-dicas-2026.html,../education/cursos/index.html,interno_relativo,,,,
blog/itanhaem-imoveis-tendencias-dicas-2026.html,../cidades/santos.html,interno_relativo,,,,
blog/itanhaem-imoveis-tendencias-dicas-2026.html,../bairros/index.html,interno_relativo,,,,
blog/itanhaem-imoveis-tendencias-dicas-2026.html,../sitemap.xml,interno_relativo,,,,
blog/itbi-custos-escritura-litoral-sp-2026.html,../documentos-essenciais-compra-imovel-litoral-2026.html,interno_relativo,,,,
blog/itbi-custos-escritura-litoral-sp-2026.html,../escritura-imovel-litoral-passos-custos-2026.html,interno_relativo,,,,
blog/itbi-registro-imoveis-santos-guaruja-bertioga-2026.html,../impostos-compra-imovel-litoral-2026.html,interno_relativo,,,,
blog/itbi-registro-imoveis-santos-guaruja-bertioga-2026.html,../documentacao-compra-imovel-litoral-guia-2026.html,interno_relativo,,,,
blog/itbi-registro-imoveis-santos-guaruja-bertioga-2026.html,../sitemap.xml,interno_relativo,,,,
blog/juridico-imoveis-luxo-litoral-2026.html,avaliacao-imoveis-luxo-litoral-2026.html,interno_relativo,,,,
blog/juridico-imoveis-luxo-litoral-2026.html,gestao-temporada-imoveis-luxo-litoral-2026.html,interno_relativo,,,,
blog/juridico-imoveis-luxo-litoral-2026.html,../servicos.html,interno_relativo,,,,
blog/juridico-imoveis-luxo-litoral-2026.html,../education/cursos/index.html,interno_relativo,,,,
blog/juridico-imoveis-luxo-litoral-2026.html,../cidades/santos.html,interno_relativo,,,,
blog/juridico-imoveis-luxo-litoral-2026.html,../bairros/index.html,interno_relativo,,,,
blog/juridico-imoveis-luxo-litoral-2026.html,../sitemap.xml,interno_relativo,,,,
blog/kit-abordagem-b2b-imobiliaria-litoral.html,/,interno_absoluto,,,,
blog/kit-abordagem-b2b-imobiliaria-litoral.html,../sitemap.xml,interno_relativo,,,,
blog/kit-abordagem-b2b-imobiliaria-litoral.html,../servicos.html,interno_relativo,,,,
blog/kit-abordagem-b2b-imobiliaria-litoral.html,../education/cursos/index.html,interno_relativo,,,,
blog/kit-abordagem-b2b-imobiliaria-litoral.html,../cidades/santos.html,interno_relativo,,,,
blog/kit-abordagem-b2b-imobiliaria-litoral.html,../bairros/index.html,interno_relativo,,,,
blog/kit-estudo-creci-2026.html,../guia-estudo-creci-2026.html,interno_relativo,,,,
blog/kit-estudo-creci-2026.html,../simulados-gratis-creci-2026.html,interno_relativo,,,,
blog/kit-estudo-creci-2026.html,../videos-recomendados-creci-2026.html,interno_relativo,,,,
blog/kit-estudo-creci-2026.html,../filmes-recomendados-creci-2026.html,interno_relativo,,,,
blog/kit-estudo-creci-2026.html,../curso/exercicios.html,interno_relativo,,,,
blog/kit-estudo-creci-2026.html,../servicos.html,interno_relativo,,,,
blog/kit-estudo-creci-2026.html,../education/cursos/index.html,interno_relativo,,,,
blog/kit-estudo-creci-2026.html,../cidades/santos.html,interno_relativo,,,,
blog/kit-estudo-creci-2026.html,../bairros/index.html,interno_relativo,,,,
blog/kit-estudo-creci-2026.html,../sitemap.xml,interno_relativo,,,,
blog/kpis-aumento-faturamento-imobiliarias-2026.html,../servicos.html,interno_relativo,,,,
blog/kpis-aumento-faturamento-imobiliarias-2026.html,../education/cursos/index.html,interno_relativo,,,,
blog/kpis-aumento-faturamento-imobiliarias-2026.html,../cidades/santos.html,interno_relativo,,,,
blog/kpis-aumento-faturamento-imobiliarias-2026.html,../bairros/index.html,interno_relativo,,,,
blog/kpis-aumento-faturamento-imobiliarias-2026.html,../sitemap.xml,interno_relativo,,,,
blog/lancamento-apto-aposentado-saovicente-ia.html,/,interno_absoluto,,,,
blog/lancamento-apto-aposentado-saovicente-ia.html,../sitemap.xml,interno_relativo,,,,
blog/lancamento-apto-aposentado-saovicente-ia.html,../servicos.html,interno_relativo,,,,
blog/lancamento-apto-aposentado-saovicente-ia.html,../education/cursos/index.html,interno_relativo,,,,
blog/lancamento-apto-aposentado-saovicente-ia.html,../cidades/santos.html,interno_relativo,,,,
blog/lancamento-apto-aposentado-saovicente-ia.html,../bairros/index.html,interno_relativo,,,,
blog/lancamento-apto-familia-zona-norte-santos-ia.html,/,interno_absoluto,,,,
blog/lancamento-apto-familia-zona-norte-santos-ia.html,../sitemap.xml,interno_relativo,,,,
blog/lancamento-apto-familia-zona-norte-santos-ia.html,../servicos.html,interno_relativo,,,,
blog/lancamento-apto-familia-zona-norte-santos-ia.html,../education/cursos/index.html,interno_relativo,,,,
blog/lancamento-apto-familia-zona-norte-santos-ia.html,../cidades/santos.html,interno_relativo,,,,
blog/lancamento-apto-familia-zona-norte-santos-ia.html,../bairros/index.html,interno_relativo,,,,
blog/lancamento-apto-investidor-guaruja-zona-leste-ia.html,/,interno_absoluto,,,,
blog/lancamento-apto-investidor-guaruja-zona-leste-ia.html,../sitemap.xml,interno_relativo,,,,
blog/lancamento-apto-investidor-guaruja-zona-leste-ia.html,../servicos.html,interno_relativo,,,,
blog/lancamento-apto-investidor-guaruja-zona-leste-ia.html,../education/cursos/index.html,interno_relativo,,,,
blog/lancamento-apto-investidor-guaruja-zona-leste-ia.html,../cidades/santos.html,interno_relativo,,,,
blog/lancamento-apto-investidor-guaruja-zona-leste-ia.html,../bairros/index.html,interno_relativo,,,,
blog/lancamento-apto-investidor-santos-zona-norte-ia.html,/,interno_absoluto,,,,
blog/lancamento-apto-investidor-santos-zona-norte-ia.html,../sitemap.xml,interno_relativo,,,,
blog/lancamento-apto-investidor-santos-zona-norte-ia.html,../servicos.html,interno_relativo,,,,
blog/lancamento-apto-investidor-santos-zona-norte-ia.html,../education/cursos/index.html,interno_relativo,,,,
blog/lancamento-apto-investidor-santos-zona-norte-ia.html,../cidades/santos.html,interno_relativo,,,,
blog/lancamento-apto-investidor-santos-zona-norte-ia.html,../bairros/index.html,interno_relativo,,,,
blog/lancamento-casa-familia-guaruja-zona-oeste-ia.html,/,interno_absoluto,,,,
blog/lancamento-casa-familia-guaruja-zona-oeste-ia.html,../sitemap.xml,interno_relativo,,,,
blog/lancamento-casa-familia-guaruja-zona-oeste-ia.html,../servicos.html,interno_relativo,,,,
blog/lancamento-casa-familia-guaruja-zona-oeste-ia.html,../education/cursos/index.html,interno_relativo,,,,
blog/lancamento-casa-familia-guaruja-zona-oeste-ia.html,../cidades/santos.html,interno_relativo,,,,
blog/lancamento-casa-familia-guaruja-zona-oeste-ia.html,../bairros/index.html,interno_relativo,,,,
blog/lancamento-casa-familia-praiagrande-zona-sul-ia.html,/,interno_absoluto,,,,
blog/lancamento-casa-familia-praiagrande-zona-sul-ia.html,../sitemap.xml,interno_relativo,,,,
blog/lancamento-casa-familia-praiagrande-zona-sul-ia.html,../servicos.html,interno_relativo,,,,
blog/lancamento-casa-familia-praiagrande-zona-sul-ia.html,../education/cursos/index.html,interno_relativo,,,,
blog/lancamento-casa-familia-praiagrande-zona-sul-ia.html,../cidades/santos.html,interno_relativo,,,,
blog/lancamento-casa-familia-praiagrande-zona-sul-ia.html,../bairros/index.html,interno_relativo,,,,
blog/lancamento-casa-investidor-peruibe-ia.html,/,interno_absoluto,,,,
blog/lancamento-casa-investidor-peruibe-ia.html,../sitemap.xml,interno_relativo,,,,
blog/lancamento-casa-investidor-peruibe-ia.html,../servicos.html,interno_relativo,,,,
blog/lancamento-casa-investidor-peruibe-ia.html,../education/cursos/index.html,interno_relativo,,,,
blog/lancamento-casa-investidor-peruibe-ia.html,../cidades/santos.html,interno_relativo,,,,
blog/lancamento-casa-investidor-peruibe-ia.html,../bairros/index.html,interno_relativo,,,,
blog/lancamento-casa-investidor-zona-sul-santos-ia.html,/,interno_absoluto,,,,
blog/lancamento-casa-investidor-zona-sul-santos-ia.html,../sitemap.xml,interno_relativo,,,,
blog/lancamento-casa-investidor-zona-sul-santos-ia.html,../servicos.html,interno_relativo,,,,
blog/lancamento-casa-investidor-zona-sul-santos-ia.html,../education/cursos/index.html,interno_relativo,,,,
blog/lancamento-casa-investidor-zona-sul-santos-ia.html,../cidades/santos.html,interno_relativo,,,,
blog/lancamento-casa-investidor-zona-sul-santos-ia.html,../bairros/index.html,interno_relativo,,,,
blog/lancamento-cobertura-aposentado-bertioga-ia.html,/,interno_absoluto,,,,
blog/lancamento-cobertura-aposentado-bertioga-ia.html,../sitemap.xml,interno_relativo,,,,
blog/lancamento-cobertura-aposentado-bertioga-ia.html,../servicos.html,interno_relativo,,,,
blog/lancamento-cobertura-aposentado-bertioga-ia.html,../education/cursos/index.html,interno_relativo,,,,
blog/lancamento-cobertura-aposentado-bertioga-ia.html,../cidades/santos.html,interno_relativo,,,,
blog/lancamento-cobertura-aposentado-bertioga-ia.html,../bairros/index.html,interno_relativo,,,,
blog/lancamento-cobertura-familia-mongagua-ia.html,/,interno_absoluto,,,,
blog/lancamento-cobertura-familia-mongagua-ia.html,../sitemap.xml,interno_relativo,,,,
blog/lancamento-cobertura-familia-mongagua-ia.html,../servicos.html,interno_relativo,,,,
blog/lancamento-cobertura-familia-mongagua-ia.html,../education/cursos/index.html,interno_relativo,,,,
blog/lancamento-cobertura-familia-mongagua-ia.html,../cidades/santos.html,interno_relativo,,,,
blog/lancamento-cobertura-familia-mongagua-ia.html,../bairros/index.html,interno_relativo,,,,
blog/lancamento-imobiliario-baixo-orcamento-2026.html,../servicos.html,interno_relativo,,,,
blog/lancamento-imobiliario-baixo-orcamento-2026.html,../education/cursos/index.html,interno_relativo,,,,
blog/lancamento-imobiliario-baixo-orcamento-2026.html,../cidades/santos.html,interno_relativo,,,,
blog/lancamento-imobiliario-baixo-orcamento-2026.html,../bairros/index.html,interno_relativo,,,,
blog/lancamento-imobiliario-baixo-orcamento-2026.html,../sitemap.xml,interno_relativo,,,,
blog/lancamento-imobiliario-litoral-2026.html,../servicos.html,interno_relativo,,,,
blog/lancamento-imobiliario-litoral-2026.html,../education/cursos/index.html,interno_relativo,,,,
blog/lancamento-imobiliario-litoral-2026.html,../cidades/santos.html,interno_relativo,,,,
blog/lancamento-imobiliario-litoral-2026.html,../bairros/index.html,interno_relativo,,,,
blog/lancamento-imobiliario-litoral-2026.html,../sitemap.xml,interno_relativo,,,,
blog/lancamentos-bertioga-riviera-ia.html,/,interno_absoluto,,,,
blog/lancamentos-bertioga-riviera-ia.html,../sitemap.xml,interno_relativo,,,,
blog/lancamentos-bertioga-riviera-ia.html,../servicos.html,interno_relativo,,,,
blog/lancamentos-bertioga-riviera-ia.html,../education/cursos/index.html,interno_relativo,,,,
blog/lancamentos-bertioga-riviera-ia.html,../cidades/santos.html,interno_relativo,,,,
blog/lancamentos-bertioga-riviera-ia.html,../bairros/index.html,interno_relativo,,,,
blog/lancamentos-guaruja-ia.html,/,interno_absoluto,,,,
blog/lancamentos-guaruja-ia.html,../sitemap.xml,interno_relativo,,,,
blog/lancamentos-guaruja-ia.html,../servicos.html,interno_relativo,,,,
blog/lancamentos-guaruja-ia.html,../education/cursos/index.html,interno_relativo,,,,
blog/lancamentos-guaruja-ia.html,../cidades/santos.html,interno_relativo,,,,
blog/lancamentos-guaruja-ia.html,../bairros/index.html,interno_relativo,,,,
blog/lancamentos-praiagrande-ia.html,/,interno_absoluto,,,,
blog/lancamentos-praiagrande-ia.html,../sitemap.xml,interno_relativo,,,,
blog/lancamentos-praiagrande-ia.html,../servicos.html,interno_relativo,,,,
blog/lancamentos-praiagrande-ia.html,../education/cursos/index.html,interno_relativo,,,,
blog/lancamentos-praiagrande-ia.html,../cidades/santos.html,interno_relativo,,,,
blog/lancamentos-praiagrande-ia.html,../bairros/index.html,interno_relativo,,,,
blog/lancamentos-santos-zona-norte-ia.html,/,interno_absoluto,,,,
blog/lancamentos-santos-zona-norte-ia.html,../sitemap.xml,interno_relativo,,,,
blog/lancamentos-santos-zona-norte-ia.html,../servicos.html,interno_relativo,,,,
blog/lancamentos-santos-zona-norte-ia.html,../education/cursos/index.html,interno_relativo,,,,
blog/lancamentos-santos-zona-norte-ia.html,../cidades/santos.html,interno_relativo,,,,
blog/lancamentos-santos-zona-norte-ia.html,../bairros/index.html,interno_relativo,,,,
blog/landing-page-alta-conversao-imobiliarias-litoral-2026.html,../servicos.html,interno_relativo,,,,
blog/landing-page-alta-conversao-imobiliarias-litoral-2026.html,../education/cursos/index.html,interno_relativo,,,,
blog/landing-page-alta-conversao-imobiliarias-litoral-2026.html,../cidades/santos.html,interno_relativo,,,,
blog/landing-page-alta-conversao-imobiliarias-litoral-2026.html,../bairros/index.html,interno_relativo,,,,
blog/landing-page-alta-conversao-imobiliarias-litoral-2026.html,../sitemap.xml,interno_relativo,,,,
blog/laudo-fotografico-gratis-imoveis-2026.html,fotografia-anuncios-imoveis-gratis-2026.html,interno_relativo,,,,
blog/laudo-fotografico-gratis-imoveis-2026.html,checklist-avaliacao-imovel-download-2026.html,interno_relativo,,,,
blog/laudo-fotografico-gratis-imoveis-2026.html,../servicos.html,interno_relativo,,,,
blog/laudo-fotografico-gratis-imoveis-2026.html,../education/cursos/index.html,interno_relativo,,,,
blog/laudo-fotografico-gratis-imoveis-2026.html,../cidades/santos.html,interno_relativo,,,,
blog/laudo-fotografico-gratis-imoveis-2026.html,../bairros/index.html,interno_relativo,,,,
blog/laudo-fotografico-gratis-imoveis-2026.html,../sitemap.xml,interno_relativo,,,,
blog/laudo-imovel-praia-2026.html,../servicos.html,interno_relativo,,,,
blog/laudo-imovel-praia-2026.html,../education/cursos/index.html,interno_relativo,,,,
blog/laudo-imovel-praia-2026.html,../cidades/santos.html,interno_relativo,,,,
blog/laudo-imovel-praia-2026.html,../bairros/index.html,interno_relativo,,,,
blog/laudo-imovel-praia-2026.html,../sitemap.xml,interno_relativo,,,,
blog/lead-magnet-imobiliarias-litoral-2026.html,../servicos.html,interno_relativo,,,,
blog/lead-magnet-imobiliarias-litoral-2026.html,../education/cursos/index.html,interno_relativo,,,,
blog/lead-magnet-imobiliarias-litoral-2026.html,../cidades/santos.html,interno_relativo,,,,
blog/lead-magnet-imobiliarias-litoral-2026.html,../bairros/index.html,interno_relativo,,,,
blog/lead-magnet-imobiliarias-litoral-2026.html,../sitemap.xml,interno_relativo,,,,
blog/lead-qualificacao-litoral-2026.html,../sitemap.xml,interno_relativo,,,,
blog/lead-qualificacao-litoral-2026.html,../servicos.html,interno_relativo,,,,
blog/lead-qualificacao-litoral-2026.html,../education/cursos/index.html,interno_relativo,,,,
blog/lead-qualificacao-litoral-2026.html,../cidades/santos.html,interno_relativo,,,,
blog/lead-qualificacao-litoral-2026.html,../bairros/index.html,interno_relativo,,,,
blog/leads-somem-litoral-paulista-2026.html,../servicos.html,interno_relativo,,,,
blog/leads-somem-litoral-paulista-2026.html,../education/cursos/index.html,interno_relativo,,,,
blog/leads-somem-litoral-paulista-2026.html,../cidades/santos.html,interno_relativo,,,,
blog/leads-somem-litoral-paulista-2026.html,../bairros/index.html,interno_relativo,,,,
blog/leads-somem-litoral-paulista-2026.html,../sitemap.xml,interno_relativo,,,,
blog/lealdade-cliente-litoral-fidelizacao-2026.html,../servicos.html,interno_relativo,,,,
blog/lealdade-cliente-litoral-fidelizacao-2026.html,../education/cursos/index.html,interno_relativo,,,,
blog/lealdade-cliente-litoral-fidelizacao-2026.html,../cidades/santos.html,interno_relativo,,,,
blog/lealdade-cliente-litoral-fidelizacao-2026.html,../bairros/index.html,interno_relativo,,,,
blog/lealdade-cliente-litoral-fidelizacao-2026.html,../sitemap.xml,interno_relativo,,,,
blog/lei-inquilinato-litoral-direitos-deveres-2026.html,../documentacao-aluguel-temporada-litoral-2026.html,interno_relativo,,,,
blog/leilao-imoveis-litoral-paulista-guia.html,../sitemap.xml,interno_relativo,,,,
blog/leilao-imoveis-litoral-paulista-guia.html,../servicos.html,interno_relativo,,,,
blog/leilao-imoveis-litoral-paulista-guia.html,../education/cursos/index.html,interno_relativo,,,,
blog/leilao-imoveis-litoral-paulista-guia.html,../cidades/santos.html,interno_relativo,,,,
blog/leilao-imoveis-litoral-paulista-guia.html,../bairros/index.html,interno_relativo,,,,
blog/lgpd-corretores-atendimento-digital-2026.html,../servicos.html,interno_relativo,,,,
blog/lgpd-corretores-atendimento-digital-2026.html,../education/cursos/index.html,interno_relativo,,,,
blog/lgpd-corretores-atendimento-digital-2026.html,../cidades/santos.html,interno_relativo,,,,
blog/lgpd-corretores-atendimento-digital-2026.html,../bairros/index.html,interno_relativo,,,,
blog/lgpd-corretores-atendimento-digital-2026.html,../sitemap.xml,interno_relativo,,,,
blog/lgpd-imobiliarias-litoral-paulista-2026.html,../politica-privacidade.html,interno_relativo,,,,
blog/lgpd-imobiliarias-litoral-paulista-2026.html,../termos-uso.html,interno_relativo,,,,
blog/lgpd-imobiliarias-litoral-paulista-2026.html,../servicos.html,interno_relativo,,,,
blog/lgpd-imobiliarias-litoral-paulista-2026.html,../education/cursos/index.html,interno_relativo,,,,
blog/lgpd-imobiliarias-litoral-paulista-2026.html,../cidades/santos.html,interno_relativo,,,,
blog/lgpd-imobiliarias-litoral-paulista-2026.html,../bairros/index.html,interno_relativo,,,,
blog/lgpd-imobiliarias-litoral-paulista-2026.html,../sitemap.xml,interno_relativo,,,,
blog/licenciamento-documentacao-venda-imovel-litoral-2026-08-04.html,../sitemap.xml,interno_relativo,,,,
blog/licenciamento-documentacao-venda-imovel-litoral-2026-08-04.html,../servicos.html,interno_relativo,,,,
blog/licenciamento-documentacao-venda-imovel-litoral-2026-08-04.html,../education/cursos/index.html,interno_relativo,,,,
blog/licenciamento-documentacao-venda-imovel-litoral-2026-08-04.html,../cidades/santos.html,interno_relativo,,,,
blog/licenciamento-documentacao-venda-imovel-litoral-2026-08-04.html,../bairros/index.html,interno_relativo,,,,
blog/linkedin-imobiliarias-litoral-conteudo-networking-2026.html,../redes-sociais-imobiliarias-litoral-conteudo-2026.html,interno_relativo,,,,
blog/linkedin-imobiliarias-litoral-conteudo-networking-2026.html,../networking-corretores-litoral-parcerias-indicacoes-2026.html,interno_relativo,,,,
blog/links-curtos-imoveis-convertem-litoral-2026.html,../servicos.html,interno_relativo,,,,
blog/links-curtos-imoveis-convertem-litoral-2026.html,../education/cursos/index.html,interno_relativo,,,,
blog/links-curtos-imoveis-convertem-litoral-2026.html,../cidades/santos.html,interno_relativo,,,,
blog/links-curtos-imoveis-convertem-litoral-2026.html,../bairros/index.html,interno_relativo,,,,
blog/links-curtos-imoveis-convertem-litoral-2026.html,../sitemap.xml,interno_relativo,,,,
blog/litoral-norte-vs-sul-imoveis-comparativo-2026.html,../avaliacao-mercado-imoveis-litoral-2026.html,interno_relativo,,,,
blog/live-imovel-instagram-vender-litoral-2026.html,funil-vendas-instagram-imobiliarias-litoral-2026.html,interno_relativo,,,,
blog/live-imovel-instagram-vender-litoral-2026.html,reels-curtos-imobiliarias-litoral-2026.html,interno_relativo,,,,
blog/live-imovel-instagram-vender-litoral-2026.html,../servicos.html,interno_relativo,,,,
blog/live-imovel-instagram-vender-litoral-2026.html,../education/cursos/index.html,interno_relativo,,,,
blog/live-imovel-instagram-vender-litoral-2026.html,../cidades/santos.html,interno_relativo,,,,
blog/live-imovel-instagram-vender-litoral-2026.html,../bairros/index.html,interno_relativo,,,,
blog/live-imovel-instagram-vender-litoral-2026.html,../sitemap.xml,interno_relativo,,,,
blog/locacao-temporada-fiscal-documentos-2026.html,../tributacao-aluguel-temporada-litoral-guia-pratico-2026.html,interno_relativo,,,,
blog/locacao-temporada-litoral-seguro-obrigatorio-2026.html,../aluguel-temporada-litoral-contrato-modelo-pronto-2026.html,interno_relativo,,,,
blog/locacao-temporada-pet-friendly-litoral-2026.html,automacao-captacao-imoveis-litoral-2026.html,interno_relativo,,,,
blog/locacao-temporada-pet-friendly-litoral-2026.html,seo-local-imobiliarias-litoral-paulista-2026.html,interno_relativo,,,,
blog/locacao-temporada-pet-friendly-litoral-2026.html,../servicos.html,interno_relativo,,,,
blog/locacao-temporada-pet-friendly-litoral-2026.html,../education/cursos/index.html,interno_relativo,,,,
blog/locacao-temporada-pet-friendly-litoral-2026.html,../cidades/santos.html,interno_relativo,,,,
blog/locacao-temporada-pet-friendly-litoral-2026.html,../bairros/index.html,interno_relativo,,,,
blog/locacao-temporada-pet-friendly-litoral-2026.html,../sitemap.xml,interno_relativo,,,,
blog/lucrar-aluguel-temporada-litoral-2026.html,../servicos.html,interno_relativo,,,,
blog/lucrar-aluguel-temporada-litoral-2026.html,../education/cursos/index.html,interno_relativo,,,,
blog/lucrar-aluguel-temporada-litoral-2026.html,../cidades/santos.html,interno_relativo,,,,
blog/lucrar-aluguel-temporada-litoral-2026.html,../bairros/index.html,interno_relativo,,,,
blog/lucrar-aluguel-temporada-litoral-2026.html,../sitemap.xml,interno_relativo,,,,
blog/machine-learning-imoveis-litoral.html,../sitemap.xml,interno_relativo,,,,
blog/machine-learning-imoveis-litoral.html,../servicos.html,interno_relativo,,,,
blog/machine-learning-imoveis-litoral.html,../education/cursos/index.html,interno_relativo,,,,
blog/machine-learning-imoveis-litoral.html,../cidades/santos.html,interno_relativo,,,,
blog/machine-learning-imoveis-litoral.html,../bairros/index.html,interno_relativo,,,,
blog/manual-atendimento-corretores-litoral-2026.html,../servicos.html,interno_relativo,,,,
blog/manual-atendimento-corretores-litoral-2026.html,../education/cursos/index.html,interno_relativo,,,,
blog/manual-atendimento-corretores-litoral-2026.html,../cidades/santos.html,interno_relativo,,,,
blog/manual-atendimento-corretores-litoral-2026.html,../bairros/index.html,interno_relativo,,,,
blog/manual-atendimento-corretores-litoral-2026.html,../sitemap.xml,interno_relativo,,,,
blog/mapas-bairros-seo-imobiliarias-litoral-2026.html,../neighborhood.html,interno_relativo,,,,
blog/mapas-bairros-seo-imobiliarias-litoral-2026.html,comparativo-bairros-litoral-paulista.html,interno_relativo,,,,
blog/mapas-bairros-seo-imobiliarias-litoral-2026.html,../servicos.html,interno_relativo,,,,
blog/mapas-bairros-seo-imobiliarias-litoral-2026.html,../education/cursos/index.html,interno_relativo,,,,
blog/mapas-bairros-seo-imobiliarias-litoral-2026.html,../cidades/santos.html,interno_relativo,,,,
blog/mapas-bairros-seo-imobiliarias-litoral-2026.html,../bairros/index.html,interno_relativo,,,,
blog/mapas-bairros-seo-imobiliarias-litoral-2026.html,../cases/case-imobiliaria-porto-da-lua-35-leads-2026.html,interno_relativo,,,,
blog/mapas-bairros-seo-imobiliarias-litoral-2026.html,../seo-local-imobiliaria-litoral-passo-a-passo-2026-08-11.html,interno_relativo,,,,
blog/mapas-bairros-seo-imobiliarias-litoral-2026.html,../captacao-imoveis-sem-anuncios-pagos-corretores-litoral-2026.html,interno_relativo,,,,
blog/mapas-bairros-seo-imobiliarias-litoral-2026.html,../aluguel-por-temporada-dicas-proprietarios-2026.html,interno_relativo,,,,
blog/mapas-bairros-seo-imobiliarias-litoral-2026.html,../sitemap.xml,interno_relativo,,,,
blog/marina-usucapiao-averbacao-imoveis-litoral-sp-2026.html,../assets/css/main.css,interno_relativo,,,,
blog/marina-usucapiao-averbacao-imoveis-litoral-sp-2026.html,/,interno_absoluto,,,,
blog/marina-usucapiao-averbacao-imoveis-litoral-sp-2026.html,../imoveis/,interno_relativo,,,,
blog/marina-usucapiao-averbacao-imoveis-litoral-sp-2026.html,../bairros/,interno_relativo,,,,
blog/marina-usucapiao-averbacao-imoveis-litoral-sp-2026.html,../blog/,interno_relativo,,,,
blog/marina-usucapiao-averbacao-imoveis-litoral-sp-2026.html,../contato.html,interno_relativo,,,,
blog/marina-usucapiao-averbacao-imoveis-litoral-sp-2026.html,../avaliar-imovel-na-planta-litoral-sp-2026.html,interno_relativo,,,,
blog/marina-usucapiao-averbacao-imoveis-litoral-sp-2026.html,../checklist-visita-imovel-temporada-litoral-2026.html,interno_relativo,,,,
blog/marina-usucapiao-averbacao-imoveis-litoral-sp-2026.html,../como-escolher-imobiliaria-litoral-2026.html,interno_relativo,,,,
blog/marketing-2026-digital-no-litoral-2026-07-21.html,../servicos.html,interno_relativo,,,,
blog/marketing-2026-digital-no-litoral-2026-07-21.html,../education/cursos/index.html,interno_relativo,,,,
blog/marketing-2026-digital-no-litoral-2026-07-21.html,../cidades/santos.html,interno_relativo,,,,
blog/marketing-2026-digital-no-litoral-2026-07-21.html,../bairros/index.html,interno_relativo,,,,
blog/marketing-2026-digital-no-litoral-2026-07-21.html,../sitemap.xml,interno_relativo,,,,
blog/marketing-2026-digital-para-corretores-2026-07-17.html,../servicos.html,interno_relativo,,,,
blog/marketing-2026-digital-para-corretores-2026-07-17.html,../education/cursos/index.html,interno_relativo,,,,
blog/marketing-2026-digital-para-corretores-2026-07-17.html,../cidades/santos.html,interno_relativo,,,,
blog/marketing-2026-digital-para-corretores-2026-07-17.html,../bairros/index.html,interno_relativo,,,,
blog/marketing-2026-digital-para-corretores-2026-07-17.html,../sitemap.xml,interno_relativo,,,,
blog/marketing-2026-imobiliário-para-corretores-2026-07-24.html,../servicos.html,interno_relativo,,,,
blog/marketing-2026-imobiliário-para-corretores-2026-07-24.html,../education/cursos/index.html,interno_relativo,,,,
blog/marketing-2026-imobiliário-para-corretores-2026-07-24.html,../cidades/santos.html,interno_relativo,,,,
blog/marketing-2026-imobiliário-para-corretores-2026-07-24.html,../bairros/index.html,interno_relativo,,,,
blog/marketing-2026-imobiliário-para-corretores-2026-07-24.html,../sitemap.xml,interno_relativo,,,,
blog/marketing-2026-no-litoral-digital-2026-07-23.html,../servicos.html,interno_relativo,,,,
blog/marketing-2026-no-litoral-digital-2026-07-23.html,../education/cursos/index.html,interno_relativo,,,,
blog/marketing-2026-no-litoral-digital-2026-07-23.html,../cidades/santos.html,interno_relativo,,,,
blog/marketing-2026-no-litoral-digital-2026-07-23.html,../bairros/index.html,interno_relativo,,,,
blog/marketing-2026-no-litoral-digital-2026-07-23.html,../sitemap.xml,interno_relativo,,,,
blog/marketing-2026-para-corretores-imobiliário-2026-08-06.html,../servicos.html,interno_relativo,,,,
blog/marketing-2026-para-corretores-imobiliário-2026-08-06.html,../education/cursos/index.html,interno_relativo,,,,
blog/marketing-2026-para-corretores-imobiliário-2026-08-06.html,../cidades/santos.html,interno_relativo,,,,
blog/marketing-2026-para-corretores-imobiliário-2026-08-06.html,../bairros/index.html,interno_relativo,,,,
blog/marketing-2026-redes-sociais-digital-2026-07-16.html,../servicos.html,interno_relativo,,,,
blog/marketing-2026-redes-sociais-digital-2026-07-16.html,../education/cursos/index.html,interno_relativo,,,,
blog/marketing-2026-redes-sociais-digital-2026-07-16.html,../cidades/santos.html,interno_relativo,,,,
blog/marketing-2026-redes-sociais-digital-2026-07-16.html,../bairros/index.html,interno_relativo,,,,
blog/marketing-2026-redes-sociais-digital-2026-07-16.html,../sitemap.xml,interno_relativo,,,,
blog/marketing-conteudo-imobiliarias-litoral-calendario-editorial-2026.html,../marketing-conteudo-imobiliarias-blog-converte-leads-2026.html,interno_relativo,,,,
blog/marketing-digital-2026-para-corretores-2026-08-01.html,../servicos.html,interno_relativo,,,,
blog/marketing-digital-2026-para-corretores-2026-08-01.html,../education/cursos/index.html,interno_relativo,,,,
blog/marketing-digital-2026-para-corretores-2026-08-01.html,../cidades/santos.html,interno_relativo,,,,
blog/marketing-digital-2026-para-corretores-2026-08-01.html,../bairros/index.html,interno_relativo,,,,
blog/marketing-digital-2026-para-corretores-2026-08-01.html,../sitemap.xml,interno_relativo,,,,
blog/marketing-digital-corretores-litoral.html,/,interno_absoluto,,,,
blog/marketing-digital-corretores-litoral.html,../sitemap.xml,interno_relativo,,,,
blog/marketing-digital-corretores-litoral.html,../servicos.html,interno_relativo,,,,
blog/marketing-digital-corretores-litoral.html,../education/cursos/index.html,interno_relativo,,,,
blog/marketing-digital-corretores-litoral.html,../cidades/santos.html,interno_relativo,,,,
blog/marketing-digital-corretores-litoral.html,../bairros/index.html,interno_relativo,,,,
blog/marketing-digital-imobiliaria-litoral-2026.html,../servicos.html,interno_relativo,,,,
blog/marketing-digital-imobiliaria-litoral-2026.html,../education/cursos/index.html,interno_relativo,,,,
blog/marketing-digital-imobiliaria-litoral-2026.html,../cidades/santos.html,interno_relativo,,,,
blog/marketing-digital-imobiliaria-litoral-2026.html,../bairros/index.html,interno_relativo,,,,
blog/marketing-digital-imobiliaria-litoral-2026.html,../sitemap.xml,interno_relativo,,,,
blog/marketing-digital-imobiliaria-litoral-paulista.html,/,interno_absoluto,,,,
blog/marketing-digital-imobiliaria-litoral-paulista.html,../sitemap.xml,interno_relativo,,,,
blog/marketing-digital-imobiliaria-litoral-paulista.html,../servicos.html,interno_relativo,,,,
blog/marketing-digital-imobiliaria-litoral-paulista.html,../education/cursos/index.html,interno_relativo,,,,
blog/marketing-digital-imobiliaria-litoral-paulista.html,../cidades/santos.html,interno_relativo,,,,
blog/marketing-digital-imobiliaria-litoral-paulista.html,../bairros/index.html,interno_relativo,,,,
blog/marketing-digital-imobiliarias-litoral-estrategias-leads-qualificados-2026.html,../marketing-conteudo-imobiliarias-litoral-calendario-editorial-2026.html,interno_relativo,,,,
blog/marketing-digital-imobiliarias-locais-litoral-2026.html,../servicos.html,interno_relativo,,,,
blog/marketing-digital-imobiliarias-locais-litoral-2026.html,../education/cursos/index.html,interno_relativo,,,,
blog/marketing-digital-imobiliarias-locais-litoral-2026.html,../cidades/santos.html,interno_relativo,,,,
blog/marketing-digital-imobiliarias-locais-litoral-2026.html,../bairros/index.html,interno_relativo,,,,
blog/marketing-digital-imobiliarias-locais-litoral-2026.html,../sitemap.xml,interno_relativo,,,,
blog/marketing-digital-imobiliario-gratuito-2026.html,../servicos.html,interno_relativo,,,,
blog/marketing-digital-imobiliario-gratuito-2026.html,../education/cursos/index.html,interno_relativo,,,,
blog/marketing-digital-imobiliario-gratuito-2026.html,../cidades/santos.html,interno_relativo,,,,
blog/marketing-digital-imobiliario-gratuito-2026.html,../bairros/index.html,interno_relativo,,,,
blog/marketing-digital-imobiliario-gratuito-2026.html,../sitemap.xml,interno_relativo,,,,
blog/marketing-digital-imoveis-luxo-exterior-litoral-2026.html,../anunciar-imoveis-luxo-instagram-2026.html,interno_relativo,,,,
blog/marketing-digital-imoveis-luxo-exterior-litoral-2026.html,agentes-internacionais-imoveis-litoral-paulista-2026.html,interno_relativo,,,,
blog/marketing-digital-imoveis-luxo-exterior-litoral-2026.html,../servicos.html,interno_relativo,,,,
blog/marketing-digital-imoveis-luxo-exterior-litoral-2026.html,../education/cursos/index.html,interno_relativo,,,,
blog/marketing-digital-imoveis-luxo-exterior-litoral-2026.html,../cidades/santos.html,interno_relativo,,,,
blog/marketing-digital-imoveis-luxo-exterior-litoral-2026.html,../bairros/index.html,interno_relativo,,,,
blog/marketing-digital-imoveis-luxo-exterior-litoral-2026.html,../sitemap.xml,interno_relativo,,,,
blog/marketing-digital-no-litoral-2026-2026-08-03.html,../servicos.html,interno_relativo,,,,
blog/marketing-digital-no-litoral-2026-2026-08-03.html,../education/cursos/index.html,interno_relativo,,,,
blog/marketing-digital-no-litoral-2026-2026-08-03.html,../cidades/santos.html,interno_relativo,,,,
blog/marketing-digital-no-litoral-2026-2026-08-03.html,../bairros/index.html,interno_relativo,,,,
blog/marketing-digital-no-litoral-2026-2026-08-03.html,../sitemap.xml,interno_relativo,,,,
blog/marketing-digital-pequenas-imobiliarias-litoral-2026.html,../sitemap.xml,interno_relativo,,,,
blog/marketing-digital-pequenas-imobiliarias-litoral-2026.html,../servicos.html,interno_relativo,,,,
blog/marketing-digital-pequenas-imobiliarias-litoral-2026.html,../education/cursos/index.html,interno_relativo,,,,
blog/marketing-digital-pequenas-imobiliarias-litoral-2026.html,../cidades/santos.html,interno_relativo,,,,
blog/marketing-digital-pequenas-imobiliarias-litoral-2026.html,../bairros/index.html,interno_relativo,,,,
blog/marketing-imobiliaria-seo-local-litoral-2026.html,../marketing-local-imoveis-bairros-especificos-litoral-2026.html,interno_relativo,,,,
blog/marketing-imobiliaria-verao-2026.html,../sitemap.xml,interno_relativo,,,,
blog/marketing-imobiliaria-verao-2026.html,../servicos.html,interno_relativo,,,,
blog/marketing-imobiliaria-verao-2026.html,../education/cursos/index.html,interno_relativo,,,,
blog/marketing-imobiliaria-verao-2026.html,../cidades/santos.html,interno_relativo,,,,
blog/marketing-imobiliaria-verao-2026.html,../bairros/index.html,interno_relativo,,,,
blog/marketing-imobiliarias-instagram-litoral-2026.html,../marketing-digital-imobiliarias-litoral-estrategias-leads-qualificados-2026.html,interno_relativo,,,,
blog/marketing-imobiliario-redes-sociais-litoral-2026.html,../servicos.html,interno_relativo,,,,
blog/marketing-imobiliario-redes-sociais-litoral-2026.html,../education/cursos/index.html,interno_relativo,,,,
blog/marketing-imobiliario-redes-sociais-litoral-2026.html,../cidades/santos.html,interno_relativo,,,,
blog/marketing-imobiliario-redes-sociais-litoral-2026.html,../bairros/index.html,interno_relativo,,,,
blog/marketing-imobiliario-redes-sociais-litoral-2026.html,../sitemap.xml,interno_relativo,,,,
blog/marketing-lancamentos-imobiliarios-litoral-paulista-2026.html,../servicos.html,interno_relativo,,,,
blog/marketing-lancamentos-imobiliarios-litoral-paulista-2026.html,../education/cursos/index.html,interno_relativo,,,,
blog/marketing-lancamentos-imobiliarios-litoral-paulista-2026.html,../cidades/santos.html,interno_relativo,,,,
blog/marketing-lancamentos-imobiliarios-litoral-paulista-2026.html,../bairros/index.html,interno_relativo,,,,
blog/marketing-lancamentos-imobiliarios-litoral-paulista-2026.html,../sitemap.xml,interno_relativo,,,,
blog/marketing-local-imobiliarias-litoral-ia.html,/,interno_absoluto,,,,
blog/marketing-local-imobiliarias-litoral-ia.html,../sitemap.xml,interno_relativo,,,,
blog/marketing-local-imobiliarias-litoral-ia.html,../servicos.html,interno_relativo,,,,
blog/marketing-local-imobiliarias-litoral-ia.html,../education/cursos/index.html,interno_relativo,,,,
blog/marketing-local-imobiliarias-litoral-ia.html,../cidades/santos.html,interno_relativo,,,,
blog/marketing-local-imobiliarias-litoral-ia.html,../bairros/index.html,interno_relativo,,,,
blog/marketing-local-imoveis-bairros-especificos-litoral-2026.html,../marketing-digital-imobiliarias-litoral-estrategias-leads-qualificados-2026.html,interno_relativo,,,,
blog/marketing-no-litoral-redes-sociais-imobiliário-2026-07-19.html,../servicos.html,interno_relativo,,,,
blog/marketing-no-litoral-redes-sociais-imobiliário-2026-07-19.html,../education/cursos/index.html,interno_relativo,,,,
blog/marketing-no-litoral-redes-sociais-imobiliário-2026-07-19.html,../cidades/santos.html,interno_relativo,,,,
blog/marketing-no-litoral-redes-sociais-imobiliário-2026-07-19.html,../bairros/index.html,interno_relativo,,,,
blog/marketing-no-litoral-redes-sociais-imobiliário-2026-07-19.html,../sitemap.xml,interno_relativo,,,,
blog/marketing-para-corretores-litoral-conteudo-vende-2026.html,../marketing-digital-imobiliarias-litoral-estrategias-leads-qualificados-2026.html,interno_relativo,,,,
blog/marketing-para-corretores-redes-sociais-no-litoral-2026-07-16.html,../servicos.html,interno_relativo,,,,
blog/marketing-para-corretores-redes-sociais-no-litoral-2026-07-16.html,../education/cursos/index.html,interno_relativo,,,,
blog/marketing-para-corretores-redes-sociais-no-litoral-2026-07-16.html,../cidades/santos.html,interno_relativo,,,,
blog/marketing-para-corretores-redes-sociais-no-litoral-2026-07-16.html,../bairros/index.html,interno_relativo,,,,
blog/marketing-para-corretores-redes-sociais-no-litoral-2026-07-16.html,../sitemap.xml,interno_relativo,,,,
blog/marketing-por-whatsapp-corretores-litoral-2026.html,../servicos.html,interno_relativo,,,,
blog/marketing-por-whatsapp-corretores-litoral-2026.html,../education/cursos/index.html,interno_relativo,,,,
blog/marketing-por-whatsapp-corretores-litoral-2026.html,../cidades/santos.html,interno_relativo,,,,
blog/marketing-por-whatsapp-corretores-litoral-2026.html,../bairros/index.html,interno_relativo,,,,
blog/marketing-por-whatsapp-corretores-litoral-2026.html,../sitemap.xml,interno_relativo,,,,
blog/marketing-redes-sociais-digital-no-litoral-2026-07-22.html,../servicos.html,interno_relativo,,,,
blog/marketing-redes-sociais-digital-no-litoral-2026-07-22.html,../education/cursos/index.html,interno_relativo,,,,
blog/marketing-redes-sociais-digital-no-litoral-2026-07-22.html,../cidades/santos.html,interno_relativo,,,,
blog/marketing-redes-sociais-digital-no-litoral-2026-07-22.html,../bairros/index.html,interno_relativo,,,,
blog/marketing-redes-sociais-digital-no-litoral-2026-07-22.html,../sitemap.xml,interno_relativo,,,,
blog/marketing-redes-sociais-imobiliário-para-corretores-2026-07-20.html,../cases/case-imobiliaria-porto-da-lua-35-leads-2026.html,interno_relativo,,,,
blog/marketing-redes-sociais-imobiliário-para-corretores-2026-07-20.html,../seo-local-imobiliaria-litoral-passo-a-passo-2026-08-11.html,interno_relativo,,,,
blog/marketing-redes-sociais-imobiliário-para-corretores-2026-07-20.html,../captacao-imoveis-sem-anuncios-pagos-corretores-litoral-2026.html,interno_relativo,,,,
blog/marketing-redes-sociais-imobiliário-para-corretores-2026-07-20.html,../aluguel-por-temporada-dicas-proprietarios-2026.html,interno_relativo,,,,
blog/marketing-redes-sociais-imobiliário-para-corretores-2026-07-20.html,../servicos.html,interno_relativo,,,,
blog/marketing-redes-sociais-imobiliário-para-corretores-2026-07-20.html,../education/cursos/index.html,interno_relativo,,,,
blog/marketing-redes-sociais-imobiliário-para-corretores-2026-07-20.html,../cidades/santos.html,interno_relativo,,,,
blog/marketing-redes-sociais-imobiliário-para-corretores-2026-07-20.html,../bairros/index.html,interno_relativo,,,,
blog/marketing-redes-sociais-imobiliário-para-corretores-2026-07-20.html,../sitemap.xml,interno_relativo,,,,
blog/marketing-redes-sociais-no-litoral-2026-2026-07-10.html,../servicos.html,interno_relativo,,,,
blog/marketing-redes-sociais-no-litoral-2026-2026-07-10.html,../education/cursos/index.html,interno_relativo,,,,
blog/marketing-redes-sociais-no-litoral-2026-2026-07-10.html,../cidades/santos.html,interno_relativo,,,,
blog/marketing-redes-sociais-no-litoral-2026-2026-07-10.html,../bairros/index.html,interno_relativo,,,,
blog/marketing-redes-sociais-no-litoral-2026-2026-07-10.html,../sitemap.xml,interno_relativo,,,,
blog/marketing-temporada-litoral-paulista-2026.html,../servicos.html,interno_relativo,,,,
blog/marketing-temporada-litoral-paulista-2026.html,../education/cursos/index.html,interno_relativo,,,,
blog/marketing-temporada-litoral-paulista-2026.html,../cidades/santos.html,interno_relativo,,,,
blog/marketing-temporada-litoral-paulista-2026.html,../bairros/index.html,interno_relativo,,,,
blog/marketing-temporada-litoral-paulista-2026.html,../sitemap.xml,interno_relativo,,,,
blog/marketing-temporada-verao-2026.html,../servicos.html,interno_relativo,,,,
blog/marketing-temporada-verao-2026.html,../education/cursos/index.html,interno_relativo,,,,
blog/marketing-temporada-verao-2026.html,../cidades/santos.html,interno_relativo,,,,
blog/marketing-temporada-verao-2026.html,../bairros/index.html,interno_relativo,,,,
blog/marketing-temporada-verao-2026.html,../sitemap.xml,interno_relativo,,,,
blog/marketplace-imoveis-litoral-2026.html,../servicos.html,interno_relativo,,,,
blog/marketplace-imoveis-litoral-2026.html,../education/cursos/index.html,interno_relativo,,,,
blog/marketplace-imoveis-litoral-2026.html,../cidades/santos.html,interno_relativo,,,,
blog/marketplace-imoveis-litoral-2026.html,../bairros/index.html,interno_relativo,,,,
blog/marketplace-imoveis-litoral-2026.html,../sitemap.xml,interno_relativo,,,,
blog/matematica-financeira-imoveis-creci-2026.html,../sitemap.xml,interno_relativo,,,,
blog/matematica-financeira-imoveis-creci-2026.html,../servicos.html,interno_relativo,,,,
blog/matematica-financeira-imoveis-creci-2026.html,../education/cursos/index.html,interno_relativo,,,,
blog/matematica-financeira-imoveis-creci-2026.html,../cidades/santos.html,interno_relativo,,,,
blog/matematica-financeira-imoveis-creci-2026.html,../bairros/index.html,interno_relativo,,,,
blog/medir-resultados-parcerias-imobiliarias-litoral-2026-v2.html,../medir-resultados-parcerias-imobiliarias-litoral-2026.html,interno_relativo,,,,
blog/medir-resultados-parcerias-imobiliarias-litoral-2026-v2.html,../networking-corretores-litoral-parcerias-indicacoes-2026.html,interno_relativo,,,,
blog/medir-resultados-parcerias-imobiliarias-litoral-2026.html,../networking-corretores-litoral-parcerias-indicacoes-2026.html,interno_relativo,,,,
blog/medir-resultados-parcerias-imobiliarias-litoral-2026.html,../indicacao-proprietarios-litoral-captacao-imoveis-2026.html,interno_relativo,,,,
blog/medo-comprar-imovel-distancia-2026.html,../servicos.html,interno_relativo,,,,
blog/medo-comprar-imovel-distancia-2026.html,../education/cursos/index.html,interno_relativo,,,,
blog/medo-comprar-imovel-distancia-2026.html,../cidades/santos.html,interno_relativo,,,,
blog/medo-comprar-imovel-distancia-2026.html,../bairros/index.html,interno_relativo,,,,
blog/medo-comprar-imovel-distancia-2026.html,../sitemap.xml,interno_relativo,,,,
blog/melhor-bairro-investir-litoral-2026.html,../ferramentas/vale-a-pena-comprar-2026.html,interno_relativo,,,,
blog/melhor-bairro-investir-litoral-2026.html,../ferramentas/pre-qualificacao-credito-2026.html,interno_relativo,,,,
blog/melhor-bairro-investir-litoral-2026.html,../ferramentas/airbnb-admin.html,interno_relativo,,,,
blog/melhor-bairro-investir-litoral-2026.html,../personas/investidor-ia-2026.html,interno_relativo,,,,
blog/melhor-bairro-investir-litoral-2026.html,../servicos.html,interno_relativo,,,,
blog/melhor-bairro-investir-litoral-2026.html,../education/cursos/index.html,interno_relativo,,,,
blog/melhor-bairro-investir-litoral-2026.html,../cidades/santos.html,interno_relativo,,,,
blog/melhor-bairro-investir-litoral-2026.html,../bairros/index.html,interno_relativo,,,,
blog/melhor-bairro-investir-litoral-2026.html,../sitemap.xml,interno_relativo,,,,
blog/melhor-cidade-investir-litoral-2026.html,../servicos.html,interno_relativo,,,,
blog/melhor-cidade-investir-litoral-2026.html,../education/cursos/index.html,interno_relativo,,,,
blog/melhor-cidade-investir-litoral-2026.html,../cidades/santos.html,interno_relativo,,,,
blog/melhor-cidade-investir-litoral-2026.html,../bairros/index.html,interno_relativo,,,,
blog/melhor-cidade-investir-litoral-2026.html,../sitemap.xml,interno_relativo,,,,
blog/melhor-dia-divulgar-imoveis-litoral-2026.html,../servicos.html,interno_relativo,,,,
blog/melhor-dia-divulgar-imoveis-litoral-2026.html,../education/cursos/index.html,interno_relativo,,,,
blog/melhor-dia-divulgar-imoveis-litoral-2026.html,../cidades/santos.html,interno_relativo,,,,
blog/melhor-dia-divulgar-imoveis-litoral-2026.html,../bairros/index.html,interno_relativo,,,,
blog/melhor-dia-divulgar-imoveis-litoral-2026.html,../sitemap.xml,interno_relativo,,,,
blog/melhor-epoca-alugar-temporada-litoral-2026.html,../ferramentas/calculadora-ocupacao-airbnb-2026.html,interno_relativo,,,,
blog/melhor-epoca-alugar-temporada-litoral-2026.html,../servicos.html,interno_relativo,,,,
blog/melhor-epoca-alugar-temporada-litoral-2026.html,../education/cursos/index.html,interno_relativo,,,,
blog/melhor-epoca-alugar-temporada-litoral-2026.html,../cidades/santos.html,interno_relativo,,,,
blog/melhor-epoca-alugar-temporada-litoral-2026.html,../bairros/index.html,interno_relativo,,,,
blog/melhor-epoca-captar-imoveis-litoral-2026.html,../servicos.html,interno_relativo,,,,
blog/melhor-epoca-captar-imoveis-litoral-2026.html,../education/cursos/index.html,interno_relativo,,,,
blog/melhor-epoca-captar-imoveis-litoral-2026.html,../cidades/santos.html,interno_relativo,,,,
blog/melhor-epoca-captar-imoveis-litoral-2026.html,../bairros/index.html,interno_relativo,,,,
blog/melhor-epoca-captar-imoveis-litoral-2026.html,../sitemap.xml,interno_relativo,,,,
blog/melhor-epoca-comprar-imovel-litoral-2026.html,../servicos.html,interno_relativo,,,,
blog/melhor-epoca-comprar-imovel-litoral-2026.html,../education/cursos/index.html,interno_relativo,,,,
blog/melhor-epoca-comprar-imovel-litoral-2026.html,../cidades/santos.html,interno_relativo,,,,
blog/melhor-epoca-comprar-imovel-litoral-2026.html,../bairros/index.html,interno_relativo,,,,
blog/melhor-epoca-comprar-imovel-litoral-2026.html,../sitemap.xml,interno_relativo,,,,
blog/melhor-regiao-investir-litoral-2026.html,../servicos.html,interno_relativo,,,,
blog/melhor-regiao-investir-litoral-2026.html,../education/cursos/index.html,interno_relativo,,,,
blog/melhor-regiao-investir-litoral-2026.html,../cidades/santos.html,interno_relativo,,,,
blog/melhor-regiao-investir-litoral-2026.html,../bairros/index.html,interno_relativo,,,,
blog/melhor-regiao-investir-litoral-2026.html,../sitemap.xml,interno_relativo,,,,
blog/melhores-bairros-investir-imobiliario-santos-guaruja-em-peruíbe-2026-07-12.html,../servicos.html,interno_relativo,,,,
blog/melhores-bairros-investir-imobiliario-santos-guaruja-em-peruíbe-2026-07-12.html,../education/cursos/index.html,interno_relativo,,,,
blog/melhores-bairros-investir-imobiliario-santos-guaruja-em-peruíbe-2026-07-12.html,../cidades/santos.html,interno_relativo,,,,
blog/melhores-bairros-investir-imobiliario-santos-guaruja-em-peruíbe-2026-07-12.html,../bairros/index.html,interno_relativo,,,,
blog/melhores-bairros-investir-imobiliario-santos-guaruja-em-peruíbe-2026-07-12.html,../sitemap.xml,interno_relativo,,,,
blog/melhores-bairros-investir-litoral-paulista-2026.html,../servicos.html,interno_relativo,,,,
blog/melhores-bairros-investir-litoral-paulista-2026.html,../education/cursos/index.html,interno_relativo,,,,
blog/melhores-bairros-investir-litoral-paulista-2026.html,../cidades/santos.html,interno_relativo,,,,
blog/melhores-bairros-investir-litoral-paulista-2026.html,../bairros/index.html,interno_relativo,,,,
blog/melhores-bairros-investir-litoral-paulista-2026.html,../sitemap.xml,interno_relativo,,,,
blog/melhores-bairros-litoral-paulista-2026.html,../servicos.html,interno_relativo,,,,
blog/melhores-bairros-litoral-paulista-2026.html,../education/cursos/index.html,interno_relativo,,,,
blog/melhores-bairros-litoral-paulista-2026.html,../cidades/santos.html,interno_relativo,,,,
blog/melhores-bairros-litoral-paulista-2026.html,../bairros/index.html,interno_relativo,,,,
blog/melhores-bairros-litoral-paulista-2026.html,../sitemap.xml,interno_relativo,,,,
blog/melhores-bairros-para-morar-em-ubatuba-familias-em-itanhaém-2026-07-13.html,../servicos.html,interno_relativo,,,,
blog/melhores-bairros-para-morar-em-ubatuba-familias-em-itanhaém-2026-07-13.html,../education/cursos/index.html,interno_relativo,,,,
blog/melhores-bairros-para-morar-em-ubatuba-familias-em-itanhaém-2026-07-13.html,../cidades/santos.html,interno_relativo,,,,
blog/melhores-bairros-para-morar-em-ubatuba-familias-em-itanhaém-2026-07-13.html,../bairros/index.html,interno_relativo,,,,
blog/melhores-bairros-para-morar-em-ubatuba-familias-em-itanhaém-2026-07-13.html,../sitemap.xml,interno_relativo,,,,
blog/melhores-cidades-investir-imoveis-litoral-2026.html,../servicos.html,interno_relativo,,,,
blog/melhores-cidades-investir-imoveis-litoral-2026.html,../education/cursos/index.html,interno_relativo,,,,
blog/melhores-cidades-investir-imoveis-litoral-2026.html,../cidades/santos.html,interno_relativo,,,,
blog/melhores-cidades-investir-imoveis-litoral-2026.html,../bairros/index.html,interno_relativo,,,,
blog/melhores-cidades-investir-imoveis-litoral-2026.html,../sitemap.xml,interno_relativo,,,,
blog/melhores-corretoras-imoveis-litoral-paulista-2026.html,../docs/sales/central-comando-praia-digital.html,interno_relativo,,,,
blog/melhores-corretoras-imoveis-litoral-paulista-2026.html,../servicos.html,interno_relativo,,,,
blog/melhores-corretoras-imoveis-litoral-paulista-2026.html,../education/cursos/index.html,interno_relativo,,,,
blog/melhores-corretoras-imoveis-litoral-paulista-2026.html,../cidades/santos.html,interno_relativo,,,,
blog/melhores-corretoras-imoveis-litoral-paulista-2026.html,../bairros/index.html,interno_relativo,,,,
blog/melhores-corretoras-imoveis-litoral-paulista-2026.html,../sitemap.xml,interno_relativo,,,,
blog/melhores-praias-litoral-paulista-investir-2026.html,../sitemap.xml,interno_relativo,,,,
blog/melhores-praias-litoral-paulista-investir-2026.html,../servicos.html,interno_relativo,,,,
blog/melhores-praias-litoral-paulista-investir-2026.html,../education/cursos/index.html,interno_relativo,,,,
blog/melhores-praias-litoral-paulista-investir-2026.html,../cidades/santos.html,interno_relativo,,,,
blog/melhores-praias-litoral-paulista-investir-2026.html,../bairros/index.html,interno_relativo,,,,
blog/mensuracao-attribution-marketing-imobiliario-local-litoral-2026.html,../roi-marketing-digital-imobiliaria-litoral-2026.html,interno_relativo,,,,
blog/mensuracao-attribution-marketing-imobiliario-local-litoral-2026.html,../marketing-digital-imobiliarias-litoral-estrategias-leads-qualificados-2026.html,interno_relativo,,,,
blog/mercado-bertioga-2026.html,/,interno_absoluto,,,,
blog/mercado-bertioga-2026.html,../servicos.html,interno_relativo,,,,
blog/mercado-bertioga-2026.html,../education/cursos/index.html,interno_relativo,,,,
blog/mercado-bertioga-2026.html,../cidades/santos.html,interno_relativo,,,,
blog/mercado-bertioga-2026.html,../bairros/index.html,interno_relativo,,,,
blog/mercado-bertioga-2026.html,../sitemap.xml,interno_relativo,,,,
blog/mercado-imobiliario-litoral-investidores-2026.html,../servicos.html,interno_relativo,,,,
blog/mercado-imobiliario-litoral-investidores-2026.html,../education/cursos/index.html,interno_relativo,,,,
blog/mercado-imobiliario-litoral-investidores-2026.html,../cidades/santos.html,interno_relativo,,,,
blog/mercado-imobiliario-litoral-investidores-2026.html,../bairros/index.html,interno_relativo,,,,
blog/mercado-imobiliario-litoral-investidores-2026.html,../sitemap.xml,interno_relativo,,,,
blog/mercado-imobiliario-verao-2026.html,../servicos.html,interno_relativo,,,,
blog/mercado-imobiliario-verao-2026.html,../education/cursos/index.html,interno_relativo,,,,
blog/mercado-imobiliario-verao-2026.html,../cidades/santos.html,interno_relativo,,,,
blog/mercado-imobiliario-verao-2026.html,../bairros/index.html,interno_relativo,,,,
blog/mercado-imobiliario-verao-2026.html,../sitemap.xml,interno_relativo,,,,
blog/mercado-internacional-imoveis-litoral-paulista-2026.html,atrair-compradores-estrangeiros-litoral-paulista-2026.html,interno_relativo,,,,
blog/mercado-internacional-imoveis-litoral-paulista-2026.html,agentes-internacionais-imoveis-litoral-paulista-2026.html,interno_relativo,,,,
blog/mercado-internacional-imoveis-litoral-paulista-2026.html,../servicos.html,interno_relativo,,,,
blog/mercado-internacional-imoveis-litoral-paulista-2026.html,../education/cursos/index.html,interno_relativo,,,,
blog/mercado-internacional-imoveis-litoral-paulista-2026.html,../cidades/santos.html,interno_relativo,,,,
blog/mercado-internacional-imoveis-litoral-paulista-2026.html,../bairros/index.html,interno_relativo,,,,
blog/mercado-internacional-imoveis-litoral-paulista-2026.html,../sitemap.xml,interno_relativo,,,,
blog/mercado-inverno-litoral-oportunidade.html,../servicos.html,interno_relativo,,,,
blog/mercado-inverno-litoral-oportunidade.html,../education/cursos/index.html,interno_relativo,,,,
blog/mercado-inverno-litoral-oportunidade.html,../cidades/santos.html,interno_relativo,,,,
blog/mercado-inverno-litoral-oportunidade.html,../bairros/index.html,interno_relativo,,,,
blog/mercado-inverno-litoral-oportunidade.html,../sitemap.xml,interno_relativo,,,,
blog/meta-ads-imobiliarias-litoral-facebook-instagram-2026.html,../redes-sociais-imobiliarias-litoral-conteudo-2026.html,interno_relativo,,,,
blog/meta-ads-imobiliarias-litoral-facebook-instagram-2026.html,../funil-vendas-imobiliario-litoral-digital-2026.html,interno_relativo,,,,
blog/metas-okr-imobiliarias-litoral-pratico-2026.html,../gestao-imobiliaria-litoral-equipe-processos-2026.html,interno_relativo,,,,
blog/metas-okr-imobiliarias-litoral-pratico-2026.html,../dashboard-imobiliario-litoral-pratico-2026.html,interno_relativo,,,,
blog/metodo-comparativo-avaliacao-litoral-2026.html,../sitemap.xml,interno_relativo,,,,
blog/metodo-comparativo-avaliacao-litoral-2026.html,../servicos.html,interno_relativo,,,,
blog/metodo-comparativo-avaliacao-litoral-2026.html,../education/cursos/index.html,interno_relativo,,,,
blog/metodo-comparativo-avaliacao-litoral-2026.html,../cidades/santos.html,interno_relativo,,,,
blog/metodo-comparativo-avaliacao-litoral-2026.html,../bairros/index.html,interno_relativo,,,,
blog/metodos-pagamento-locacao-temporada-litoral-2026.html,../servicos.html,interno_relativo,,,,
blog/metodos-pagamento-locacao-temporada-litoral-2026.html,../education/cursos/index.html,interno_relativo,,,,
blog/metodos-pagamento-locacao-temporada-litoral-2026.html,../cidades/santos.html,interno_relativo,,,,
blog/metodos-pagamento-locacao-temporada-litoral-2026.html,../bairros/index.html,interno_relativo,,,,
blog/metodos-pagamento-locacao-temporada-litoral-2026.html,../sitemap.xml,interno_relativo,,,,
blog/metricas-essenciais-imobiliaria-litoral-2026.html,../servicos.html,interno_relativo,,,,
blog/metricas-essenciais-imobiliaria-litoral-2026.html,../education/cursos/index.html,interno_relativo,,,,
blog/metricas-essenciais-imobiliaria-litoral-2026.html,../cidades/santos.html,interno_relativo,,,,
blog/metricas-essenciais-imobiliaria-litoral-2026.html,../bairros/index.html,interno_relativo,,,,
blog/metricas-essenciais-imobiliaria-litoral-2026.html,../sitemap.xml,interno_relativo,,,,
blog/metricas-essenciais-para-corretores-em-bertioga-bertioga.html,../servicos.html,interno_relativo,,,,
blog/metricas-essenciais-para-corretores-em-bertioga-bertioga.html,../education/cursos/index.html,interno_relativo,,,,
blog/metricas-essenciais-para-corretores-em-bertioga-bertioga.html,../cidades/santos.html,interno_relativo,,,,
blog/metricas-essenciais-para-corretores-em-bertioga-bertioga.html,../bairros/index.html,interno_relativo,,,,
blog/metricas-essenciais-para-corretores-em-bertioga-bertioga.html,../sitemap.xml,interno_relativo,,,,
blog/metricas-essenciais-para-corretores-em-cananeia-cananeia.html,../servicos.html,interno_relativo,,,,
blog/metricas-essenciais-para-corretores-em-cananeia-cananeia.html,../education/cursos/index.html,interno_relativo,,,,
blog/metricas-essenciais-para-corretores-em-cananeia-cananeia.html,../cidades/santos.html,interno_relativo,,,,
blog/metricas-essenciais-para-corretores-em-cananeia-cananeia.html,../bairros/index.html,interno_relativo,,,,
blog/metricas-essenciais-para-corretores-em-cananeia-cananeia.html,../sitemap.xml,interno_relativo,,,,
blog/metricas-essenciais-para-corretores-em-caraguatatuba-caraguatatuba.html,../servicos.html,interno_relativo,,,,
blog/metricas-essenciais-para-corretores-em-caraguatatuba-caraguatatuba.html,../education/cursos/index.html,interno_relativo,,,,
blog/metricas-essenciais-para-corretores-em-caraguatatuba-caraguatatuba.html,../cidades/santos.html,interno_relativo,,,,
blog/metricas-essenciais-para-corretores-em-caraguatatuba-caraguatatuba.html,../bairros/index.html,interno_relativo,,,,
blog/metricas-essenciais-para-corretores-em-caraguatatuba-caraguatatuba.html,../sitemap.xml,interno_relativo,,,,
blog/metricas-essenciais-para-corretores-em-iguape-iguape.html,../servicos.html,interno_relativo,,,,
blog/metricas-essenciais-para-corretores-em-iguape-iguape.html,../education/cursos/index.html,interno_relativo,,,,
blog/metricas-essenciais-para-corretores-em-iguape-iguape.html,../cidades/santos.html,interno_relativo,,,,
blog/metricas-essenciais-para-corretores-em-iguape-iguape.html,../bairros/index.html,interno_relativo,,,,
blog/metricas-essenciais-para-corretores-em-iguape-iguape.html,../sitemap.xml,interno_relativo,,,,
blog/metricas-essenciais-para-corretores-em-ilhabela-ilhabela.html,../servicos.html,interno_relativo,,,,
blog/metricas-essenciais-para-corretores-em-ilhabela-ilhabela.html,../education/cursos/index.html,interno_relativo,,,,
blog/metricas-essenciais-para-corretores-em-ilhabela-ilhabela.html,../cidades/santos.html,interno_relativo,,,,
blog/metricas-essenciais-para-corretores-em-ilhabela-ilhabela.html,../bairros/index.html,interno_relativo,,,,
blog/metricas-essenciais-para-corretores-em-ilhabela-ilhabela.html,../sitemap.xml,interno_relativo,,,,
blog/metricas-essenciais-para-corretores-em-sao-sebastiao-sao-sebastiao.html,../servicos.html,interno_relativo,,,,
blog/metricas-essenciais-para-corretores-em-sao-sebastiao-sao-sebastiao.html,../education/cursos/index.html,interno_relativo,,,,
blog/metricas-essenciais-para-corretores-em-sao-sebastiao-sao-sebastiao.html,../cidades/santos.html,interno_relativo,,,,
blog/metricas-essenciais-para-corretores-em-sao-sebastiao-sao-sebastiao.html,../bairros/index.html,interno_relativo,,,,
blog/metricas-essenciais-para-corretores-em-sao-sebastiao-sao-sebastiao.html,../sitemap.xml,interno_relativo,,,,
blog/metricas-site-imobiliarias-litoral-2026.html,../servicos.html,interno_relativo,,,,
blog/metricas-site-imobiliarias-litoral-2026.html,../education/cursos/index.html,interno_relativo,,,,
blog/metricas-site-imobiliarias-litoral-2026.html,../cidades/santos.html,interno_relativo,,,,
blog/metricas-site-imobiliarias-litoral-2026.html,../bairros/index.html,interno_relativo,,,,
blog/metricas-site-imobiliarias-litoral-2026.html,../sitemap.xml,interno_relativo,,,,
blog/midia-profissional-imoveis-litoral-2026.html,../servicos/midia-profissional.html,interno_relativo,,,,
blog/midia-profissional-imoveis-litoral-2026.html,../servicos.html,interno_relativo,,,,
blog/midia-profissional-imoveis-litoral-2026.html,../education/cursos/index.html,interno_relativo,,,,
blog/midia-profissional-imoveis-litoral-2026.html,../cidades/santos.html,interno_relativo,,,,
blog/midia-profissional-imoveis-litoral-2026.html,../bairros/index.html,interno_relativo,,,,
blog/migracao-ferramentas-imobiliaria-litoral-2026.html,../servicos.html,interno_relativo,,,,
blog/migracao-ferramentas-imobiliaria-litoral-2026.html,../education/cursos/index.html,interno_relativo,,,,
blog/migracao-ferramentas-imobiliaria-litoral-2026.html,../cidades/santos.html,interno_relativo,,,,
blog/migracao-ferramentas-imobiliaria-litoral-2026.html,../bairros/index.html,interno_relativo,,,,
blog/migracao-ferramentas-imobiliaria-litoral-2026.html,../sitemap.xml,interno_relativo,,,,
blog/mini-site-imobiliaria-local-captacao-litoral-2026.html,../style.css,interno_relativo,,,,
blog/mini-site-imobiliaria-local-captacao-litoral-2026.html,/,interno_absoluto,,,,
blog/mini-site-imobiliaria-local-captacao-litoral-2026.html,../captacao-imoveis-litoral.html,interno_relativo,,,,
blog/mini-site-imobiliaria-local-captacao-litoral-2026.html,../servicos.html,interno_relativo,,,,
blog/mini-site-imobiliaria-local-captacao-litoral-2026.html,../education/cursos/index.html,interno_relativo,,,,
blog/mini-site-imobiliaria-local-captacao-litoral-2026.html,../cidades/santos.html,interno_relativo,,,,
blog/mini-site-imobiliaria-local-captacao-litoral-2026.html,../bairros/index.html,interno_relativo,,,,
blog/mini-site-imobiliaria-local-captacao-litoral-2026.html,../sitemap.xml,interno_relativo,,,,
blog/modelo-apresentacao-imovel-corretores-2026.html,../servicos.html,interno_relativo,,,,
blog/modelo-apresentacao-imovel-corretores-2026.html,../education/cursos/index.html,interno_relativo,,,,
blog/modelo-apresentacao-imovel-corretores-2026.html,../cidades/santos.html,interno_relativo,,,,
blog/modelo-apresentacao-imovel-corretores-2026.html,../bairros/index.html,interno_relativo,,,,
blog/modelo-apresentacao-imovel-corretores-2026.html,../sitemap.xml,interno_relativo,,,,
blog/modelo-assinatura-profissional-corretores-litoral-2026.html,../servicos.html,interno_relativo,,,,
blog/modelo-assinatura-profissional-corretores-litoral-2026.html,../education/cursos/index.html,interno_relativo,,,,
blog/modelo-assinatura-profissional-corretores-litoral-2026.html,../cidades/santos.html,interno_relativo,,,,
blog/modelo-assinatura-profissional-corretores-litoral-2026.html,../bairros/index.html,interno_relativo,,,,
blog/modelo-assinatura-profissional-corretores-litoral-2026.html,../sitemap.xml,interno_relativo,,,,
blog/modelo-avaliacao-mercado-imobiliarias-litoral-2026.html,../servicos.html,interno_relativo,,,,
blog/modelo-avaliacao-mercado-imobiliarias-litoral-2026.html,../education/cursos/index.html,interno_relativo,,,,
blog/modelo-avaliacao-mercado-imobiliarias-litoral-2026.html,../cidades/santos.html,interno_relativo,,,,
blog/modelo-avaliacao-mercado-imobiliarias-litoral-2026.html,../bairros/index.html,interno_relativo,,,,
blog/modelo-avaliacao-mercado-imobiliarias-litoral-2026.html,../sitemap.xml,interno_relativo,,,,
blog/modelo-contrato-aluguel-temporada-litoral-paulista-2026.html,../servicos.html,interno_relativo,,,,
blog/modelo-contrato-aluguel-temporada-litoral-paulista-2026.html,../education/cursos/index.html,interno_relativo,,,,
blog/modelo-contrato-aluguel-temporada-litoral-paulista-2026.html,../cidades/santos.html,interno_relativo,,,,
blog/modelo-contrato-aluguel-temporada-litoral-paulista-2026.html,../bairros/index.html,interno_relativo,,,,
blog/modelo-contrato-aluguel-temporada-litoral-paulista-2026.html,../sitemap.xml,interno_relativo,,,,
blog/modelo-contrato-aluguel-temporada-litoral.html,../sitemap.xml,interno_relativo,,,,
blog/modelo-contrato-aluguel-temporada-litoral.html,../servicos.html,interno_relativo,,,,
blog/modelo-contrato-aluguel-temporada-litoral.html,../education/cursos/index.html,interno_relativo,,,,
blog/modelo-contrato-aluguel-temporada-litoral.html,../cidades/santos.html,interno_relativo,,,,
blog/modelo-contrato-aluguel-temporada-litoral.html,../bairros/index.html,interno_relativo,,,,
blog/modelo-contrato-temporada-litoral-norte-2026.html,../servicos.html,interno_relativo,,,,
blog/modelo-contrato-temporada-litoral-norte-2026.html,../education/cursos/index.html,interno_relativo,,,,
blog/modelo-contrato-temporada-litoral-norte-2026.html,../cidades/santos.html,interno_relativo,,,,
blog/modelo-contrato-temporada-litoral-norte-2026.html,../bairros/index.html,interno_relativo,,,,
blog/modelo-contrato-temporada-litoral-norte-2026.html,../sitemap.xml,interno_relativo,,,,
blog/modelo-de-apresentacao-para-imoveis-em-cananeia-cananeia.html,../servicos.html,interno_relativo,,,,
blog/modelo-de-apresentacao-para-imoveis-em-cananeia-cananeia.html,../education/cursos/index.html,interno_relativo,,,,
blog/modelo-de-apresentacao-para-imoveis-em-cananeia-cananeia.html,../cidades/santos.html,interno_relativo,,,,
blog/modelo-de-apresentacao-para-imoveis-em-cananeia-cananeia.html,../bairros/index.html,interno_relativo,,,,
blog/modelo-de-apresentacao-para-imoveis-em-cananeia-cananeia.html,../sitemap.xml,interno_relativo,,,,
blog/modelo-de-apresentacao-para-imoveis-em-caraguatatuba-caraguatatuba.html,../servicos.html,interno_relativo,,,,
blog/modelo-de-apresentacao-para-imoveis-em-caraguatatuba-caraguatatuba.html,../education/cursos/index.html,interno_relativo,,,,
blog/modelo-de-apresentacao-para-imoveis-em-caraguatatuba-caraguatatuba.html,../cidades/santos.html,interno_relativo,,,,
blog/modelo-de-apresentacao-para-imoveis-em-caraguatatuba-caraguatatuba.html,../bairros/index.html,interno_relativo,,,,
blog/modelo-de-apresentacao-para-imoveis-em-caraguatatuba-caraguatatuba.html,../sitemap.xml,interno_relativo,,,,
blog/modelo-de-apresentacao-para-imoveis-em-guaruja-guaruja.html,../servicos.html,interno_relativo,,,,
blog/modelo-de-apresentacao-para-imoveis-em-guaruja-guaruja.html,../education/cursos/index.html,interno_relativo,,,,
blog/modelo-de-apresentacao-para-imoveis-em-guaruja-guaruja.html,../cidades/santos.html,interno_relativo,,,,
blog/modelo-de-apresentacao-para-imoveis-em-guaruja-guaruja.html,../bairros/index.html,interno_relativo,,,,
blog/modelo-de-apresentacao-para-imoveis-em-guaruja-guaruja.html,../sitemap.xml,interno_relativo,,,,
blog/modelo-de-apresentacao-para-imoveis-em-iguape-iguape.html,../servicos.html,interno_relativo,,,,
blog/modelo-de-apresentacao-para-imoveis-em-iguape-iguape.html,../education/cursos/index.html,interno_relativo,,,,
blog/modelo-de-apresentacao-para-imoveis-em-iguape-iguape.html,../cidades/santos.html,interno_relativo,,,,
blog/modelo-de-apresentacao-para-imoveis-em-iguape-iguape.html,../bairros/index.html,interno_relativo,,,,
blog/modelo-de-apresentacao-para-imoveis-em-iguape-iguape.html,../sitemap.xml,interno_relativo,,,,
blog/modelo-de-apresentacao-para-imoveis-em-maresias-maresias.html,../servicos.html,interno_relativo,,,,
blog/modelo-de-apresentacao-para-imoveis-em-maresias-maresias.html,../education/cursos/index.html,interno_relativo,,,,
blog/modelo-de-apresentacao-para-imoveis-em-maresias-maresias.html,../cidades/santos.html,interno_relativo,,,,
blog/modelo-de-apresentacao-para-imoveis-em-maresias-maresias.html,../bairros/index.html,interno_relativo,,,,
blog/modelo-de-apresentacao-para-imoveis-em-maresias-maresias.html,../sitemap.xml,interno_relativo,,,,
blog/modelo-de-apresentacao-para-imoveis-em-praia-grande-praia-grande.html,../servicos.html,interno_relativo,,,,
blog/modelo-de-apresentacao-para-imoveis-em-praia-grande-praia-grande.html,../education/cursos/index.html,interno_relativo,,,,
blog/modelo-de-apresentacao-para-imoveis-em-praia-grande-praia-grande.html,../cidades/santos.html,interno_relativo,,,,
blog/modelo-de-apresentacao-para-imoveis-em-praia-grande-praia-grande.html,../bairros/index.html,interno_relativo,,,,
blog/modelo-de-apresentacao-para-imoveis-em-praia-grande-praia-grande.html,../sitemap.xml,interno_relativo,,,,
blog/modelo-de-apresentacao-para-imoveis-em-sao-sebastiao-sao-sebastiao.html,../servicos.html,interno_relativo,,,,
blog/modelo-de-apresentacao-para-imoveis-em-sao-sebastiao-sao-sebastiao.html,../education/cursos/index.html,interno_relativo,,,,
blog/modelo-de-apresentacao-para-imoveis-em-sao-sebastiao-sao-sebastiao.html,../cidades/santos.html,interno_relativo,,,,
blog/modelo-de-apresentacao-para-imoveis-em-sao-sebastiao-sao-sebastiao.html,../bairros/index.html,interno_relativo,,,,
blog/modelo-de-apresentacao-para-imoveis-em-sao-sebastiao-sao-sebastiao.html,../sitemap.xml,interno_relativo,,,,
blog/modelo-de-apresentacao-para-imoveis-em-ubatuba-ubatuba.html,../servicos.html,interno_relativo,,,,
blog/modelo-de-apresentacao-para-imoveis-em-ubatuba-ubatuba.html,../education/cursos/index.html,interno_relativo,,,,
blog/modelo-de-apresentacao-para-imoveis-em-ubatuba-ubatuba.html,../cidades/santos.html,interno_relativo,,,,
blog/modelo-de-apresentacao-para-imoveis-em-ubatuba-ubatuba.html,../bairros/index.html,interno_relativo,,,,
blog/modelo-de-apresentacao-para-imoveis-em-ubatuba-ubatuba.html,../sitemap.xml,interno_relativo,,,,
blog/modelo-de-proposta-de-venda-imovel-temporada-praia-em-ilhabela-2026-07-12.html,../servicos.html,interno_relativo,,,,
blog/modelo-de-proposta-de-venda-imovel-temporada-praia-em-ilhabela-2026-07-12.html,../education/cursos/index.html,interno_relativo,,,,
blog/modelo-de-proposta-de-venda-imovel-temporada-praia-em-ilhabela-2026-07-12.html,../cidades/santos.html,interno_relativo,,,,
blog/modelo-de-proposta-de-venda-imovel-temporada-praia-em-ilhabela-2026-07-12.html,../bairros/index.html,interno_relativo,,,,
blog/modelo-de-proposta-de-venda-imovel-temporada-praia-em-ilhabela-2026-07-12.html,../sitemap.xml,interno_relativo,,,,
blog/modelo-parceria-ganho-compartilhado-imobiliaria-litoral-paulista.html,/,interno_absoluto,,,,
blog/modelo-parceria-ganho-compartilhado-imobiliaria-litoral-paulista.html,../sitemap.xml,interno_relativo,,,,
blog/modelo-parceria-ganho-compartilhado-imobiliaria-litoral-paulista.html,../servicos.html,interno_relativo,,,,
blog/modelo-parceria-ganho-compartilhado-imobiliaria-litoral-paulista.html,../education/cursos/index.html,interno_relativo,,,,
blog/modelo-parceria-ganho-compartilhado-imobiliaria-litoral-paulista.html,../cidades/santos.html,interno_relativo,,,,
blog/modelo-parceria-ganho-compartilhado-imobiliaria-litoral-paulista.html,../bairros/index.html,interno_relativo,,,,
blog/modelo-parceria-imobiliaria-ia-litoral.html,../sitemap.xml,interno_relativo,,,,
blog/modelo-parceria-imobiliaria-ia-litoral.html,../servicos.html,interno_relativo,,,,
blog/modelo-parceria-imobiliaria-ia-litoral.html,../education/cursos/index.html,interno_relativo,,,,
blog/modelo-parceria-imobiliaria-ia-litoral.html,../cidades/santos.html,interno_relativo,,,,
blog/modelo-parceria-imobiliaria-ia-litoral.html,../bairros/index.html,interno_relativo,,,,
blog/modelo-parceria-imobiliarias-litoral-paulista-2026.html,../servicos.html,interno_relativo,,,,
blog/modelo-parceria-imobiliarias-litoral-paulista-2026.html,../education/cursos/index.html,interno_relativo,,,,
blog/modelo-parceria-imobiliarias-litoral-paulista-2026.html,../cidades/santos.html,interno_relativo,,,,
blog/modelo-parceria-imobiliarias-litoral-paulista-2026.html,../bairros/index.html,interno_relativo,,,,
blog/modelo-parceria-imobiliarias-litoral-paulista-2026.html,../sitemap.xml,interno_relativo,,,,
blog/modelo-proposta-imobiliaria-digital-litoral.html,/,interno_absoluto,,,,
blog/modelo-proposta-imobiliaria-digital-litoral.html,../sitemap.xml,interno_relativo,,,,
blog/modelo-proposta-imobiliaria-digital-litoral.html,../servicos.html,interno_relativo,,,,
blog/modelo-proposta-imobiliaria-digital-litoral.html,../education/cursos/index.html,interno_relativo,,,,
blog/modelo-proposta-imobiliaria-digital-litoral.html,../cidades/santos.html,interno_relativo,,,,
blog/modelo-proposta-imobiliaria-digital-litoral.html,../bairros/index.html,interno_relativo,,,,
blog/modelo-proposta-parceria-imobiliaria-litoral-2026.html,../servicos.html,interno_relativo,,,,
blog/modelo-proposta-parceria-imobiliaria-litoral-2026.html,../education/cursos/index.html,interno_relativo,,,,
blog/modelo-proposta-parceria-imobiliaria-litoral-2026.html,../cidades/santos.html,interno_relativo,,,,
blog/modelo-proposta-parceria-imobiliaria-litoral-2026.html,../bairros/index.html,interno_relativo,,,,
blog/modelo-proposta-parceria-imobiliaria-litoral-2026.html,../sitemap.xml,interno_relativo,,,,
blog/modelo-renda-mista-aluguel-venda-litoral-2026.html,../sitemap.xml,interno_relativo,,,,
blog/modelo-renda-mista-aluguel-venda-litoral-2026.html,../servicos.html,interno_relativo,,,,
blog/modelo-renda-mista-aluguel-venda-litoral-2026.html,../education/cursos/index.html,interno_relativo,,,,
blog/modelo-renda-mista-aluguel-venda-litoral-2026.html,../cidades/santos.html,interno_relativo,,,,
blog/modelo-renda-mista-aluguel-venda-litoral-2026.html,../bairros/index.html,interno_relativo,,,,
blog/modelo-white-label-imobiliaria-ia.html,/,interno_absoluto,,,,
blog/modelo-white-label-imobiliaria-ia.html,../sitemap.xml,interno_relativo,,,,
blog/modelo-white-label-imobiliaria-ia.html,../servicos.html,interno_relativo,,,,
blog/modelo-white-label-imobiliaria-ia.html,../education/cursos/index.html,interno_relativo,,,,
blog/modelo-white-label-imobiliaria-ia.html,../cidades/santos.html,interno_relativo,,,,
blog/modelo-white-label-imobiliaria-ia.html,../bairros/index.html,interno_relativo,,,,
blog/modelos-financiamento-compra-temporada-2026.html,../servicos.html,interno_relativo,,,,
blog/modelos-financiamento-compra-temporada-2026.html,../education/cursos/index.html,interno_relativo,,,,
blog/modelos-financiamento-compra-temporada-2026.html,../cidades/santos.html,interno_relativo,,,,
blog/modelos-financiamento-compra-temporada-2026.html,../bairros/index.html,interno_relativo,,,,
blog/modelos-financiamento-compra-temporada-2026.html,../sitemap.xml,interno_relativo,,,,
blog/modelos-planilhas-corretores-litoral-2026.html,checklist-avaliacao-imovel-download-2026.html,interno_relativo,,,,
blog/modelos-planilhas-corretores-litoral-2026.html,planilha-pipeline-vendas-imoveis-gratis-2026.html,interno_relativo,,,,
blog/modelos-planilhas-corretores-litoral-2026.html,../servicos.html,interno_relativo,,,,
blog/modelos-planilhas-corretores-litoral-2026.html,../education/cursos/index.html,interno_relativo,,,,
blog/modelos-planilhas-corretores-litoral-2026.html,../cidades/santos.html,interno_relativo,,,,
blog/modelos-planilhas-corretores-litoral-2026.html,../bairros/index.html,interno_relativo,,,,
blog/modelos-planilhas-corretores-litoral-2026.html,../sitemap.xml,interno_relativo,,,,
blog/mongagua-praias-familiares-2026-sp-2026-07-14.html,../servicos.html,interno_relativo,,,,
blog/mongagua-praias-familiares-2026-sp-2026-07-14.html,../education/cursos/index.html,interno_relativo,,,,
blog/mongagua-praias-familiares-2026-sp-2026-07-14.html,../cidades/santos.html,interno_relativo,,,,
blog/mongagua-praias-familiares-2026-sp-2026-07-14.html,../bairros/index.html,interno_relativo,,,,
blog/mongagua-praias-familiares-2026-sp-2026-07-14.html,../sitemap.xml,interno_relativo,,,,
blog/montar-carteira-imoveis-aluguel-temporada-guia-investidor-litoral-2026.html,../estrategia-preco-dinamico-temporada-litoral-2026.html,interno_relativo,,,,
blog/morar-litoral-paulista-guia-2026.html,../servicos.html,interno_relativo,,,,
blog/morar-litoral-paulista-guia-2026.html,../education/cursos/index.html,interno_relativo,,,,
blog/morar-litoral-paulista-guia-2026.html,../cidades/santos.html,interno_relativo,,,,
blog/morar-litoral-paulista-guia-2026.html,../bairros/index.html,interno_relativo,,,,
blog/morar-litoral-paulista-guia-2026.html,../sitemap.xml,interno_relativo,,,,
blog/multi-proprietario-gestao-temporada.html,../servicos.html,interno_relativo,,,,
blog/multi-proprietario-gestao-temporada.html,../education/cursos/index.html,interno_relativo,,,,
blog/multi-proprietario-gestao-temporada.html,../cidades/santos.html,interno_relativo,,,,
blog/multi-proprietario-gestao-temporada.html,../bairros/index.html,interno_relativo,,,,
blog/multi-proprietario-gestao-temporada.html,../sitemap.xml,interno_relativo,,,,
blog/naming-posicionamento-imobiliarias-litoral-2026.html,branding-local-imobiliarias-litoral-paulista-2026.html,interno_relativo,,,,
blog/naming-posicionamento-imobiliarias-litoral-2026.html,identidade-visual-imobiliarias-litoral-paulista-2026.html,interno_relativo,,,,
blog/naming-posicionamento-imobiliarias-litoral-2026.html,../servicos.html,interno_relativo,,,,
blog/naming-posicionamento-imobiliarias-litoral-2026.html,../education/cursos/index.html,interno_relativo,,,,
blog/naming-posicionamento-imobiliarias-litoral-2026.html,../cidades/santos.html,interno_relativo,,,,
blog/naming-posicionamento-imobiliarias-litoral-2026.html,../bairros/index.html,interno_relativo,,,,
blog/naming-posicionamento-imobiliarias-litoral-2026.html,../sitemap.xml,interno_relativo,,,,
blog/nao-errar-escolha-imovel-litoral-2026.html,visitar-imoveis-decidir-melhor-litoral-2026.html,interno_relativo,,,,
blog/nao-errar-escolha-imovel-litoral-2026.html,documentacao-compra-imovel-litoral-paulista-2026.html,interno_relativo,,,,
blog/nao-errar-escolha-imovel-litoral-2026.html,../servicos.html,interno_relativo,,,,
blog/nao-errar-escolha-imovel-litoral-2026.html,../education/cursos/index.html,interno_relativo,,,,
blog/nao-errar-escolha-imovel-litoral-2026.html,../cidades/santos.html,interno_relativo,,,,
blog/nao-errar-escolha-imovel-litoral-2026.html,../bairros/index.html,interno_relativo,,,,
blog/nao-errar-escolha-imovel-litoral-2026.html,../sitemap.xml,interno_relativo,,,,
blog/negociacao-corretores-parceiros-lancamentos-2026.html,../servicos.html,interno_relativo,,,,
blog/negociacao-corretores-parceiros-lancamentos-2026.html,../education/cursos/index.html,interno_relativo,,,,
blog/negociacao-corretores-parceiros-lancamentos-2026.html,../cidades/santos.html,interno_relativo,,,,
blog/negociacao-corretores-parceiros-lancamentos-2026.html,../bairros/index.html,interno_relativo,,,,
blog/negociacao-corretores-parceiros-lancamentos-2026.html,../sitemap.xml,interno_relativo,,,,
blog/negociacao-de-imoveis-em-maresias-sem-perder-o-cliente-maresias.html,../servicos.html,interno_relativo,,,,
blog/negociacao-de-imoveis-em-maresias-sem-perder-o-cliente-maresias.html,../education/cursos/index.html,interno_relativo,,,,
blog/negociacao-de-imoveis-em-maresias-sem-perder-o-cliente-maresias.html,../cidades/santos.html,interno_relativo,,,,
blog/negociacao-de-imoveis-em-maresias-sem-perder-o-cliente-maresias.html,../bairros/index.html,interno_relativo,,,,
blog/negociacao-de-imoveis-em-maresias-sem-perder-o-cliente-maresias.html,../sitemap.xml,interno_relativo,,,,
blog/negociacao-de-imoveis-em-sao-sebastiao-sem-perder-o-cliente-sao-sebastiao.html,../servicos.html,interno_relativo,,,,
blog/negociacao-de-imoveis-em-sao-sebastiao-sem-perder-o-cliente-sao-sebastiao.html,../education/cursos/index.html,interno_relativo,,,,
blog/negociacao-de-imoveis-em-sao-sebastiao-sem-perder-o-cliente-sao-sebastiao.html,../cidades/santos.html,interno_relativo,,,,
blog/negociacao-de-imoveis-em-sao-sebastiao-sem-perder-o-cliente-sao-sebastiao.html,../bairros/index.html,interno_relativo,,,,
blog/negociacao-de-imoveis-em-sao-sebastiao-sem-perder-o-cliente-sao-sebastiao.html,../sitemap.xml,interno_relativo,,,,
blog/negociacao-de-imoveis-em-ubatuba-sem-perder-o-cliente-ubatuba.html,../servicos.html,interno_relativo,,,,
blog/negociacao-de-imoveis-em-ubatuba-sem-perder-o-cliente-ubatuba.html,../education/cursos/index.html,interno_relativo,,,,
blog/negociacao-de-imoveis-em-ubatuba-sem-perder-o-cliente-ubatuba.html,../cidades/santos.html,interno_relativo,,,,
blog/negociacao-de-imoveis-em-ubatuba-sem-perder-o-cliente-ubatuba.html,../bairros/index.html,interno_relativo,,,,
blog/negociacao-de-imoveis-em-ubatuba-sem-perder-o-cliente-ubatuba.html,../sitemap.xml,interno_relativo,,,,
blog/negociacao-imoveis-litoral-dados-2026.html,/,interno_absoluto,,,,
blog/negociacao-imoveis-litoral-dados-2026.html,../servicos.html,interno_relativo,,,,
blog/negociacao-imoveis-litoral-dados-2026.html,../education/cursos/index.html,interno_relativo,,,,
blog/negociacao-imoveis-litoral-dados-2026.html,../cidades/santos.html,interno_relativo,,,,
blog/negociacao-imoveis-litoral-dados-2026.html,../bairros/index.html,interno_relativo,,,,
blog/negociacao-imoveis-litoral-dados-2026.html,../sitemap.xml,interno_relativo,,,,
blog/negociacao-imoveis-litoral-paulista-2026.html,../servicos.html,interno_relativo,,,,
blog/negociacao-imoveis-litoral-paulista-2026.html,../education/cursos/index.html,interno_relativo,,,,
blog/negociacao-imoveis-litoral-paulista-2026.html,../cidades/santos.html,interno_relativo,,,,
blog/negociacao-imoveis-litoral-paulista-2026.html,../bairros/index.html,interno_relativo,,,,
blog/negociacao-imoveis-litoral-paulista-2026.html,../sitemap.xml,interno_relativo,,,,
blog/negociar-imovel-litoral-2026.html,../servicos.html,interno_relativo,,,,
blog/negociar-imovel-litoral-2026.html,../education/cursos/index.html,interno_relativo,,,,
blog/negociar-imovel-litoral-2026.html,../cidades/santos.html,interno_relativo,,,,
blog/negociar-imovel-litoral-2026.html,../bairros/index.html,interno_relativo,,,,
blog/negociar-imovel-litoral-2026.html,../sitemap.xml,interno_relativo,,,,
blog/negociar-preco-imovel-litoral-2026.html,../servicos.html,interno_relativo,,,,
blog/negociar-preco-imovel-litoral-2026.html,../education/cursos/index.html,interno_relativo,,,,
blog/negociar-preco-imovel-litoral-2026.html,../cidades/santos.html,interno_relativo,,,,
blog/negociar-preco-imovel-litoral-2026.html,../bairros/index.html,interno_relativo,,,,
blog/negociar-preco-imovel-litoral-2026.html,../sitemap.xml,interno_relativo,,,,
blog/negociar-preco-imovel-litoral-paulista-2026.html,avaliacao-imoveis-luxo-litoral-2026.html,interno_relativo,,,,
blog/negociar-preco-imovel-litoral-paulista-2026.html,entrada-vs-financiamento-imovel-litoral-2026.html,interno_relativo,,,,
blog/negociar-preco-imovel-litoral-paulista-2026.html,../servicos.html,interno_relativo,,,,
blog/negociar-preco-imovel-litoral-paulista-2026.html,../education/cursos/index.html,interno_relativo,,,,
blog/negociar-preco-imovel-litoral-paulista-2026.html,../cidades/santos.html,interno_relativo,,,,
blog/negociar-preco-imovel-litoral-paulista-2026.html,../bairros/index.html,interno_relativo,,,,
blog/negociar-preco-imovel-litoral-paulista-2026.html,../sitemap.xml,interno_relativo,,,,
blog/networking-corretores-litoral-parcerias-indicacoes-2026.html,../indicacao-proprietarios-litoral-captacao-imoveis-2026.html,interno_relativo,,,,
blog/networking-corretores-litoral-parcerias-indicacoes-2026.html,../fechar-parcerias-imobiliarias-litoral-paulista-guia-2026.html,interno_relativo,,,,
blog/networking-corretores-litoral-paulista-2026.html,../servicos.html,interno_relativo,,,,
blog/networking-corretores-litoral-paulista-2026.html,../education/cursos/index.html,interno_relativo,,,,
blog/networking-corretores-litoral-paulista-2026.html,../cidades/santos.html,interno_relativo,,,,
blog/networking-corretores-litoral-paulista-2026.html,../bairros/index.html,interno_relativo,,,,
blog/networking-corretores-litoral-paulista-2026.html,../sitemap.xml,interno_relativo,,,,
blog/newsletter-imobiliaria-litoral-ia.html,/,interno_absoluto,,,,
blog/newsletter-imobiliaria-litoral-ia.html,../sitemap.xml,interno_relativo,,,,
blog/newsletter-imobiliaria-litoral-ia.html,../servicos.html,interno_relativo,,,,
blog/newsletter-imobiliaria-litoral-ia.html,../education/cursos/index.html,interno_relativo,,,,
blog/newsletter-imobiliaria-litoral-ia.html,../cidades/santos.html,interno_relativo,,,,
blog/newsletter-imobiliaria-litoral-ia.html,../bairros/index.html,interno_relativo,,,,
blog/newsletter-semanal-imobiliaria-litoral-2026.html,../sitemap.xml,interno_relativo,,,,
blog/newsletter-semanal-imobiliaria-litoral-2026.html,../servicos.html,interno_relativo,,,,
blog/newsletter-semanal-imobiliaria-litoral-2026.html,../education/cursos/index.html,interno_relativo,,,,
blog/newsletter-semanal-imobiliaria-litoral-2026.html,../cidades/santos.html,interno_relativo,,,,
blog/newsletter-semanal-imobiliaria-litoral-2026.html,../bairros/index.html,interno_relativo,,,,
blog/newsletter-semanal-mercado-imobiliario-litoral.html,/,interno_absoluto,,,,
blog/newsletter-semanal-mercado-imobiliario-litoral.html,../sitemap.xml,interno_relativo,,,,
blog/newsletter-semanal-mercado-imobiliario-litoral.html,../servicos.html,interno_relativo,,,,
blog/newsletter-semanal-mercado-imobiliario-litoral.html,../education/cursos/index.html,interno_relativo,,,,
blog/newsletter-semanal-mercado-imobiliario-litoral.html,../cidades/santos.html,interno_relativo,,,,
blog/newsletter-semanal-mercado-imobiliario-litoral.html,../bairros/index.html,interno_relativo,,,,
blog/newsletter-semanal-semana-30-2026-07-21.html,../servicos.html,interno_relativo,,,,
blog/newsletter-semanal-semana-30-2026-07-21.html,../education/cursos/index.html,interno_relativo,,,,
blog/newsletter-semanal-semana-30-2026-07-21.html,../cidades/santos.html,interno_relativo,,,,
blog/newsletter-semanal-semana-30-2026-07-21.html,../bairros/index.html,interno_relativo,,,,
blog/newsletter-semanal-semana-30-2026-07-21.html,../sitemap.xml,interno_relativo,,,,
blog/newsletter-semanal-semana-33-2026-08-05.html,../servicos.html,interno_relativo,,,,
blog/newsletter-semanal-semana-33-2026-08-05.html,../education/cursos/index.html,interno_relativo,,,,
blog/newsletter-semanal-semana-33-2026-08-05.html,../cidades/santos.html,interno_relativo,,,,
blog/newsletter-semanal-semana-33-2026-08-05.html,../bairros/index.html,interno_relativo,,,,
blog/newsletter-semanal-semana-33-2026-08-05.html,../sitemap.xml,interno_relativo,,,,
blog/newsletter-semanal-semana-34-2026-08-09.html,../servicos.html,interno_relativo,,,,
blog/newsletter-semanal-semana-34-2026-08-09.html,../education/cursos/index.html,interno_relativo,,,,
blog/newsletter-semanal-semana-34-2026-08-09.html,../cidades/santos.html,interno_relativo,,,,
blog/newsletter-semanal-semana-34-2026-08-09.html,../bairros/index.html,interno_relativo,,,,
blog/newsletter-semanal-semana-34-2026-08-09.html,../sitemap.xml,interno_relativo,,,,
blog/nomades-digitais-imoveis-litoral.html,../sitemap.xml,interno_relativo,,,,
blog/nomades-digitais-imoveis-litoral.html,../servicos.html,interno_relativo,,,,
blog/nomades-digitais-imoveis-litoral.html,../education/cursos/index.html,interno_relativo,,,,
blog/nomades-digitais-imoveis-litoral.html,../cidades/santos.html,interno_relativo,,,,
blog/nomades-digitais-imoveis-litoral.html,../bairros/index.html,interno_relativo,,,,
blog/nomades-digitais-litoral-paulista-2026.html,../servicos.html,interno_relativo,,,,
blog/nomades-digitais-litoral-paulista-2026.html,../education/cursos/index.html,interno_relativo,,,,
blog/nomades-digitais-litoral-paulista-2026.html,../cidades/santos.html,interno_relativo,,,,
blog/nomades-digitais-litoral-paulista-2026.html,../bairros/index.html,interno_relativo,,,,
blog/nomades-digitais-litoral-paulista-2026.html,../sitemap.xml,interno_relativo,,,,
blog/nomadismo-digital-morar-litoral-sp.html,../servicos.html,interno_relativo,,,,
blog/nomadismo-digital-morar-litoral-sp.html,../education/cursos/index.html,interno_relativo,,,,
blog/nomadismo-digital-morar-litoral-sp.html,../cidades/santos.html,interno_relativo,,,,
blog/nomadismo-digital-morar-litoral-sp.html,../bairros/index.html,interno_relativo,,,,
blog/nomadismo-digital-morar-litoral-sp.html,../sitemap.xml,interno_relativo,,,,
blog/normas-municipais-aluguel-temporada-litoral-sp-2026.html,../contrato-aluguel-temporada-litoral-clausulas-2026.html,interno_relativo,,,,
blog/novos-imoveis-litoral-paulista-2026.html,../imoveis/imovel-1235-chalé-barra-guarujá-1-quartos.html,interno_relativo,,,,
blog/novos-imoveis-litoral-paulista-2026.html,../imoveis/imovel-1236-flat-enseada-mongaguá-1-quartos.html,interno_relativo,,,,
blog/novos-imoveis-litoral-paulista-2026.html,../imoveis/imovel-1237-apartamento-maré-praia-grande-4-quartos.html,interno_relativo,,,,
blog/novos-imoveis-litoral-paulista-2026.html,../imoveis/imovel-1238-cobertura-maré-caraguatatuba-3-quartos.html,interno_relativo,,,,
blog/novos-imoveis-litoral-paulista-2026.html,../imoveis/imovel-1239-chalé-gonzaga-ilhabela-4-quartos.html,interno_relativo,,,,
blog/novos-imoveis-litoral-paulista-2026.html,../servicos.html,interno_relativo,,,,
blog/novos-imoveis-litoral-paulista-2026.html,../education/cursos/index.html,interno_relativo,,,,
blog/novos-imoveis-litoral-paulista-2026.html,../cidades/santos.html,interno_relativo,,,,
blog/novos-imoveis-litoral-paulista-2026.html,../bairros/index.html,interno_relativo,,,,
blog/novos-imoveis-litoral-paulista-2026.html,../sitemap.xml,interno_relativo,,,,
blog/nps-imobiliarias-litoral-paulista-2026.html,../modelo-pesquisa-nps-imobiliaria-litoral-2026.md,interno_relativo,,,,
blog/nps-imobiliarias-litoral-paulista-2026.html,satisfacao-cliente-imobiliarias-litoral-2026.html,interno_relativo,,,,
blog/nps-imobiliarias-litoral-paulista-2026.html,../servicos.html,interno_relativo,,,,
blog/nps-imobiliarias-litoral-paulista-2026.html,../education/cursos/index.html,interno_relativo,,,,
blog/nps-imobiliarias-litoral-paulista-2026.html,../cidades/santos.html,interno_relativo,,,,
blog/nps-imobiliarias-litoral-paulista-2026.html,../bairros/index.html,interno_relativo,,,,
blog/nps-imobiliarias-litoral-paulista-2026.html,../sitemap.xml,interno_relativo,,,,
blog/numeros-vendas-barra-norte-2026.html,../servicos.html,interno_relativo,,,,
blog/numeros-vendas-barra-norte-2026.html,../education/cursos/index.html,interno_relativo,,,,
blog/numeros-vendas-barra-norte-2026.html,../cidades/santos.html,interno_relativo,,,,
blog/numeros-vendas-barra-norte-2026.html,../bairros/index.html,interno_relativo,,,,
blog/numeros-vendas-barra-norte-2026.html,../sitemap.xml,interno_relativo,,,,
blog/nurturing-leads-imobiliaria-litoral-2026.html,../sitemap.xml,interno_relativo,,,,
blog/nurturing-leads-imobiliaria-litoral-2026.html,../servicos.html,interno_relativo,,,,
blog/nurturing-leads-imobiliaria-litoral-2026.html,../education/cursos/index.html,interno_relativo,,,,
blog/nurturing-leads-imobiliaria-litoral-2026.html,../cidades/santos.html,interno_relativo,,,,
blog/nurturing-leads-imobiliaria-litoral-2026.html,../bairros/index.html,interno_relativo,,,,
blog/nutricao-leads-imobiliarias-litoral-2026.html,../servicos.html,interno_relativo,,,,
blog/nutricao-leads-imobiliarias-litoral-2026.html,../education/cursos/index.html,interno_relativo,,,,
blog/nutricao-leads-imobiliarias-litoral-2026.html,../cidades/santos.html,interno_relativo,,,,
blog/nutricao-leads-imobiliarias-litoral-2026.html,../bairros/index.html,interno_relativo,,,,
blog/nutricao-leads-imobiliarias-litoral-2026.html,../sitemap.xml,interno_relativo,,,,
blog/o-que-muda-compra-imovel-usado-litoral-vs-planta-2026.html,../comparativo-imovel-planta-vs-pronto-morar-litoral-2026.html,interno_relativo,,,,
blog/objecao-preco-imoveis-litoral-2026.html,../servicos.html,interno_relativo,,,,
blog/objecao-preco-imoveis-litoral-2026.html,../education/cursos/index.html,interno_relativo,,,,
blog/objecao-preco-imoveis-litoral-2026.html,../cidades/santos.html,interno_relativo,,,,
blog/objecao-preco-imoveis-litoral-2026.html,../bairros/index.html,interno_relativo,,,,
blog/objecao-preco-imoveis-litoral-2026.html,../sitemap.xml,interno_relativo,,,,
blog/objecao-valor-alto-negociacao-litoral-2026.html,/,interno_absoluto,,,,
blog/objecao-valor-alto-negociacao-litoral-2026.html,../servicos.html,interno_relativo,,,,
blog/objecao-valor-alto-negociacao-litoral-2026.html,../education/cursos/index.html,interno_relativo,,,,
blog/objecao-valor-alto-negociacao-litoral-2026.html,../cidades/santos.html,interno_relativo,,,,
blog/objecao-valor-alto-negociacao-litoral-2026.html,../bairros/index.html,interno_relativo,,,,
blog/objecao-valor-alto-negociacao-litoral-2026.html,../sitemap.xml,interno_relativo,,,,
blog/objecoes-comuns-venda-imoveis-litoral-paulista-2026.html,../servicos.html,interno_relativo,,,,
blog/objecoes-comuns-venda-imoveis-litoral-paulista-2026.html,../education/cursos/index.html,interno_relativo,,,,
blog/objecoes-comuns-venda-imoveis-litoral-paulista-2026.html,../cidades/santos.html,interno_relativo,,,,
blog/objecoes-comuns-venda-imoveis-litoral-paulista-2026.html,../bairros/index.html,interno_relativo,,,,
blog/objecoes-comuns-venda-imoveis-litoral-paulista-2026.html,../sitemap.xml,interno_relativo,,,,
blog/objecoes-parcerias-imobiliarias-litoral-2026.html,../servicos.html,interno_relativo,,,,
blog/objecoes-parcerias-imobiliarias-litoral-2026.html,../education/cursos/index.html,interno_relativo,,,,
blog/objecoes-parcerias-imobiliarias-litoral-2026.html,../cidades/santos.html,interno_relativo,,,,
blog/objecoes-parcerias-imobiliarias-litoral-2026.html,../bairros/index.html,interno_relativo,,,,
blog/objecoes-parcerias-imobiliarias-litoral-2026.html,../sitemap.xml,interno_relativo,,,,
blog/objecoes-preco-imobiliaria-litoral-paulista-2026.html,../servicos.html,interno_relativo,,,,
blog/objecoes-preco-imobiliaria-litoral-paulista-2026.html,../education/cursos/index.html,interno_relativo,,,,
blog/objecoes-preco-imobiliaria-litoral-paulista-2026.html,../cidades/santos.html,interno_relativo,,,,
blog/objecoes-preco-imobiliaria-litoral-paulista-2026.html,../bairros/index.html,interno_relativo,,,,
blog/objecoes-preco-imobiliaria-litoral-paulista-2026.html,../sitemap.xml,interno_relativo,,,,
blog/ocupacao-airbnb-como-calcular.html,../servicos.html,interno_relativo,,,,
blog/ocupacao-airbnb-como-calcular.html,../education/cursos/index.html,interno_relativo,,,,
blog/ocupacao-airbnb-como-calcular.html,../cidades/santos.html,interno_relativo,,,,
blog/ocupacao-airbnb-como-calcular.html,../bairros/index.html,interno_relativo,,,,
blog/ocupacao-airbnb-como-calcular.html,../sitemap.xml,interno_relativo,,,,
blog/oferta-parceria-ganha-ganha-ia-imobiliaria.html,/,interno_absoluto,,,,
blog/oferta-parceria-ganha-ganha-ia-imobiliaria.html,../sitemap.xml,interno_relativo,,,,
blog/oferta-parceria-ganha-ganha-ia-imobiliaria.html,../servicos.html,interno_relativo,,,,
blog/oferta-parceria-ganha-ganha-ia-imobiliaria.html,../education/cursos/index.html,interno_relativo,,,,
blog/oferta-parceria-ganha-ganha-ia-imobiliaria.html,../cidades/santos.html,interno_relativo,,,,
blog/oferta-parceria-ganha-ganha-ia-imobiliaria.html,../bairros/index.html,interno_relativo,,,,
blog/onboarding-corretores-imobiliarias-litoral-2026.html,../clima-organizacional-imobiliarias-litoral-2026.html,interno_relativo,,,,
blog/onboarding-corretores-imobiliarias-litoral-2026.html,../indicadores-imobiliarios-corretores-litoral-2026.html,interno_relativo,,,,
blog/onboarding-imobiliaria-parceira-passo-a-passo-2026.html,../servicos.html,interno_relativo,,,,
blog/onboarding-imobiliaria-parceira-passo-a-passo-2026.html,../education/cursos/index.html,interno_relativo,,,,
blog/onboarding-imobiliaria-parceira-passo-a-passo-2026.html,../cidades/santos.html,interno_relativo,,,,
blog/onboarding-imobiliaria-parceira-passo-a-passo-2026.html,../bairros/index.html,interno_relativo,,,,
blog/onboarding-imobiliaria-parceira-passo-a-passo-2026.html,../sitemap.xml,interno_relativo,,,,
blog/onboarding-parceiro-imobiliario-litoral-2026.html,../servicos.html,interno_relativo,,,,
blog/onboarding-parceiro-imobiliario-litoral-2026.html,../education/cursos/index.html,interno_relativo,,,,
blog/onboarding-parceiro-imobiliario-litoral-2026.html,../cidades/santos.html,interno_relativo,,,,
blog/onboarding-parceiro-imobiliario-litoral-2026.html,../bairros/index.html,interno_relativo,,,,
blog/onboarding-parceiro-imobiliario-litoral-2026.html,../sitemap.xml,interno_relativo,,,,
blog/onboarding-parceiros-imobiliarias-litoral-2026.html,/,interno_absoluto,,,,
blog/onboarding-parceiros-imobiliarias-litoral-2026.html,../servicos.html,interno_relativo,,,,
blog/onboarding-parceiros-imobiliarias-litoral-2026.html,../education/cursos/index.html,interno_relativo,,,,
blog/onboarding-parceiros-imobiliarias-litoral-2026.html,../cidades/santos.html,interno_relativo,,,,
blog/onboarding-parceiros-imobiliarias-litoral-2026.html,../bairros/index.html,interno_relativo,,,,
blog/onboarding-parceiros-imobiliarias-litoral-2026.html,../sitemap.xml,interno_relativo,,,,
blog/onboarding-rapido-em-novos-parceiros-imobiliarias-digitais-em-peruíbe-2026-07-12.html,../servicos.html,interno_relativo,,,,
blog/onboarding-rapido-em-novos-parceiros-imobiliarias-digitais-em-peruíbe-2026-07-12.html,../education/cursos/index.html,interno_relativo,,,,
blog/onboarding-rapido-em-novos-parceiros-imobiliarias-digitais-em-peruíbe-2026-07-12.html,../cidades/santos.html,interno_relativo,,,,
blog/onboarding-rapido-em-novos-parceiros-imobiliarias-digitais-em-peruíbe-2026-07-12.html,../bairros/index.html,interno_relativo,,,,
blog/onboarding-rapido-em-novos-parceiros-imobiliarias-digitais-em-peruíbe-2026-07-12.html,../sitemap.xml,interno_relativo,,,,
blog/onboarding-rapido-imobiliaria-litoral-sem-desenvolvedor-2026.html,../servicos.html,interno_relativo,,,,
blog/onboarding-rapido-imobiliaria-litoral-sem-desenvolvedor-2026.html,../education/cursos/index.html,interno_relativo,,,,
blog/onboarding-rapido-imobiliaria-litoral-sem-desenvolvedor-2026.html,../cidades/santos.html,interno_relativo,,,,
blog/onboarding-rapido-imobiliaria-litoral-sem-desenvolvedor-2026.html,../bairros/index.html,interno_relativo,,,,
blog/onboarding-rapido-imobiliaria-litoral-sem-desenvolvedor-2026.html,../sitemap.xml,interno_relativo,,,,
blog/onboarding-rapido-para-parceiros-em-maresias-maresias.html,../servicos.html,interno_relativo,,,,
blog/onboarding-rapido-para-parceiros-em-maresias-maresias.html,../education/cursos/index.html,interno_relativo,,,,
blog/onboarding-rapido-para-parceiros-em-maresias-maresias.html,../cidades/santos.html,interno_relativo,,,,
blog/onboarding-rapido-para-parceiros-em-maresias-maresias.html,../bairros/index.html,interno_relativo,,,,
blog/onboarding-rapido-para-parceiros-em-maresias-maresias.html,../sitemap.xml,interno_relativo,,,,
blog/onboarding-rapido-para-parceiros-em-praia-grande-praia-grande.html,../servicos.html,interno_relativo,,,,
blog/onboarding-rapido-para-parceiros-em-praia-grande-praia-grande.html,../education/cursos/index.html,interno_relativo,,,,
blog/onboarding-rapido-para-parceiros-em-praia-grande-praia-grande.html,../cidades/santos.html,interno_relativo,,,,
blog/onboarding-rapido-para-parceiros-em-praia-grande-praia-grande.html,../bairros/index.html,interno_relativo,,,,
blog/onboarding-rapido-para-parceiros-em-praia-grande-praia-grande.html,../sitemap.xml,interno_relativo,,,,
blog/onboarding-rapido-parceiros-praia-digital-2026.html,../servicos.html,interno_relativo,,,,
blog/onboarding-rapido-parceiros-praia-digital-2026.html,../education/cursos/index.html,interno_relativo,,,,
blog/onboarding-rapido-parceiros-praia-digital-2026.html,../cidades/santos.html,interno_relativo,,,,
blog/onboarding-rapido-parceiros-praia-digital-2026.html,../bairros/index.html,interno_relativo,,,,
blog/onboarding-rapido-parceiros-praia-digital-2026.html,../sitemap.xml,interno_relativo,,,,
blog/open-house-virtual-litoral.html,../sitemap.xml,interno_relativo,,,,
blog/open-house-virtual-litoral.html,../servicos.html,interno_relativo,,,,
blog/open-house-virtual-litoral.html,../education/cursos/index.html,interno_relativo,,,,
blog/open-house-virtual-litoral.html,../cidades/santos.html,interno_relativo,,,,
blog/open-house-virtual-litoral.html,../bairros/index.html,interno_relativo,,,,
blog/operacao-cadastro-imoveis-massa-litoral.html,../sitemap.xml,interno_relativo,,,,
blog/operacao-cadastro-imoveis-massa-litoral.html,../servicos.html,interno_relativo,,,,
blog/operacao-cadastro-imoveis-massa-litoral.html,../education/cursos/index.html,interno_relativo,,,,
blog/operacao-cadastro-imoveis-massa-litoral.html,../cidades/santos.html,interno_relativo,,,,
blog/operacao-cadastro-imoveis-massa-litoral.html,../bairros/index.html,interno_relativo,,,,
blog/operacao-escalavel-imoveis-litoral.html,../sitemap.xml,interno_relativo,,,,
blog/operacao-escalavel-imoveis-litoral.html,../servicos.html,interno_relativo,,,,
blog/operacao-escalavel-imoveis-litoral.html,../education/cursos/index.html,interno_relativo,,,,
blog/operacao-escalavel-imoveis-litoral.html,../cidades/santos.html,interno_relativo,,,,
blog/operacao-escalavel-imoveis-litoral.html,../bairros/index.html,interno_relativo,,,,
blog/orcamento-familiar-compra-imovel-litoral-2026.html,/,interno_absoluto,,,,
blog/orcamento-familiar-compra-imovel-litoral-2026.html,../servicos.html,interno_relativo,,,,
blog/orcamento-familiar-compra-imovel-litoral-2026.html,../education/cursos/index.html,interno_relativo,,,,
blog/orcamento-familiar-compra-imovel-litoral-2026.html,../cidades/santos.html,interno_relativo,,,,
blog/orcamento-familiar-compra-imovel-litoral-2026.html,../bairros/index.html,interno_relativo,,,,
blog/orcamento-familiar-compra-imovel-litoral-2026.html,../sitemap.xml,interno_relativo,,,,
blog/organizar-financiamento-antes-imovel-litoral-2026.html,../financiamento-primeiro-imovel-litoral-sp-2026.html,interno_relativo,,,,
blog/organizar-financiamento-antes-imovel-litoral-2026.html,../alugar-ou-comprar-imovel-litoral-decisao-2026.html,interno_relativo,,,,
blog/organizar-financiamento-antes-imovel-litoral-2026.html,../sitemap.xml,interno_relativo,,,,
blog/origem-referencias-praia-digital.html,../servicos.html,interno_relativo,,,,
blog/origem-referencias-praia-digital.html,../education/cursos/index.html,interno_relativo,,,,
blog/origem-referencias-praia-digital.html,../cidades/santos.html,interno_relativo,,,,
blog/origem-referencias-praia-digital.html,../bairros/index.html,interno_relativo,,,,
blog/origem-referencias-praia-digital.html,../sitemap.xml,interno_relativo,,,,
blog/otimizacao-conversao-imobiliarias-litoral-2026.html,../servicos.html,interno_relativo,,,,
blog/otimizacao-conversao-imobiliarias-litoral-2026.html,../education/cursos/index.html,interno_relativo,,,,
blog/otimizacao-conversao-imobiliarias-litoral-2026.html,../cidades/santos.html,interno_relativo,,,,
blog/otimizacao-conversao-imobiliarias-litoral-2026.html,../bairros/index.html,interno_relativo,,,,
blog/otimizacao-conversao-imobiliarias-litoral-2026.html,../sitemap.xml,interno_relativo,,,,
blog/otimizacao-seo-local-imobiliarias-litoral-passo-passo-2026.html,../servicos.html,interno_relativo,,,,
blog/otimizacao-seo-local-imobiliarias-litoral-passo-passo-2026.html,../education/cursos/index.html,interno_relativo,,,,
blog/otimizacao-seo-local-imobiliarias-litoral-passo-passo-2026.html,../cidades/santos.html,interno_relativo,,,,
blog/otimizacao-seo-local-imobiliarias-litoral-passo-passo-2026.html,../bairros/index.html,interno_relativo,,,,
blog/otimizacao-seo-local-imobiliarias-litoral-passo-passo-2026.html,../sitemap.xml,interno_relativo,,,,
blog/pacote-conteudo-redes-sociais-imobiliarias-litoral-2026.html,../servicos.html,interno_relativo,,,,
blog/pacote-conteudo-redes-sociais-imobiliarias-litoral-2026.html,../education/cursos/index.html,interno_relativo,,,,
blog/pacote-conteudo-redes-sociais-imobiliarias-litoral-2026.html,../cidades/santos.html,interno_relativo,,,,
blog/pacote-conteudo-redes-sociais-imobiliarias-litoral-2026.html,../bairros/index.html,interno_relativo,,,,
blog/pacote-conteudo-redes-sociais-imobiliarias-litoral-2026.html,../sitemap.xml,interno_relativo,,,,
blog/palavras-chave-alta-intencao-imobiliarias-litoral-2026.html,../seo-local-imobiliarias-litoral-paulista-2026.html,interno_relativo,,,,
blog/palavras-chave-alta-intencao-imobiliarias-litoral-2026.html,../servicos.html,interno_relativo,,,,
blog/palavras-chave-alta-intencao-imobiliarias-litoral-2026.html,../education/cursos/index.html,interno_relativo,,,,
blog/palavras-chave-alta-intencao-imobiliarias-litoral-2026.html,../cidades/santos.html,interno_relativo,,,,
blog/palavras-chave-alta-intencao-imobiliarias-litoral-2026.html,../bairros/index.html,interno_relativo,,,,
blog/palavras-chave-alta-intencao-imobiliarias-litoral-2026.html,../sitemap.xml,interno_relativo,,,,
blog/paraty-historico-ilhas-2026-rj-2026-07-14.html,../servicos.html,interno_relativo,,,,
blog/paraty-historico-ilhas-2026-rj-2026-07-14.html,../education/cursos/index.html,interno_relativo,,,,
blog/paraty-historico-ilhas-2026-rj-2026-07-14.html,../cidades/santos.html,interno_relativo,,,,
blog/paraty-historico-ilhas-2026-rj-2026-07-14.html,../bairros/index.html,interno_relativo,,,,
blog/paraty-historico-ilhas-2026-rj-2026-07-14.html,../sitemap.xml,interno_relativo,,,,
blog/parceria-administradores-condominios-imobiliarias-litoral-2026.html,../parceria-construtora-imobiliarias-litoral-lancamentos-2026.html,interno_relativo,,,,
blog/parceria-administradores-condominios-imobiliarias-litoral-2026.html,../medir-resultados-parcerias-imobiliarias-litoral-2026.html,interno_relativo,,,,
blog/parceria-administradores-condominios-litoral-2026.html,../parceria-administradores-condominios-imobiliarias-litoral-2026.html,interno_relativo,,,,
blog/parceria-administradores-condominios-litoral-2026.html,../indicacao-proprietarios-litoral-captacao-imoveis-2026.html,interno_relativo,,,,
blog/parceria-construtora-imobiliarias-litoral-lancamentos-2026.html,../parceria-administradores-condominios-imobiliarias-litoral-2026.html,interno_relativo,,,,
blog/parceria-construtora-imobiliarias-litoral-lancamentos-2026.html,../medir-resultados-parcerias-imobiliarias-litoral-2026.html,interno_relativo,,,,
blog/parceria-construtoras-imobiliarias-litoral-2026.html,../parceria-construtora-imobiliarias-litoral-lancamentos-2026.html,interno_relativo,,,,
blog/parceria-construtoras-imobiliarias-litoral-2026.html,../networking-corretores-litoral-parcerias-indicacoes-2026.html,interno_relativo,,,,
blog/parceria-empresas-turismo-imobiliarias-litoral-2026.html,../parceria-construtora-imobiliarias-litoral-lancamentos-2026.html,interno_relativo,,,,
blog/parceria-empresas-turismo-imobiliarias-litoral-2026.html,../medir-resultados-parcerias-imobiliarias-litoral-2026.html,interno_relativo,,,,
blog/parceria-ganho-compartilhado-imobiliaria.html,/,interno_absoluto,,,,
blog/parceria-ganho-compartilhado-imobiliaria.html,../cases/case-imobiliaria-porto-da-lua-35-leads-2026.html,interno_relativo,,,,
blog/parceria-ganho-compartilhado-imobiliaria.html,../seo-local-imobiliaria-litoral-passo-a-passo-2026-08-11.html,interno_relativo,,,,
blog/parceria-ganho-compartilhado-imobiliaria.html,../captacao-imoveis-sem-anuncios-pagos-corretores-litoral-2026.html,interno_relativo,,,,
blog/parceria-ganho-compartilhado-imobiliaria.html,../aluguel-por-temporada-dicas-proprietarios-2026.html,interno_relativo,,,,
blog/parceria-ganho-compartilhado-imobiliaria.html,../sitemap.xml,interno_relativo,,,,
blog/parceria-ganho-compartilhado-imobiliaria.html,../servicos.html,interno_relativo,,,,
blog/parceria-ganho-compartilhado-imobiliaria.html,../education/cursos/index.html,interno_relativo,,,,
blog/parceria-ganho-compartilhado-imobiliaria.html,../cidades/santos.html,interno_relativo,,,,
blog/parceria-ganho-compartilhado-imobiliaria.html,../bairros/index.html,interno_relativo,,,,
blog/parceria-sem-custo-inicial-imobiliaria-litoral-2026.html,../sitemap.xml,interno_relativo,,,,
blog/parceria-sem-custo-inicial-imobiliaria-litoral-2026.html,../servicos.html,interno_relativo,,,,
blog/parceria-sem-custo-inicial-imobiliaria-litoral-2026.html,../education/cursos/index.html,interno_relativo,,,,
blog/parceria-sem-custo-inicial-imobiliaria-litoral-2026.html,../cidades/santos.html,interno_relativo,,,,
blog/parceria-sem-custo-inicial-imobiliaria-litoral-2026.html,../bairros/index.html,interno_relativo,,,,
blog/parceria-tecnologia-imobiliarias-litoral-paulista-2026.html,../servicos.html,interno_relativo,,,,
blog/parceria-tecnologia-imobiliarias-litoral-paulista-2026.html,../education/cursos/index.html,interno_relativo,,,,
blog/parceria-tecnologia-imobiliarias-litoral-paulista-2026.html,../cidades/santos.html,interno_relativo,,,,
blog/parceria-tecnologia-imobiliarias-litoral-paulista-2026.html,../bairros/index.html,interno_relativo,,,,
blog/parceria-tecnologia-imobiliarias-litoral-paulista-2026.html,../sitemap.xml,interno_relativo,,,,
blog/parceria-white-label-70-30-imobiliaria-2026-07-28.html,../sitemap.xml,interno_relativo,,,,
blog/parceria-white-label-70-30-imobiliaria-2026-07-28.html,../servicos.html,interno_relativo,,,,
blog/parceria-white-label-70-30-imobiliaria-2026-07-28.html,../education/cursos/index.html,interno_relativo,,,,
blog/parceria-white-label-70-30-imobiliaria-2026-07-28.html,../cidades/santos.html,interno_relativo,,,,
blog/parceria-white-label-70-30-imobiliaria-2026-07-28.html,../bairros/index.html,interno_relativo,,,,
blog/parcerias-digitais-imobiliarias-litoral-2026.html,../servicos.html,interno_relativo,,,,
blog/parcerias-digitais-imobiliarias-litoral-2026.html,../education/cursos/index.html,interno_relativo,,,,
blog/parcerias-digitais-imobiliarias-litoral-2026.html,../cidades/santos.html,interno_relativo,,,,
blog/parcerias-digitais-imobiliarias-litoral-2026.html,../bairros/index.html,interno_relativo,,,,
blog/parcerias-digitais-imobiliarias-litoral-2026.html,../sitemap.xml,interno_relativo,,,,
blog/parcerias-estrategicas-litoral-construtoras-corretores-2026.html,../servicos.html,interno_relativo,,,,
blog/parcerias-estrategicas-litoral-construtoras-corretores-2026.html,../education/cursos/index.html,interno_relativo,,,,
blog/parcerias-estrategicas-litoral-construtoras-corretores-2026.html,../cidades/santos.html,interno_relativo,,,,
blog/parcerias-estrategicas-litoral-construtoras-corretores-2026.html,../bairros/index.html,interno_relativo,,,,
blog/parcerias-estrategicas-litoral-construtoras-corretores-2026.html,../sitemap.xml,interno_relativo,,,,
blog/parcerias-imobiliarias-litoral-ia.html,/,interno_absoluto,,,,
blog/parcerias-imobiliarias-litoral-ia.html,../sitemap.xml,interno_relativo,,,,
blog/parcerias-imobiliarias-litoral-ia.html,../servicos.html,interno_relativo,,,,
blog/parcerias-imobiliarias-litoral-ia.html,../education/cursos/index.html,interno_relativo,,,,
blog/parcerias-imobiliarias-litoral-ia.html,../cidades/santos.html,interno_relativo,,,,
blog/parcerias-imobiliarias-litoral-ia.html,../bairros/index.html,interno_relativo,,,,
blog/parcerias-imobiliarias-litoral-paulista-fechar-2026.html,../servicos.html,interno_relativo,,,,
blog/parcerias-imobiliarias-litoral-paulista-fechar-2026.html,../education/cursos/index.html,interno_relativo,,,,
blog/parcerias-imobiliarias-litoral-paulista-fechar-2026.html,../cidades/santos.html,interno_relativo,,,,
blog/parcerias-imobiliarias-litoral-paulista-fechar-2026.html,../bairros/index.html,interno_relativo,,,,
blog/parcerias-imobiliarias-litoral-paulista-fechar-2026.html,../sitemap.xml,interno_relativo,,,,
blog/parcerias-imobiliarias-litoral-praia-digital-2026.html,/,interno_absoluto,,,,
blog/parcerias-imobiliarias-litoral-praia-digital-2026.html,../servicos.html,interno_relativo,,,,
blog/parcerias-imobiliarias-litoral-praia-digital-2026.html,../education/cursos/index.html,interno_relativo,,,,
blog/parcerias-imobiliarias-litoral-praia-digital-2026.html,../cidades/santos.html,interno_relativo,,,,
blog/parcerias-imobiliarias-litoral-praia-digital-2026.html,../bairros/index.html,interno_relativo,,,,
blog/parcerias-imobiliarias-litoral-praia-digital-2026.html,../sitemap.xml,interno_relativo,,,,
blog/passeios-litoral-paulista-roteiros-imoveis-2026.html,../servicos.html,interno_relativo,,,,
blog/passeios-litoral-paulista-roteiros-imoveis-2026.html,../education/cursos/index.html,interno_relativo,,,,
blog/passeios-litoral-paulista-roteiros-imoveis-2026.html,../cidades/santos.html,interno_relativo,,,,
blog/passeios-litoral-paulista-roteiros-imoveis-2026.html,../bairros/index.html,interno_relativo,,,,
blog/passeios-litoral-paulista-roteiros-imoveis-2026.html,../sitemap.xml,interno_relativo,,,,
blog/passo-a-passo-abrir-imobiliaria-litoral-2026.html,../indicadores-eficiencia-imobiliaria-litoral-2026.html,interno_relativo,,,,
blog/passo-a-passo-escolher-imovel-temporada-litoral-paulista-2026.html,../docs/sales/central-comando-praia-digital.html,interno_relativo,,,,
blog/passo-a-passo-escolher-imovel-temporada-litoral-paulista-2026.html,../servicos.html,interno_relativo,,,,
blog/passo-a-passo-escolher-imovel-temporada-litoral-paulista-2026.html,../education/cursos/index.html,interno_relativo,,,,
blog/passo-a-passo-escolher-imovel-temporada-litoral-paulista-2026.html,../cidades/santos.html,interno_relativo,,,,
blog/passo-a-passo-escolher-imovel-temporada-litoral-paulista-2026.html,../bairros/index.html,interno_relativo,,,,
blog/passo-a-passo-escolher-imovel-temporada-litoral-paulista-2026.html,../sitemap.xml,interno_relativo,,,,
blog/passo-a-passo-implementar-ia-imobiliaria-sem-investimento-inicial.html,/,interno_absoluto,,,,
blog/passo-a-passo-implementar-ia-imobiliaria-sem-investimento-inicial.html,../sitemap.xml,interno_relativo,,,,
blog/passo-a-passo-implementar-ia-imobiliaria-sem-investimento-inicial.html,../servicos.html,interno_relativo,,,,
blog/passo-a-passo-implementar-ia-imobiliaria-sem-investimento-inicial.html,../education/cursos/index.html,interno_relativo,,,,
blog/passo-a-passo-implementar-ia-imobiliaria-sem-investimento-inicial.html,../cidades/santos.html,interno_relativo,,,,
blog/passo-a-passo-implementar-ia-imobiliaria-sem-investimento-inicial.html,../bairros/index.html,interno_relativo,,,,
blog/passo-passo-captar-imoveis-litoral-sem-investimento-2026.html,../servicos.html,interno_relativo,,,,
blog/passo-passo-captar-imoveis-litoral-sem-investimento-2026.html,../education/cursos/index.html,interno_relativo,,,,
blog/passo-passo-captar-imoveis-litoral-sem-investimento-2026.html,../cidades/santos.html,interno_relativo,,,,
blog/passo-passo-captar-imoveis-litoral-sem-investimento-2026.html,../bairros/index.html,interno_relativo,,,,
blog/passo-passo-captar-imoveis-litoral-sem-investimento-2026.html,../sitemap.xml,interno_relativo,,,,
blog/pedir-orcamento-ferramentas-imobiliarias-litoral-2026.html,../servicos.html,interno_relativo,,,,
blog/pedir-orcamento-ferramentas-imobiliarias-litoral-2026.html,../education/cursos/index.html,interno_relativo,,,,
blog/pedir-orcamento-ferramentas-imobiliarias-litoral-2026.html,../cidades/santos.html,interno_relativo,,,,
blog/pedir-orcamento-ferramentas-imobiliarias-litoral-2026.html,../bairros/index.html,interno_relativo,,,,
blog/pedir-orcamento-ferramentas-imobiliarias-litoral-2026.html,../sitemap.xml,interno_relativo,,,,
blog/pegada-ecologica-imoveis-litoral-medir-reduzir-2026-v2.html,../construcao-sustentavel-imoveis-litoral-guia-2026.html,interno_relativo,,,,
blog/pegada-ecologica-imoveis-litoral-medir-reduzir-2026-v2.html,../economia-agua-imoveis-litoral-pratico-2026-v2.html,interno_relativo,,,,
blog/pegada-ecologica-imoveis-litoral-medir-reduzir-2026.html,../construcao-sustentavel-imoveis-litoral-guia-2026.html,interno_relativo,,,,
blog/pegada-ecologica-imoveis-litoral-medir-reduzir-2026.html,../metas-okr-imobiliarias-litoral-pratico-2026.html,interno_relativo,,,,
blog/pendencias-documentais-compra-imovel-litoral-2026.html,/,interno_absoluto,,,,
blog/pendencias-documentais-compra-imovel-litoral-2026.html,../servicos.html,interno_relativo,,,,
blog/pendencias-documentais-compra-imovel-litoral-2026.html,../education/cursos/index.html,interno_relativo,,,,
blog/pendencias-documentais-compra-imovel-litoral-2026.html,../cidades/santos.html,interno_relativo,,,,
blog/pendencias-documentais-compra-imovel-litoral-2026.html,../bairros/index.html,interno_relativo,,,,
blog/pendencias-documentais-compra-imovel-litoral-2026.html,../sitemap.xml,interno_relativo,,,,
blog/pensao-alimenticia-imovel-litoral-direitos-2026.html,../planejamento-sucessorio-imoveis-litoral-2026.html,interno_relativo,,,,
blog/performance-anuncios-imobiliarios-litoral-2026.html,../sitemap.xml,interno_relativo,,,,
blog/performance-anuncios-imobiliarios-litoral-2026.html,../servicos.html,interno_relativo,,,,
blog/performance-anuncios-imobiliarios-litoral-2026.html,../education/cursos/index.html,interno_relativo,,,,
blog/performance-anuncios-imobiliarios-litoral-2026.html,../cidades/santos.html,interno_relativo,,,,
blog/performance-anuncios-imobiliarios-litoral-2026.html,../bairros/index.html,interno_relativo,,,,
blog/peruibe-centro-historico-praias-2026-sp-2026-07-14.html,../servicos.html,interno_relativo,,,,
blog/peruibe-centro-historico-praias-2026-sp-2026-07-14.html,../education/cursos/index.html,interno_relativo,,,,
blog/peruibe-centro-historico-praias-2026-sp-2026-07-14.html,../cidades/santos.html,interno_relativo,,,,
blog/peruibe-centro-historico-praias-2026-sp-2026-07-14.html,../bairros/index.html,interno_relativo,,,,
blog/peruibe-centro-historico-praias-2026-sp-2026-07-14.html,../sitemap.xml,interno_relativo,,,,
blog/peruibe-imoveis-oportunidades-dicas-2026.html,../servicos.html,interno_relativo,,,,
blog/peruibe-imoveis-oportunidades-dicas-2026.html,../education/cursos/index.html,interno_relativo,,,,
blog/peruibe-imoveis-oportunidades-dicas-2026.html,../cidades/santos.html,interno_relativo,,,,
blog/peruibe-imoveis-oportunidades-dicas-2026.html,../bairros/index.html,interno_relativo,,,,
blog/peruibe-imoveis-oportunidades-dicas-2026.html,../sitemap.xml,interno_relativo,,,,
blog/peruibe-imoveis-temporada-avaliacao-2026.html,../servicos.html,interno_relativo,,,,
blog/peruibe-imoveis-temporada-avaliacao-2026.html,../education/cursos/index.html,interno_relativo,,,,
blog/peruibe-imoveis-temporada-avaliacao-2026.html,../cidades/santos.html,interno_relativo,,,,
blog/peruibe-imoveis-temporada-avaliacao-2026.html,../bairros/index.html,interno_relativo,,,,
blog/peruibe-imoveis-temporada-avaliacao-2026.html,../sitemap.xml,interno_relativo,,,,
blog/pesquisa-satisfacao-imobiliarias-litoral-2026.html,../servicos.html,interno_relativo,,,,
blog/pesquisa-satisfacao-imobiliarias-litoral-2026.html,../education/cursos/index.html,interno_relativo,,,,
blog/pesquisa-satisfacao-imobiliarias-litoral-2026.html,../cidades/santos.html,interno_relativo,,,,
blog/pesquisa-satisfacao-imobiliarias-litoral-2026.html,../bairros/index.html,interno_relativo,,,,
blog/pesquisa-satisfacao-imobiliarias-litoral-2026.html,../sitemap.xml,interno_relativo,,,,
blog/piloto-14dias-imobiliarias-litoral-como-funciona-2026.html,../servicos.html,interno_relativo,,,,
blog/piloto-14dias-imobiliarias-litoral-como-funciona-2026.html,../education/cursos/index.html,interno_relativo,,,,
blog/piloto-14dias-imobiliarias-litoral-como-funciona-2026.html,../cidades/santos.html,interno_relativo,,,,
blog/piloto-14dias-imobiliarias-litoral-como-funciona-2026.html,../bairros/index.html,interno_relativo,,,,
blog/piloto-14dias-imobiliarias-litoral-como-funciona-2026.html,../sitemap.xml,interno_relativo,,,,
blog/piloto-14dias-sem-custo-imobiliaria-litoral-2026.html,../servicos.html,interno_relativo,,,,
blog/piloto-14dias-sem-custo-imobiliaria-litoral-2026.html,../education/cursos/index.html,interno_relativo,,,,
blog/piloto-14dias-sem-custo-imobiliaria-litoral-2026.html,../cidades/santos.html,interno_relativo,,,,
blog/piloto-14dias-sem-custo-imobiliaria-litoral-2026.html,../bairros/index.html,interno_relativo,,,,
blog/piloto-14dias-sem-custo-imobiliaria-litoral-2026.html,../sitemap.xml,interno_relativo,,,,
blog/piloto-30-dias-imobiliaria-ia-litoral-paulista.html,/,interno_absoluto,,,,
blog/piloto-30-dias-imobiliaria-ia-litoral-paulista.html,../sitemap.xml,interno_relativo,,,,
blog/piloto-30-dias-imobiliaria-ia-litoral-paulista.html,../servicos.html,interno_relativo,,,,
blog/piloto-30-dias-imobiliaria-ia-litoral-paulista.html,../education/cursos/index.html,interno_relativo,,,,
blog/piloto-30-dias-imobiliaria-ia-litoral-paulista.html,../cidades/santos.html,interno_relativo,,,,
blog/piloto-30-dias-imobiliaria-ia-litoral-paulista.html,../bairros/index.html,interno_relativo,,,,
blog/piloto-sem-custo-imobiliaria-litoral-2026.html,/,interno_absoluto,,,,
blog/piloto-sem-custo-imobiliaria-litoral-2026.html,../servicos.html,interno_relativo,,,,
blog/piloto-sem-custo-imobiliaria-litoral-2026.html,../education/cursos/index.html,interno_relativo,,,,
blog/piloto-sem-custo-imobiliaria-litoral-2026.html,../cidades/santos.html,interno_relativo,,,,
blog/piloto-sem-custo-imobiliaria-litoral-2026.html,../bairros/index.html,interno_relativo,,,,
blog/piloto-sem-custo-imobiliaria-litoral-2026.html,../sitemap.xml,interno_relativo,,,,
blog/planejamento-estrategico-imobiliaria-litoral-2026.html,swot-imobiliaria-litoral-paulista-2026.html,interno_relativo,,,,
blog/planejamento-estrategico-imobiliaria-litoral-2026.html,../diferensiacaocompetitiva-imobiliarias-litoral-2026.html,interno_relativo,,,,
blog/planejamento-estrategico-imobiliaria-litoral-2026.html,../servicos.html,interno_relativo,,,,
blog/planejamento-estrategico-imobiliaria-litoral-2026.html,../education/cursos/index.html,interno_relativo,,,,
blog/planejamento-estrategico-imobiliaria-litoral-2026.html,../cidades/santos.html,interno_relativo,,,,
blog/planejamento-estrategico-imobiliaria-litoral-2026.html,../bairros/index.html,interno_relativo,,,,
blog/planejamento-estrategico-imobiliaria-litoral-2026.html,../sitemap.xml,interno_relativo,,,,
blog/planejamento-mudanca-bertioga.html,/,interno_absoluto,,,,
blog/planejamento-mudanca-bertioga.html,../servicos.html,interno_relativo,,,,
blog/planejamento-mudanca-bertioga.html,../education/cursos/index.html,interno_relativo,,,,
blog/planejamento-mudanca-bertioga.html,../cidades/santos.html,interno_relativo,,,,
blog/planejamento-mudanca-bertioga.html,../bairros/index.html,interno_relativo,,,,
blog/planejamento-mudanca-bertioga.html,../sitemap.xml,interno_relativo,,,,
blog/planejamento-obra-imovel-planta-litoral-2026.html,../imovel-planta-monitorar-obra-garantir-entrega-litoral-2026.html,interno_relativo,,,,
blog/planejamento-sazonal-imoveis-litoral-ia.html,/,interno_absoluto,,,,
blog/planejamento-sazonal-imoveis-litoral-ia.html,../sitemap.xml,interno_relativo,,,,
blog/planejamento-sazonal-imoveis-litoral-ia.html,../servicos.html,interno_relativo,,,,
blog/planejamento-sazonal-imoveis-litoral-ia.html,../education/cursos/index.html,interno_relativo,,,,
blog/planejamento-sazonal-imoveis-litoral-ia.html,../cidades/santos.html,interno_relativo,,,,
blog/planejamento-sazonal-imoveis-litoral-ia.html,../bairros/index.html,interno_relativo,,,,
blog/planejamento-sucessorio-imoveis-litoral-2026.html,../protecao-legal-compra-imovel-litoral-2026.html,interno_relativo,,,,
blog/planejamento-temporada-litoral-paulista-2026.html,../servicos.html,interno_relativo,,,,
blog/planejamento-temporada-litoral-paulista-2026.html,../education/cursos/index.html,interno_relativo,,,,
blog/planejamento-temporada-litoral-paulista-2026.html,../cidades/santos.html,interno_relativo,,,,
blog/planejamento-temporada-litoral-paulista-2026.html,../bairros/index.html,interno_relativo,,,,
blog/planejamento-temporada-litoral-paulista-2026.html,../sitemap.xml,interno_relativo,,,,
blog/planilha-pipeline-vendas-imoveis-gratis-2026.html,roteiro-visita-imovel-sem-software-2026.html,interno_relativo,,,,
blog/planilha-pipeline-vendas-imoveis-gratis-2026.html,modelos-planilhas-corretores-litoral-2026.html,interno_relativo,,,,
blog/planilha-pipeline-vendas-imoveis-gratis-2026.html,../servicos.html,interno_relativo,,,,
blog/planilha-pipeline-vendas-imoveis-gratis-2026.html,../education/cursos/index.html,interno_relativo,,,,
blog/planilha-pipeline-vendas-imoveis-gratis-2026.html,../cidades/santos.html,interno_relativo,,,,
blog/planilha-pipeline-vendas-imoveis-gratis-2026.html,../bairros/index.html,interno_relativo,,,,
blog/planilha-pipeline-vendas-imoveis-gratis-2026.html,../sitemap.xml,interno_relativo,,,,
blog/plano-assinatura-profissionais-imobiliaria-2026.html,../sitemap.xml,interno_relativo,,,,
blog/plano-assinatura-profissionais-imobiliaria-2026.html,../servicos.html,interno_relativo,,,,
blog/plano-assinatura-profissionais-imobiliaria-2026.html,../education/cursos/index.html,interno_relativo,,,,
blog/plano-assinatura-profissionais-imobiliaria-2026.html,../cidades/santos.html,interno_relativo,,,,
blog/plano-assinatura-profissionais-imobiliaria-2026.html,../bairros/index.html,interno_relativo,,,,
blog/plano-captacao-ia-litoral-paulista-30-dias.html,/,interno_absoluto,,,,
blog/plano-captacao-ia-litoral-paulista-30-dias.html,../sitemap.xml,interno_relativo,,,,
blog/plano-captacao-ia-litoral-paulista-30-dias.html,../servicos.html,interno_relativo,,,,
blog/plano-captacao-ia-litoral-paulista-30-dias.html,../education/cursos/index.html,interno_relativo,,,,
blog/plano-captacao-ia-litoral-paulista-30-dias.html,../cidades/santos.html,interno_relativo,,,,
blog/plano-captacao-ia-litoral-paulista-30-dias.html,../bairros/index.html,interno_relativo,,,,
blog/plano-conteudo-7-dias-imobiliaria-litoral.html,../sitemap.xml,interno_relativo,,,,
blog/plano-conteudo-7-dias-imobiliaria-litoral.html,../servicos.html,interno_relativo,,,,
blog/plano-conteudo-7-dias-imobiliaria-litoral.html,../education/cursos/index.html,interno_relativo,,,,
blog/plano-conteudo-7-dias-imobiliaria-litoral.html,../cidades/santos.html,interno_relativo,,,,
blog/plano-conteudo-7-dias-imobiliaria-litoral.html,../bairros/index.html,interno_relativo,,,,
blog/plano-gratuito-vs-pago-imobiliarias-litoral-2026.html,../servicos.html,interno_relativo,,,,
blog/plano-gratuito-vs-pago-imobiliarias-litoral-2026.html,../education/cursos/index.html,interno_relativo,,,,
blog/plano-gratuito-vs-pago-imobiliarias-litoral-2026.html,../cidades/santos.html,interno_relativo,,,,
blog/plano-gratuito-vs-pago-imobiliarias-litoral-2026.html,../bairros/index.html,interno_relativo,,,,
blog/plano-gratuito-vs-pago-imobiliarias-litoral-2026.html,../sitemap.xml,interno_relativo,,,,
blog/pocket-listing-off-market-litoral.html,../sitemap.xml,interno_relativo,,,,
blog/pocket-listing-off-market-litoral.html,../servicos.html,interno_relativo,,,,
blog/pocket-listing-off-market-litoral.html,../education/cursos/index.html,interno_relativo,,,,
blog/pocket-listing-off-market-litoral.html,../cidades/santos.html,interno_relativo,,,,
blog/pocket-listing-off-market-litoral.html,../bairros/index.html,interno_relativo,,,,
blog/politicas-atendimento-imobiliarias-litoral-2026.html,governanca-compliance-imobiliarias-litoral-2026.html,interno_relativo,,,,
blog/politicas-atendimento-imobiliarias-litoral-2026.html,atendimento-cliente-imobiliarias-litoral-2026.html,interno_relativo,,,,
blog/politicas-atendimento-imobiliarias-litoral-2026.html,../servicos.html,interno_relativo,,,,
blog/politicas-atendimento-imobiliarias-litoral-2026.html,../education/cursos/index.html,interno_relativo,,,,
blog/politicas-atendimento-imobiliarias-litoral-2026.html,../cidades/santos.html,interno_relativo,,,,
blog/politicas-atendimento-imobiliarias-litoral-2026.html,../bairros/index.html,interno_relativo,,,,
blog/politicas-atendimento-imobiliarias-litoral-2026.html,../sitemap.xml,interno_relativo,,,,
blog/pompeia-santos-imoveis-oportunidades-2026.html,../servicos.html,interno_relativo,,,,
blog/pompeia-santos-imoveis-oportunidades-2026.html,../education/cursos/index.html,interno_relativo,,,,
blog/pompeia-santos-imoveis-oportunidades-2026.html,../cidades/santos.html,interno_relativo,,,,
blog/pompeia-santos-imoveis-oportunidades-2026.html,../bairros/index.html,interno_relativo,,,,
blog/pompeia-santos-imoveis-oportunidades-2026.html,../sitemap.xml,interno_relativo,,,,
blog/pool-imoveis-investidor-pro.html,../servicos.html,interno_relativo,,,,
blog/pool-imoveis-investidor-pro.html,../education/cursos/index.html,interno_relativo,,,,
blog/pool-imoveis-investidor-pro.html,../cidades/santos.html,interno_relativo,,,,
blog/pool-imoveis-investidor-pro.html,../bairros/index.html,interno_relativo,,,,
blog/pool-imoveis-investidor-pro.html,../sitemap.xml,interno_relativo,,,,
blog/portais-imobiliarios-gratuitos-pequenas-imobiliarias-2026.html,../servicos.html,interno_relativo,,,,
blog/portais-imobiliarios-gratuitos-pequenas-imobiliarias-2026.html,../education/cursos/index.html,interno_relativo,,,,
blog/portais-imobiliarios-gratuitos-pequenas-imobiliarias-2026.html,../cidades/santos.html,interno_relativo,,,,
blog/portais-imobiliarios-gratuitos-pequenas-imobiliarias-2026.html,../bairros/index.html,interno_relativo,,,,
blog/portais-imobiliarios-gratuitos-pequenas-imobiliarias-2026.html,../sitemap.xml,interno_relativo,,,,
blog/portal-noticias-mercado-imobiliario-litoral.html,../sitemap.xml,interno_relativo,,,,
blog/portal-noticias-mercado-imobiliario-litoral.html,../servicos.html,interno_relativo,,,,
blog/portal-noticias-mercado-imobiliario-litoral.html,../education/cursos/index.html,interno_relativo,,,,
blog/portal-noticias-mercado-imobiliario-litoral.html,../cidades/santos.html,interno_relativo,,,,
blog/portal-noticias-mercado-imobiliario-litoral.html,../bairros/index.html,interno_relativo,,,,
blog/pos-venda-corretores-litoral-ia.html,/,interno_absoluto,,,,
blog/pos-venda-corretores-litoral-ia.html,../servicos.html,interno_relativo,,,,
blog/pos-venda-corretores-litoral-ia.html,../education/cursos/index.html,interno_relativo,,,,
blog/pos-venda-corretores-litoral-ia.html,../cidades/santos.html,interno_relativo,,,,
blog/pos-venda-corretores-litoral-ia.html,../bairros/index.html,interno_relativo,,,,
blog/pos-venda-corretores-litoral-ia.html,../sitemap.xml,interno_relativo,,,,
blog/pos-venda-imobiliaria-litoral-2026.html,fidelizar-clientes-imobiliaria-litoral-2026.html,interno_relativo,,,,
blog/pos-venda-imobiliaria-litoral-2026.html,programa-indicacao-imobiliarias-litoral-2026.html,interno_relativo,,,,
blog/pos-venda-imobiliaria-litoral-2026.html,../servicos.html,interno_relativo,,,,
blog/pos-venda-imobiliaria-litoral-2026.html,../education/cursos/index.html,interno_relativo,,,,
blog/pos-venda-imobiliaria-litoral-2026.html,../cidades/santos.html,interno_relativo,,,,
blog/pos-venda-imobiliaria-litoral-2026.html,../bairros/index.html,interno_relativo,,,,
blog/pos-venda-imobiliaria-litoral-2026.html,../sitemap.xml,interno_relativo,,,,
blog/pos-venda-imobiliaria-litoral-indicacoes-2026.html,../servicos.html,interno_relativo,,,,
blog/pos-venda-imobiliaria-litoral-indicacoes-2026.html,../education/cursos/index.html,interno_relativo,,,,
blog/pos-venda-imobiliaria-litoral-indicacoes-2026.html,../cidades/santos.html,interno_relativo,,,,
blog/pos-venda-imobiliaria-litoral-indicacoes-2026.html,../bairros/index.html,interno_relativo,,,,
blog/pos-venda-imobiliaria-litoral-indicacoes-2026.html,../sitemap.xml,interno_relativo,,,,
blog/pos-venda-imobiliarias-litoral-2026.html,../servicos.html,interno_relativo,,,,
blog/pos-venda-imobiliarias-litoral-2026.html,../education/cursos/index.html,interno_relativo,,,,
blog/pos-venda-imobiliarias-litoral-2026.html,../cidades/santos.html,interno_relativo,,,,
blog/pos-venda-imobiliarias-litoral-2026.html,../bairros/index.html,interno_relativo,,,,
blog/pos-venda-imobiliarias-litoral-2026.html,../sitemap.xml,interno_relativo,,,,
blog/pos-venda-inverno-imobiliarias-litoral-2026.html,/,interno_absoluto,,,,
blog/pos-venda-inverno-imobiliarias-litoral-2026.html,../servicos.html,interno_relativo,,,,
blog/pos-venda-inverno-imobiliarias-litoral-2026.html,../education/cursos/index.html,interno_relativo,,,,
blog/pos-venda-inverno-imobiliarias-litoral-2026.html,../cidades/santos.html,interno_relativo,,,,
blog/pos-venda-inverno-imobiliarias-litoral-2026.html,../bairros/index.html,interno_relativo,,,,
blog/pos-venda-inverno-imobiliarias-litoral-2026.html,../sitemap.xml,interno_relativo,,,,
blog/pos-venda-litoral-recompra-indicacoes-2026.html,../servicos.html,interno_relativo,,,,
blog/pos-venda-litoral-recompra-indicacoes-2026.html,../education/cursos/index.html,interno_relativo,,,,
blog/pos-venda-litoral-recompra-indicacoes-2026.html,../cidades/santos.html,interno_relativo,,,,
blog/pos-venda-litoral-recompra-indicacoes-2026.html,../bairros/index.html,interno_relativo,,,,
blog/pos-venda-litoral-recompra-indicacoes-2026.html,../sitemap.xml,interno_relativo,,,,
blog/pos-visita-imoveis-litoral-2026.html,../servicos.html,interno_relativo,,,,
blog/pos-visita-imoveis-litoral-2026.html,../education/cursos/index.html,interno_relativo,,,,
blog/pos-visita-imoveis-litoral-2026.html,../cidades/santos.html,interno_relativo,,,,
blog/pos-visita-imoveis-litoral-2026.html,../bairros/index.html,interno_relativo,,,,
blog/pos-visita-imoveis-litoral-2026.html,../sitemap.xml,interno_relativo,,,,
blog/pos-visita-imoveis-litoral-followup-2026.html,../sitemap.xml,interno_relativo,,,,
blog/pos-visita-imoveis-litoral-followup-2026.html,../servicos.html,interno_relativo,,,,
blog/pos-visita-imoveis-litoral-followup-2026.html,../education/cursos/index.html,interno_relativo,,,,
blog/pos-visita-imoveis-litoral-followup-2026.html,../cidades/santos.html,interno_relativo,,,,
blog/pos-visita-imoveis-litoral-followup-2026.html,../bairros/index.html,interno_relativo,,,,
blog/pousada-rentavel-litoral-paulista-em-bertioga-2026-07-13.html,../servicos.html,interno_relativo,,,,
blog/pousada-rentavel-litoral-paulista-em-bertioga-2026-07-13.html,../education/cursos/index.html,interno_relativo,,,,
blog/pousada-rentavel-litoral-paulista-em-bertioga-2026-07-13.html,../cidades/santos.html,interno_relativo,,,,
blog/pousada-rentavel-litoral-paulista-em-bertioga-2026-07-13.html,../bairros/index.html,interno_relativo,,,,
blog/pousada-rentavel-litoral-paulista-em-bertioga-2026-07-13.html,../sitemap.xml,interno_relativo,,,,
blog/praia-grande-imoveis-oportunidades-2026.html,../servicos.html,interno_relativo,,,,
blog/praia-grande-imoveis-oportunidades-2026.html,../education/cursos/index.html,interno_relativo,,,,
blog/praia-grande-imoveis-oportunidades-2026.html,../cidades/santos.html,interno_relativo,,,,
blog/praia-grande-imoveis-oportunidades-2026.html,../bairros/index.html,interno_relativo,,,,
blog/praia-grande-imoveis-oportunidades-2026.html,../sitemap.xml,interno_relativo,,,,
blog/precificacao-dinamica-temporada-litoral-2026.html,../servicos.html,interno_relativo,,,,
blog/precificacao-dinamica-temporada-litoral-2026.html,../education/cursos/index.html,interno_relativo,,,,
blog/precificacao-dinamica-temporada-litoral-2026.html,../cidades/santos.html,interno_relativo,,,,
blog/precificacao-dinamica-temporada-litoral-2026.html,../bairros/index.html,interno_relativo,,,,
blog/precificacao-dinamica-temporada-litoral-2026.html,../sitemap.xml,interno_relativo,,,,
blog/precificacao-dinamica-temporada-litoral-paulista-2026.html,../servicos.html,interno_relativo,,,,
blog/precificacao-dinamica-temporada-litoral-paulista-2026.html,../education/cursos/index.html,interno_relativo,,,,
blog/precificacao-dinamica-temporada-litoral-paulista-2026.html,../cidades/santos.html,interno_relativo,,,,
blog/precificacao-dinamica-temporada-litoral-paulista-2026.html,../bairros/index.html,interno_relativo,,,,
blog/precificacao-dinamica-temporada-litoral-paulista-2026.html,../sitemap.xml,interno_relativo,,,,
blog/precificacao-imoveis-litoral-2026.html,../servicos.html,interno_relativo,,,,
blog/precificacao-imoveis-litoral-2026.html,../education/cursos/index.html,interno_relativo,,,,
blog/precificacao-imoveis-litoral-2026.html,../cidades/santos.html,interno_relativo,,,,
blog/precificacao-imoveis-litoral-2026.html,../bairros/index.html,interno_relativo,,,,
blog/precificacao-imoveis-litoral-2026.html,../sitemap.xml,interno_relativo,,,,
blog/precificacao-imovel-litoral-dados-reais-2026.html,../como-usar-dados-locais-fechar-vendas-imoveis-litoral-2026.html,interno_relativo,,,,
blog/preco-justo-imovel-praia-2026.html,../servicos.html,interno_relativo,,,,
blog/preco-justo-imovel-praia-2026.html,../education/cursos/index.html,interno_relativo,,,,
blog/preco-justo-imovel-praia-2026.html,../cidades/santos.html,interno_relativo,,,,
blog/preco-justo-imovel-praia-2026.html,../bairros/index.html,interno_relativo,,,,
blog/preco-justo-imovel-praia-2026.html,../sitemap.xml,interno_relativo,,,,
blog/preco-m2-litoral-sp-analise-cidades-2026.html,../analise-dados-imobiliarias-litoral-pratico-2026.html,interno_relativo,,,,
blog/preco-m2-litoral-sp-analise-cidades-2026.html,../dashboard-imobiliario-litoral-pratico-2026.html,interno_relativo,,,,
blog/preco-medio-imovel-cidades-litoral-2026.html,../servicos.html,interno_relativo,,,,
blog/preco-medio-imovel-cidades-litoral-2026.html,../education/cursos/index.html,interno_relativo,,,,
blog/preco-medio-imovel-cidades-litoral-2026.html,../cidades/santos.html,interno_relativo,,,,
blog/preco-medio-imovel-cidades-litoral-2026.html,../bairros/index.html,interno_relativo,,,,
blog/preco-medio-imovel-cidades-litoral-2026.html,../sitemap.xml,interno_relativo,,,,
blog/precos-aluguel-temporada-verao-2026.html,../servicos.html,interno_relativo,,,,
blog/precos-aluguel-temporada-verao-2026.html,../education/cursos/index.html,interno_relativo,,,,
blog/precos-aluguel-temporada-verao-2026.html,../cidades/santos.html,interno_relativo,,,,
blog/precos-aluguel-temporada-verao-2026.html,../bairros/index.html,interno_relativo,,,,
blog/precos-aluguel-temporada-verao-2026.html,../sitemap.xml,interno_relativo,,,,
blog/predicao-mercado-imoveis-litoral-2026.html,/,interno_absoluto,,,,
blog/predicao-mercado-imoveis-litoral-2026.html,../servicos.html,interno_relativo,,,,
blog/predicao-mercado-imoveis-litoral-2026.html,../education/cursos/index.html,interno_relativo,,,,
blog/predicao-mercado-imoveis-litoral-2026.html,../cidades/santos.html,interno_relativo,,,,
blog/predicao-mercado-imoveis-litoral-2026.html,../bairros/index.html,interno_relativo,,,,
blog/predicao-mercado-imoveis-litoral-2026.html,../sitemap.xml,interno_relativo,,,,
blog/predicao-precos-imoveis-litoral-paulista-2026.html,../servicos.html,interno_relativo,,,,
blog/predicao-precos-imoveis-litoral-paulista-2026.html,../education/cursos/index.html,interno_relativo,,,,
blog/predicao-precos-imoveis-litoral-paulista-2026.html,../cidades/santos.html,interno_relativo,,,,
blog/predicao-precos-imoveis-litoral-paulista-2026.html,../bairros/index.html,interno_relativo,,,,
blog/predicao-precos-imoveis-litoral-paulista-2026.html,../sitemap.xml,interno_relativo,,,,
blog/preparar-imobiliaria-alta-temporada-litoral-2026.html,../servicos.html,interno_relativo,,,,
blog/preparar-imobiliaria-alta-temporada-litoral-2026.html,../education/cursos/index.html,interno_relativo,,,,
blog/preparar-imobiliaria-alta-temporada-litoral-2026.html,../cidades/santos.html,interno_relativo,,,,
blog/preparar-imobiliaria-alta-temporada-litoral-2026.html,../bairros/index.html,interno_relativo,,,,
blog/preparar-imobiliaria-alta-temporada-litoral-2026.html,../sitemap.xml,interno_relativo,,,,
blog/preparar-imovel-aluguel-verao-2026.html,../servicos.html,interno_relativo,,,,
blog/preparar-imovel-aluguel-verao-2026.html,../education/cursos/index.html,interno_relativo,,,,
blog/preparar-imovel-aluguel-verao-2026.html,../cidades/santos.html,interno_relativo,,,,
blog/preparar-imovel-aluguel-verao-2026.html,../bairros/index.html,interno_relativo,,,,
blog/preparar-imovel-aluguel-verao-2026.html,../sitemap.xml,interno_relativo,,,,
blog/preparar-imovel-temporada-litoral.html,../sitemap.xml,interno_relativo,,,,
blog/preparar-imovel-temporada-litoral.html,../servicos.html,interno_relativo,,,,
blog/preparar-imovel-temporada-litoral.html,../education/cursos/index.html,interno_relativo,,,,
blog/preparar-imovel-temporada-litoral.html,../cidades/santos.html,interno_relativo,,,,
blog/preparar-imovel-temporada-litoral.html,../bairros/index.html,interno_relativo,,,,
blog/previsao-vendas-imobiliaria-litoral-2026.html,../servicos.html,interno_relativo,,,,
blog/previsao-vendas-imobiliaria-litoral-2026.html,../education/cursos/index.html,interno_relativo,,,,
blog/previsao-vendas-imobiliaria-litoral-2026.html,../cidades/santos.html,interno_relativo,,,,
blog/previsao-vendas-imobiliaria-litoral-2026.html,../bairros/index.html,interno_relativo,,,,
blog/previsao-vendas-imobiliaria-litoral-2026.html,../sitemap.xml,interno_relativo,,,,
blog/pricelabs-airbnb-preco-minimo-maximo-temporada.html,../Segmento-aluguel-temporada-litoral-2026.html,interno_relativo,,,,
blog/pricelabs-airbnb-preco-minimo-maximo-temporada.html,../airbnb-vs-booking-litoral-sp.html,interno_relativo,,,,
blog/pricelabs-airbnb-preco-minimo-maximo-temporada.html,../pricelabs-imobiliarias-litoral-aumentar-receita-temporada.html,interno_relativo,,,,
blog/pricelabs-imobiliarias-litoral-aumentar-receita-temporada.html,../Segmento-aluguel-temporada-litoral-2026.html,interno_relativo,,,,
blog/pricelabs-imobiliarias-litoral-aumentar-receita-temporada.html,../airbnb-vs-booking-litoral-sp.html,interno_relativo,,,,
blog/pricelabs-imobiliarias-litoral-aumentar-receita-temporada.html,../rentabilidade-imoveis-praia-2026.html,interno_relativo,,,,
blog/pricelabs-relatorios-metricas-gestor-temporada.html,../pricelabs-imobiliarias-litoral-aumentar-receita-temporada.html,interno_relativo,,,,
blog/pricelabs-relatorios-metricas-gestor-temporada.html,../pricelabs-airbnb-preco-minimo-maximo-temporada.html,interno_relativo,,,,
blog/pricelabs-relatorios-metricas-gestor-temporada.html,../pricelabs-temporada-regras-estadia-minima-litoral.html,interno_relativo,,,,
blog/pricelabs-temporada-regras-estadia-minima-litoral.html,../pricelabs-imobiliarias-litoral-aumentar-receita-temporada.html,interno_relativo,,,,
blog/pricelabs-temporada-regras-estadia-minima-litoral.html,../pricelabs-airbnb-preco-minimo-maximo-temporada.html,interno_relativo,,,,
blog/pricelabs-temporada-regras-estadia-minima-litoral.html,../Segmento-aluguel-temporada-litoral-2026.html,interno_relativo,,,,
blog/primeira-compra-imovel-litoral-paulista-2026.html,../servicos.html,interno_relativo,,,,
blog/primeira-compra-imovel-litoral-paulista-2026.html,../education/cursos/index.html,interno_relativo,,,,
blog/primeira-compra-imovel-litoral-paulista-2026.html,../cidades/santos.html,interno_relativo,,,,
blog/primeira-compra-imovel-litoral-paulista-2026.html,../bairros/index.html,interno_relativo,,,,
blog/primeira-compra-imovel-litoral-paulista-2026.html,../sitemap.xml,interno_relativo,,,,
blog/primeira-compra-peruibe-ia.html,/,interno_absoluto,,,,
blog/primeira-compra-peruibe-ia.html,../sitemap.xml,interno_relativo,,,,
blog/primeira-compra-peruibe-ia.html,../servicos.html,interno_relativo,,,,
blog/primeira-compra-peruibe-ia.html,../education/cursos/index.html,interno_relativo,,,,
blog/primeira-compra-peruibe-ia.html,../cidades/santos.html,interno_relativo,,,,
blog/primeira-compra-peruibe-ia.html,../bairros/index.html,interno_relativo,,,,
blog/primeira-compra-zona-norte-santos-ia.html,/,interno_absoluto,,,,
blog/primeira-compra-zona-norte-santos-ia.html,../sitemap.xml,interno_relativo,,,,
blog/primeira-compra-zona-norte-santos-ia.html,../servicos.html,interno_relativo,,,,
blog/primeira-compra-zona-norte-santos-ia.html,../education/cursos/index.html,interno_relativo,,,,
blog/primeira-compra-zona-norte-santos-ia.html,../cidades/santos.html,interno_relativo,,,,
blog/primeira-compra-zona-norte-santos-ia.html,../bairros/index.html,interno_relativo,,,,
blog/primeira-locacao-temporada-litoral-guia-2026.html,../servicos.html,interno_relativo,,,,
blog/primeira-locacao-temporada-litoral-guia-2026.html,../education/cursos/index.html,interno_relativo,,,,
blog/primeira-locacao-temporada-litoral-guia-2026.html,../cidades/santos.html,interno_relativo,,,,
blog/primeira-locacao-temporada-litoral-guia-2026.html,../bairros/index.html,interno_relativo,,,,
blog/primeira-locacao-temporada-litoral-guia-2026.html,../sitemap.xml,interno_relativo,,,,
blog/primeira-renda-temporada-passos.html,../servicos.html,interno_relativo,,,,
blog/primeira-renda-temporada-passos.html,../education/cursos/index.html,interno_relativo,,,,
blog/primeira-renda-temporada-passos.html,../cidades/santos.html,interno_relativo,,,,
blog/primeira-renda-temporada-passos.html,../bairros/index.html,interno_relativo,,,,
blog/primeira-renda-temporada-passos.html,../sitemap.xml,interno_relativo,,,,
blog/primeiro-imovel-litoral-guia-iniciantes-2026.html,../cases-rapidos-parcerias.html,interno_relativo,,,,
blog/primeiro-imovel-litoral-guia-iniciantes-2026.html,../servicos.html,interno_relativo,,,,
blog/primeiro-imovel-litoral-guia-iniciantes-2026.html,../education/cursos/index.html,interno_relativo,,,,
blog/primeiro-imovel-litoral-guia-iniciantes-2026.html,../cidades/santos.html,interno_relativo,,,,
blog/primeiro-imovel-litoral-guia-iniciantes-2026.html,../bairros/index.html,interno_relativo,,,,
blog/primeiro-imovel-litoral-guia-iniciantes-2026.html,../sitemap.xml,interno_relativo,,,,
blog/primeiro-imovel-litoral-sp-guia-comprar-2026.html,../assets/css/main.css,interno_relativo,,,,
blog/primeiro-imovel-litoral-sp-guia-comprar-2026.html,/,interno_absoluto,,,,
blog/primeiro-imovel-litoral-sp-guia-comprar-2026.html,../imoveis/,interno_relativo,,,,
blog/primeiro-imovel-litoral-sp-guia-comprar-2026.html,../bairros/,interno_relativo,,,,
blog/primeiro-imovel-litoral-sp-guia-comprar-2026.html,../blog/,interno_relativo,,,,
blog/primeiro-imovel-litoral-sp-guia-comprar-2026.html,../contato.html,interno_relativo,,,,
blog/primeiro-imovel-litoral-sp-guia-comprar-2026.html,../marina-usucapiao-averbacao-imoveis-litoral-sp-2026.html,interno_relativo,,,,
blog/primeiro-imovel-litoral-sp-guia-comprar-2026.html,../avaliar-imovel-usado-litoral-sp-2026.html,interno_relativo,,,,
blog/primeiro-imovel-litoral-sp-guia-comprar-2026.html,../financiamento-imovel-litoral-sp-2026.html,interno_relativo,,,,
blog/priorizacao-leads-imobiliaria-litoral-2026.html,../servicos.html,interno_relativo,,,,
blog/priorizacao-leads-imobiliaria-litoral-2026.html,../education/cursos/index.html,interno_relativo,,,,
blog/priorizacao-leads-imobiliaria-litoral-2026.html,../cidades/santos.html,interno_relativo,,,,
blog/priorizacao-leads-imobiliaria-litoral-2026.html,../bairros/index.html,interno_relativo,,,,
blog/priorizacao-leads-imobiliaria-litoral-2026.html,../sitemap.xml,interno_relativo,,,,
blog/problemas-comuns-financiamento-imovel-litoral-evitare-2026.html,../organizar-financiamento-antes-imovel-litoral-2026.html,interno_relativo,,,,
blog/processo-aluguel-temporada-etapas-2026.html,../checklist-aluguel-temporada-anuncio-checkout-litoral-2026.html,interno_relativo,,,,
blog/processo-venda-imovel-litoral-passos-2026.html,../documentacao-venda-imovel-litoral-passos-2026.html,interno_relativo,,,,
blog/produtividade-corretores-ia-2026.html,../sitemap.xml,interno_relativo,,,,
blog/produtividade-corretores-ia-2026.html,../servicos.html,interno_relativo,,,,
blog/produtividade-corretores-ia-2026.html,../education/cursos/index.html,interno_relativo,,,,
blog/produtividade-corretores-ia-2026.html,../cidades/santos.html,interno_relativo,,,,
blog/produtividade-corretores-ia-2026.html,../bairros/index.html,interno_relativo,,,,
blog/programa-indicacao-imobiliarias-litoral-2026.html,../indicacao-proprietarios-litoral-captacao-imoveis-2026.html,interno_relativo,,,,
blog/programa-indicacao-imobiliarias-litoral-2026.html,../medir-resultados-parcerias-imobiliarias-litoral-2026.html,interno_relativo,,,,
blog/programa-indicacao-imoveis-litoral-2026.html,../servicos.html,interno_relativo,,,,
blog/programa-indicacao-imoveis-litoral-2026.html,../education/cursos/index.html,interno_relativo,,,,
blog/programa-indicacao-imoveis-litoral-2026.html,../cidades/santos.html,interno_relativo,,,,
blog/programa-indicacao-imoveis-litoral-2026.html,../bairros/index.html,interno_relativo,,,,
blog/programa-indicacao-imoveis-litoral-2026.html,../sitemap.xml,interno_relativo,,,,
blog/programa-parceiros-litoral-estrutura-simples-2026.html,../servicos.html,interno_relativo,,,,
blog/programa-parceiros-litoral-estrutura-simples-2026.html,../education/cursos/index.html,interno_relativo,,,,
blog/programa-parceiros-litoral-estrutura-simples-2026.html,../cidades/santos.html,interno_relativo,,,,
blog/programa-parceiros-litoral-estrutura-simples-2026.html,../bairros/index.html,interno_relativo,,,,
blog/programa-parceiros-litoral-estrutura-simples-2026.html,../sitemap.xml,interno_relativo,,,,
blog/propaganda-imobiliaria-litoral-2026.html,../servicos/propaganda-imobiliaria.html,interno_relativo,,,,
blog/propaganda-imobiliaria-litoral-2026.html,../servicos.html,interno_relativo,,,,
blog/propaganda-imobiliaria-litoral-2026.html,../education/cursos/index.html,interno_relativo,,,,
blog/propaganda-imobiliaria-litoral-2026.html,../cidades/santos.html,interno_relativo,,,,
blog/propaganda-imobiliaria-litoral-2026.html,../bairros/index.html,interno_relativo,,,,
blog/proposta-comercial-imobiliaria-litoral-2026.html,/,interno_absoluto,,,,
blog/proposta-comercial-imobiliaria-litoral-2026.html,../servicos.html,interno_relativo,,,,
blog/proposta-comercial-imobiliaria-litoral-2026.html,../education/cursos/index.html,interno_relativo,,,,
blog/proposta-comercial-imobiliaria-litoral-2026.html,../cidades/santos.html,interno_relativo,,,,
blog/proposta-comercial-imobiliaria-litoral-2026.html,../bairros/index.html,interno_relativo,,,,
blog/proposta-comercial-imobiliaria-litoral-2026.html,../sitemap.xml,interno_relativo,,,,
blog/proposta-comercial-para-iguape-iguape.html,../servicos.html,interno_relativo,,,,
blog/proposta-comercial-para-iguape-iguape.html,../education/cursos/index.html,interno_relativo,,,,
blog/proposta-comercial-para-iguape-iguape.html,../cidades/santos.html,interno_relativo,,,,
blog/proposta-comercial-para-iguape-iguape.html,../bairros/index.html,interno_relativo,,,,
blog/proposta-comercial-para-iguape-iguape.html,../sitemap.xml,interno_relativo,,,,
blog/proposta-comercial-para-ilhabela-ilhabela.html,../servicos.html,interno_relativo,,,,
blog/proposta-comercial-para-ilhabela-ilhabela.html,../education/cursos/index.html,interno_relativo,,,,
blog/proposta-comercial-para-ilhabela-ilhabela.html,../cidades/santos.html,interno_relativo,,,,
blog/proposta-comercial-para-ilhabela-ilhabela.html,../bairros/index.html,interno_relativo,,,,
blog/proposta-comercial-para-ilhabela-ilhabela.html,../sitemap.xml,interno_relativo,,,,
blog/proposta-comercial-para-praia-grande-praia-grande.html,../servicos.html,interno_relativo,,,,
blog/proposta-comercial-para-praia-grande-praia-grande.html,../education/cursos/index.html,interno_relativo,,,,
blog/proposta-comercial-para-praia-grande-praia-grande.html,../cidades/santos.html,interno_relativo,,,,
blog/proposta-comercial-para-praia-grande-praia-grande.html,../bairros/index.html,interno_relativo,,,,
blog/proposta-comercial-para-praia-grande-praia-grande.html,../sitemap.xml,interno_relativo,,,,
blog/proposta-comercial-para-ubatuba-ubatuba.html,../servicos.html,interno_relativo,,,,
blog/proposta-comercial-para-ubatuba-ubatuba.html,../education/cursos/index.html,interno_relativo,,,,
blog/proposta-comercial-para-ubatuba-ubatuba.html,../cidades/santos.html,interno_relativo,,,,
blog/proposta-comercial-para-ubatuba-ubatuba.html,../bairros/index.html,interno_relativo,,,,
blog/proposta-comercial-para-ubatuba-ubatuba.html,../sitemap.xml,interno_relativo,,,,
blog/proposta-comercial-parcerias-imobiliarias-litoral-2026.html,../servicos.html,interno_relativo,,,,
blog/proposta-comercial-parcerias-imobiliarias-litoral-2026.html,../education/cursos/index.html,interno_relativo,,,,
blog/proposta-comercial-parcerias-imobiliarias-litoral-2026.html,../cidades/santos.html,interno_relativo,,,,
blog/proposta-comercial-parcerias-imobiliarias-litoral-2026.html,../bairros/index.html,interno_relativo,,,,
blog/proposta-comercial-parcerias-imobiliarias-litoral-2026.html,../sitemap.xml,interno_relativo,,,,
blog/proposta-parceria-sem-custo-litoral-2026.html,../servicos.html,interno_relativo,,,,
blog/proposta-parceria-sem-custo-litoral-2026.html,../education/cursos/index.html,interno_relativo,,,,
blog/proposta-parceria-sem-custo-litoral-2026.html,../cidades/santos.html,interno_relativo,,,,
blog/proposta-parceria-sem-custo-litoral-2026.html,../bairros/index.html,interno_relativo,,,,
blog/proposta-parceria-sem-custo-litoral-2026.html,../sitemap.xml,interno_relativo,,,,
blog/proposta-sem-reuniao-fechar-litoral-2026.html,/,interno_absoluto,,,,
blog/proposta-sem-reuniao-fechar-litoral-2026.html,../servicos.html,interno_relativo,,,,
blog/proposta-sem-reuniao-fechar-litoral-2026.html,../education/cursos/index.html,interno_relativo,,,,
blog/proposta-sem-reuniao-fechar-litoral-2026.html,../cidades/santos.html,interno_relativo,,,,
blog/proposta-sem-reuniao-fechar-litoral-2026.html,../bairros/index.html,interno_relativo,,,,
blog/proposta-sem-reuniao-fechar-litoral-2026.html,../sitemap.xml,interno_relativo,,,,
blog/proposta-valor-unica-imobiliaria-litoral-2026.html,../diferensiacaocompetitiva-imobiliarias-litoral-2026.html,interno_relativo,,,,
blog/proposta-valor-unica-imobiliaria-litoral-2026.html,planejamento-estrategico-imobiliaria-litoral-2026.html,interno_relativo,,,,
blog/proposta-valor-unica-imobiliaria-litoral-2026.html,../servicos.html,interno_relativo,,,,
blog/proposta-valor-unica-imobiliaria-litoral-2026.html,../education/cursos/index.html,interno_relativo,,,,
blog/proposta-valor-unica-imobiliaria-litoral-2026.html,../cidades/santos.html,interno_relativo,,,,
blog/proposta-valor-unica-imobiliaria-litoral-2026.html,../bairros/index.html,interno_relativo,,,,
blog/proposta-valor-unica-imobiliaria-litoral-2026.html,../sitemap.xml,interno_relativo,,,,
blog/proprietario-litoral-contrato-aluguel-pronto-2026.html,../aluguel-temporada-litoral-contrato-modelo-pronto-2026.html,interno_relativo,,,,
blog/proprietario-litoral-direito-preferencia-compra-2026.html,../venda-imovel-litoral-proposta-escrita-importancia-2026.html,interno_relativo,,,,
blog/proprietario-litoral-fiscalizacao-aluguel-2026.html,../aluguel-temporada-litoral-contrato-modelo-pronto-2026.html,interno_relativo,,,,
blog/proprietario-litoral-reforma-antes-alugar-2026.html,../aluguel-temporada-litoral-reserva-antecedencia-vantagens-2026.html,interno_relativo,,,,
blog/prospeccao-digital-imobiliaria-litoral-2026.html,../sitemap.xml,interno_relativo,,,,
blog/prospeccao-digital-imobiliaria-litoral-2026.html,../servicos.html,interno_relativo,,,,
blog/prospeccao-digital-imobiliaria-litoral-2026.html,../education/cursos/index.html,interno_relativo,,,,
blog/prospeccao-digital-imobiliaria-litoral-2026.html,../cidades/santos.html,interno_relativo,,,,
blog/prospeccao-digital-imobiliaria-litoral-2026.html,../bairros/index.html,interno_relativo,,,,
blog/prospeccao-digital-imobiliarias-litoral-2026.html,canais-prospeccao-imoveis-litoral-2026.html,interno_relativo,,,,
blog/prospeccao-digital-imobiliarias-litoral-2026.html,automacao-imobiliarias-pequenas-litoral-2026.html,interno_relativo,,,,
blog/prospeccao-digital-imobiliarias-litoral-2026.html,../servicos.html,interno_relativo,,,,
blog/prospeccao-digital-imobiliarias-litoral-2026.html,../education/cursos/index.html,interno_relativo,,,,
blog/prospeccao-digital-imobiliarias-litoral-2026.html,../cidades/santos.html,interno_relativo,,,,
blog/prospeccao-digital-imobiliarias-litoral-2026.html,../bairros/index.html,interno_relativo,,,,
blog/prospeccao-digital-imobiliarias-litoral-2026.html,../sitemap.xml,interno_relativo,,,,
blog/prospeccao-imobiliaria-litoral-metodo-pratico.html,/,interno_absoluto,,,,
blog/prospeccao-imobiliaria-litoral-metodo-pratico.html,../sitemap.xml,interno_relativo,,,,
blog/prospeccao-imobiliaria-litoral-metodo-pratico.html,../servicos.html,interno_relativo,,,,
blog/prospeccao-imobiliaria-litoral-metodo-pratico.html,../education/cursos/index.html,interno_relativo,,,,
blog/prospeccao-imobiliaria-litoral-metodo-pratico.html,../cidades/santos.html,interno_relativo,,,,
blog/prospeccao-imobiliaria-litoral-metodo-pratico.html,../bairros/index.html,interno_relativo,,,,
blog/prospeccao-imoveis-litoral-sem-custo-2026.html,../servicos.html,interno_relativo,,,,
blog/prospeccao-imoveis-litoral-sem-custo-2026.html,../education/cursos/index.html,interno_relativo,,,,
blog/prospeccao-imoveis-litoral-sem-custo-2026.html,../cidades/santos.html,interno_relativo,,,,
blog/prospeccao-imoveis-litoral-sem-custo-2026.html,../bairros/index.html,interno_relativo,,,,
blog/prospeccao-imoveis-litoral-sem-custo-2026.html,../sitemap.xml,interno_relativo,,,,
blog/prospeccao-proprietarios-imoveis-luxo-litoral-2026.html,avaliacao-imoveis-luxo-litoral-2026.html,interno_relativo,,,,
blog/prospeccao-proprietarios-imoveis-luxo-litoral-2026.html,gestao-temporada-imoveis-luxo-litoral-2026.html,interno_relativo,,,,
blog/prospeccao-proprietarios-imoveis-luxo-litoral-2026.html,../servicos.html,interno_relativo,,,,
blog/prospeccao-proprietarios-imoveis-luxo-litoral-2026.html,../education/cursos/index.html,interno_relativo,,,,
blog/prospeccao-proprietarios-imoveis-luxo-litoral-2026.html,../cidades/santos.html,interno_relativo,,,,
blog/prospeccao-proprietarios-imoveis-luxo-litoral-2026.html,../bairros/index.html,interno_relativo,,,,
blog/prospeccao-proprietarios-imoveis-luxo-litoral-2026.html,../sitemap.xml,interno_relativo,,,,
blog/protecao-legal-compra-imovel-litoral-2026.html,../checklist-compra-imovel-usado-litoral-2026.html,interno_relativo,,,,
blog/prova-social-fechar-parcerias-imobiliarias-2026.html,../servicos.html,interno_relativo,,,,
blog/prova-social-fechar-parcerias-imobiliarias-2026.html,../education/cursos/index.html,interno_relativo,,,,
blog/prova-social-fechar-parcerias-imobiliarias-2026.html,../cidades/santos.html,interno_relativo,,,,
blog/prova-social-fechar-parcerias-imobiliarias-2026.html,../bairros/index.html,interno_relativo,,,,
blog/prova-social-fechar-parcerias-imobiliarias-2026.html,../sitemap.xml,interno_relativo,,,,
blog/prova-social-imobiliaria-litoral-2026.html,../sitemap.xml,interno_relativo,,,,
blog/prova-social-imobiliaria-litoral-2026.html,../servicos.html,interno_relativo,,,,
blog/prova-social-imobiliaria-litoral-2026.html,../education/cursos/index.html,interno_relativo,,,,
blog/prova-social-imobiliaria-litoral-2026.html,../cidades/santos.html,interno_relativo,,,,
blog/prova-social-imobiliaria-litoral-2026.html,../bairros/index.html,interno_relativo,,,,
blog/prova-social-imobiliaria-litoral-paulista-2026.html,../servicos.html,interno_relativo,,,,
blog/prova-social-imobiliaria-litoral-paulista-2026.html,../education/cursos/index.html,interno_relativo,,,,
blog/prova-social-imobiliaria-litoral-paulista-2026.html,../cidades/santos.html,interno_relativo,,,,
blog/prova-social-imobiliaria-litoral-paulista-2026.html,../bairros/index.html,interno_relativo,,,,
blog/prova-social-imobiliaria-litoral-paulista-2026.html,../sitemap.xml,interno_relativo,,,,
blog/prova-social-imoveis-litoral-2026.html,../sitemap.xml,interno_relativo,,,,
blog/prova-social-imoveis-litoral-2026.html,../servicos.html,interno_relativo,,,,
blog/prova-social-imoveis-litoral-2026.html,../education/cursos/index.html,interno_relativo,,,,
blog/prova-social-imoveis-litoral-2026.html,../cidades/santos.html,interno_relativo,,,,
blog/prova-social-imoveis-litoral-2026.html,../bairros/index.html,interno_relativo,,,,
blog/prova-social-parcerias-imobiliarias-litoral-2026.html,../servicos.html,interno_relativo,,,,
blog/prova-social-parcerias-imobiliarias-litoral-2026.html,../education/cursos/index.html,interno_relativo,,,,
blog/prova-social-parcerias-imobiliarias-litoral-2026.html,../cidades/santos.html,interno_relativo,,,,
blog/prova-social-parcerias-imobiliarias-litoral-2026.html,../bairros/index.html,interno_relativo,,,,
blog/prova-social-parcerias-imobiliarias-litoral-2026.html,../sitemap.xml,interno_relativo,,,,
blog/psicologia-venda-litoral-etica-2026.html,../servicos.html,interno_relativo,,,,
blog/psicologia-venda-litoral-etica-2026.html,../education/cursos/index.html,interno_relativo,,,,
blog/psicologia-venda-litoral-etica-2026.html,../cidades/santos.html,interno_relativo,,,,
blog/psicologia-venda-litoral-etica-2026.html,../bairros/index.html,interno_relativo,,,,
blog/psicologia-venda-litoral-etica-2026.html,../sitemap.xml,interno_relativo,,,,
blog/ptam-ia-avaliacao-mercadologica-2026.html,../sitemap.xml,interno_relativo,,,,
blog/ptam-ia-avaliacao-mercadologica-2026.html,../servicos.html,interno_relativo,,,,
blog/ptam-ia-avaliacao-mercadologica-2026.html,../education/cursos/index.html,interno_relativo,,,,
blog/ptam-ia-avaliacao-mercadologica-2026.html,../cidades/santos.html,interno_relativo,,,,
blog/ptam-ia-avaliacao-mercadologica-2026.html,../bairros/index.html,interno_relativo,,,,
blog/pós-venda-imobiliaria-fidelizacao-2026.html,../servicos.html,interno_relativo,,,,
blog/pós-venda-imobiliaria-fidelizacao-2026.html,../education/cursos/index.html,interno_relativo,,,,
blog/pós-venda-imobiliaria-fidelizacao-2026.html,../cidades/santos.html,interno_relativo,,,,
blog/pós-venda-imobiliaria-fidelizacao-2026.html,../bairros/index.html,interno_relativo,,,,
blog/pós-venda-imobiliaria-fidelizacao-2026.html,../sitemap.xml,interno_relativo,,,,
blog/qualificacao-leads-corretores-litoral-paulista-2026.html,../servicos.html,interno_relativo,,,,
blog/qualificacao-leads-corretores-litoral-paulista-2026.html,../education/cursos/index.html,interno_relativo,,,,
blog/qualificacao-leads-corretores-litoral-paulista-2026.html,../cidades/santos.html,interno_relativo,,,,
blog/qualificacao-leads-corretores-litoral-paulista-2026.html,../bairros/index.html,interno_relativo,,,,
blog/qualificacao-leads-corretores-litoral-paulista-2026.html,../sitemap.xml,interno_relativo,,,,
blog/qualificacao-leads-imobiliarias-litoral-2026.html,../servicos.html,interno_relativo,,,,
blog/qualificacao-leads-imobiliarias-litoral-2026.html,../education/cursos/index.html,interno_relativo,,,,
blog/qualificacao-leads-imobiliarias-litoral-2026.html,../cidades/santos.html,interno_relativo,,,,
blog/qualificacao-leads-imobiliarias-litoral-2026.html,../bairros/index.html,interno_relativo,,,,
blog/qualificacao-leads-imobiliarias-litoral-2026.html,../sitemap.xml,interno_relativo,,,,
blog/quando-comprar-imovel-na-planta-litoral-2026.html,../financiamento-imovel-usado-litoral-sp-2026.html,interno_relativo,,,,
blog/quando-comprar-imovel-na-planta-litoral-2026.html,../analise-mercado-imobiliario-litoral-2026.html,interno_relativo,,,,
blog/quando-comprar-imovel-na-planta-litoral-2026.html,../sitemap.xml,interno_relativo,,,,
blog/quando-mudar-ferramenta-imobiliaria-litoral-2026.html,../servicos.html,interno_relativo,,,,
blog/quando-mudar-ferramenta-imobiliaria-litoral-2026.html,../education/cursos/index.html,interno_relativo,,,,
blog/quando-mudar-ferramenta-imobiliaria-litoral-2026.html,../cidades/santos.html,interno_relativo,,,,
blog/quando-mudar-ferramenta-imobiliaria-litoral-2026.html,../bairros/index.html,interno_relativo,,,,
blog/quando-mudar-ferramenta-imobiliaria-litoral-2026.html,../sitemap.xml,interno_relativo,,,,
blog/quando-vale-pena-avaliacao-profissional-imovel-litoral-2026.html,../precificar-imovel-litoral-com-dados-reais-2026.html,interno_relativo,,,,
blog/quando-vender-imovel-litoral-paulista-momento-2026.html,../servicos.html,interno_relativo,,,,
blog/quando-vender-imovel-litoral-paulista-momento-2026.html,../education/cursos/index.html,interno_relativo,,,,
blog/quando-vender-imovel-litoral-paulista-momento-2026.html,../cidades/santos.html,interno_relativo,,,,
blog/quando-vender-imovel-litoral-paulista-momento-2026.html,../bairros/index.html,interno_relativo,,,,
blog/quando-vender-imovel-litoral-paulista-momento-2026.html,../sitemap.xml,interno_relativo,,,,
blog/quando-vender-imovel-temporada-lucro.html,../servicos.html,interno_relativo,,,,
blog/quando-vender-imovel-temporada-lucro.html,../education/cursos/index.html,interno_relativo,,,,
blog/quando-vender-imovel-temporada-lucro.html,../cidades/santos.html,interno_relativo,,,,
blog/quando-vender-imovel-temporada-lucro.html,../bairros/index.html,interno_relativo,,,,
blog/quando-vender-imovel-temporada-lucro.html,../sitemap.xml,interno_relativo,,,,
blog/quanto-custa-apartamento-praia-2026.html,../servicos.html,interno_relativo,,,,
blog/quanto-custa-apartamento-praia-2026.html,../education/cursos/index.html,interno_relativo,,,,
blog/quanto-custa-apartamento-praia-2026.html,../cidades/santos.html,interno_relativo,,,,
blog/quanto-custa-apartamento-praia-2026.html,../bairros/index.html,interno_relativo,,,,
blog/quanto-custa-apartamento-praia-2026.html,../sitemap.xml,interno_relativo,,,,
blog/quanto-custa-morar-em-bertioga-2026.html,../bairros/bertioga/riviera-de-sao-lourenco.html,interno_relativo,,,,
blog/quanto-custa-morar-em-bertioga-2026.html,../bairros/bertioga/index.html,interno_relativo,,,,
blog/quanto-custa-morar-em-bertioga-2026.html,../cidades/bertioga.html,interno_relativo,,,,
blog/quanto-custa-morar-em-bertioga-2026.html,../riviera-de-sao-lourenco-vs-litoral-norte-sp-2026.html,interno_relativo,,,,
blog/quanto-custa-morar-em-bertioga-2026.html,../education/cursos/analise-de-rentabilidade/index.html,interno_relativo,,,,
blog/quanto-custa-morar-em-bertioga-2026.html,../imoveis/,interno_relativo,,,,
blog/quanto-rende-apartamento-maresias-2026.html,../servicos.html,interno_relativo,,,,
blog/quanto-rende-apartamento-maresias-2026.html,../education/cursos/index.html,interno_relativo,,,,
blog/quanto-rende-apartamento-maresias-2026.html,../cidades/santos.html,interno_relativo,,,,
blog/quanto-rende-apartamento-maresias-2026.html,../bairros/index.html,interno_relativo,,,,
blog/quanto-rende-apartamento-maresias-2026.html,../sitemap.xml,interno_relativo,,,,
blog/quanto-vale-terreno-litoral-paulista.html,/,interno_absoluto,,,,
blog/quanto-vale-terreno-litoral-paulista.html,../sitemap.xml,interno_relativo,,,,
blog/quanto-vale-terreno-litoral-paulista.html,../servicos.html,interno_relativo,,,,
blog/quanto-vale-terreno-litoral-paulista.html,../education/cursos/index.html,interno_relativo,,,,
blog/quanto-vale-terreno-litoral-paulista.html,../cidades/santos.html,interno_relativo,,,,
blog/quanto-vale-terreno-litoral-paulista.html,../bairros/index.html,interno_relativo,,,,
blog/quero-crescer-com-ia.html,/,interno_absoluto,,,,
blog/quero-crescer-com-ia.html,../sitemap.xml,interno_relativo,,,,
blog/quero-crescer-com-ia.html,../servicos.html,interno_relativo,,,,
blog/quero-crescer-com-ia.html,../education/cursos/index.html,interno_relativo,,,,
blog/quero-crescer-com-ia.html,../cidades/santos.html,interno_relativo,,,,
blog/quero-crescer-com-ia.html,../bairros/index.html,interno_relativo,,,,
blog/realidade-virtual-vender-imoveis-litoral-2026.html,../sitemap.xml,interno_relativo,,,,
blog/realidade-virtual-vender-imoveis-litoral-2026.html,../servicos.html,interno_relativo,,,,
blog/realidade-virtual-vender-imoveis-litoral-2026.html,../education/cursos/index.html,interno_relativo,,,,
blog/realidade-virtual-vender-imoveis-litoral-2026.html,../cidades/santos.html,interno_relativo,,,,
blog/realidade-virtual-vender-imoveis-litoral-2026.html,../bairros/index.html,interno_relativo,,,,
blog/realidade-virtual-visitas-imobiliarias-litoral-2026.html,../servicos.html,interno_relativo,,,,
blog/realidade-virtual-visitas-imobiliarias-litoral-2026.html,../education/cursos/index.html,interno_relativo,,,,
blog/realidade-virtual-visitas-imobiliarias-litoral-2026.html,../cidades/santos.html,interno_relativo,,,,
blog/realidade-virtual-visitas-imobiliarias-litoral-2026.html,../bairros/index.html,interno_relativo,,,,
blog/realidade-virtual-visitas-imobiliarias-litoral-2026.html,../sitemap.xml,interno_relativo,,,,
blog/reativacao-base-clientes-imobiliarias-litoral-2026.html,../servicos.html,interno_relativo,,,,
blog/reativacao-base-clientes-imobiliarias-litoral-2026.html,../education/cursos/index.html,interno_relativo,,,,
blog/reativacao-base-clientes-imobiliarias-litoral-2026.html,../cidades/santos.html,interno_relativo,,,,
blog/reativacao-base-clientes-imobiliarias-litoral-2026.html,../bairros/index.html,interno_relativo,,,,
blog/reativacao-base-clientes-imobiliarias-litoral-2026.html,../sitemap.xml,interno_relativo,,,,
blog/reativacao-leads-frios-litoral-2026.html,../servicos.html,interno_relativo,,,,
blog/reativacao-leads-frios-litoral-2026.html,../education/cursos/index.html,interno_relativo,,,,
blog/reativacao-leads-frios-litoral-2026.html,../cidades/santos.html,interno_relativo,,,,
blog/reativacao-leads-frios-litoral-2026.html,../bairros/index.html,interno_relativo,,,,
blog/reativacao-leads-frios-litoral-2026.html,../sitemap.xml,interno_relativo,,,,
blog/receber-dinheiro-exterior-compra-imovel-litoral-2026.html,mercado-internacional-imoveis-litoral-paulista-2026.html,interno_relativo,,,,
blog/receber-dinheiro-exterior-compra-imovel-litoral-2026.html,documentacao-compra-imovel-litoral-paulista-2026.html,interno_relativo,,,,
blog/receber-dinheiro-exterior-compra-imovel-litoral-2026.html,../servicos.html,interno_relativo,,,,
blog/receber-dinheiro-exterior-compra-imovel-litoral-2026.html,../education/cursos/index.html,interno_relativo,,,,
blog/receber-dinheiro-exterior-compra-imovel-litoral-2026.html,../cidades/santos.html,interno_relativo,,,,
blog/receber-dinheiro-exterior-compra-imovel-litoral-2026.html,../bairros/index.html,interno_relativo,,,,
blog/receber-dinheiro-exterior-compra-imovel-litoral-2026.html,../sitemap.xml,interno_relativo,,,,
blog/receber-leads-qualificados-litoral-2026.html,../sitemap.xml,interno_relativo,,,,
blog/receber-leads-qualificados-litoral-2026.html,../servicos.html,interno_relativo,,,,
blog/receber-leads-qualificados-litoral-2026.html,../education/cursos/index.html,interno_relativo,,,,
blog/receber-leads-qualificados-litoral-2026.html,../cidades/santos.html,interno_relativo,,,,
blog/receber-leads-qualificados-litoral-2026.html,../bairros/index.html,interno_relativo,,,,
blog/recomendacao-automatica-imoveis-compradores-2026.html,../sitemap.xml,interno_relativo,,,,
blog/recomendacao-automatica-imoveis-compradores-2026.html,../servicos.html,interno_relativo,,,,
blog/recomendacao-automatica-imoveis-compradores-2026.html,../education/cursos/index.html,interno_relativo,,,,
blog/recomendacao-automatica-imoveis-compradores-2026.html,../cidades/santos.html,interno_relativo,,,,
blog/recomendacao-automatica-imoveis-compradores-2026.html,../bairros/index.html,interno_relativo,,,,
blog/recomendacao-automatica-imoveis-litoral-2026.html,../servicos.html,interno_relativo,,,,
blog/recomendacao-automatica-imoveis-litoral-2026.html,../education/cursos/index.html,interno_relativo,,,,
blog/recomendacao-automatica-imoveis-litoral-2026.html,../cidades/santos.html,interno_relativo,,,,
blog/recomendacao-automatica-imoveis-litoral-2026.html,../bairros/index.html,interno_relativo,,,,
blog/recomendacao-automatica-imoveis-litoral-2026.html,../sitemap.xml,interno_relativo,,,,
blog/recomendacao-automatica-imoveis-litoral-matches-2026-07-22.html,../sitemap.xml,interno_relativo,,,,
blog/recomendacao-automatica-imoveis-litoral-matches-2026-07-22.html,../servicos.html,interno_relativo,,,,
blog/recomendacao-automatica-imoveis-litoral-matches-2026-07-22.html,../education/cursos/index.html,interno_relativo,,,,
blog/recomendacao-automatica-imoveis-litoral-matches-2026-07-22.html,../cidades/santos.html,interno_relativo,,,,
blog/recomendacao-automatica-imoveis-litoral-matches-2026-07-22.html,../bairros/index.html,interno_relativo,,,,
blog/recusa-parceria-imobiliaria-litoral-futuro-2026.html,../servicos.html,interno_relativo,,,,
blog/recusa-parceria-imobiliaria-litoral-futuro-2026.html,../education/cursos/index.html,interno_relativo,,,,
blog/recusa-parceria-imobiliaria-litoral-futuro-2026.html,../cidades/santos.html,interno_relativo,,,,
blog/recusa-parceria-imobiliaria-litoral-futuro-2026.html,../bairros/index.html,interno_relativo,,,,
blog/recusa-parceria-imobiliaria-litoral-futuro-2026.html,../sitemap.xml,interno_relativo,,,,
blog/redacao-anuncios-imoveis-convertem-litoral-2026.html,geracao-descricoes-anuncios-ia.html,interno_relativo,,,,
blog/redacao-anuncios-imoveis-convertem-litoral-2026.html,apresentacao-video-imoveis-vender-mais-2026.html,interno_relativo,,,,
blog/redacao-anuncios-imoveis-convertem-litoral-2026.html,../servicos.html,interno_relativo,,,,
blog/redacao-anuncios-imoveis-convertem-litoral-2026.html,../education/cursos/index.html,interno_relativo,,,,
blog/redacao-anuncios-imoveis-convertem-litoral-2026.html,../cidades/santos.html,interno_relativo,,,,
blog/redacao-anuncios-imoveis-convertem-litoral-2026.html,../bairros/index.html,interno_relativo,,,,
blog/redacao-anuncios-imoveis-convertem-litoral-2026.html,../sitemap.xml,interno_relativo,,,,
blog/redes-sociais-corretores-litoral-guia-conteudo-2026.html,../servicos.html,interno_relativo,,,,
blog/redes-sociais-corretores-litoral-guia-conteudo-2026.html,../education/cursos/index.html,interno_relativo,,,,
blog/redes-sociais-corretores-litoral-guia-conteudo-2026.html,../cidades/santos.html,interno_relativo,,,,
blog/redes-sociais-corretores-litoral-guia-conteudo-2026.html,../bairros/index.html,interno_relativo,,,,
blog/redes-sociais-corretores-litoral-guia-conteudo-2026.html,../sitemap.xml,interno_relativo,,,,
blog/redes-sociais-imobiliaria-litoral-conteudo-2026.html,../servicos.html,interno_relativo,,,,
blog/redes-sociais-imobiliaria-litoral-conteudo-2026.html,../education/cursos/index.html,interno_relativo,,,,
blog/redes-sociais-imobiliaria-litoral-conteudo-2026.html,../cidades/santos.html,interno_relativo,,,,
blog/redes-sociais-imobiliaria-litoral-conteudo-2026.html,../bairros/index.html,interno_relativo,,,,
blog/redes-sociais-imobiliaria-litoral-conteudo-2026.html,../sitemap.xml,interno_relativo,,,,
blog/redes-sociais-imobiliaria-roteiro-semanal-2026.html,../servicos.html,interno_relativo,,,,
blog/redes-sociais-imobiliaria-roteiro-semanal-2026.html,../education/cursos/index.html,interno_relativo,,,,
blog/redes-sociais-imobiliaria-roteiro-semanal-2026.html,../cidades/santos.html,interno_relativo,,,,
blog/redes-sociais-imobiliaria-roteiro-semanal-2026.html,../bairros/index.html,interno_relativo,,,,
blog/redes-sociais-imobiliaria-roteiro-semanal-2026.html,../sitemap.xml,interno_relativo,,,,
blog/redes-sociais-imobiliarias-litoral-2026.html,../servicos.html,interno_relativo,,,,
blog/redes-sociais-imobiliarias-litoral-2026.html,../education/cursos/index.html,interno_relativo,,,,
blog/redes-sociais-imobiliarias-litoral-2026.html,../cidades/santos.html,interno_relativo,,,,
blog/redes-sociais-imobiliarias-litoral-2026.html,../bairros/index.html,interno_relativo,,,,
blog/redes-sociais-imobiliarias-litoral-2026.html,../sitemap.xml,interno_relativo,,,,
blog/redes-sociais-imobiliarias-litoral-conteudo-2026.html,../funil-vendas-imobiliario-litoral-digital-2026.html,interno_relativo,,,,
blog/redes-sociais-imobiliarias-litoral-conteudo-2026.html,../google-ads-imobiliarias-litoral-paulista-campanhas-2026.html,interno_relativo,,,,
blog/redes-sociais-imobiliarias-litoral-o-que-postar-2026.html,../servicos.html,interno_relativo,,,,
blog/redes-sociais-imobiliarias-litoral-o-que-postar-2026.html,../education/cursos/index.html,interno_relativo,,,,
blog/redes-sociais-imobiliarias-litoral-o-que-postar-2026.html,../cidades/santos.html,interno_relativo,,,,
blog/redes-sociais-imobiliarias-litoral-o-que-postar-2026.html,../bairros/index.html,interno_relativo,,,,
blog/redes-sociais-imobiliarias-litoral-o-que-postar-2026.html,../sitemap.xml,interno_relativo,,,,
blog/redes-sociais-para-imoveis-em-cananeia-cananeia.html,../servicos.html,interno_relativo,,,,
blog/redes-sociais-para-imoveis-em-cananeia-cananeia.html,../education/cursos/index.html,interno_relativo,,,,
blog/redes-sociais-para-imoveis-em-cananeia-cananeia.html,../cidades/santos.html,interno_relativo,,,,
blog/redes-sociais-para-imoveis-em-cananeia-cananeia.html,../bairros/index.html,interno_relativo,,,,
blog/redes-sociais-para-imoveis-em-cananeia-cananeia.html,../sitemap.xml,interno_relativo,,,,
blog/redes-sociais-para-imoveis-em-caraguatatuba-caraguatatuba.html,../servicos.html,interno_relativo,,,,
blog/redes-sociais-para-imoveis-em-caraguatatuba-caraguatatuba.html,../education/cursos/index.html,interno_relativo,,,,
blog/redes-sociais-para-imoveis-em-caraguatatuba-caraguatatuba.html,../cidades/santos.html,interno_relativo,,,,
blog/redes-sociais-para-imoveis-em-caraguatatuba-caraguatatuba.html,../bairros/index.html,interno_relativo,,,,
blog/redes-sociais-para-imoveis-em-caraguatatuba-caraguatatuba.html,../sitemap.xml,interno_relativo,,,,
blog/redes-sociais-para-imoveis-em-guaruja-guaruja.html,../servicos.html,interno_relativo,,,,
blog/redes-sociais-para-imoveis-em-guaruja-guaruja.html,../education/cursos/index.html,interno_relativo,,,,
blog/redes-sociais-para-imoveis-em-guaruja-guaruja.html,../cidades/santos.html,interno_relativo,,,,
blog/redes-sociais-para-imoveis-em-guaruja-guaruja.html,../bairros/index.html,interno_relativo,,,,
blog/redes-sociais-para-imoveis-em-guaruja-guaruja.html,../sitemap.xml,interno_relativo,,,,
blog/redes-sociais-para-imoveis-em-iguape-iguape.html,../servicos.html,interno_relativo,,,,
blog/redes-sociais-para-imoveis-em-iguape-iguape.html,../education/cursos/index.html,interno_relativo,,,,
blog/redes-sociais-para-imoveis-em-iguape-iguape.html,../cidades/santos.html,interno_relativo,,,,
blog/redes-sociais-para-imoveis-em-iguape-iguape.html,../bairros/index.html,interno_relativo,,,,
blog/redes-sociais-para-imoveis-em-iguape-iguape.html,../sitemap.xml,interno_relativo,,,,
blog/redes-sociais-para-imoveis-em-ilhabela-ilhabela.html,../servicos.html,interno_relativo,,,,
blog/redes-sociais-para-imoveis-em-ilhabela-ilhabela.html,../education/cursos/index.html,interno_relativo,,,,
blog/redes-sociais-para-imoveis-em-ilhabela-ilhabela.html,../cidades/santos.html,interno_relativo,,,,
blog/redes-sociais-para-imoveis-em-ilhabela-ilhabela.html,../bairros/index.html,interno_relativo,,,,
blog/redes-sociais-para-imoveis-em-ilhabela-ilhabela.html,../sitemap.xml,interno_relativo,,,,
blog/redes-sociais-para-imoveis-em-maresias-maresias.html,../servicos.html,interno_relativo,,,,
blog/redes-sociais-para-imoveis-em-maresias-maresias.html,../education/cursos/index.html,interno_relativo,,,,
blog/redes-sociais-para-imoveis-em-maresias-maresias.html,../cidades/santos.html,interno_relativo,,,,
blog/redes-sociais-para-imoveis-em-maresias-maresias.html,../bairros/index.html,interno_relativo,,,,
blog/redes-sociais-para-imoveis-em-maresias-maresias.html,../sitemap.xml,interno_relativo,,,,
blog/redes-sociais-para-imoveis-em-ubatuba-ubatuba.html,../servicos.html,interno_relativo,,,,
blog/redes-sociais-para-imoveis-em-ubatuba-ubatuba.html,../education/cursos/index.html,interno_relativo,,,,
blog/redes-sociais-para-imoveis-em-ubatuba-ubatuba.html,../cidades/santos.html,interno_relativo,,,,
blog/redes-sociais-para-imoveis-em-ubatuba-ubatuba.html,../bairros/index.html,interno_relativo,,,,
blog/redes-sociais-para-imoveis-em-ubatuba-ubatuba.html,../sitemap.xml,interno_relativo,,,,
blog/reducao-custos-imobiliaria-litoral-2026.html,../sitemap.xml,interno_relativo,,,,
blog/reducao-custos-imobiliaria-litoral-2026.html,../servicos.html,interno_relativo,,,,
blog/reducao-custos-imobiliaria-litoral-2026.html,../education/cursos/index.html,interno_relativo,,,,
blog/reducao-custos-imobiliaria-litoral-2026.html,../cidades/santos.html,interno_relativo,,,,
blog/reducao-custos-imobiliaria-litoral-2026.html,../bairros/index.html,interno_relativo,,,,
blog/reducao-custos-imobiliarias-litoral-2026.html,../cases/case-imobiliaria-porto-da-lua-35-leads-2026.html,interno_relativo,,,,
blog/reducao-custos-imobiliarias-litoral-2026.html,../seo-local-imobiliaria-litoral-passo-a-passo-2026-08-11.html,interno_relativo,,,,
blog/reducao-custos-imobiliarias-litoral-2026.html,../captacao-imoveis-sem-anuncios-pagos-corretores-litoral-2026.html,interno_relativo,,,,
blog/reducao-custos-imobiliarias-litoral-2026.html,../aluguel-por-temporada-dicas-proprietarios-2026.html,interno_relativo,,,,
blog/reducao-custos-imobiliarias-litoral-2026.html,../servicos.html,interno_relativo,,,,
blog/reducao-custos-imobiliarias-litoral-2026.html,../education/cursos/index.html,interno_relativo,,,,
blog/reducao-custos-imobiliarias-litoral-2026.html,../cidades/santos.html,interno_relativo,,,,
blog/reducao-custos-imobiliarias-litoral-2026.html,../bairros/index.html,interno_relativo,,,,
blog/reducao-custos-imobiliarias-litoral-2026.html,../sitemap.xml,interno_relativo,,,,
blog/reducao-custos-operacionais-imobiliarias-2026.html,../servicos.html,interno_relativo,,,,
blog/reducao-custos-operacionais-imobiliarias-2026.html,../education/cursos/index.html,interno_relativo,,,,
blog/reducao-custos-operacionais-imobiliarias-2026.html,../cidades/santos.html,interno_relativo,,,,
blog/reducao-custos-operacionais-imobiliarias-2026.html,../bairros/index.html,interno_relativo,,,,
blog/reducao-custos-operacionais-imobiliarias-2026.html,../sitemap.xml,interno_relativo,,,,
blog/reducao-custos-operacionais-imobiliarias-litoral-2026.html,../servicos.html,interno_relativo,,,,
blog/reducao-custos-operacionais-imobiliarias-litoral-2026.html,../education/cursos/index.html,interno_relativo,,,,
blog/reducao-custos-operacionais-imobiliarias-litoral-2026.html,../cidades/santos.html,interno_relativo,,,,
blog/reducao-custos-operacionais-imobiliarias-litoral-2026.html,../bairros/index.html,interno_relativo,,,,
blog/reducao-custos-operacionais-imobiliarias-litoral-2026.html,../sitemap.xml,interno_relativo,,,,
blog/reducao-vazio-ocupacional-litoral-paulista-2026.html,../servicos.html,interno_relativo,,,,
blog/reducao-vazio-ocupacional-litoral-paulista-2026.html,../education/cursos/index.html,interno_relativo,,,,
blog/reducao-vazio-ocupacional-litoral-paulista-2026.html,../cidades/santos.html,interno_relativo,,,,
blog/reducao-vazio-ocupacional-litoral-paulista-2026.html,../bairros/index.html,interno_relativo,,,,
blog/reducao-vazio-ocupacional-litoral-paulista-2026.html,../sitemap.xml,interno_relativo,,,,
blog/reduzir-custos-captacao-imoveis-litoral-2026-08-12.html,../automacao-captacao-imoveis-litoral-passos.html,interno_relativo,,,,
blog/reduzir-custos-captacao-imoveis-litoral-2026-08-12.html,../anunciar-imoveis-google-litoral-paulista-2026.html,interno_relativo,,,,
blog/reduzir-custos-captacao-imoveis-litoral-2026-08-12.html,../sitemap.xml,interno_relativo,,,,
blog/reduzir-custos-captacao-imoveis-litoral-2026-08-12.html,../servicos.html,interno_relativo,,,,
blog/reduzir-custos-captacao-imoveis-litoral-2026-08-12.html,../education/cursos/index.html,interno_relativo,,,,
blog/reduzir-custos-captacao-imoveis-litoral-2026-08-12.html,../cidades/santos.html,interno_relativo,,,,
blog/reduzir-custos-captacao-imoveis-litoral-2026-08-12.html,../bairros/index.html,interno_relativo,,,,
blog/reduzir-custos-captacao-leads-imobiliarias-litoral-2026.html,../servicos.html,interno_relativo,,,,
blog/reduzir-custos-captacao-leads-imobiliarias-litoral-2026.html,../education/cursos/index.html,interno_relativo,,,,
blog/reduzir-custos-captacao-leads-imobiliarias-litoral-2026.html,../cidades/santos.html,interno_relativo,,,,
blog/reduzir-custos-captacao-leads-imobiliarias-litoral-2026.html,../bairros/index.html,interno_relativo,,,,
blog/reduzir-custos-captacao-leads-imobiliarias-litoral-2026.html,../sitemap.xml,interno_relativo,,,,
blog/reduzir-custos-compra-imovel-litoral-sem-seguranca-2026.html,../impostos-compra-imovel-litoral-2026.html,interno_relativo,,,,
blog/reduzir-inadimplencia-alugueis-temporada-2026.html,../servicos.html,interno_relativo,,,,
blog/reduzir-inadimplencia-alugueis-temporada-2026.html,../education/cursos/index.html,interno_relativo,,,,
blog/reduzir-inadimplencia-alugueis-temporada-2026.html,../cidades/santos.html,interno_relativo,,,,
blog/reduzir-inadimplencia-alugueis-temporada-2026.html,../bairros/index.html,interno_relativo,,,,
blog/reduzir-inadimplencia-alugueis-temporada-2026.html,../sitemap.xml,interno_relativo,,,,
blog/reduzir-tempo-fechamento-litoral-paulista-2026.html,../servicos.html,interno_relativo,,,,
blog/reduzir-tempo-fechamento-litoral-paulista-2026.html,../education/cursos/index.html,interno_relativo,,,,
blog/reduzir-tempo-fechamento-litoral-paulista-2026.html,../cidades/santos.html,interno_relativo,,,,
blog/reduzir-tempo-fechamento-litoral-paulista-2026.html,../bairros/index.html,interno_relativo,,,,
blog/reduzir-tempo-fechamento-litoral-paulista-2026.html,../sitemap.xml,interno_relativo,,,,
blog/reels-antes-depois-imoveis-litoral-2026.html,reels-curtos-imobiliarias-litoral-2026.html,interno_relativo,,,,
blog/reels-antes-depois-imoveis-litoral-2026.html,roteiro-video-venda-imoveis-litoral-2026.html,interno_relativo,,,,
blog/reels-antes-depois-imoveis-litoral-2026.html,../servicos.html,interno_relativo,,,,
blog/reels-antes-depois-imoveis-litoral-2026.html,../education/cursos/index.html,interno_relativo,,,,
blog/reels-antes-depois-imoveis-litoral-2026.html,../cidades/santos.html,interno_relativo,,,,
blog/reels-antes-depois-imoveis-litoral-2026.html,../bairros/index.html,interno_relativo,,,,
blog/reels-antes-depois-imoveis-litoral-2026.html,../sitemap.xml,interno_relativo,,,,
blog/reels-curtos-imobiliarias-litoral-2026.html,video-marketing-imobiliarias-litoral-2026.html,interno_relativo,,,,
blog/reels-curtos-imobiliarias-litoral-2026.html,roteiro-video-venda-imoveis-litoral-2026.html,interno_relativo,,,,
blog/reels-curtos-imobiliarias-litoral-2026.html,../servicos.html,interno_relativo,,,,
blog/reels-curtos-imobiliarias-litoral-2026.html,../education/cursos/index.html,interno_relativo,,,,
blog/reels-curtos-imobiliarias-litoral-2026.html,../cidades/santos.html,interno_relativo,,,,
blog/reels-curtos-imobiliarias-litoral-2026.html,../bairros/index.html,interno_relativo,,,,
blog/reels-curtos-imobiliarias-litoral-2026.html,../sitemap.xml,interno_relativo,,,,
blog/reels-imoveis-litoral-paulista-2026.html,../servicos.html,interno_relativo,,,,
blog/reels-imoveis-litoral-paulista-2026.html,../education/cursos/index.html,interno_relativo,,,,
blog/reels-imoveis-litoral-paulista-2026.html,../cidades/santos.html,interno_relativo,,,,
blog/reels-imoveis-litoral-paulista-2026.html,../bairros/index.html,interno_relativo,,,,
blog/reels-imoveis-litoral-paulista-2026.html,../sitemap.xml,interno_relativo,,,,
blog/reels-imovel-litoral-7-modelos-viralizam-geram-leads.html,../instagram-imobiliarias-litoral-roteiro-conteudo-converte.html,interno_relativo,,,,
blog/reels-imovel-litoral-7-modelos-viralizam-geram-leads.html,../conteudo-instagram-imobiliaria-15-ideias-geram-consultas.html,interno_relativo,,,,
blog/reels-imovel-litoral-7-modelos-viralizam-geram-leads.html,../instagram-ads-imobiliarias-campanhas-geram-leads-litoral.html,interno_relativo,,,,
blog/reels-para-imobiliarias-em-bertioga-bertioga.html,../servicos.html,interno_relativo,,,,
blog/reels-para-imobiliarias-em-bertioga-bertioga.html,../education/cursos/index.html,interno_relativo,,,,
blog/reels-para-imobiliarias-em-bertioga-bertioga.html,../cidades/santos.html,interno_relativo,,,,
blog/reels-para-imobiliarias-em-bertioga-bertioga.html,../bairros/index.html,interno_relativo,,,,
blog/reels-para-imobiliarias-em-bertioga-bertioga.html,../sitemap.xml,interno_relativo,,,,
blog/reels-para-imobiliarias-em-cananeia-cananeia.html,../servicos.html,interno_relativo,,,,
blog/reels-para-imobiliarias-em-cananeia-cananeia.html,../education/cursos/index.html,interno_relativo,,,,
blog/reels-para-imobiliarias-em-cananeia-cananeia.html,../cidades/santos.html,interno_relativo,,,,
blog/reels-para-imobiliarias-em-cananeia-cananeia.html,../bairros/index.html,interno_relativo,,,,
blog/reels-para-imobiliarias-em-cananeia-cananeia.html,../sitemap.xml,interno_relativo,,,,
blog/reels-para-imobiliarias-em-caraguatatuba-caraguatatuba.html,../servicos.html,interno_relativo,,,,
blog/reels-para-imobiliarias-em-caraguatatuba-caraguatatuba.html,../education/cursos/index.html,interno_relativo,,,,
blog/reels-para-imobiliarias-em-caraguatatuba-caraguatatuba.html,../cidades/santos.html,interno_relativo,,,,
blog/reels-para-imobiliarias-em-caraguatatuba-caraguatatuba.html,../bairros/index.html,interno_relativo,,,,
blog/reels-para-imobiliarias-em-caraguatatuba-caraguatatuba.html,../sitemap.xml,interno_relativo,,,,
blog/reels-para-imobiliarias-em-guaruja-guaruja.html,../servicos.html,interno_relativo,,,,
blog/reels-para-imobiliarias-em-guaruja-guaruja.html,../education/cursos/index.html,interno_relativo,,,,
blog/reels-para-imobiliarias-em-guaruja-guaruja.html,../cidades/santos.html,interno_relativo,,,,
blog/reels-para-imobiliarias-em-guaruja-guaruja.html,../bairros/index.html,interno_relativo,,,,
blog/reels-para-imobiliarias-em-guaruja-guaruja.html,../sitemap.xml,interno_relativo,,,,
blog/reels-para-imobiliarias-em-ilhabela-ilhabela.html,../servicos.html,interno_relativo,,,,
blog/reels-para-imobiliarias-em-ilhabela-ilhabela.html,../education/cursos/index.html,interno_relativo,,,,
blog/reels-para-imobiliarias-em-ilhabela-ilhabela.html,../cidades/santos.html,interno_relativo,,,,
blog/reels-para-imobiliarias-em-ilhabela-ilhabela.html,../bairros/index.html,interno_relativo,,,,
blog/reels-para-imobiliarias-em-ilhabela-ilhabela.html,../sitemap.xml,interno_relativo,,,,
blog/reels-para-imobiliarias-em-ubatuba-ubatuba.html,../servicos.html,interno_relativo,,,,
blog/reels-para-imobiliarias-em-ubatuba-ubatuba.html,../education/cursos/index.html,interno_relativo,,,,
blog/reels-para-imobiliarias-em-ubatuba-ubatuba.html,../cidades/santos.html,interno_relativo,,,,
blog/reels-para-imobiliarias-em-ubatuba-ubatuba.html,../bairros/index.html,interno_relativo,,,,
blog/reels-para-imobiliarias-em-ubatuba-ubatuba.html,../sitemap.xml,interno_relativo,,,,
blog/refinanciamento-imovel-praia-quando-vale-pena-2026.html,../financiamento-imoveis-litoral-aprovar-mais-rapido-2026.html,interno_relativo,,,,
blog/refinanciamento-imovel-praia-quando-vale-pena-2026.html,../financiamento-imovel-praia-documentacao-aprovar.html,interno_relativo,,,,
blog/refinanciamento-imovel-praia-quando-vale-pena-2026.html,../financiamento-social-imoveis-quando-vale-pena-corretores.html,interno_relativo,,,,
blog/reforma-imovel-alugar-temporada-litoral-2026.html,../servicos.html,interno_relativo,,,,
blog/reforma-imovel-alugar-temporada-litoral-2026.html,../education/cursos/index.html,interno_relativo,,,,
blog/reforma-imovel-alugar-temporada-litoral-2026.html,../cidades/santos.html,interno_relativo,,,,
blog/reforma-imovel-alugar-temporada-litoral-2026.html,../bairros/index.html,interno_relativo,,,,
blog/reforma-imovel-alugar-temporada-litoral-2026.html,../sitemap.xml,interno_relativo,,,,
blog/reforma-imovel-aumentar-valor-litoral-2026.html,../checklist-cuidados-pos-obra-imovel-planta-litoral-2026.html,interno_relativo,,,,
blog/reforma-imovel-litoral-custo-beneficio-2026.html,../reforma-imovel-litoral-rentabilidade-2026.html,interno_relativo,,,,
blog/reforma-imovel-litoral-licenca-prefeitura-2026.html,../reforma-imovel-litoral-custo-beneficio-2026.html,interno_relativo,,,,
blog/reforma-imovel-litoral-rentabilidade-2026.html,../reforma-imovel-aumentar-valor-litoral-2026.html,interno_relativo,,,,
blog/reforma-imovel-praia-2026.html,../servicos.html,interno_relativo,,,,
blog/reforma-imovel-praia-2026.html,../education/cursos/index.html,interno_relativo,,,,
blog/reforma-imovel-praia-2026.html,../cidades/santos.html,interno_relativo,,,,
blog/reforma-imovel-praia-2026.html,../bairros/index.html,interno_relativo,,,,
blog/reforma-imovel-praia-2026.html,../sitemap.xml,interno_relativo,,,,
blog/reforma-imovel-venda-litoral-paulista-2026.html,../servicos.html,interno_relativo,,,,
blog/reforma-imovel-venda-litoral-paulista-2026.html,../education/cursos/index.html,interno_relativo,,,,
blog/reforma-imovel-venda-litoral-paulista-2026.html,../cidades/santos.html,interno_relativo,,,,
blog/reforma-imovel-venda-litoral-paulista-2026.html,../bairros/index.html,interno_relativo,,,,
blog/reforma-imovel-venda-litoral-paulista-2026.html,../sitemap.xml,interno_relativo,,,,
blog/reforma-pequena-retorno-temporada.html,../servicos.html,interno_relativo,,,,
blog/reforma-pequena-retorno-temporada.html,../education/cursos/index.html,interno_relativo,,,,
blog/reforma-pequena-retorno-temporada.html,../cidades/santos.html,interno_relativo,,,,
blog/reforma-pequena-retorno-temporada.html,../bairros/index.html,interno_relativo,,,,
blog/reforma-pequena-retorno-temporada.html,../sitemap.xml,interno_relativo,,,,
blog/reforma-rapida-imovel-litoral-vender-mais-2026.html,../checklist-pre-venda-imovel-litoral-anuncio-assinatura-2026.html,interno_relativo,,,,
blog/reforma-temporada-litoral-antes-depois-2026.html,../servicos.html,interno_relativo,,,,
blog/reforma-temporada-litoral-antes-depois-2026.html,../education/cursos/index.html,interno_relativo,,,,
blog/reforma-temporada-litoral-antes-depois-2026.html,../cidades/santos.html,interno_relativo,,,,
blog/reforma-temporada-litoral-antes-depois-2026.html,../bairros/index.html,interno_relativo,,,,
blog/reforma-temporada-litoral-antes-depois-2026.html,../sitemap.xml,interno_relativo,,,,
blog/reforma-temporada-litoral-paulista-2026.html,../servicos.html,interno_relativo,,,,
blog/reforma-temporada-litoral-paulista-2026.html,../education/cursos/index.html,interno_relativo,,,,
blog/reforma-temporada-litoral-paulista-2026.html,../cidades/santos.html,interno_relativo,,,,
blog/reforma-temporada-litoral-paulista-2026.html,../bairros/index.html,interno_relativo,,,,
blog/reforma-temporada-litoral-paulista-2026.html,../sitemap.xml,interno_relativo,,,,
blog/registro-imoveis-litoral-certidao-pratica-2026.html,../documentos-essenciais-compra-imovel-litoral-2026.html,interno_relativo,,,,
blog/registro-imoveis-litoral-certidao-pratica-2026.html,../gestao-imobiliaria-litoral-equipe-processos-2026.html,interno_relativo,,,,
blog/registro-imovel-litoral-cartorio-prazos-custos-2026.html,../checklist-compra-imovel-vista-litoral-2026.html,interno_relativo,,,,
blog/registro-imovel-litoral-paulista-2026.html,contrato-compra-venda-imovel-litoral-2026.html,interno_relativo,,,,
blog/registro-imovel-litoral-paulista-2026.html,transferencia-imovel-litoral-paulista-2026.html,interno_relativo,,,,
blog/registro-imovel-litoral-paulista-2026.html,../servicos.html,interno_relativo,,,,
blog/registro-imovel-litoral-paulista-2026.html,../education/cursos/index.html,interno_relativo,,,,
blog/registro-imovel-litoral-paulista-2026.html,../cidades/santos.html,interno_relativo,,,,
blog/registro-imovel-litoral-paulista-2026.html,../bairros/index.html,interno_relativo,,,,
blog/registro-imovel-litoral-paulista-2026.html,../sitemap.xml,interno_relativo,,,,
blog/regras-temporada-proprietarios-imoveis-litoral-2026.html,../servicos.html,interno_relativo,,,,
blog/regras-temporada-proprietarios-imoveis-litoral-2026.html,../education/cursos/index.html,interno_relativo,,,,
blog/regras-temporada-proprietarios-imoveis-litoral-2026.html,../cidades/santos.html,interno_relativo,,,,
blog/regras-temporada-proprietarios-imoveis-litoral-2026.html,../bairros/index.html,interno_relativo,,,,
blog/regras-temporada-proprietarios-imoveis-litoral-2026.html,../sitemap.xml,interno_relativo,,,,
blog/regularizacao-imovel-litoral-documentacao-essencial-2026.html,../documentacao-completa-venda-imovel-litoral-passo-passo-2026.html,interno_relativo,,,,
blog/relatorios-fechar-parcerias-imobiliarias-2026.html,../servicos.html,interno_relativo,,,,
blog/relatorios-fechar-parcerias-imobiliarias-2026.html,../education/cursos/index.html,interno_relativo,,,,
blog/relatorios-fechar-parcerias-imobiliarias-2026.html,../cidades/santos.html,interno_relativo,,,,
blog/relatorios-fechar-parcerias-imobiliarias-2026.html,../bairros/index.html,interno_relativo,,,,
blog/relatorios-fechar-parcerias-imobiliarias-2026.html,../sitemap.xml,interno_relativo,,,,
blog/relatorios-imobiliarias-litoral-2026.html,../servicos.html,interno_relativo,,,,
blog/relatorios-imobiliarias-litoral-2026.html,../education/cursos/index.html,interno_relativo,,,,
blog/relatorios-imobiliarias-litoral-2026.html,../cidades/santos.html,interno_relativo,,,,
blog/relatorios-imobiliarias-litoral-2026.html,../bairros/index.html,interno_relativo,,,,
blog/relatorios-imobiliarias-litoral-2026.html,../sitemap.xml,interno_relativo,,,,
blog/relatorios-mercado-imobiliario-ia.html,/,interno_absoluto,,,,
blog/relatorios-mercado-imobiliario-ia.html,../sitemap.xml,interno_relativo,,,,
blog/relatorios-mercado-imobiliario-ia.html,../servicos.html,interno_relativo,,,,
blog/relatorios-mercado-imobiliario-ia.html,../education/cursos/index.html,interno_relativo,,,,
blog/relatorios-mercado-imobiliario-ia.html,../cidades/santos.html,interno_relativo,,,,
blog/relatorios-mercado-imobiliario-ia.html,../bairros/index.html,interno_relativo,,,,
blog/remarketing-imobiliarias-litoral-pratico-2026.html,../meta-ads-imobiliarias-litoral-facebook-instagram-2026.html,interno_relativo,,,,
blog/remarketing-imobiliarias-litoral-pratico-2026.html,../funil-vendas-imobiliario-litoral-digital-2026.html,interno_relativo,,,,
blog/remarketing-imobiliarias-litoral-pratico-2026.html,../google-ads-imobiliarias-litoral-paulista-campanhas-2026.html,interno_relativo,,,,
blog/rentabilidade-imoveis-praia-2026.html,../ferramentas/vale-a-pena-comprar-2026.html,interno_relativo,,,,
blog/rentabilidade-imoveis-praia-2026.html,../ferramentas/pre-qualificacao-credito-2026.html,interno_relativo,,,,
blog/rentabilidade-imoveis-praia-2026.html,../ferramentas/airbnb-admin.html,interno_relativo,,,,
blog/rentabilidade-imoveis-praia-2026.html,../personas/investidor-ia-2026.html,interno_relativo,,,,
blog/rentabilidade-imoveis-praia-2026.html,../servicos.html,interno_relativo,,,,
blog/rentabilidade-imoveis-praia-2026.html,../education/cursos/index.html,interno_relativo,,,,
blog/rentabilidade-imoveis-praia-2026.html,../cidades/santos.html,interno_relativo,,,,
blog/rentabilidade-imoveis-praia-2026.html,../bairros/index.html,interno_relativo,,,,
blog/rentabilidade-imoveis-praia-2026.html,../sitemap.xml,interno_relativo,,,,
blog/rentabilidade-imoveis-temporada-litoral-2026.html,../analise-roi-imoveis-litoral-temporada-2026.html,interno_relativo,,,,
blog/rentabilidade-imoveis-temporada-litoral-2026.html,../risco-operacional-imobiliarias-litoral-temporada-2026.html,interno_relativo,,,,
blog/reputacao-digital-corretores-litoral-2026.html,../servicos.html,interno_relativo,,,,
blog/reputacao-digital-corretores-litoral-2026.html,../education/cursos/index.html,interno_relativo,,,,
blog/reputacao-digital-corretores-litoral-2026.html,../cidades/santos.html,interno_relativo,,,,
blog/reputacao-digital-corretores-litoral-2026.html,../bairros/index.html,interno_relativo,,,,
blog/reputacao-digital-corretores-litoral-2026.html,../sitemap.xml,interno_relativo,,,,
blog/reputacao-digital-imobiliaria-litoral-2026.html,../sitemap.xml,interno_relativo,,,,
blog/reputacao-digital-imobiliaria-litoral-2026.html,../servicos.html,interno_relativo,,,,
blog/reputacao-digital-imobiliaria-litoral-2026.html,../education/cursos/index.html,interno_relativo,,,,
blog/reputacao-digital-imobiliaria-litoral-2026.html,../cidades/santos.html,interno_relativo,,,,
blog/reputacao-digital-imobiliaria-litoral-2026.html,../bairros/index.html,interno_relativo,,,,
blog/reserva-imovel-praia-2026.html,../servicos.html,interno_relativo,,,,
blog/reserva-imovel-praia-2026.html,../education/cursos/index.html,interno_relativo,,,,
blog/reserva-imovel-praia-2026.html,../cidades/santos.html,interno_relativo,,,,
blog/reserva-imovel-praia-2026.html,../bairros/index.html,interno_relativo,,,,
blog/reserva-imovel-praia-2026.html,../sitemap.xml,interno_relativo,,,,
blog/resolver-duvidas-comprador-2026.html,../servicos.html,interno_relativo,,,,
blog/resolver-duvidas-comprador-2026.html,../education/cursos/index.html,interno_relativo,,,,
blog/resolver-duvidas-comprador-2026.html,../cidades/santos.html,interno_relativo,,,,
blog/resolver-duvidas-comprador-2026.html,../bairros/index.html,interno_relativo,,,,
blog/resolver-duvidas-comprador-2026.html,../sitemap.xml,interno_relativo,,,,
blog/responsabilidade-civil-aluguel-temporada-litoral-2026.html,../seguro-residencial-litoral-cobertura-seus-direitos-2026.html,interno_relativo,,,,
blog/resultados-ia-imobiliaria-litoral.html,/,interno_absoluto,,,,
blog/resultados-ia-imobiliaria-litoral.html,../sitemap.xml,interno_relativo,,,,
blog/resultados-ia-imobiliaria-litoral.html,../servicos.html,interno_relativo,,,,
blog/resultados-ia-imobiliaria-litoral.html,../education/cursos/index.html,interno_relativo,,,,
blog/resultados-ia-imobiliaria-litoral.html,../cidades/santos.html,interno_relativo,,,,
blog/resultados-ia-imobiliaria-litoral.html,../bairros/index.html,interno_relativo,,,,
blog/retencao-clientes-imobiliarias-litoral-2026.html,../servicos.html,interno_relativo,,,,
blog/retencao-clientes-imobiliarias-litoral-2026.html,../education/cursos/index.html,interno_relativo,,,,
blog/retencao-clientes-imobiliarias-litoral-2026.html,../cidades/santos.html,interno_relativo,,,,
blog/retencao-clientes-imobiliarias-litoral-2026.html,../bairros/index.html,interno_relativo,,,,
blog/retencao-clientes-imobiliarias-litoral-2026.html,../sitemap.xml,interno_relativo,,,,
blog/retencao-clientes-litoral-metodo-pratico-2026.html,../servicos.html,interno_relativo,,,,
blog/retencao-clientes-litoral-metodo-pratico-2026.html,../education/cursos/index.html,interno_relativo,,,,
blog/retencao-clientes-litoral-metodo-pratico-2026.html,../cidades/santos.html,interno_relativo,,,,
blog/retencao-clientes-litoral-metodo-pratico-2026.html,../bairros/index.html,interno_relativo,,,,
blog/retencao-clientes-litoral-metodo-pratico-2026.html,../sitemap.xml,interno_relativo,,,,
blog/retencao-corretores-litoral-2026.html,../servicos.html,interno_relativo,,,,
blog/retencao-corretores-litoral-2026.html,../education/cursos/index.html,interno_relativo,,,,
blog/retencao-corretores-litoral-2026.html,../cidades/santos.html,interno_relativo,,,,
blog/retencao-corretores-litoral-2026.html,../bairros/index.html,interno_relativo,,,,
blog/retencao-corretores-litoral-2026.html,../sitemap.xml,interno_relativo,,,,
blog/retencao-imoveis-litoral-indicadores-2026.html,../indicadores-eficiencia-imobiliaria-litoral-2026.html,interno_relativo,,,,
blog/retencao-parceiros-litoral-manter-imobiliarias-2026.html,../servicos.html,interno_relativo,,,,
blog/retencao-parceiros-litoral-manter-imobiliarias-2026.html,../education/cursos/index.html,interno_relativo,,,,
blog/retencao-parceiros-litoral-manter-imobiliarias-2026.html,../cidades/santos.html,interno_relativo,,,,
blog/retencao-parceiros-litoral-manter-imobiliarias-2026.html,../bairros/index.html,interno_relativo,,,,
blog/retencao-parceiros-litoral-manter-imobiliarias-2026.html,../sitemap.xml,interno_relativo,,,,
blog/retencao-talentos-imobiliarias-litoral-2026.html,../clima-organizacional-imobiliarias-litoral-2026.html,interno_relativo,,,,
blog/retencao-talentos-imobiliarias-litoral-2026.html,../indicadores-imobiliarios-corretores-litoral-2026.html,interno_relativo,,,,
blog/retomada-aluguel-temporada-2026.html,../sitemap.xml,interno_relativo,,,,
blog/retomada-aluguel-temporada-2026.html,../servicos.html,interno_relativo,,,,
blog/retomada-aluguel-temporada-2026.html,../education/cursos/index.html,interno_relativo,,,,
blog/retomada-aluguel-temporada-2026.html,../cidades/santos.html,interno_relativo,,,,
blog/retomada-aluguel-temporada-2026.html,../bairros/index.html,interno_relativo,,,,
blog/retorno-aluguel-temporada-indicadores-2026.html,../rentabilidade-aluguel-temporada-cidade-litoral-paulista-2026.html,interno_relativo,,,,
blog/retorno-investimento-imoveis-litoral-paulista-2026.html,../servicos.html,interno_relativo,,,,
blog/retorno-investimento-imoveis-litoral-paulista-2026.html,../education/cursos/index.html,interno_relativo,,,,
blog/retorno-investimento-imoveis-litoral-paulista-2026.html,../cidades/santos.html,interno_relativo,,,,
blog/retorno-investimento-imoveis-litoral-paulista-2026.html,../bairros/index.html,interno_relativo,,,,
blog/retorno-investimento-imoveis-litoral-paulista-2026.html,../sitemap.xml,interno_relativo,,,,
blog/retorno-investimento-imoveis-praia-2026.html,../servicos.html,interno_relativo,,,,
blog/retorno-investimento-imoveis-praia-2026.html,../education/cursos/index.html,interno_relativo,,,,
blog/retorno-investimento-imoveis-praia-2026.html,../cidades/santos.html,interno_relativo,,,,
blog/retorno-investimento-imoveis-praia-2026.html,../bairros/index.html,interno_relativo,,,,
blog/retorno-investimento-imoveis-praia-2026.html,../sitemap.xml,interno_relativo,,,,
blog/retorno-parceria-imobiliaria-litoral-2026.html,/,interno_absoluto,,,,
blog/retorno-parceria-imobiliaria-litoral-2026.html,../servicos.html,interno_relativo,,,,
blog/retorno-parceria-imobiliaria-litoral-2026.html,../education/cursos/index.html,interno_relativo,,,,
blog/retorno-parceria-imobiliaria-litoral-2026.html,../cidades/santos.html,interno_relativo,,,,
blog/retorno-parceria-imobiliaria-litoral-2026.html,../bairros/index.html,interno_relativo,,,,
blog/retorno-parceria-imobiliaria-litoral-2026.html,../sitemap.xml,interno_relativo,,,,
blog/retrofit-imovel-litoral-valorizacao-2026.html,../reforma-imovel-aumentar-valor-litoral-2026.html,interno_relativo,,,,
blog/revpar-adr-occupancy-imoveis-temporada-litoral-2026.html,../analise-roi-imoveis-litoral-temporada-2026.html,interno_relativo,,,,
blog/revpar-adr-occupancy-imoveis-temporada-litoral-2026.html,../risco-operacional-imobiliarias-litoral-temporada-2026.html,interno_relativo,,,,
blog/risco-operacional-imobiliarias-litoral-temporada-2026.html,../analise-roi-imoveis-litoral-temporada-2026.html,interno_relativo,,,,
blog/risco-operacional-imobiliarias-litoral-temporada-2026.html,../gestao-imobiliaria-litoral-equipe-processos-2026.html,interno_relativo,,,,
blog/riviera-de-sao-lourenco-vs-litoral-norte-sp-2026.html,../bairros/bertioga/riviera-de-sao-lourenco.html,interno_relativo,,,,
blog/riviera-de-sao-lourenco-vs-litoral-norte-sp-2026.html,../cidades/sao-sebastiao.html,interno_relativo,,,,
blog/riviera-de-sao-lourenco-vs-litoral-norte-sp-2026.html,../cidades/ilhabela.html,interno_relativo,,,,
blog/riviera-de-sao-lourenco-vs-litoral-norte-sp-2026.html,../cidades/caraguatatuba.html,interno_relativo,,,,
blog/riviera-de-sao-lourenco-vs-litoral-norte-sp-2026.html,../education/cursos/analise-de-rentabilidade/index.html,interno_relativo,,,,
blog/riviera-de-sao-lourenco-vs-litoral-norte-sp-2026.html,../5-sinais-imovel-subvalorizado-litoral-2026-08-05.html,interno_relativo,,,,
blog/riviera-de-sao-lourenco-vs-litoral-norte-sp-2026.html,../imoveis/,interno_relativo,,,,
blog/riviera-vale-a-pena-2026.html,../servicos.html,interno_relativo,,,,
blog/riviera-vale-a-pena-2026.html,../education/cursos/index.html,interno_relativo,,,,
blog/riviera-vale-a-pena-2026.html,../cidades/santos.html,interno_relativo,,,,
blog/riviera-vale-a-pena-2026.html,../bairros/index.html,interno_relativo,,,,
blog/riviera-vale-a-pena-2026.html,../sitemap.xml,interno_relativo,,,,
blog/roadmap-capacitacao-imobiliaria-digital-2026.html,../sitemap.xml,interno_relativo,,,,
blog/roadmap-capacitacao-imobiliaria-digital-2026.html,../servicos.html,interno_relativo,,,,
blog/roadmap-capacitacao-imobiliaria-digital-2026.html,../education/cursos/index.html,interno_relativo,,,,
blog/roadmap-capacitacao-imobiliaria-digital-2026.html,../cidades/santos.html,interno_relativo,,,,
blog/roadmap-capacitacao-imobiliaria-digital-2026.html,../bairros/index.html,interno_relativo,,,,
blog/roi-ferramentas-imobiliarias-litoral-2026.html,../servicos.html,interno_relativo,,,,
blog/roi-ferramentas-imobiliarias-litoral-2026.html,../education/cursos/index.html,interno_relativo,,,,
blog/roi-ferramentas-imobiliarias-litoral-2026.html,../cidades/santos.html,interno_relativo,,,,
blog/roi-ferramentas-imobiliarias-litoral-2026.html,../bairros/index.html,interno_relativo,,,,
blog/roi-ferramentas-imobiliarias-litoral-2026.html,../sitemap.xml,interno_relativo,,,,
blog/roi-ia-imobiliaria-litoral-paulista.html,/,interno_absoluto,,,,
blog/roi-ia-imobiliaria-litoral-paulista.html,../sitemap.xml,interno_relativo,,,,
blog/roi-ia-imobiliaria-litoral-paulista.html,../servicos.html,interno_relativo,,,,
blog/roi-ia-imobiliaria-litoral-paulista.html,../education/cursos/index.html,interno_relativo,,,,
blog/roi-ia-imobiliaria-litoral-paulista.html,../cidades/santos.html,interno_relativo,,,,
blog/roi-ia-imobiliaria-litoral-paulista.html,../bairros/index.html,interno_relativo,,,,
blog/roi-marketing-digital-imobiliaria-litoral-2026.html,../sitemap.xml,interno_relativo,,,,
blog/roi-marketing-digital-imobiliaria-litoral-2026.html,../servicos.html,interno_relativo,,,,
blog/roi-marketing-digital-imobiliaria-litoral-2026.html,../education/cursos/index.html,interno_relativo,,,,
blog/roi-marketing-digital-imobiliaria-litoral-2026.html,../cidades/santos.html,interno_relativo,,,,
blog/roi-marketing-digital-imobiliaria-litoral-2026.html,../bairros/index.html,interno_relativo,,,,
blog/roi-real-por-cidade-litoral-paulista-2026-07-26.html,../sitemap.xml,interno_relativo,,,,
blog/roi-real-por-cidade-litoral-paulista-2026-07-26.html,../servicos.html,interno_relativo,,,,
blog/roi-real-por-cidade-litoral-paulista-2026-07-26.html,../education/cursos/index.html,interno_relativo,,,,
blog/roi-real-por-cidade-litoral-paulista-2026-07-26.html,../cidades/santos.html,interno_relativo,,,,
blog/roi-real-por-cidade-litoral-paulista-2026-07-26.html,../bairros/index.html,interno_relativo,,,,
blog/roteiro-1-dia-caraguatatuba-compradores-imoveis-2026.html,../servicos.html,interno_relativo,,,,
blog/roteiro-1-dia-caraguatatuba-compradores-imoveis-2026.html,../education/cursos/index.html,interno_relativo,,,,
blog/roteiro-1-dia-caraguatatuba-compradores-imoveis-2026.html,../cidades/santos.html,interno_relativo,,,,
blog/roteiro-1-dia-caraguatatuba-compradores-imoveis-2026.html,../bairros/index.html,interno_relativo,,,,
blog/roteiro-1-dia-caraguatatuba-compradores-imoveis-2026.html,../sitemap.xml,interno_relativo,,,,
blog/roteiro-1-dia-ilhabela-compradores-imoveis-2026.html,../servicos.html,interno_relativo,,,,
blog/roteiro-1-dia-ilhabela-compradores-imoveis-2026.html,../education/cursos/index.html,interno_relativo,,,,
blog/roteiro-1-dia-ilhabela-compradores-imoveis-2026.html,../cidades/santos.html,interno_relativo,,,,
blog/roteiro-1-dia-ilhabela-compradores-imoveis-2026.html,../bairros/index.html,interno_relativo,,,,
blog/roteiro-1-dia-ilhabela-compradores-imoveis-2026.html,../sitemap.xml,interno_relativo,,,,
blog/roteiro-captacao-whatsapp-imoveis-2026.html,../sitemap.xml,interno_relativo,,,,
blog/roteiro-captacao-whatsapp-imoveis-2026.html,../servicos.html,interno_relativo,,,,
blog/roteiro-captacao-whatsapp-imoveis-2026.html,../education/cursos/index.html,interno_relativo,,,,
blog/roteiro-captacao-whatsapp-imoveis-2026.html,../cidades/santos.html,interno_relativo,,,,
blog/roteiro-captacao-whatsapp-imoveis-2026.html,../bairros/index.html,interno_relativo,,,,
blog/roteiro-de-follow-up-por-whatsapp-em-leads-frios-imobiliarios-em-itanhaém-2026-07-12.html,../servicos.html,interno_relativo,,,,
blog/roteiro-de-follow-up-por-whatsapp-em-leads-frios-imobiliarios-em-itanhaém-2026-07-12.html,../education/cursos/index.html,interno_relativo,,,,
blog/roteiro-de-follow-up-por-whatsapp-em-leads-frios-imobiliarios-em-itanhaém-2026-07-12.html,../cidades/santos.html,interno_relativo,,,,
blog/roteiro-de-follow-up-por-whatsapp-em-leads-frios-imobiliarios-em-itanhaém-2026-07-12.html,../bairros/index.html,interno_relativo,,,,
blog/roteiro-de-follow-up-por-whatsapp-em-leads-frios-imobiliarios-em-itanhaém-2026-07-12.html,../sitemap.xml,interno_relativo,,,,
blog/roteiro-de-video-imobiliario-1-minuto-em-redes-sociais-em-são-vicente-2026-07-12.html,../servicos.html,interno_relativo,,,,
blog/roteiro-de-video-imobiliario-1-minuto-em-redes-sociais-em-são-vicente-2026-07-12.html,../education/cursos/index.html,interno_relativo,,,,
blog/roteiro-de-video-imobiliario-1-minuto-em-redes-sociais-em-são-vicente-2026-07-12.html,../cidades/santos.html,interno_relativo,,,,
blog/roteiro-de-video-imobiliario-1-minuto-em-redes-sociais-em-são-vicente-2026-07-12.html,../bairros/index.html,interno_relativo,,,,
blog/roteiro-de-video-imobiliario-1-minuto-em-redes-sociais-em-são-vicente-2026-07-12.html,../sitemap.xml,interno_relativo,,,,
blog/roteiro-pos-visita-imobiliaria-litoral-2026.html,/,interno_absoluto,,,,
blog/roteiro-pos-visita-imobiliaria-litoral-2026.html,../servicos.html,interno_relativo,,,,
blog/roteiro-pos-visita-imobiliaria-litoral-2026.html,../education/cursos/index.html,interno_relativo,,,,
blog/roteiro-pos-visita-imobiliaria-litoral-2026.html,../cidades/santos.html,interno_relativo,,,,
blog/roteiro-pos-visita-imobiliaria-litoral-2026.html,../bairros/index.html,interno_relativo,,,,
blog/roteiro-pos-visita-imobiliaria-litoral-2026.html,../sitemap.xml,interno_relativo,,,,
blog/roteiro-video-diario-assinatura-24-07-2026.html,../sitemap.xml,interno_relativo,,,,
blog/roteiro-video-diario-assinatura-24-07-2026.html,../servicos.html,interno_relativo,,,,
blog/roteiro-video-diario-assinatura-24-07-2026.html,../education/cursos/index.html,interno_relativo,,,,
blog/roteiro-video-diario-assinatura-24-07-2026.html,../cidades/santos.html,interno_relativo,,,,
blog/roteiro-video-diario-assinatura-24-07-2026.html,../bairros/index.html,interno_relativo,,,,
blog/roteiro-video-diario-avaliacao-preco-22-07-2026.html,../sitemap.xml,interno_relativo,,,,
blog/roteiro-video-diario-avaliacao-preco-22-07-2026.html,../servicos.html,interno_relativo,,,,
blog/roteiro-video-diario-avaliacao-preco-22-07-2026.html,../education/cursos/index.html,interno_relativo,,,,
blog/roteiro-video-diario-avaliacao-preco-22-07-2026.html,../cidades/santos.html,interno_relativo,,,,
blog/roteiro-video-diario-avaliacao-preco-22-07-2026.html,../bairros/index.html,interno_relativo,,,,
blog/roteiro-video-diario-bertioga-estoril-21-07-2026.html,../sitemap.xml,interno_relativo,,,,
blog/roteiro-video-diario-bertioga-estoril-21-07-2026.html,../servicos.html,interno_relativo,,,,
blog/roteiro-video-diario-bertioga-estoril-21-07-2026.html,../education/cursos/index.html,interno_relativo,,,,
blog/roteiro-video-diario-bertioga-estoril-21-07-2026.html,../cidades/santos.html,interno_relativo,,,,
blog/roteiro-video-diario-bertioga-estoril-21-07-2026.html,../bairros/index.html,interno_relativo,,,,
blog/roteiro-video-diario-corretor-litoral-2026.html,../style.css,interno_relativo,,,,
blog/roteiro-video-diario-corretor-litoral-2026.html,/,interno_absoluto,,,,
blog/roteiro-video-diario-corretor-litoral-2026.html,../servico-fotografia-edicao.html,interno_relativo,,,,
blog/roteiro-video-diario-corretor-litoral-2026.html,../servicos.html,interno_relativo,,,,
blog/roteiro-video-diario-corretor-litoral-2026.html,../education/cursos/index.html,interno_relativo,,,,
blog/roteiro-video-diario-corretor-litoral-2026.html,../cidades/santos.html,interno_relativo,,,,
blog/roteiro-video-diario-corretor-litoral-2026.html,../bairros/index.html,interno_relativo,,,,
blog/roteiro-video-diario-corretor-litoral-2026.html,../sitemap.xml,interno_relativo,,,,
blog/roteiro-video-diario-imoveis-litoral.html,../sitemap.xml,interno_relativo,,,,
blog/roteiro-video-diario-imoveis-litoral.html,../servicos.html,interno_relativo,,,,
blog/roteiro-video-diario-imoveis-litoral.html,../education/cursos/index.html,interno_relativo,,,,
blog/roteiro-video-diario-imoveis-litoral.html,../cidades/santos.html,interno_relativo,,,,
blog/roteiro-video-diario-imoveis-litoral.html,../bairros/index.html,interno_relativo,,,,
blog/roteiro-video-diario-recomendacao-23-07-2026.html,../sitemap.xml,interno_relativo,,,,
blog/roteiro-video-diario-recomendacao-23-07-2026.html,../servicos.html,interno_relativo,,,,
blog/roteiro-video-diario-recomendacao-23-07-2026.html,../education/cursos/index.html,interno_relativo,,,,
blog/roteiro-video-diario-recomendacao-23-07-2026.html,../cidades/santos.html,interno_relativo,,,,
blog/roteiro-video-diario-recomendacao-23-07-2026.html,../bairros/index.html,interno_relativo,,,,
blog/roteiro-video-diario-semana31-alta-temporada-25-07-2026.html,../sitemap.xml,interno_relativo,,,,
blog/roteiro-video-diario-semana31-alta-temporada-25-07-2026.html,../servicos.html,interno_relativo,,,,
blog/roteiro-video-diario-semana31-alta-temporada-25-07-2026.html,../education/cursos/index.html,interno_relativo,,,,
blog/roteiro-video-diario-semana31-alta-temporada-25-07-2026.html,../cidades/santos.html,interno_relativo,,,,
blog/roteiro-video-diario-semana31-alta-temporada-25-07-2026.html,../bairros/index.html,interno_relativo,,,,
blog/roteiro-video-diario-semana31-captacao-whatsapp-27-07-2026.html,../sitemap.xml,interno_relativo,,,,
blog/roteiro-video-diario-semana31-captacao-whatsapp-27-07-2026.html,../servicos.html,interno_relativo,,,,
blog/roteiro-video-diario-semana31-captacao-whatsapp-27-07-2026.html,../education/cursos/index.html,interno_relativo,,,,
blog/roteiro-video-diario-semana31-captacao-whatsapp-27-07-2026.html,../cidades/santos.html,interno_relativo,,,,
blog/roteiro-video-diario-semana31-captacao-whatsapp-27-07-2026.html,../bairros/index.html,interno_relativo,,,,
blog/roteiro-video-diario-semana31-roi-por-cidade-26-07-2026.html,../sitemap.xml,interno_relativo,,,,
blog/roteiro-video-diario-semana31-roi-por-cidade-26-07-2026.html,../servicos.html,interno_relativo,,,,
blog/roteiro-video-diario-semana31-roi-por-cidade-26-07-2026.html,../education/cursos/index.html,interno_relativo,,,,
blog/roteiro-video-diario-semana31-roi-por-cidade-26-07-2026.html,../cidades/santos.html,interno_relativo,,,,
blog/roteiro-video-diario-semana31-roi-por-cidade-26-07-2026.html,../bairros/index.html,interno_relativo,,,,
blog/roteiro-video-diario-semana31-whitelabel-28-07-2026.html,../sitemap.xml,interno_relativo,,,,
blog/roteiro-video-diario-semana31-whitelabel-28-07-2026.html,../servicos.html,interno_relativo,,,,
blog/roteiro-video-diario-semana31-whitelabel-28-07-2026.html,../education/cursos/index.html,interno_relativo,,,,
blog/roteiro-video-diario-semana31-whitelabel-28-07-2026.html,../cidades/santos.html,interno_relativo,,,,
blog/roteiro-video-diario-semana31-whitelabel-28-07-2026.html,../bairros/index.html,interno_relativo,,,,
blog/roteiro-video-imoveis-curto-ia.html,/,interno_absoluto,,,,
blog/roteiro-video-imoveis-curto-ia.html,../sitemap.xml,interno_relativo,,,,
blog/roteiro-video-imoveis-curto-ia.html,../servicos.html,interno_relativo,,,,
blog/roteiro-video-imoveis-curto-ia.html,../education/cursos/index.html,interno_relativo,,,,
blog/roteiro-video-imoveis-curto-ia.html,../cidades/santos.html,interno_relativo,,,,
blog/roteiro-video-imoveis-curto-ia.html,../bairros/index.html,interno_relativo,,,,
blog/roteiro-video-venda-imoveis-litoral-2026.html,reels-curtos-imobiliarias-litoral-2026.html,interno_relativo,,,,
blog/roteiro-video-venda-imoveis-litoral-2026.html,storytelling-video-imoveis-litoral-2026.html,interno_relativo,,,,
blog/roteiro-video-venda-imoveis-litoral-2026.html,../servicos.html,interno_relativo,,,,
blog/roteiro-video-venda-imoveis-litoral-2026.html,../education/cursos/index.html,interno_relativo,,,,
blog/roteiro-video-venda-imoveis-litoral-2026.html,../cidades/santos.html,interno_relativo,,,,
blog/roteiro-video-venda-imoveis-litoral-2026.html,../bairros/index.html,interno_relativo,,,,
blog/roteiro-video-venda-imoveis-litoral-2026.html,../sitemap.xml,interno_relativo,,,,
blog/roteiro-videos-diarios-7dias-imobiliaria-litoral-2026.html,../sitemap.xml,interno_relativo,,,,
blog/roteiro-videos-diarios-7dias-imobiliaria-litoral-2026.html,../servicos.html,interno_relativo,,,,
blog/roteiro-videos-diarios-7dias-imobiliaria-litoral-2026.html,../education/cursos/index.html,interno_relativo,,,,
blog/roteiro-videos-diarios-7dias-imobiliaria-litoral-2026.html,../cidades/santos.html,interno_relativo,,,,
blog/roteiro-videos-diarios-7dias-imobiliaria-litoral-2026.html,../bairros/index.html,interno_relativo,,,,
blog/roteiro-visita-imoveis-litoral-observar-cada-comodo-2026.html,../checklist-inspecao-imovel-litoral-visita-segura-2026.html,interno_relativo,,,,
blog/roteiro-visita-imoveis-temporada-2026.html,checklist-avaliacao-imovel-download-2026.html,interno_relativo,,,,
blog/roteiro-visita-imoveis-temporada-2026.html,modelos-planilhas-corretores-litoral-2026.html,interno_relativo,,,,
blog/roteiro-visita-imoveis-temporada-2026.html,../servicos.html,interno_relativo,,,,
blog/roteiro-visita-imoveis-temporada-2026.html,../education/cursos/index.html,interno_relativo,,,,
blog/roteiro-visita-imoveis-temporada-2026.html,../cidades/santos.html,interno_relativo,,,,
blog/roteiro-visita-imoveis-temporada-2026.html,../bairros/index.html,interno_relativo,,,,
blog/roteiro-visita-imoveis-temporada-2026.html,../sitemap.xml,interno_relativo,,,,
blog/roteiro-visita-imovel-sem-software-2026.html,planilha-pipeline-vendas-imoveis-gratis-2026.html,interno_relativo,,,,
blog/roteiro-visita-imovel-sem-software-2026.html,checklist-avaliacao-imovel-download-2026.html,interno_relativo,,,,
blog/roteiro-visita-imovel-sem-software-2026.html,../servicos.html,interno_relativo,,,,
blog/roteiro-visita-imovel-sem-software-2026.html,../education/cursos/index.html,interno_relativo,,,,
blog/roteiro-visita-imovel-sem-software-2026.html,../cidades/santos.html,interno_relativo,,,,
blog/roteiro-visita-imovel-sem-software-2026.html,../bairros/index.html,interno_relativo,,,,
blog/roteiro-visita-imovel-sem-software-2026.html,../sitemap.xml,interno_relativo,,,,
blog/roteiro-visita-imovel-video-ia.html,../sitemap.xml,interno_relativo,,,,
blog/roteiro-visita-imovel-video-ia.html,../servicos.html,interno_relativo,,,,
blog/roteiro-visita-imovel-video-ia.html,../education/cursos/index.html,interno_relativo,,,,
blog/roteiro-visita-imovel-video-ia.html,../cidades/santos.html,interno_relativo,,,,
blog/roteiro-visita-imovel-video-ia.html,../bairros/index.html,interno_relativo,,,,
blog/roteiro-whatsapp-corretores-litoral-paulista-primeiro-contato-fechamento-2026.html,../crm-para-corretores-primeiro-contato-fechamento.html,interno_relativo,,,,
blog/roteiro-whatsapp-corretores-litoral-paulista-primeiro-contato-fechamento-2026.html,../checklist-followup-leads-litoral-paulista-2026.html,interno_relativo,,,,
blog/santos-orla-gastronomia-passeios-2026-sp-2026-07-14.html,../servicos.html,interno_relativo,,,,
blog/santos-orla-gastronomia-passeios-2026-sp-2026-07-14.html,../education/cursos/index.html,interno_relativo,,,,
blog/santos-orla-gastronomia-passeios-2026-sp-2026-07-14.html,../cidades/santos.html,interno_relativo,,,,
blog/santos-orla-gastronomia-passeios-2026-sp-2026-07-14.html,../bairros/index.html,interno_relativo,,,,
blog/santos-orla-gastronomia-passeios-2026-sp-2026-07-14.html,../sitemap.xml,interno_relativo,,,,
blog/sao-vicente-historico-monumentos-2026-sp-2026-07-14.html,../servicos.html,interno_relativo,,,,
blog/sao-vicente-historico-monumentos-2026-sp-2026-07-14.html,../education/cursos/index.html,interno_relativo,,,,
blog/sao-vicente-historico-monumentos-2026-sp-2026-07-14.html,../cidades/santos.html,interno_relativo,,,,
blog/sao-vicente-historico-monumentos-2026-sp-2026-07-14.html,../bairros/index.html,interno_relativo,,,,
blog/sao-vicente-historico-monumentos-2026-sp-2026-07-14.html,../sitemap.xml,interno_relativo,,,,
blog/satisfacao-cliente-imobiliarias-litoral-2026.html,experiencia-cliente-imoveis-litoral-2026.html,interno_relativo,,,,
blog/satisfacao-cliente-imobiliarias-litoral-2026.html,../modelo-pesquisa-satisfacao-imobiliaria-litoral-2026.md,interno_relativo,,,,
blog/satisfacao-cliente-imobiliarias-litoral-2026.html,../servicos.html,interno_relativo,,,,
blog/satisfacao-cliente-imobiliarias-litoral-2026.html,../education/cursos/index.html,interno_relativo,,,,
blog/satisfacao-cliente-imobiliarias-litoral-2026.html,../cidades/santos.html,interno_relativo,,,,
blog/satisfacao-cliente-imobiliarias-litoral-2026.html,../bairros/index.html,interno_relativo,,,,
blog/satisfacao-cliente-imobiliarias-litoral-2026.html,../sitemap.xml,interno_relativo,,,,
blog/sazonalidade-diarias-litoral.html,../servicos.html,interno_relativo,,,,
blog/sazonalidade-diarias-litoral.html,../education/cursos/index.html,interno_relativo,,,,
blog/sazonalidade-diarias-litoral.html,../cidades/santos.html,interno_relativo,,,,
blog/sazonalidade-diarias-litoral.html,../bairros/index.html,interno_relativo,,,,
blog/sazonalidade-diarias-litoral.html,../sitemap.xml,interno_relativo,,,,
blog/schema-realestatelisting-imoveis-litoral-2026.html,../como-implementar-structured-data-imobiliarias-litoral-2026.html,interno_relativo,,,,
blog/schema-realestatelisting-imoveis-litoral-2026.html,../marketing-imobiliaria-seo-local-litoral-2026.html,interno_relativo,,,,
blog/schema-structured-data-local-imobiliarias-litoral-2026.html,../citacoes-nap-seo-local-imobiliarias-litoral-paulista-2026.html,interno_relativo,,,,
blog/schema-structured-data-local-imobiliarias-litoral-2026.html,../avaliacoes-google-imobiliarias-litoral-reputacao-local-2026.html,interno_relativo,,,,
blog/script-followup-corretores-sem-parecer-desesperado-2026.html,../servicos.html,interno_relativo,,,,
blog/script-followup-corretores-sem-parecer-desesperado-2026.html,../education/cursos/index.html,interno_relativo,,,,
blog/script-followup-corretores-sem-parecer-desesperado-2026.html,../cidades/santos.html,interno_relativo,,,,
blog/script-followup-corretores-sem-parecer-desesperado-2026.html,../bairros/index.html,interno_relativo,,,,
blog/script-followup-corretores-sem-parecer-desesperado-2026.html,../sitemap.xml,interno_relativo,,,,
blog/scripts-em-são-vicente-2026-07-12.html,../servicos.html,interno_relativo,,,,
blog/scripts-em-são-vicente-2026-07-12.html,../education/cursos/index.html,interno_relativo,,,,
blog/scripts-em-são-vicente-2026-07-12.html,../cidades/santos.html,interno_relativo,,,,
blog/scripts-em-são-vicente-2026-07-12.html,../bairros/index.html,interno_relativo,,,,
blog/scripts-em-são-vicente-2026-07-12.html,../sitemap.xml,interno_relativo,,,,
blog/scripts-ligacao-rapida-corretores-litoral-2026.html,/,interno_absoluto,,,,
blog/scripts-ligacao-rapida-corretores-litoral-2026.html,../servicos.html,interno_relativo,,,,
blog/scripts-ligacao-rapida-corretores-litoral-2026.html,../education/cursos/index.html,interno_relativo,,,,
blog/scripts-ligacao-rapida-corretores-litoral-2026.html,../cidades/santos.html,interno_relativo,,,,
blog/scripts-ligacao-rapida-corretores-litoral-2026.html,../bairros/index.html,interno_relativo,,,,
blog/scripts-ligacao-rapida-corretores-litoral-2026.html,../sitemap.xml,interno_relativo,,,,
blog/segmento-luxo-imoveis-litoral-2026.html,../servicos.html,interno_relativo,,,,
blog/segmento-luxo-imoveis-litoral-2026.html,../education/cursos/index.html,interno_relativo,,,,
blog/segmento-luxo-imoveis-litoral-2026.html,../cidades/santos.html,interno_relativo,,,,
blog/segmento-luxo-imoveis-litoral-2026.html,../bairros/index.html,interno_relativo,,,,
blog/segmento-luxo-imoveis-litoral-2026.html,../sitemap.xml,interno_relativo,,,,
blog/seguranca-comprar-imovel-litoral-2026.html,../servicos.html,interno_relativo,,,,
blog/seguranca-comprar-imovel-litoral-2026.html,../education/cursos/index.html,interno_relativo,,,,
blog/seguranca-comprar-imovel-litoral-2026.html,../cidades/santos.html,interno_relativo,,,,
blog/seguranca-comprar-imovel-litoral-2026.html,../bairros/index.html,interno_relativo,,,,
blog/seguranca-comprar-imovel-litoral-2026.html,../sitemap.xml,interno_relativo,,,,
blog/seguranca-imoveis-litoral-dicas-2026.html,../servicos.html,interno_relativo,,,,
blog/seguranca-imoveis-litoral-dicas-2026.html,../education/cursos/index.html,interno_relativo,,,,
blog/seguranca-imoveis-litoral-dicas-2026.html,../cidades/santos.html,interno_relativo,,,,
blog/seguranca-imoveis-litoral-dicas-2026.html,../bairros/index.html,interno_relativo,,,,
blog/seguranca-imoveis-litoral-dicas-2026.html,../sitemap.xml,interno_relativo,,,,
blog/seguranca-imovel-praia-checklist-2026.html,../sitemap.xml,interno_relativo,,,,
blog/seguranca-imovel-praia-checklist-2026.html,../servicos.html,interno_relativo,,,,
blog/seguranca-imovel-praia-checklist-2026.html,../education/cursos/index.html,interno_relativo,,,,
blog/seguranca-imovel-praia-checklist-2026.html,../cidades/santos.html,interno_relativo,,,,
blog/seguranca-imovel-praia-checklist-2026.html,../bairros/index.html,interno_relativo,,,,
blog/seguranca-publica-bairro-litoral-como-avaliar-antes-comprar-2026.html,../checklist-compra-imovel-vista-litoral-2026.html,interno_relativo,,,,
blog/seguro-aluguel-temporada-praia-sao-paulo-em-ilhabela-2026-07-13.html,../servicos.html,interno_relativo,,,,
blog/seguro-aluguel-temporada-praia-sao-paulo-em-ilhabela-2026-07-13.html,../education/cursos/index.html,interno_relativo,,,,
blog/seguro-aluguel-temporada-praia-sao-paulo-em-ilhabela-2026-07-13.html,../cidades/santos.html,interno_relativo,,,,
blog/seguro-aluguel-temporada-praia-sao-paulo-em-ilhabela-2026-07-13.html,../bairros/index.html,interno_relativo,,,,
blog/seguro-aluguel-temporada-praia-sao-paulo-em-ilhabela-2026-07-13.html,../sitemap.xml,interno_relativo,,,,
blog/seguro-imovel-aluguel-2026.html,../servicos.html,interno_relativo,,,,
blog/seguro-imovel-aluguel-2026.html,../education/cursos/index.html,interno_relativo,,,,
blog/seguro-imovel-aluguel-2026.html,../cidades/santos.html,interno_relativo,,,,
blog/seguro-imovel-aluguel-2026.html,../bairros/index.html,interno_relativo,,,,
blog/seguro-imovel-aluguel-2026.html,../sitemap.xml,interno_relativo,,,,
blog/seguro-imovel-litoral-aluguel-temporada-2026.html,../documentacao-aluguel-temporada-litoral-contrato-registro-seguro-2026.html,interno_relativo,,,,
blog/seguro-imovel-litoral-tipos-contratacao-2026.html,../reforma-imovel-aumentar-valor-litoral-2026.html,interno_relativo,,,,
blog/seguro-imovel-praia-2026.html,../servicos.html,interno_relativo,,,,
blog/seguro-imovel-praia-2026.html,../education/cursos/index.html,interno_relativo,,,,
blog/seguro-imovel-praia-2026.html,../cidades/santos.html,interno_relativo,,,,
blog/seguro-imovel-praia-2026.html,../bairros/index.html,interno_relativo,,,,
blog/seguro-imovel-praia-2026.html,../sitemap.xml,interno_relativo,,,,
blog/seguro-imovel-temporada-litoral-2026.html,../servicos.html,interno_relativo,,,,
blog/seguro-imovel-temporada-litoral-2026.html,../education/cursos/index.html,interno_relativo,,,,
blog/seguro-imovel-temporada-litoral-2026.html,../cidades/santos.html,interno_relativo,,,,
blog/seguro-imovel-temporada-litoral-2026.html,../bairros/index.html,interno_relativo,,,,
blog/seguro-imovel-temporada-litoral-2026.html,../sitemap.xml,interno_relativo,,,,
blog/seguro-incendio-temporada-obrigatorio.html,../servicos.html,interno_relativo,,,,
blog/seguro-incendio-temporada-obrigatorio.html,../education/cursos/index.html,interno_relativo,,,,
blog/seguro-incendio-temporada-obrigatorio.html,../cidades/santos.html,interno_relativo,,,,
blog/seguro-incendio-temporada-obrigatorio.html,../bairros/index.html,interno_relativo,,,,
blog/seguro-incendio-temporada-obrigatorio.html,../sitemap.xml,interno_relativo,,,,
blog/seguro-residencial-imovel-litoral-2026.html,../seguro-imovel-litoral-tipos-contratacao-2026.html,interno_relativo,,,,
blog/seguro-residencial-litoral-cobertura-seus-direitos-2026.html,../seguro-residencial-imovel-litoral-2026.html,interno_relativo,,,,
blog/selecao-imoveis-temporada-litoral-passo-a-passo-2026.html,../servicos.html,interno_relativo,,,,
blog/selecao-imoveis-temporada-litoral-passo-a-passo-2026.html,../education/cursos/index.html,interno_relativo,,,,
blog/selecao-imoveis-temporada-litoral-passo-a-passo-2026.html,../cidades/santos.html,interno_relativo,,,,
blog/selecao-imoveis-temporada-litoral-passo-a-passo-2026.html,../bairros/index.html,interno_relativo,,,,
blog/selecao-imoveis-temporada-litoral-passo-a-passo-2026.html,../sitemap.xml,interno_relativo,,,,
blog/selecao-leads-qualificados-litoral-2026.html,/,interno_absoluto,,,,
blog/selecao-leads-qualificados-litoral-2026.html,../servicos.html,interno_relativo,,,,
blog/selecao-leads-qualificados-litoral-2026.html,../education/cursos/index.html,interno_relativo,,,,
blog/selecao-leads-qualificados-litoral-2026.html,../cidades/santos.html,interno_relativo,,,,
blog/selecao-leads-qualificados-litoral-2026.html,../bairros/index.html,interno_relativo,,,,
blog/selecao-leads-qualificados-litoral-2026.html,../sitemap.xml,interno_relativo,,,,
blog/seo-2026-litoral-imobiliária-2026-07-17.html,../servicos.html,interno_relativo,,,,
blog/seo-2026-litoral-imobiliária-2026-07-17.html,../education/cursos/index.html,interno_relativo,,,,
blog/seo-2026-litoral-imobiliária-2026-07-17.html,../cidades/santos.html,interno_relativo,,,,
blog/seo-2026-litoral-imobiliária-2026-07-17.html,../bairros/index.html,interno_relativo,,,,
blog/seo-2026-litoral-imobiliária-2026-07-17.html,../sitemap.xml,interno_relativo,,,,
blog/seo-blog-google-2026-2026-08-03.html,../servicos.html,interno_relativo,,,,
blog/seo-blog-google-2026-2026-08-03.html,../education/cursos/index.html,interno_relativo,,,,
blog/seo-blog-google-2026-2026-08-03.html,../cidades/santos.html,interno_relativo,,,,
blog/seo-blog-google-2026-2026-08-03.html,../bairros/index.html,interno_relativo,,,,
blog/seo-blog-google-2026-2026-08-03.html,../sitemap.xml,interno_relativo,,,,
blog/seo-captar-compradores-litoral-2026.html,compra-imovel-litoral-passo-passo-2026.html,interno_relativo,,,,
blog/seo-captar-compradores-litoral-2026.html,../financiamento-imoveis-litoral-2026.html,interno_relativo,,,,
blog/seo-captar-compradores-litoral-2026.html,../servicos.html,interno_relativo,,,,
blog/seo-captar-compradores-litoral-2026.html,../education/cursos/index.html,interno_relativo,,,,
blog/seo-captar-compradores-litoral-2026.html,../cidades/santos.html,interno_relativo,,,,
blog/seo-captar-compradores-litoral-2026.html,../bairros/index.html,interno_relativo,,,,
blog/seo-captar-compradores-litoral-2026.html,../sitemap.xml,interno_relativo,,,,
blog/seo-captar-proprietarios-litoral-2026.html,captacao-imoveis-proprietarios-litoral-2026.html,interno_relativo,,,,
blog/seo-captar-proprietarios-litoral-2026.html,avaliacao-imovel-online-litoral-2026.html,interno_relativo,,,,
blog/seo-captar-proprietarios-litoral-2026.html,../servicos.html,interno_relativo,,,,
blog/seo-captar-proprietarios-litoral-2026.html,../education/cursos/index.html,interno_relativo,,,,
blog/seo-captar-proprietarios-litoral-2026.html,../cidades/santos.html,interno_relativo,,,,
blog/seo-captar-proprietarios-litoral-2026.html,../bairros/index.html,interno_relativo,,,,
blog/seo-captar-proprietarios-litoral-2026.html,../sitemap.xml,interno_relativo,,,,
blog/seo-construtoras-incorporadoras-litoral-paulista-2026.html,../marketing-lancamentos-imobiliarios-litoral-paulista-2026.html,interno_relativo,,,,
blog/seo-construtoras-incorporadoras-litoral-paulista-2026.html,../marketing-conteudo-imobiliarias-blog-converte-leads-2026.html,interno_relativo,,,,
blog/seo-conteúdo-blog-2026-2026-08-05.html,../servicos.html,interno_relativo,,,,
blog/seo-conteúdo-blog-2026-2026-08-05.html,../education/cursos/index.html,interno_relativo,,,,
blog/seo-conteúdo-blog-2026-2026-08-05.html,../cidades/santos.html,interno_relativo,,,,
blog/seo-conteúdo-blog-2026-2026-08-05.html,../bairros/index.html,interno_relativo,,,,
blog/seo-conteúdo-imobiliária-google-2026-07-23.html,../servicos.html,interno_relativo,,,,
blog/seo-conteúdo-imobiliária-google-2026-07-23.html,../education/cursos/index.html,interno_relativo,,,,
blog/seo-conteúdo-imobiliária-google-2026-07-23.html,../cidades/santos.html,interno_relativo,,,,
blog/seo-conteúdo-imobiliária-google-2026-07-23.html,../bairros/index.html,interno_relativo,,,,
blog/seo-conteúdo-imobiliária-google-2026-07-23.html,../sitemap.xml,interno_relativo,,,,
blog/seo-google-2026-imobiliária-2026-08-04.html,../servicos.html,interno_relativo,,,,
blog/seo-google-2026-imobiliária-2026-08-04.html,../education/cursos/index.html,interno_relativo,,,,
blog/seo-google-2026-imobiliária-2026-08-04.html,../cidades/santos.html,interno_relativo,,,,
blog/seo-google-2026-imobiliária-2026-08-04.html,../bairros/index.html,interno_relativo,,,,
blog/seo-imobiliarias-litoral-paulista-guia-pratico-2026.html,../servicos.html,interno_relativo,,,,
blog/seo-imobiliarias-litoral-paulista-guia-pratico-2026.html,../education/cursos/index.html,interno_relativo,,,,
blog/seo-imobiliarias-litoral-paulista-guia-pratico-2026.html,../cidades/santos.html,interno_relativo,,,,
blog/seo-imobiliarias-litoral-paulista-guia-pratico-2026.html,../bairros/index.html,interno_relativo,,,,
blog/seo-imobiliarias-litoral-paulista-guia-pratico-2026.html,../sitemap.xml,interno_relativo,,,,
blog/seo-imobiliária-google-blog-2026-07-16.html,../servicos.html,interno_relativo,,,,
blog/seo-imobiliária-google-blog-2026-07-16.html,../education/cursos/index.html,interno_relativo,,,,
blog/seo-imobiliária-google-blog-2026-07-16.html,../cidades/santos.html,interno_relativo,,,,
blog/seo-imobiliária-google-blog-2026-07-16.html,../bairros/index.html,interno_relativo,,,,
blog/seo-imobiliária-google-blog-2026-07-16.html,../sitemap.xml,interno_relativo,,,,
blog/seo-internacional-imobiliarias-litoral-paulista-2026.html,mercado-internacional-imoveis-litoral-paulista-2026.html,interno_relativo,,,,
blog/seo-internacional-imobiliarias-litoral-paulista-2026.html,receber-dinheiro-exterior-compra-imovel-litoral-2026.html,interno_relativo,,,,
blog/seo-internacional-imobiliarias-litoral-paulista-2026.html,../servicos.html,interno_relativo,,,,
blog/seo-internacional-imobiliarias-litoral-paulista-2026.html,../education/cursos/index.html,interno_relativo,,,,
blog/seo-internacional-imobiliarias-litoral-paulista-2026.html,../cidades/santos.html,interno_relativo,,,,
blog/seo-internacional-imobiliarias-litoral-paulista-2026.html,../bairros/index.html,interno_relativo,,,,
blog/seo-internacional-imobiliarias-litoral-paulista-2026.html,../sitemap.xml,interno_relativo,,,,
blog/seo-litoral-conteúdo-blog-2026-07-16.html,../servicos.html,interno_relativo,,,,
blog/seo-litoral-conteúdo-blog-2026-07-16.html,../education/cursos/index.html,interno_relativo,,,,
blog/seo-litoral-conteúdo-blog-2026-07-16.html,../cidades/santos.html,interno_relativo,,,,
blog/seo-litoral-conteúdo-blog-2026-07-16.html,../bairros/index.html,interno_relativo,,,,
blog/seo-litoral-conteúdo-blog-2026-07-16.html,../sitemap.xml,interno_relativo,,,,
blog/seo-local-bairros-litoral-paulista-2026.html,../zona-norte-santos-imoveis-ia.html,interno_relativo,,,,
blog/seo-local-bairros-litoral-paulista-2026.html,../zona-sul-santos-imoveis-ia.html,interno_relativo,,,,
blog/seo-local-bairros-litoral-paulista-2026.html,../zona-leste-santos-imoveis-ia.html,interno_relativo,,,,
blog/seo-local-bairros-litoral-paulista-2026.html,../zona-oeste-santos-imoveis-ia.html,interno_relativo,,,,
blog/seo-local-bairros-litoral-paulista-2026.html,../zona-leste-guaruja-imoveis-ia.html,interno_relativo,,,,
blog/seo-local-bairros-litoral-paulista-2026.html,../zona-oeste-guaruja-imoveis-ia.html,interno_relativo,,,,
blog/seo-local-bairros-litoral-paulista-2026.html,../zona-norte-guaruja-imoveis-ia.html,interno_relativo,,,,
blog/seo-local-bairros-litoral-paulista-2026.html,../zona-itanhaem-imoveis-ia.html,interno_relativo,,,,
blog/seo-local-bairros-litoral-paulista-2026.html,../zona-peruibe-imoveis-ia.html,interno_relativo,,,,
blog/seo-local-bairros-litoral-paulista-2026.html,../zona-praiagrande-imoveis-ia.html,interno_relativo,,,,
blog/seo-local-bairros-litoral-paulista-2026.html,../zona-mongagua-imoveis-ia.html,interno_relativo,,,,
blog/seo-local-bairros-litoral-paulista-2026.html,../zona-bertioga-imoveis-ia.html,interno_relativo,,,,
blog/seo-local-bairros-litoral-paulista-2026.html,../servicos.html,interno_relativo,,,,
blog/seo-local-bairros-litoral-paulista-2026.html,../education/cursos/index.html,interno_relativo,,,,
blog/seo-local-bairros-litoral-paulista-2026.html,../cidades/santos.html,interno_relativo,,,,
blog/seo-local-bairros-litoral-paulista-2026.html,../bairros/index.html,interno_relativo,,,,
blog/seo-local-bairros-litoral-paulista-2026.html,../sitemap.xml,interno_relativo,,,,
blog/seo-local-bairros-litoral-paulista-captura-2026.html,../servicos.html,interno_relativo,,,,
blog/seo-local-bairros-litoral-paulista-captura-2026.html,../education/cursos/index.html,interno_relativo,,,,
blog/seo-local-bairros-litoral-paulista-captura-2026.html,../cidades/santos.html,interno_relativo,,,,
blog/seo-local-bairros-litoral-paulista-captura-2026.html,../bairros/index.html,interno_relativo,,,,
blog/seo-local-bairros-litoral-paulista-captura-2026.html,../sitemap.xml,interno_relativo,,,,
blog/seo-local-condominios-litoral-2026.html,../servicos.html,interno_relativo,,,,
blog/seo-local-condominios-litoral-2026.html,../education/cursos/index.html,interno_relativo,,,,
blog/seo-local-condominios-litoral-2026.html,../cidades/santos.html,interno_relativo,,,,
blog/seo-local-condominios-litoral-2026.html,../bairros/index.html,interno_relativo,,,,
blog/seo-local-condominios-litoral-2026.html,../sitemap.xml,interno_relativo,,,,
blog/seo-local-em-bertioga-para-imoveis-bertioga.html,../servicos.html,interno_relativo,,,,
blog/seo-local-em-bertioga-para-imoveis-bertioga.html,../education/cursos/index.html,interno_relativo,,,,
blog/seo-local-em-bertioga-para-imoveis-bertioga.html,../cidades/santos.html,interno_relativo,,,,
blog/seo-local-em-bertioga-para-imoveis-bertioga.html,../bairros/index.html,interno_relativo,,,,
blog/seo-local-em-bertioga-para-imoveis-bertioga.html,../sitemap.xml,interno_relativo,,,,
blog/seo-local-em-caraguatatuba-para-imoveis-caraguatatuba.html,../servicos.html,interno_relativo,,,,
blog/seo-local-em-caraguatatuba-para-imoveis-caraguatatuba.html,../education/cursos/index.html,interno_relativo,,,,
blog/seo-local-em-caraguatatuba-para-imoveis-caraguatatuba.html,../cidades/santos.html,interno_relativo,,,,
blog/seo-local-em-caraguatatuba-para-imoveis-caraguatatuba.html,../bairros/index.html,interno_relativo,,,,
blog/seo-local-em-caraguatatuba-para-imoveis-caraguatatuba.html,../sitemap.xml,interno_relativo,,,,
blog/seo-local-em-guaruja-para-imoveis-guaruja.html,../servicos.html,interno_relativo,,,,
blog/seo-local-em-guaruja-para-imoveis-guaruja.html,../education/cursos/index.html,interno_relativo,,,,
blog/seo-local-em-guaruja-para-imoveis-guaruja.html,../cidades/santos.html,interno_relativo,,,,
blog/seo-local-em-guaruja-para-imoveis-guaruja.html,../bairros/index.html,interno_relativo,,,,
blog/seo-local-em-guaruja-para-imoveis-guaruja.html,../sitemap.xml,interno_relativo,,,,
blog/seo-local-em-iguape-para-imoveis-iguape.html,../servicos.html,interno_relativo,,,,
blog/seo-local-em-iguape-para-imoveis-iguape.html,../education/cursos/index.html,interno_relativo,,,,
blog/seo-local-em-iguape-para-imoveis-iguape.html,../cidades/santos.html,interno_relativo,,,,
blog/seo-local-em-iguape-para-imoveis-iguape.html,../bairros/index.html,interno_relativo,,,,
blog/seo-local-em-iguape-para-imoveis-iguape.html,../sitemap.xml,interno_relativo,,,,
blog/seo-local-em-maresias-para-imoveis-maresias.html,../servicos.html,interno_relativo,,,,
blog/seo-local-em-maresias-para-imoveis-maresias.html,../education/cursos/index.html,interno_relativo,,,,
blog/seo-local-em-maresias-para-imoveis-maresias.html,../cidades/santos.html,interno_relativo,,,,
blog/seo-local-em-maresias-para-imoveis-maresias.html,../bairros/index.html,interno_relativo,,,,
blog/seo-local-em-maresias-para-imoveis-maresias.html,../sitemap.xml,interno_relativo,,,,
blog/seo-local-em-praia-grande-para-imoveis-praia-grande.html,../servicos.html,interno_relativo,,,,
blog/seo-local-em-praia-grande-para-imoveis-praia-grande.html,../education/cursos/index.html,interno_relativo,,,,
blog/seo-local-em-praia-grande-para-imoveis-praia-grande.html,../cidades/santos.html,interno_relativo,,,,
blog/seo-local-em-praia-grande-para-imoveis-praia-grande.html,../bairros/index.html,interno_relativo,,,,
blog/seo-local-em-praia-grande-para-imoveis-praia-grande.html,../sitemap.xml,interno_relativo,,,,
blog/seo-local-ilhas-areas-remotas-litoral-2026.html,../seo-local-iniciantes-imobiliarias-litoral-2026.html,interno_relativo,,,,
blog/seo-local-ilhas-areas-remotas-litoral-2026.html,../checklist-seo-local-imobiliarias-litoral-2026.html,interno_relativo,,,,
blog/seo-local-imobiliaria-litoral-2026.html,../santos.html,interno_relativo,,,,
blog/seo-local-imobiliaria-litoral-2026.html,../guaruja.html,interno_relativo,,,,
blog/seo-local-imobiliaria-litoral-2026.html,../praia-grande.html,interno_relativo,,,,
blog/seo-local-imobiliaria-litoral-2026.html,../sao-vicente.html,interno_relativo,,,,
blog/seo-local-imobiliaria-litoral-2026.html,../itanhaem.html,interno_relativo,,,,
blog/seo-local-imobiliaria-litoral-2026.html,../mongagua.html,interno_relativo,,,,
blog/seo-local-imobiliaria-litoral-2026.html,../peruibe.html,interno_relativo,,,,
blog/seo-local-imobiliaria-litoral-2026.html,../bertioga.html,interno_relativo,,,,
blog/seo-local-imobiliaria-litoral-2026.html,../servicos.html,interno_relativo,,,,
blog/seo-local-imobiliaria-litoral-2026.html,../education/cursos/index.html,interno_relativo,,,,
blog/seo-local-imobiliaria-litoral-2026.html,../cidades/santos.html,interno_relativo,,,,
blog/seo-local-imobiliaria-litoral-2026.html,../bairros/index.html,interno_relativo,,,,
blog/seo-local-imobiliaria-litoral-passo-a-passo-2026-08-11.html,../cases/case-imobiliaria-porto-da-lua-35-leads-2026.html,interno_relativo,,,,
blog/seo-local-imobiliaria-litoral-passo-a-passo-2026-08-11.html,../seo-local-imobiliaria-litoral-passo-a-passo-2026-08-11.html,interno_relativo,,,,
blog/seo-local-imobiliaria-litoral-passo-a-passo-2026-08-11.html,../captacao-imoveis-sem-anuncios-pagos-corretores-litoral-2026.html,interno_relativo,,,,
blog/seo-local-imobiliaria-litoral-passo-a-passo-2026-08-11.html,../aluguel-por-temporada-dicas-proprietarios-2026.html,interno_relativo,,,,
blog/seo-local-imobiliaria-litoral-passo-a-passo-2026-08-11.html,../sitemap.xml,interno_relativo,,,,
blog/seo-local-imobiliaria-litoral-passo-a-passo-2026-08-11.html,../servicos.html,interno_relativo,,,,
blog/seo-local-imobiliaria-litoral-passo-a-passo-2026-08-11.html,../education/cursos/index.html,interno_relativo,,,,
blog/seo-local-imobiliaria-litoral-passo-a-passo-2026-08-11.html,../cidades/santos.html,interno_relativo,,,,
blog/seo-local-imobiliaria-litoral-passo-a-passo-2026-08-11.html,../bairros/index.html,interno_relativo,,,,
blog/seo-local-imobiliaria-praiagrande.html,../sitemap.xml,interno_relativo,,,,
blog/seo-local-imobiliaria-praiagrande.html,../servicos.html,interno_relativo,,,,
blog/seo-local-imobiliaria-praiagrande.html,../education/cursos/index.html,interno_relativo,,,,
blog/seo-local-imobiliaria-praiagrande.html,../cidades/santos.html,interno_relativo,,,,
blog/seo-local-imobiliaria-praiagrande.html,../bairros/index.html,interno_relativo,,,,
blog/seo-local-imobiliaria-santos.html,../sitemap.xml,interno_relativo,,,,
blog/seo-local-imobiliaria-santos.html,../servicos.html,interno_relativo,,,,
blog/seo-local-imobiliaria-santos.html,../education/cursos/index.html,interno_relativo,,,,
blog/seo-local-imobiliaria-santos.html,../cidades/santos.html,interno_relativo,,,,
blog/seo-local-imobiliaria-santos.html,../bairros/index.html,interno_relativo,,,,
blog/seo-local-imobiliarias-litoral-anatomia.html,../servicos.html,interno_relativo,,,,
blog/seo-local-imobiliarias-litoral-anatomia.html,../education/cursos/index.html,interno_relativo,,,,
blog/seo-local-imobiliarias-litoral-anatomia.html,../cidades/santos.html,interno_relativo,,,,
blog/seo-local-imobiliarias-litoral-anatomia.html,../bairros/index.html,interno_relativo,,,,
blog/seo-local-imobiliarias-litoral-anatomia.html,../sitemap.xml,interno_relativo,,,,
blog/seo-local-imobiliarias-litoral-google-maps-pack-local-2026.html,../marketing-digital-imobiliaria-litoral-2026.html,interno_relativo,,,,
blog/seo-local-imobiliarias-litoral-google-maps-pack-local-2026.html,../education/formacoes/formacao-fotografia-edicao-imoveis-temporada-2026.html,interno_relativo,,,,
blog/seo-local-imobiliarias-litoral-paulista-2026.html,../servicos.html,interno_relativo,,,,
blog/seo-local-imobiliarias-litoral-paulista-2026.html,../education/cursos/index.html,interno_relativo,,,,
blog/seo-local-imobiliarias-litoral-paulista-2026.html,../cidades/santos.html,interno_relativo,,,,
blog/seo-local-imobiliarias-litoral-paulista-2026.html,../bairros/index.html,interno_relativo,,,,
blog/seo-local-imobiliarias-litoral-paulista-2026.html,../sitemap.xml,interno_relativo,,,,
blog/seo-local-iniciantes-imobiliarias-litoral-2026.html,../como-rankear-google-maps-imobiliarias-litoral-2026.html,interno_relativo,,,,
blog/seo-local-iniciantes-imobiliarias-litoral-2026.html,../seo-local-imobiliarias-litoral-google-maps-pack-local-2026.html,interno_relativo,,,,
blog/seo-local-massa-imobiliaria-litoral-2026.html,../servicos.html,interno_relativo,,,,
blog/seo-local-massa-imobiliaria-litoral-2026.html,../education/cursos/index.html,interno_relativo,,,,
blog/seo-local-massa-imobiliaria-litoral-2026.html,../cidades/santos.html,interno_relativo,,,,
blog/seo-local-massa-imobiliaria-litoral-2026.html,../bairros/index.html,interno_relativo,,,,
blog/seo-local-massa-imobiliaria-litoral-2026.html,../sitemap.xml,interno_relativo,,,,
blog/seo-local-para-imobiliárias-em-2026-atualize-antes-do-verão-2026-07-12-praia-digital.html,../servicos.html,interno_relativo,,,,
blog/seo-local-para-imobiliárias-em-2026-atualize-antes-do-verão-2026-07-12-praia-digital.html,../education/cursos/index.html,interno_relativo,,,,
blog/seo-local-para-imobiliárias-em-2026-atualize-antes-do-verão-2026-07-12-praia-digital.html,../cidades/santos.html,interno_relativo,,,,
blog/seo-local-para-imobiliárias-em-2026-atualize-antes-do-verão-2026-07-12-praia-digital.html,../bairros/index.html,interno_relativo,,,,
blog/seo-local-para-imobiliárias-em-2026-atualize-antes-do-verão-2026-07-12-praia-digital.html,../sitemap.xml,interno_relativo,,,,
blog/seo-local-pequenos-negocios-litoral-iniciantes-2026.html,../como-rankear-google-maps-imobiliarias-litoral-2026.html,interno_relativo,,,,
blog/seo-local-pequenos-negocios-litoral-iniciantes-2026.html,../como-aparecer-maps-pack-imobiliarias-litoral-2026.html,interno_relativo,,,,
blog/site-multilingue-imobiliarias-litoral-2026.html,conteudo-multilingue-seo-imobiliario-litoral-2026.html,interno_relativo,,,,
blog/site-multilingue-imobiliarias-litoral-2026.html,agentes-internacionais-imoveis-litoral-paulista-2026.html,interno_relativo,,,,
blog/site-multilingue-imobiliarias-litoral-2026.html,../servicos.html,interno_relativo,,,,
blog/site-multilingue-imobiliarias-litoral-2026.html,../education/cursos/index.html,interno_relativo,,,,
blog/site-multilingue-imobiliarias-litoral-2026.html,../cidades/santos.html,interno_relativo,,,,
blog/site-multilingue-imobiliarias-litoral-2026.html,../bairros/index.html,interno_relativo,,,,
blog/site-multilingue-imobiliarias-litoral-2026.html,../sitemap.xml,interno_relativo,,,,
blog/stack-gratuito-imobiliaria-litoral-2026.html,../sitemap.xml,interno_relativo,,,,
blog/stack-gratuito-imobiliaria-litoral-2026.html,../servicos.html,interno_relativo,,,,
blog/stack-gratuito-imobiliaria-litoral-2026.html,../education/cursos/index.html,interno_relativo,,,,
blog/stack-gratuito-imobiliaria-litoral-2026.html,../cidades/santos.html,interno_relativo,,,,
blog/stack-gratuito-imobiliaria-litoral-2026.html,../bairros/index.html,interno_relativo,,,,
blog/storytelling-video-imoveis-litoral-2026.html,roteiro-video-venda-imoveis-litoral-2026.html,interno_relativo,,,,
blog/storytelling-video-imoveis-litoral-2026.html,tour-virtual-video-imoveis-litoral-2026.html,interno_relativo,,,,
blog/storytelling-video-imoveis-litoral-2026.html,../servicos.html,interno_relativo,,,,
blog/storytelling-video-imoveis-litoral-2026.html,../education/cursos/index.html,interno_relativo,,,,
blog/storytelling-video-imoveis-litoral-2026.html,../cidades/santos.html,interno_relativo,,,,
blog/storytelling-video-imoveis-litoral-2026.html,../bairros/index.html,interno_relativo,,,,
blog/storytelling-video-imoveis-litoral-2026.html,../sitemap.xml,interno_relativo,,,,
blog/studio-litoral-norte-2026.html,../servicos.html,interno_relativo,,,,
blog/studio-litoral-norte-2026.html,../education/cursos/index.html,interno_relativo,,,,
blog/studio-litoral-norte-2026.html,../cidades/santos.html,interno_relativo,,,,
blog/studio-litoral-norte-2026.html,../bairros/index.html,interno_relativo,,,,
blog/studio-litoral-norte-2026.html,../sitemap.xml,interno_relativo,,,,
blog/studio-praia-sul-2026.html,../servicos.html,interno_relativo,,,,
blog/studio-praia-sul-2026.html,../education/cursos/index.html,interno_relativo,,,,
blog/studio-praia-sul-2026.html,../cidades/santos.html,interno_relativo,,,,
blog/studio-praia-sul-2026.html,../bairros/index.html,interno_relativo,,,,
blog/studio-praia-sul-2026.html,../sitemap.xml,interno_relativo,,,,
blog/sucesso-cliente-imobiliarias-digitais-litoral-2026.html,satisfacao-cliente-imobiliarias-litoral-2026.html,interno_relativo,,,,
blog/sucesso-cliente-imobiliarias-digitais-litoral-2026.html,pos-venda-imobiliaria-litoral-2026.html,interno_relativo,,,,
blog/sucesso-cliente-imobiliarias-digitais-litoral-2026.html,../servicos.html,interno_relativo,,,,
blog/sucesso-cliente-imobiliarias-digitais-litoral-2026.html,../education/cursos/index.html,interno_relativo,,,,
blog/sucesso-cliente-imobiliarias-digitais-litoral-2026.html,../cidades/santos.html,interno_relativo,,,,
blog/sucesso-cliente-imobiliarias-digitais-litoral-2026.html,../bairros/index.html,interno_relativo,,,,
blog/sucesso-cliente-imobiliarias-digitais-litoral-2026.html,../sitemap.xml,interno_relativo,,,,
blog/sucesso-cliente-litoral-medir-melhorar-2026.html,../servicos.html,interno_relativo,,,,
blog/sucesso-cliente-litoral-medir-melhorar-2026.html,../education/cursos/index.html,interno_relativo,,,,
blog/sucesso-cliente-litoral-medir-melhorar-2026.html,../cidades/santos.html,interno_relativo,,,,
blog/sucesso-cliente-litoral-medir-melhorar-2026.html,../bairros/index.html,interno_relativo,,,,
blog/sucesso-cliente-litoral-medir-melhorar-2026.html,../sitemap.xml,interno_relativo,,,,
blog/sustentabilidade-imoveis-litoral-certificacoes-2026.html,../imovel-litoral-vista-mar-jardim-valorizacao-como-escolher-2026.html,interno_relativo,,,,
blog/sustentabilidade-imoveis-praia-2026.html,../servicos.html,interno_relativo,,,,
blog/sustentabilidade-imoveis-praia-2026.html,../education/cursos/index.html,interno_relativo,,,,
blog/sustentabilidade-imoveis-praia-2026.html,../cidades/santos.html,interno_relativo,,,,
blog/sustentabilidade-imoveis-praia-2026.html,../bairros/index.html,interno_relativo,,,,
blog/sustentabilidade-imoveis-praia-2026.html,../sitemap.xml,interno_relativo,,,,
blog/sustentabilidade-tecnologia-imoveis-litoral.html,../sitemap.xml,interno_relativo,,,,
blog/sustentabilidade-tecnologia-imoveis-litoral.html,../servicos.html,interno_relativo,,,,
blog/sustentabilidade-tecnologia-imoveis-litoral.html,../education/cursos/index.html,interno_relativo,,,,
blog/sustentabilidade-tecnologia-imoveis-litoral.html,../cidades/santos.html,interno_relativo,,,,
blog/sustentabilidade-tecnologia-imoveis-litoral.html,../bairros/index.html,interno_relativo,,,,
blog/swot-imobiliaria-litoral-paulista-2026.html,planejamento-estrategico-imobiliaria-litoral-2026.html,interno_relativo,,,,
blog/swot-imobiliaria-litoral-paulista-2026.html,../modelo-swot-imobiliaria-litoral-2026.md,interno_relativo,,,,
blog/swot-imobiliaria-litoral-paulista-2026.html,../servicos.html,interno_relativo,,,,
blog/swot-imobiliaria-litoral-paulista-2026.html,../education/cursos/index.html,interno_relativo,,,,
blog/swot-imobiliaria-litoral-paulista-2026.html,../cidades/santos.html,interno_relativo,,,,
blog/swot-imobiliaria-litoral-paulista-2026.html,../bairros/index.html,interno_relativo,,,,
blog/swot-imobiliaria-litoral-paulista-2026.html,../sitemap.xml,interno_relativo,,,,
blog/tabela-precos-imoveis-litoral-sp-2026.html,../indicadores-imobiliarios-corretores-litoral-2026.html,interno_relativo,,,,
blog/tabela-precos-imoveis-litoral-sp-2026.html,../analise-roi-imoveis-litoral-temporada-2026.html,interno_relativo,,,,
blog/taxa-ocupacao-alta-temporada-litoral-imoveis-2026.html,../style.css,interno_relativo,,,,
blog/taxa-ocupacao-alta-temporada-litoral-imoveis-2026.html,/,interno_absoluto,,,,
blog/taxa-ocupacao-alta-temporada-litoral-imoveis-2026.html,../captacao-imoveis-litoral.html,interno_relativo,,,,
blog/taxa-ocupacao-alta-temporada-litoral-imoveis-2026.html,../servicos.html,interno_relativo,,,,
blog/taxa-ocupacao-alta-temporada-litoral-imoveis-2026.html,../education/cursos/index.html,interno_relativo,,,,
blog/taxa-ocupacao-alta-temporada-litoral-imoveis-2026.html,../cidades/santos.html,interno_relativo,,,,
blog/taxa-ocupacao-alta-temporada-litoral-imoveis-2026.html,../bairros/index.html,interno_relativo,,,,
blog/taxa-ocupacao-alta-temporada-litoral-imoveis-2026.html,../sitemap.xml,interno_relativo,,,,
blog/tecnicas-em-praia-grande-2026-07-12.html,../servicos.html,interno_relativo,,,,
blog/tecnicas-em-praia-grande-2026-07-12.html,../education/cursos/index.html,interno_relativo,,,,
blog/tecnicas-em-praia-grande-2026-07-12.html,../cidades/santos.html,interno_relativo,,,,
blog/tecnicas-em-praia-grande-2026-07-12.html,../bairros/index.html,interno_relativo,,,,
blog/tecnicas-em-praia-grande-2026-07-12.html,../sitemap.xml,interno_relativo,,,,
blog/tecnicas-negociacao-corretores-fechar-vendas-litoral-2026.html,../acelerar-fechamento-vendas-litoral-paulista-2026.html,interno_relativo,,,,
blog/tecnicas-negociacao-parcerias-imobiliarias-litoral-2026.html,../servicos.html,interno_relativo,,,,
blog/tecnicas-negociacao-parcerias-imobiliarias-litoral-2026.html,../education/cursos/index.html,interno_relativo,,,,
blog/tecnicas-negociacao-parcerias-imobiliarias-litoral-2026.html,../cidades/santos.html,interno_relativo,,,,
blog/tecnicas-negociacao-parcerias-imobiliarias-litoral-2026.html,../bairros/index.html,interno_relativo,,,,
blog/tecnicas-negociacao-parcerias-imobiliarias-litoral-2026.html,../sitemap.xml,interno_relativo,,,,
blog/tecnologia-blockchain-imoveis-praia-2026.html,../servicos.html,interno_relativo,,,,
blog/tecnologia-blockchain-imoveis-praia-2026.html,../education/cursos/index.html,interno_relativo,,,,
blog/tecnologia-blockchain-imoveis-praia-2026.html,../cidades/santos.html,interno_relativo,,,,
blog/tecnologia-blockchain-imoveis-praia-2026.html,../bairros/index.html,interno_relativo,,,,
blog/tecnologia-blockchain-imoveis-praia-2026.html,../sitemap.xml,interno_relativo,,,,
blog/tecnologia-corretores-litoral-paulista-2026.html,../servicos.html,interno_relativo,,,,
blog/tecnologia-corretores-litoral-paulista-2026.html,../education/cursos/index.html,interno_relativo,,,,
blog/tecnologia-corretores-litoral-paulista-2026.html,../cidades/santos.html,interno_relativo,,,,
blog/tecnologia-corretores-litoral-paulista-2026.html,../bairros/index.html,interno_relativo,,,,
blog/tecnologia-corretores-litoral-paulista-2026.html,../sitemap.xml,interno_relativo,,,,
blog/tecnologia-imobiliaria-litoral-2026.html,../servicos.html,interno_relativo,,,,
blog/tecnologia-imobiliaria-litoral-2026.html,../education/cursos/index.html,interno_relativo,,,,
blog/tecnologia-imobiliaria-litoral-2026.html,../cidades/santos.html,interno_relativo,,,,
blog/tecnologia-imobiliaria-litoral-2026.html,../bairros/index.html,interno_relativo,,,,
blog/tecnologia-imobiliaria-litoral-2026.html,../sitemap.xml,interno_relativo,,,,
blog/tecnologia-propriedades-aluguel-curto-litoral-2026.html,../sitemap.xml,interno_relativo,,,,
blog/tecnologia-propriedades-aluguel-curto-litoral-2026.html,../servicos.html,interno_relativo,,,,
blog/tecnologia-propriedades-aluguel-curto-litoral-2026.html,../education/cursos/index.html,interno_relativo,,,,
blog/tecnologia-propriedades-aluguel-curto-litoral-2026.html,../cidades/santos.html,interno_relativo,,,,
blog/tecnologia-propriedades-aluguel-curto-litoral-2026.html,../bairros/index.html,interno_relativo,,,,
blog/tecnologia-smart-home-imoveis-litoral-2026.html,../retrofit-imovel-litoral-valorizacao-2026.html,interno_relativo,,,,
blog/tecnologias-atendimento-imobiliario-2026.html,../servicos.html,interno_relativo,,,,
blog/tecnologias-atendimento-imobiliario-2026.html,../education/cursos/index.html,interno_relativo,,,,
blog/tecnologias-atendimento-imobiliario-2026.html,../cidades/santos.html,interno_relativo,,,,
blog/tecnologias-atendimento-imobiliario-2026.html,../bairros/index.html,interno_relativo,,,,
blog/tecnologias-atendimento-imobiliario-2026.html,../sitemap.xml,interno_relativo,,,,
blog/tecnologias-visitas-agendamentos-imoveis-2026.html,../servicos.html,interno_relativo,,,,
blog/tecnologias-visitas-agendamentos-imoveis-2026.html,../education/cursos/index.html,interno_relativo,,,,
blog/tecnologias-visitas-agendamentos-imoveis-2026.html,../cidades/santos.html,interno_relativo,,,,
blog/tecnologias-visitas-agendamentos-imoveis-2026.html,../bairros/index.html,interno_relativo,,,,
blog/tecnologias-visitas-agendamentos-imoveis-2026.html,../sitemap.xml,interno_relativo,,,,
blog/tempo-atendimento-imobiliarias-litoral-2026.html,../servicos.html,interno_relativo,,,,
blog/tempo-atendimento-imobiliarias-litoral-2026.html,../education/cursos/index.html,interno_relativo,,,,
blog/tempo-atendimento-imobiliarias-litoral-2026.html,../cidades/santos.html,interno_relativo,,,,
blog/tempo-atendimento-imobiliarias-litoral-2026.html,../bairros/index.html,interno_relativo,,,,
blog/tempo-atendimento-imobiliarias-litoral-2026.html,../sitemap.xml,interno_relativo,,,,
blog/tempo-resposta-conversao-litoral-paulista-2026.html,../servicos.html,interno_relativo,,,,
blog/tempo-resposta-conversao-litoral-paulista-2026.html,../education/cursos/index.html,interno_relativo,,,,
blog/tempo-resposta-conversao-litoral-paulista-2026.html,../cidades/santos.html,interno_relativo,,,,
blog/tempo-resposta-conversao-litoral-paulista-2026.html,../bairros/index.html,interno_relativo,,,,
blog/tempo-resposta-conversao-litoral-paulista-2026.html,../sitemap.xml,interno_relativo,,,,
blog/temporada-alta-litoral-paulista-2026.html,../servicos.html,interno_relativo,,,,
blog/temporada-alta-litoral-paulista-2026.html,../education/cursos/index.html,interno_relativo,,,,
blog/temporada-alta-litoral-paulista-2026.html,../cidades/santos.html,interno_relativo,,,,
blog/temporada-alta-litoral-paulista-2026.html,../bairros/index.html,interno_relativo,,,,
blog/temporada-alta-litoral-paulista-2026.html,../sitemap.xml,interno_relativo,,,,
blog/temporada-conteudo-seo-imobiliarias-litoral-2026.html,../seo-temporada-imoveis-litoral-2026.html,interno_relativo,,,,
blog/temporada-conteudo-seo-imobiliarias-litoral-2026.html,../aluguel-temporada-litoral-guia-2026.html,interno_relativo,,,,
blog/temporada-conteudo-seo-imobiliarias-litoral-2026.html,../servicos.html,interno_relativo,,,,
blog/temporada-conteudo-seo-imobiliarias-litoral-2026.html,../education/cursos/index.html,interno_relativo,,,,
blog/temporada-conteudo-seo-imobiliarias-litoral-2026.html,../cidades/santos.html,interno_relativo,,,,
blog/temporada-conteudo-seo-imobiliarias-litoral-2026.html,../bairros/index.html,interno_relativo,,,,
blog/temporada-conteudo-seo-imobiliarias-litoral-2026.html,../sitemap.xml,interno_relativo,,,,
blog/temporada-litoral-paulista-guia-proprietarios-2026.html,../servicos.html,interno_relativo,,,,
blog/temporada-litoral-paulista-guia-proprietarios-2026.html,../education/cursos/index.html,interno_relativo,,,,
blog/temporada-litoral-paulista-guia-proprietarios-2026.html,../cidades/santos.html,interno_relativo,,,,
blog/temporada-litoral-paulista-guia-proprietarios-2026.html,../bairros/index.html,interno_relativo,,,,
blog/temporada-litoral-paulista-guia-proprietarios-2026.html,../sitemap.xml,interno_relativo,,,,
blog/temporada-litoral-receita-imovel-2026.html,../servicos.html,interno_relativo,,,,
blog/temporada-litoral-receita-imovel-2026.html,../education/cursos/index.html,interno_relativo,,,,
blog/temporada-litoral-receita-imovel-2026.html,../cidades/santos.html,interno_relativo,,,,
blog/temporada-litoral-receita-imovel-2026.html,../bairros/index.html,interno_relativo,,,,
blog/temporada-litoral-receita-imovel-2026.html,../sitemap.xml,interno_relativo,,,,
blog/temporada-para-aposentadoria.html,../servicos.html,interno_relativo,,,,
blog/temporada-para-aposentadoria.html,../education/cursos/index.html,interno_relativo,,,,
blog/temporada-para-aposentadoria.html,../cidades/santos.html,interno_relativo,,,,
blog/temporada-para-aposentadoria.html,../bairros/index.html,interno_relativo,,,,
blog/temporada-para-aposentadoria.html,../sitemap.xml,interno_relativo,,,,
blog/temporada-verao-2026-dicas-corretores.html,../servicos.html,interno_relativo,,,,
blog/temporada-verao-2026-dicas-corretores.html,../education/cursos/index.html,interno_relativo,,,,
blog/temporada-verao-2026-dicas-corretores.html,../cidades/santos.html,interno_relativo,,,,
blog/temporada-verao-2026-dicas-corretores.html,../bairros/index.html,interno_relativo,,,,
blog/temporada-verao-2026-dicas-corretores.html,../sitemap.xml,interno_relativo,,,,
blog/temporada-verao-imovel-praia.html,/,interno_absoluto,,,,
blog/temporada-verao-imovel-praia.html,../servicos.html,interno_relativo,,,,
blog/temporada-verao-imovel-praia.html,../education/cursos/index.html,interno_relativo,,,,
blog/temporada-verao-imovel-praia.html,../cidades/santos.html,interno_relativo,,,,
blog/temporada-verao-imovel-praia.html,../bairros/index.html,interno_relativo,,,,
blog/temporada-verao-imovel-praia.html,../cases/case-imobiliaria-porto-da-lua-35-leads-2026.html,interno_relativo,,,,
blog/temporada-verao-imovel-praia.html,../seo-local-imobiliaria-litoral-passo-a-passo-2026-08-11.html,interno_relativo,,,,
blog/temporada-verao-imovel-praia.html,../captacao-imoveis-sem-anuncios-pagos-corretores-litoral-2026.html,interno_relativo,,,,
blog/temporada-verao-imovel-praia.html,../aluguel-por-temporada-dicas-proprietarios-2026.html,interno_relativo,,,,
blog/temporada-verao-imovel-praia.html,../sitemap.xml,interno_relativo,,,,
blog/temporada-verao-litoral-paulista-2026.html,../servicos.html,interno_relativo,,,,
blog/temporada-verao-litoral-paulista-2026.html,../education/cursos/index.html,interno_relativo,,,,
blog/temporada-verao-litoral-paulista-2026.html,../cidades/santos.html,interno_relativo,,,,
blog/temporada-verao-litoral-paulista-2026.html,../bairros/index.html,interno_relativo,,,,
blog/temporada-verao-litoral-paulista-2026.html,../sitemap.xml,interno_relativo,,,,
blog/tendencias-decoracao-imoveis-temporada-verao-litoral-em-bertioga-2026-07-12.html,../servicos.html,interno_relativo,,,,
blog/tendencias-decoracao-imoveis-temporada-verao-litoral-em-bertioga-2026-07-12.html,../education/cursos/index.html,interno_relativo,,,,
blog/tendencias-decoracao-imoveis-temporada-verao-litoral-em-bertioga-2026-07-12.html,../cidades/santos.html,interno_relativo,,,,
blog/tendencias-decoracao-imoveis-temporada-verao-litoral-em-bertioga-2026-07-12.html,../bairros/index.html,interno_relativo,,,,
blog/tendencias-decoracao-imoveis-temporada-verao-litoral-em-bertioga-2026-07-12.html,../sitemap.xml,interno_relativo,,,,
blog/tendencias-ia-imobiliaria-2027.html,/,interno_absoluto,,,,
blog/tendencias-ia-imobiliaria-2027.html,../blog/,interno_relativo,,,,
blog/tendencias-imoveis-litoral-paulista-2026-2027-o-que-muda-para-corretores.html,../servicos.html,interno_relativo,,,,
blog/tendencias-imoveis-litoral-paulista-2026-2027-o-que-muda-para-corretores.html,../education/cursos/index.html,interno_relativo,,,,
blog/tendencias-imoveis-litoral-paulista-2026-2027-o-que-muda-para-corretores.html,../cidades/santos.html,interno_relativo,,,,
blog/tendencias-imoveis-litoral-paulista-2026-2027-o-que-muda-para-corretores.html,../bairros/index.html,interno_relativo,,,,
blog/tendencias-imoveis-litoral-paulista-2026-2027-o-que-muda-para-corretores.html,../sitemap.xml,interno_relativo,,,,
blog/tendencias-mercado-imobiliario-litoral-2026.html,../servicos.html,interno_relativo,,,,
blog/tendencias-mercado-imobiliario-litoral-2026.html,../education/cursos/index.html,interno_relativo,,,,
blog/tendencias-mercado-imobiliario-litoral-2026.html,../cidades/santos.html,interno_relativo,,,,
blog/tendencias-mercado-imobiliario-litoral-2026.html,../bairros/index.html,interno_relativo,,,,
blog/tendencias-mercado-imobiliario-litoral-2026.html,../sitemap.xml,interno_relativo,,,,
blog/tendencias-tecnologia-imobiliaria-2026.html,../servicos.html,interno_relativo,,,,
blog/tendencias-tecnologia-imobiliaria-2026.html,../education/cursos/index.html,interno_relativo,,,,
blog/tendencias-tecnologia-imobiliaria-2026.html,../cidades/santos.html,interno_relativo,,,,
blog/tendencias-tecnologia-imobiliaria-2026.html,../bairros/index.html,interno_relativo,,,,
blog/tendencias-tecnologia-imobiliaria-2026.html,../sitemap.xml,interno_relativo,,,,
blog/terreno-litoral-matricula-irregular-regularizacao-2026.html,../usucapiao-imoveis-litoral-como-funciona-cuidados-2026.html,interno_relativo,,,,
blog/tiktok-imobiliarias-litoral-conteudo-video-2026.html,../redes-sociais-imobiliarias-litoral-conteudo-2026.html,interno_relativo,,,,
blog/tiktok-imobiliarias-litoral-conteudo-video-2026.html,../meta-ads-imobiliarias-litoral-facebook-instagram-2026.html,interno_relativo,,,,
blog/tiktok-imobiliarias-litoral-conteudo-video-2026.html,../conteudo-redes-sociais-imobiliarias-litoral-2026.html,interno_relativo,,,,
blog/tiktok-imoveis-litoral-corretores.html,../sitemap.xml,interno_relativo,,,,
blog/tiktok-imoveis-litoral-corretores.html,../servicos.html,interno_relativo,,,,
blog/tiktok-imoveis-litoral-corretores.html,../education/cursos/index.html,interno_relativo,,,,
blog/tiktok-imoveis-litoral-corretores.html,../cidades/santos.html,interno_relativo,,,,
blog/tiktok-imoveis-litoral-corretores.html,../bairros/index.html,interno_relativo,,,,
blog/tour-virtual-video-imoveis-litoral-2026.html,roteiro-video-venda-imoveis-litoral-2026.html,interno_relativo,,,,
blog/tour-virtual-video-imoveis-litoral-2026.html,storytelling-video-imoveis-litoral-2026.html,interno_relativo,,,,
blog/tour-virtual-video-imoveis-litoral-2026.html,../servicos.html,interno_relativo,,,,
blog/tour-virtual-video-imoveis-litoral-2026.html,../education/cursos/index.html,interno_relativo,,,,
blog/tour-virtual-video-imoveis-litoral-2026.html,../cidades/santos.html,interno_relativo,,,,
blog/tour-virtual-video-imoveis-litoral-2026.html,../bairros/index.html,interno_relativo,,,,
blog/tour-virtual-video-imoveis-litoral-2026.html,../sitemap.xml,interno_relativo,,,,
blog/tour-virtual-videos-imoveis-litoral-paulista-2026.html,../servicos.html,interno_relativo,,,,
blog/tour-virtual-videos-imoveis-litoral-paulista-2026.html,../education/cursos/index.html,interno_relativo,,,,
blog/tour-virtual-videos-imoveis-litoral-paulista-2026.html,../cidades/santos.html,interno_relativo,,,,
blog/tour-virtual-videos-imoveis-litoral-paulista-2026.html,../bairros/index.html,interno_relativo,,,,
blog/tour-virtual-videos-imoveis-litoral-paulista-2026.html,../sitemap.xml,interno_relativo,,,,
blog/tours-virtuais-3d-imoveis-litoral.html,../sitemap.xml,interno_relativo,,,,
blog/tours-virtuais-3d-imoveis-litoral.html,../servicos.html,interno_relativo,,,,
blog/tours-virtuais-3d-imoveis-litoral.html,../education/cursos/index.html,interno_relativo,,,,
blog/tours-virtuais-3d-imoveis-litoral.html,../cidades/santos.html,interno_relativo,,,,
blog/tours-virtuais-3d-imoveis-litoral.html,../bairros/index.html,interno_relativo,,,,
blog/transferencia-imovel-litoral-paulista-2026.html,registro-imovel-litoral-paulista-2026.html,interno_relativo,,,,
blog/transferencia-imovel-litoral-paulista-2026.html,impostos-compra-imovel-litoral-paulista-2026.html,interno_relativo,,,,
blog/transferencia-imovel-litoral-paulista-2026.html,../servicos.html,interno_relativo,,,,
blog/transferencia-imovel-litoral-paulista-2026.html,../education/cursos/index.html,interno_relativo,,,,
blog/transferencia-imovel-litoral-paulista-2026.html,../cidades/santos.html,interno_relativo,,,,
blog/transferencia-imovel-litoral-paulista-2026.html,../bairros/index.html,interno_relativo,,,,
blog/transferencia-imovel-litoral-paulista-2026.html,../sitemap.xml,interno_relativo,,,,
blog/transformar-visitas-contratos-litoral-paulista-2026.html,../servicos.html,interno_relativo,,,,
blog/transformar-visitas-contratos-litoral-paulista-2026.html,../education/cursos/index.html,interno_relativo,,,,
blog/transformar-visitas-contratos-litoral-paulista-2026.html,../cidades/santos.html,interno_relativo,,,,
blog/transformar-visitas-contratos-litoral-paulista-2026.html,../bairros/index.html,interno_relativo,,,,
blog/transformar-visitas-contratos-litoral-paulista-2026.html,../sitemap.xml,interno_relativo,,,,
blog/treinamento-corretores-imoveis-litoral-2026.html,../script-ligacao-corretores-litoral.md,interno_relativo,,,,
blog/treinamento-corretores-imoveis-litoral-2026.html,../guia-apresentacao-imoveis-litoral.md,interno_relativo,,,,
blog/treinamento-corretores-imoveis-litoral-2026.html,../servicos.html,interno_relativo,,,,
blog/treinamento-corretores-imoveis-litoral-2026.html,../education/cursos/index.html,interno_relativo,,,,
blog/treinamento-corretores-imoveis-litoral-2026.html,../cidades/santos.html,interno_relativo,,,,
blog/treinamento-corretores-imoveis-litoral-2026.html,../bairros/index.html,interno_relativo,,,,
blog/treinamento-corretores-imoveis-litoral-2026.html,../sitemap.xml,interno_relativo,,,,
blog/tributacao-aluguel-temporada-litoral-guia-pratico-2026.html,../impostos-aluguel-temporada-litoral-guia-proprietario-2026.html,interno_relativo,,,,
blog/tributacao-ganho-capital-venda-imovel-litoral-2026.html,../documentacao-completa-venda-imovel-litoral-passo-passo-2026.html,interno_relativo,,,,
blog/tributacao-imoveis-litoral-paulista-2026.html,../servicos.html,interno_relativo,,,,
blog/tributacao-imoveis-litoral-paulista-2026.html,../education/cursos/index.html,interno_relativo,,,,
blog/tributacao-imoveis-litoral-paulista-2026.html,../cidades/santos.html,interno_relativo,,,,
blog/tributacao-imoveis-litoral-paulista-2026.html,../bairros/index.html,interno_relativo,,,,
blog/tributacao-imoveis-litoral-paulista-2026.html,../sitemap.xml,interno_relativo,,,,
blog/tupi-santos-imoveis-precos-oportunidades-2026.html,../servicos.html,interno_relativo,,,,
blog/tupi-santos-imoveis-precos-oportunidades-2026.html,../education/cursos/index.html,interno_relativo,,,,
blog/tupi-santos-imoveis-precos-oportunidades-2026.html,../cidades/santos.html,interno_relativo,,,,
blog/tupi-santos-imoveis-precos-oportunidades-2026.html,../bairros/index.html,interno_relativo,,,,
blog/tupi-santos-imoveis-precos-oportunidades-2026.html,../sitemap.xml,interno_relativo,,,,
blog/turismo-praia-qualidade-vida-litoral.html,../sitemap.xml,interno_relativo,,,,
blog/turismo-praia-qualidade-vida-litoral.html,../servicos.html,interno_relativo,,,,
blog/turismo-praia-qualidade-vida-litoral.html,../education/cursos/index.html,interno_relativo,,,,
blog/turismo-praia-qualidade-vida-litoral.html,../cidades/santos.html,interno_relativo,,,,
blog/turismo-praia-qualidade-vida-litoral.html,../bairros/index.html,interno_relativo,,,,
blog/turistas-internacionais-litoral-2026.html,../servicos.html,interno_relativo,,,,
blog/turistas-internacionais-litoral-2026.html,../education/cursos/index.html,interno_relativo,,,,
blog/turistas-internacionais-litoral-2026.html,../cidades/santos.html,interno_relativo,,,,
blog/turistas-internacionais-litoral-2026.html,../bairros/index.html,interno_relativo,,,,
blog/turistas-internacionais-litoral-2026.html,../sitemap.xml,interno_relativo,,,,
blog/tutorial-checkin-litoral-2026.html,../servicos.html,interno_relativo,,,,
blog/tutorial-checkin-litoral-2026.html,../education/cursos/index.html,interno_relativo,,,,
blog/tutorial-checkin-litoral-2026.html,../cidades/santos.html,interno_relativo,,,,
blog/tutorial-checkin-litoral-2026.html,../bairros/index.html,interno_relativo,,,,
blog/tutorial-checkin-litoral-2026.html,../sitemap.xml,interno_relativo,,,,
blog/ubatuba-imoveis-temporada-avaliacao-2026.html,../servicos.html,interno_relativo,,,,
blog/ubatuba-imoveis-temporada-avaliacao-2026.html,../education/cursos/index.html,interno_relativo,,,,
blog/ubatuba-imoveis-temporada-avaliacao-2026.html,../cidades/santos.html,interno_relativo,,,,
blog/ubatuba-imoveis-temporada-avaliacao-2026.html,../bairros/index.html,interno_relativo,,,,
blog/ubatuba-imoveis-temporada-avaliacao-2026.html,../sitemap.xml,interno_relativo,,,,
blog/ubatuba-trilhas-praias-guia-2026-sp-2026-07-14.html,../servicos.html,interno_relativo,,,,
blog/ubatuba-trilhas-praias-guia-2026-sp-2026-07-14.html,../education/cursos/index.html,interno_relativo,,,,
blog/ubatuba-trilhas-praias-guia-2026-sp-2026-07-14.html,../cidades/santos.html,interno_relativo,,,,
blog/ubatuba-trilhas-praias-guia-2026-sp-2026-07-14.html,../bairros/index.html,interno_relativo,,,,
blog/ubatuba-trilhas-praias-guia-2026-sp-2026-07-14.html,../sitemap.xml,interno_relativo,,,,
blog/upgrade-plano-crescer-litoral-praia-digital.html,../servicos.html,interno_relativo,,,,
blog/upgrade-plano-crescer-litoral-praia-digital.html,../education/cursos/index.html,interno_relativo,,,,
blog/upgrade-plano-crescer-litoral-praia-digital.html,../cidades/santos.html,interno_relativo,,,,
blog/upgrade-plano-crescer-litoral-praia-digital.html,../bairros/index.html,interno_relativo,,,,
blog/upgrade-plano-crescer-litoral-praia-digital.html,../sitemap.xml,interno_relativo,,,,
blog/urgencia-sem-pressao-imoveis-litoral-2026.html,../servicos.html,interno_relativo,,,,
blog/urgencia-sem-pressao-imoveis-litoral-2026.html,../education/cursos/index.html,interno_relativo,,,,
blog/urgencia-sem-pressao-imoveis-litoral-2026.html,../cidades/santos.html,interno_relativo,,,,
blog/urgencia-sem-pressao-imoveis-litoral-2026.html,../bairros/index.html,interno_relativo,,,,
blog/urgencia-sem-pressao-imoveis-litoral-2026.html,../sitemap.xml,interno_relativo,,,,
blog/urgencia-venda-imoveis-litoral-paulista-2026.html,../servicos.html,interno_relativo,,,,
blog/urgencia-venda-imoveis-litoral-paulista-2026.html,../education/cursos/index.html,interno_relativo,,,,
blog/urgencia-venda-imoveis-litoral-paulista-2026.html,../cidades/santos.html,interno_relativo,,,,
blog/urgencia-venda-imoveis-litoral-paulista-2026.html,../bairros/index.html,interno_relativo,,,,
blog/urgencia-venda-imoveis-litoral-paulista-2026.html,../sitemap.xml,interno_relativo,,,,
blog/usucapiao-imoveis-litoral-como-funciona-cuidados-2026.html,../protecao-legal-compra-imovel-litoral-2026.html,interno_relativo,,,,
blog/usucapiao-imoveis-litoral-sp-2026.html,../escritura-imovel-litoral-passos-custos-2026.html,interno_relativo,,,,
blog/usucapiao-imoveis-litoral-sp-2026.html,../compra-imovel-heranca-inventario-litoral-2026.html,interno_relativo,,,,
blog/vale-pena-comprar-imovel-litoral-paulista-2026.html,../servicos.html,interno_relativo,,,,
blog/vale-pena-comprar-imovel-litoral-paulista-2026.html,../education/cursos/index.html,interno_relativo,,,,
blog/vale-pena-comprar-imovel-litoral-paulista-2026.html,../cidades/santos.html,interno_relativo,,,,
blog/vale-pena-comprar-imovel-litoral-paulista-2026.html,../bairros/index.html,interno_relativo,,,,
blog/vale-pena-comprar-imovel-litoral-paulista-2026.html,../sitemap.xml,interno_relativo,,,,
blog/vale-pena-investir-imovel-litoral-2026.html,../servicos.html,interno_relativo,,,,
blog/vale-pena-investir-imovel-litoral-2026.html,../education/cursos/index.html,interno_relativo,,,,
blog/vale-pena-investir-imovel-litoral-2026.html,../cidades/santos.html,interno_relativo,,,,
blog/vale-pena-investir-imovel-litoral-2026.html,../bairros/index.html,interno_relativo,,,,
blog/vale-pena-investir-imovel-litoral-2026.html,../sitemap.xml,interno_relativo,,,,
blog/valorizacao-imovel-litoral-infraestrutura-urbana-como-medir-2026.html,../avaliacao-imovel-litoral-metodos-2026.html,interno_relativo,,,,
blog/vantagens-investir-imoveis-litoral-norte-2026.html,../servicos.html,interno_relativo,,,,
blog/vantagens-investir-imoveis-litoral-norte-2026.html,../education/cursos/index.html,interno_relativo,,,,
blog/vantagens-investir-imoveis-litoral-norte-2026.html,../cidades/santos.html,interno_relativo,,,,
blog/vantagens-investir-imoveis-litoral-norte-2026.html,../bairros/index.html,interno_relativo,,,,
blog/vantagens-investir-imoveis-litoral-norte-2026.html,../sitemap.xml,interno_relativo,,,,
blog/vantagens-morar-bertioga.html,/,interno_absoluto,,,,
blog/vantagens-morar-bertioga.html,../servicos.html,interno_relativo,,,,
blog/vantagens-morar-bertioga.html,../education/cursos/index.html,interno_relativo,,,,
blog/vantagens-morar-bertioga.html,../cidades/santos.html,interno_relativo,,,,
blog/vantagens-morar-bertioga.html,../bairros/index.html,interno_relativo,,,,
blog/vantagens-morar-bertioga.html,../sitemap.xml,interno_relativo,,,,
blog/venda-imovel-heranca-2026.html,../servicos.html,interno_relativo,,,,
blog/venda-imovel-heranca-2026.html,../education/cursos/index.html,interno_relativo,,,,
blog/venda-imovel-heranca-2026.html,../cidades/santos.html,interno_relativo,,,,
blog/venda-imovel-heranca-2026.html,../bairros/index.html,interno_relativo,,,,
blog/venda-imovel-heranca-2026.html,../sitemap.xml,interno_relativo,,,,
blog/venda-imovel-herdado-litoral-paulista-2026.html,../servicos.html,interno_relativo,,,,
blog/venda-imovel-herdado-litoral-paulista-2026.html,../education/cursos/index.html,interno_relativo,,,,
blog/venda-imovel-herdado-litoral-paulista-2026.html,../cidades/santos.html,interno_relativo,,,,
blog/venda-imovel-herdado-litoral-paulista-2026.html,../bairros/index.html,interno_relativo,,,,
blog/venda-imovel-herdado-litoral-paulista-2026.html,../sitemap.xml,interno_relativo,,,,
blog/venda-imovel-litoral-anuncio-classificados-eficacia-2026.html,../venda-imovel-litoral-anuncio-fotos-profissionais-2026.html,interno_relativo,,,,
blog/venda-imovel-litoral-anuncio-fotos-profissionais-2026.html,../marketing-imobiliaria-seo-local-litoral-2026.html,interno_relativo,,,,
blog/venda-imovel-litoral-anuncio-online-funciona-2026.html,../venda-imovel-litoral-anuncio-fotos-profissionais-2026.html,interno_relativo,,,,
blog/venda-imovel-litoral-clausula-rescisoria-2026.html,../venda-imovel-litoral-promessa-compra-venda-2026.html,interno_relativo,,,,
blog/venda-imovel-litoral-despejo-inadimplencia-2026.html,../venda-imovel-litoral-proposta-escrita-importancia-2026.html,interno_relativo,,,,
blog/venda-imovel-litoral-inclusao-cotas-condominio-2026.html,../como-avaliar-taxa-condominio-lixo-imoveis-litoral-2026.html,interno_relativo,,,,
blog/venda-imovel-litoral-itbi-quem-paga-2026.html,../venda-imovel-litoral-proposta-escrita-importancia-2026.html,interno_relativo,,,,
blog/venda-imovel-litoral-promessa-compra-venda-2026.html,../checklist-venda-imovel-litoral-anuncio-2026.html,interno_relativo,,,,
blog/venda-imovel-litoral-proposta-escrita-aceite-2026.html,../venda-imovel-litoral-proposta-formal-aceite-2026.html,interno_relativo,,,,
blog/venda-imovel-litoral-proposta-escrita-comparacao-2026.html,../venda-imovel-litoral-proposta-formal-aceite-2026.html,interno_relativo,,,,
blog/venda-imovel-litoral-proposta-escrita-contraproposta-2026.html,../venda-imovel-litoral-proposta-formal-aceite-2026.html,interno_relativo,,,,
blog/venda-imovel-litoral-proposta-escrita-dicas-2026.html,../venda-imovel-litoral-proposta-formal-aceite-2026.html,interno_relativo,,,,
blog/venda-imovel-litoral-proposta-escrita-formalizacao-2026.html,../venda-imovel-litoral-proposta-formal-aceite-2026.html,interno_relativo,,,,
blog/venda-imovel-litoral-proposta-escrita-importancia-2026.html,../venda-imovel-litoral-proposta-formal-aceite-2026.html,interno_relativo,,,,
blog/venda-imovel-litoral-proposta-escrita-negociacao-2026.html,../venda-imovel-litoral-proposta-formal-aceite-2026.html,interno_relativo,,,,
blog/venda-imovel-litoral-proposta-escrita-prazo-2026.html,../venda-imovel-litoral-proposta-formal-aceite-2026.html,interno_relativo,,,,
blog/venda-imovel-litoral-proposta-escrita-timeline-2026.html,../venda-imovel-litoral-proposta-formal-aceite-2026.html,interno_relativo,,,,
blog/venda-imovel-litoral-proposta-formal-aceite-2026.html,../venda-imovel-litoral-anuncio-fotos-profissionais-2026.html,interno_relativo,,,,
blog/venda-imovel-litoral-rapido-2026.html,../sitemap.xml,interno_relativo,,,,
blog/venda-imovel-litoral-rapido-2026.html,../servicos.html,interno_relativo,,,,
blog/venda-imovel-litoral-rapido-2026.html,../education/cursos/index.html,interno_relativo,,,,
blog/venda-imovel-litoral-rapido-2026.html,../cidades/santos.html,interno_relativo,,,,
blog/venda-imovel-litoral-rapido-2026.html,../bairros/index.html,interno_relativo,,,,
blog/venda-imovel-litoral-saida-casa-propria-2026.html,../checklist-venda-imovel-litoral-anuncio-2026.html,interno_relativo,,,,
blog/venda-imovel-litoral-staging-dicas-rapidas-2026.html,../checklist-venda-imovel-litoral-anuncio-photos-2026.html,interno_relativo,,,,
blog/venda-imovel-litoral-tempo-venda-mercado-2026.html,../venda-imovel-litoral-anuncio-fotos-profissionais-2026.html,interno_relativo,,,,
blog/venda-imovel-litoral-visita-decorada-primeira-impressao-2026.html,../venda-imovel-litoral-anuncio-fotos-profissionais-2026.html,interno_relativo,,,,
blog/venda-imovel-litoral-visita-pos-venda-acompanhamento-2026.html,../visita-imovel-litoral-perguntas-fazer-corretor-2026.html,interno_relativo,,,,
blog/vendas-imoveis-litoral-com-ia.html,/,interno_absoluto,,,,
blog/vendas-imoveis-litoral-com-ia.html,../sitemap.xml,interno_relativo,,,,
blog/vendas-imoveis-litoral-com-ia.html,../servicos.html,interno_relativo,,,,
blog/vendas-imoveis-litoral-com-ia.html,../education/cursos/index.html,interno_relativo,,,,
blog/vendas-imoveis-litoral-com-ia.html,../cidades/santos.html,interno_relativo,,,,
blog/vendas-imoveis-litoral-com-ia.html,../bairros/index.html,interno_relativo,,,,
blog/vendas-imoveis-temporada-verao-2026.html,../servicos.html,interno_relativo,,,,
blog/vendas-imoveis-temporada-verao-2026.html,../education/cursos/index.html,interno_relativo,,,,
blog/vendas-imoveis-temporada-verao-2026.html,../cidades/santos.html,interno_relativo,,,,
blog/vendas-imoveis-temporada-verao-2026.html,../bairros/index.html,interno_relativo,,,,
blog/vendas-imoveis-temporada-verao-2026.html,../sitemap.xml,interno_relativo,,,,
blog/vender-imoveis-litoral-brasileiros-exterior-2026.html,atrair-compradores-estrangeiros-litoral-paulista-2026.html,interno_relativo,,,,
blog/vender-imoveis-litoral-brasileiros-exterior-2026.html,receber-dinheiro-exterior-compra-imovel-litoral-2026.html,interno_relativo,,,,
blog/vender-imoveis-litoral-brasileiros-exterior-2026.html,../servicos.html,interno_relativo,,,,
blog/vender-imoveis-litoral-brasileiros-exterior-2026.html,../education/cursos/index.html,interno_relativo,,,,
blog/vender-imoveis-litoral-brasileiros-exterior-2026.html,../cidades/santos.html,interno_relativo,,,,
blog/vender-imoveis-litoral-brasileiros-exterior-2026.html,../bairros/index.html,interno_relativo,,,,
blog/vender-imoveis-litoral-brasileiros-exterior-2026.html,../sitemap.xml,interno_relativo,,,,
blog/vender-imovel-rapido-litoral-paulista-tecnicas-2026.html,../servicos.html,interno_relativo,,,,
blog/vender-imovel-rapido-litoral-paulista-tecnicas-2026.html,../education/cursos/index.html,interno_relativo,,,,
blog/vender-imovel-rapido-litoral-paulista-tecnicas-2026.html,../cidades/santos.html,interno_relativo,,,,
blog/vender-imovel-rapido-litoral-paulista-tecnicas-2026.html,../bairros/index.html,interno_relativo,,,,
blog/vender-imovel-rapido-litoral-paulista-tecnicas-2026.html,../sitemap.xml,interno_relativo,,,,
blog/vender-para-estrangeiros-litoral-2026.html,../servicos.html,interno_relativo,,,,
blog/vender-para-estrangeiros-litoral-2026.html,../education/cursos/index.html,interno_relativo,,,,
blog/vender-para-estrangeiros-litoral-2026.html,../cidades/santos.html,interno_relativo,,,,
blog/vender-para-estrangeiros-litoral-2026.html,../bairros/index.html,interno_relativo,,,,
blog/vender-para-estrangeiros-litoral-2026.html,../sitemap.xml,interno_relativo,,,,
blog/verao-2026-imoveis-litoral-paulista.html,../servicos.html,interno_relativo,,,,
blog/verao-2026-imoveis-litoral-paulista.html,../education/cursos/index.html,interno_relativo,,,,
blog/verao-2026-imoveis-litoral-paulista.html,../cidades/santos.html,interno_relativo,,,,
blog/verao-2026-imoveis-litoral-paulista.html,../bairros/index.html,interno_relativo,,,,
blog/verao-2026-imoveis-litoral-paulista.html,../sitemap.xml,interno_relativo,,,,
blog/verao-imovel-litoral-2026.html,../servicos.html,interno_relativo,,,,
blog/verao-imovel-litoral-2026.html,../education/cursos/index.html,interno_relativo,,,,
blog/verao-imovel-litoral-2026.html,../cidades/santos.html,interno_relativo,,,,
blog/verao-imovel-litoral-2026.html,../bairros/index.html,interno_relativo,,,,
blog/verao-imovel-litoral-2026.html,../sitemap.xml,interno_relativo,,,,
blog/video-bts-imoveis-litoral-2026.html,../servicos.html,interno_relativo,,,,
blog/video-bts-imoveis-litoral-2026.html,../education/cursos/index.html,interno_relativo,,,,
blog/video-bts-imoveis-litoral-2026.html,../cidades/santos.html,interno_relativo,,,,
blog/video-bts-imoveis-litoral-2026.html,../bairros/index.html,interno_relativo,,,,
blog/video-bts-imoveis-litoral-2026.html,../sitemap.xml,interno_relativo,,,,
blog/video-imobiliario-profissional-aumentar-vendas-2026.html,../style.css,interno_relativo,,,,
blog/video-imobiliario-profissional-aumentar-vendas-2026.html,/,interno_absoluto,,,,
blog/video-imobiliario-profissional-aumentar-vendas-2026.html,../consorcio.html,interno_relativo,,,,
blog/video-imobiliario-profissional-aumentar-vendas-2026.html,../servicos.html,interno_relativo,,,,
blog/video-imobiliario-profissional-aumentar-vendas-2026.html,../education/cursos/index.html,interno_relativo,,,,
blog/video-imobiliario-profissional-aumentar-vendas-2026.html,../cidades/santos.html,interno_relativo,,,,
blog/video-imobiliario-profissional-aumentar-vendas-2026.html,../bairros/index.html,interno_relativo,,,,
blog/video-imobiliario-profissional-aumentar-vendas-2026.html,../sitemap.xml,interno_relativo,,,,
blog/video-marketing-imobiliarias-litoral-2026.html,reels-curtos-imobiliarias-litoral-2026.html,interno_relativo,,,,
blog/video-marketing-imobiliarias-litoral-2026.html,roteiro-video-venda-imoveis-litoral-2026.html,interno_relativo,,,,
blog/video-marketing-imobiliarias-litoral-2026.html,../servicos.html,interno_relativo,,,,
blog/video-marketing-imobiliarias-litoral-2026.html,../education/cursos/index.html,interno_relativo,,,,
blog/video-marketing-imobiliarias-litoral-2026.html,../cidades/santos.html,interno_relativo,,,,
blog/video-marketing-imobiliarias-litoral-2026.html,../bairros/index.html,interno_relativo,,,,
blog/video-marketing-imobiliarias-litoral-2026.html,../sitemap.xml,interno_relativo,,,,
blog/video-seo-imoveis-litoral-paulista-2026.html,video-marketing-imobiliarias-litoral-2026.html,interno_relativo,,,,
blog/video-seo-imoveis-litoral-paulista-2026.html,reels-curtos-imobiliarias-litoral-2026.html,interno_relativo,,,,
blog/video-seo-imoveis-litoral-paulista-2026.html,../servicos.html,interno_relativo,,,,
blog/video-seo-imoveis-litoral-paulista-2026.html,../education/cursos/index.html,interno_relativo,,,,
blog/video-seo-imoveis-litoral-paulista-2026.html,../cidades/santos.html,interno_relativo,,,,
blog/video-seo-imoveis-litoral-paulista-2026.html,../bairros/index.html,interno_relativo,,,,
blog/video-seo-imoveis-litoral-paulista-2026.html,../sitemap.xml,interno_relativo,,,,
blog/videos-imoveis-convertem-litoral-2026.html,../servicos.html,interno_relativo,,,,
blog/videos-imoveis-convertem-litoral-2026.html,../education/cursos/index.html,interno_relativo,,,,
blog/videos-imoveis-convertem-litoral-2026.html,../cidades/santos.html,interno_relativo,,,,
blog/videos-imoveis-convertem-litoral-2026.html,../bairros/index.html,interno_relativo,,,,
blog/videos-imoveis-convertem-litoral-2026.html,../sitemap.xml,interno_relativo,,,,
blog/videos-recomendados-creci-2026.html,../sitemap.xml,interno_relativo,,,,
blog/videos-recomendados-creci-2026.html,../servicos.html,interno_relativo,,,,
blog/videos-recomendados-creci-2026.html,../education/cursos/index.html,interno_relativo,,,,
blog/videos-recomendados-creci-2026.html,../cidades/santos.html,interno_relativo,,,,
blog/videos-recomendados-creci-2026.html,../bairros/index.html,interno_relativo,,,,
blog/visita-guiada-imoveis-litoral-2026.html,../sitemap.xml,interno_relativo,,,,
blog/visita-guiada-imoveis-litoral-2026.html,../servicos.html,interno_relativo,,,,
blog/visita-guiada-imoveis-litoral-2026.html,../education/cursos/index.html,interno_relativo,,,,
blog/visita-guiada-imoveis-litoral-2026.html,../cidades/santos.html,interno_relativo,,,,
blog/visita-guiada-imoveis-litoral-2026.html,../bairros/index.html,interno_relativo,,,,
blog/visita-imoveis-litoral-checklist-rapido.html,../sitemap.xml,interno_relativo,,,,
blog/visita-imoveis-litoral-checklist-rapido.html,../servicos.html,interno_relativo,,,,
blog/visita-imoveis-litoral-checklist-rapido.html,../education/cursos/index.html,interno_relativo,,,,
blog/visita-imoveis-litoral-checklist-rapido.html,../cidades/santos.html,interno_relativo,,,,
blog/visita-imoveis-litoral-checklist-rapido.html,../bairros/index.html,interno_relativo,,,,
blog/visita-imovel-converter-venda-2026.html,../servicos.html,interno_relativo,,,,
blog/visita-imovel-converter-venda-2026.html,../education/cursos/index.html,interno_relativo,,,,
blog/visita-imovel-converter-venda-2026.html,../cidades/santos.html,interno_relativo,,,,
blog/visita-imovel-converter-venda-2026.html,../bairros/index.html,interno_relativo,,,,
blog/visita-imovel-converter-venda-2026.html,../sitemap.xml,interno_relativo,,,,
blog/visita-imovel-litoral-2026.html,../servicos.html,interno_relativo,,,,
blog/visita-imovel-litoral-2026.html,../education/cursos/index.html,interno_relativo,,,,
blog/visita-imovel-litoral-2026.html,../cidades/santos.html,interno_relativo,,,,
blog/visita-imovel-litoral-2026.html,../bairros/index.html,interno_relativo,,,,
blog/visita-imovel-litoral-2026.html,../sitemap.xml,interno_relativo,,,,
blog/visita-imovel-litoral-perguntas-fazer-corretor-2026.html,../checklist-compra-imovel-usado-litoral-2026.html,interno_relativo,,,,
blog/visita-imovel-litoral-roteiro-avaliacao-2026.html,../checklist-inspecao-imovel-litoral-visita-segura-2026.html,interno_relativo,,,,
blog/visita-imovel-litoral-roteiro-pratico-2026.html,../servicos.html,interno_relativo,,,,
blog/visita-imovel-litoral-roteiro-pratico-2026.html,../education/cursos/index.html,interno_relativo,,,,
blog/visita-imovel-litoral-roteiro-pratico-2026.html,../cidades/santos.html,interno_relativo,,,,
blog/visita-imovel-litoral-roteiro-pratico-2026.html,../bairros/index.html,interno_relativo,,,,
blog/visita-imovel-litoral-roteiro-pratico-2026.html,../sitemap.xml,interno_relativo,,,,
blog/visita-imovel-litoral-tecnica-inspector-imovel-2026.html,../checklist-inspecao-imovel-litoral-visita-segura-2026.html,interno_relativo,,,,
blog/visita-virtual-imoveis-litoral-2026.html,../servicos.html,interno_relativo,,,,
blog/visita-virtual-imoveis-litoral-2026.html,../education/cursos/index.html,interno_relativo,,,,
blog/visita-virtual-imoveis-litoral-2026.html,../cidades/santos.html,interno_relativo,,,,
blog/visita-virtual-imoveis-litoral-2026.html,../bairros/index.html,interno_relativo,,,,
blog/visita-virtual-imoveis-litoral-2026.html,../sitemap.xml,interno_relativo,,,,
blog/visitar-imoveis-decidir-melhor-litoral-2026.html,roteiro-visita-imovel-sem-software-2026.html,interno_relativo,,,,
blog/visitar-imoveis-decidir-melhor-litoral-2026.html,checklist-visita-imoveis-litoral-2026.html,interno_relativo,,,,
blog/visitar-imoveis-decidir-melhor-litoral-2026.html,../servicos.html,interno_relativo,,,,
blog/visitar-imoveis-decidir-melhor-litoral-2026.html,../education/cursos/index.html,interno_relativo,,,,
blog/visitar-imoveis-decidir-melhor-litoral-2026.html,../cidades/santos.html,interno_relativo,,,,
blog/visitar-imoveis-decidir-melhor-litoral-2026.html,../bairros/index.html,interno_relativo,,,,
blog/visitar-imoveis-decidir-melhor-litoral-2026.html,../sitemap.xml,interno_relativo,,,,
blog/vistoria-imovel-litoral-contrato-locacao-2026.html,../checklist-alugar-imovel-litoral-documentos-contrato-regras-2026.html,interno_relativo,,,,
blog/webinar-ia-imobiliaria-litoral.html,/,interno_absoluto,,,,
blog/webinar-ia-imobiliaria-litoral.html,../sitemap.xml,interno_relativo,,,,
blog/webinar-ia-imobiliaria-litoral.html,../servicos.html,interno_relativo,,,,
blog/webinar-ia-imobiliaria-litoral.html,../education/cursos/index.html,interno_relativo,,,,
blog/webinar-ia-imobiliaria-litoral.html,../cidades/santos.html,interno_relativo,,,,
blog/webinar-ia-imobiliaria-litoral.html,../bairros/index.html,interno_relativo,,,,
blog/webinar-imobiliarias-litoral-2026.html,../servicos.html,interno_relativo,,,,
blog/webinar-imobiliarias-litoral-2026.html,../education/cursos/index.html,interno_relativo,,,,
blog/webinar-imobiliarias-litoral-2026.html,../cidades/santos.html,interno_relativo,,,,
blog/webinar-imobiliarias-litoral-2026.html,../bairros/index.html,interno_relativo,,,,
blog/webinar-imobiliarias-litoral-2026.html,../sitemap.xml,interno_relativo,,,,
blog/webinar-imobiliarias-litoral-paulista-2026.html,../servicos.html,interno_relativo,,,,
blog/webinar-imobiliarias-litoral-paulista-2026.html,../education/cursos/index.html,interno_relativo,,,,
blog/webinar-imobiliarias-litoral-paulista-2026.html,../cidades/santos.html,interno_relativo,,,,
blog/webinar-imobiliarias-litoral-paulista-2026.html,../bairros/index.html,interno_relativo,,,,
blog/webinar-imobiliarias-litoral-paulista-2026.html,../sitemap.xml,interno_relativo,,,,
blog/whatsapp-assistente-virtual-imobiliaria.html,/,interno_absoluto,,,,
blog/whatsapp-assistente-virtual-imobiliaria.html,../servicos.html,interno_relativo,,,,
blog/whatsapp-assistente-virtual-imobiliaria.html,../education/cursos/index.html,interno_relativo,,,,
blog/whatsapp-assistente-virtual-imobiliaria.html,../cidades/santos.html,interno_relativo,,,,
blog/whatsapp-assistente-virtual-imobiliaria.html,../bairros/index.html,interno_relativo,,,,
blog/whatsapp-assistente-virtual-imobiliaria.html,../sitemap.xml,interno_relativo,,,,
blog/whatsapp-business-imobiliaria-gratis-2026.html,automacao-visitas-imoveis-gratis-2026.html,interno_relativo,,,,
blog/whatsapp-business-imobiliaria-gratis-2026.html,checklist-avaliacao-imovel-download-2026.html,interno_relativo,,,,
blog/whatsapp-business-imobiliaria-gratis-2026.html,../servicos.html,interno_relativo,,,,
blog/whatsapp-business-imobiliaria-gratis-2026.html,../education/cursos/index.html,interno_relativo,,,,
blog/whatsapp-business-imobiliaria-gratis-2026.html,../cidades/santos.html,interno_relativo,,,,
blog/whatsapp-business-imobiliaria-gratis-2026.html,../bairros/index.html,interno_relativo,,,,
blog/whatsapp-business-imobiliaria-gratis-2026.html,../sitemap.xml,interno_relativo,,,,
blog/whatsapp-business-imobiliarias-litoral-2026.html,../servicos.html,interno_relativo,,,,
blog/whatsapp-business-imobiliarias-litoral-2026.html,../education/cursos/index.html,interno_relativo,,,,
blog/whatsapp-business-imobiliarias-litoral-2026.html,../cidades/santos.html,interno_relativo,,,,
blog/whatsapp-business-imobiliarias-litoral-2026.html,../bairros/index.html,interno_relativo,,,,
blog/whatsapp-business-imobiliarias-litoral-2026.html,../sitemap.xml,interno_relativo,,,,
blog/whatsapp-business-imobiliarias-litoral-guia-2026.html,../servicos.html,interno_relativo,,,,
blog/whatsapp-business-imobiliarias-litoral-guia-2026.html,../education/cursos/index.html,interno_relativo,,,,
blog/whatsapp-business-imobiliarias-litoral-guia-2026.html,../cidades/santos.html,interno_relativo,,,,
blog/whatsapp-business-imobiliarias-litoral-guia-2026.html,../bairros/index.html,interno_relativo,,,,
blog/whatsapp-business-imobiliarias-litoral-guia-2026.html,../sitemap.xml,interno_relativo,,,,
blog/whatsapp-imobiliaria-primeiro-contato-litoral-2026.html,../servicos.html,interno_relativo,,,,
blog/whatsapp-imobiliaria-primeiro-contato-litoral-2026.html,../education/cursos/index.html,interno_relativo,,,,
blog/whatsapp-imobiliaria-primeiro-contato-litoral-2026.html,../cidades/santos.html,interno_relativo,,,,
blog/whatsapp-imobiliaria-primeiro-contato-litoral-2026.html,../bairros/index.html,interno_relativo,,,,
blog/whatsapp-imobiliaria-primeiro-contato-litoral-2026.html,../sitemap.xml,interno_relativo,,,,
blog/whatsapp-para-imobiliarias-em-caraguatatuba-caraguatatuba.html,../servicos.html,interno_relativo,,,,
blog/whatsapp-para-imobiliarias-em-caraguatatuba-caraguatatuba.html,../education/cursos/index.html,interno_relativo,,,,
blog/whatsapp-para-imobiliarias-em-caraguatatuba-caraguatatuba.html,../cidades/santos.html,interno_relativo,,,,
blog/whatsapp-para-imobiliarias-em-caraguatatuba-caraguatatuba.html,../bairros/index.html,interno_relativo,,,,
blog/whatsapp-para-imobiliarias-em-caraguatatuba-caraguatatuba.html,../sitemap.xml,interno_relativo,,,,
blog/whatsapp-para-imobiliarias-em-guaruja-guaruja.html,../servicos.html,interno_relativo,,,,
blog/whatsapp-para-imobiliarias-em-guaruja-guaruja.html,../education/cursos/index.html,interno_relativo,,,,
blog/whatsapp-para-imobiliarias-em-guaruja-guaruja.html,../cidades/santos.html,interno_relativo,,,,
blog/whatsapp-para-imobiliarias-em-guaruja-guaruja.html,../bairros/index.html,interno_relativo,,,,
blog/whatsapp-para-imobiliarias-em-guaruja-guaruja.html,../sitemap.xml,interno_relativo,,,,
blog/whatsapp-para-imobiliarias-em-iguape-iguape.html,../servicos.html,interno_relativo,,,,
blog/whatsapp-para-imobiliarias-em-iguape-iguape.html,../education/cursos/index.html,interno_relativo,,,,
blog/whatsapp-para-imobiliarias-em-iguape-iguape.html,../cidades/santos.html,interno_relativo,,,,
blog/whatsapp-para-imobiliarias-em-iguape-iguape.html,../bairros/index.html,interno_relativo,,,,
blog/whatsapp-para-imobiliarias-em-iguape-iguape.html,../sitemap.xml,interno_relativo,,,,
blog/whatsapp-para-imobiliarias-em-maresias-maresias.html,../servicos.html,interno_relativo,,,,
blog/whatsapp-para-imobiliarias-em-maresias-maresias.html,../education/cursos/index.html,interno_relativo,,,,
blog/whatsapp-para-imobiliarias-em-maresias-maresias.html,../cidades/santos.html,interno_relativo,,,,
blog/whatsapp-para-imobiliarias-em-maresias-maresias.html,../bairros/index.html,interno_relativo,,,,
blog/whatsapp-para-imobiliarias-em-maresias-maresias.html,../sitemap.xml,interno_relativo,,,,
blog/whatsapp-para-imobiliarias-em-sao-sebastiao-sao-sebastiao.html,../servicos.html,interno_relativo,,,,
blog/whatsapp-para-imobiliarias-em-sao-sebastiao-sao-sebastiao.html,../education/cursos/index.html,interno_relativo,,,,
blog/whatsapp-para-imobiliarias-em-sao-sebastiao-sao-sebastiao.html,../cidades/santos.html,interno_relativo,,,,
blog/whatsapp-para-imobiliarias-em-sao-sebastiao-sao-sebastiao.html,../bairros/index.html,interno_relativo,,,,
blog/whatsapp-para-imobiliarias-em-sao-sebastiao-sao-sebastiao.html,../sitemap.xml,interno_relativo,,,,
blog/zona-bertioga-imoveis-ia.html,/,interno_absoluto,,,,
blog/zona-bertioga-imoveis-ia.html,../sitemap.xml,interno_relativo,,,,
blog/zona-bertioga-imoveis-ia.html,../servicos.html,interno_relativo,,,,
blog/zona-bertioga-imoveis-ia.html,../education/cursos/index.html,interno_relativo,,,,
blog/zona-bertioga-imoveis-ia.html,../cidades/santos.html,interno_relativo,,,,
blog/zona-bertioga-imoveis-ia.html,../bairros/index.html,interno_relativo,,,,
blog/zona-itanhaem-imoveis-ia.html,/,interno_absoluto,,,,
blog/zona-itanhaem-imoveis-ia.html,../sitemap.xml,interno_relativo,,,,
blog/zona-itanhaem-imoveis-ia.html,../servicos.html,interno_relativo,,,,
blog/zona-itanhaem-imoveis-ia.html,../education/cursos/index.html,interno_relativo,,,,
blog/zona-itanhaem-imoveis-ia.html,../cidades/santos.html,interno_relativo,,,,
blog/zona-itanhaem-imoveis-ia.html,../bairros/index.html,interno_relativo,,,,
blog/zona-itapua-santos-imoveis-ia.html,/,interno_absoluto,,,,
blog/zona-itapua-santos-imoveis-ia.html,../sitemap.xml,interno_relativo,,,,
blog/zona-itapua-santos-imoveis-ia.html,../servicos.html,interno_relativo,,,,
blog/zona-itapua-santos-imoveis-ia.html,../education/cursos/index.html,interno_relativo,,,,
blog/zona-itapua-santos-imoveis-ia.html,../cidades/santos.html,interno_relativo,,,,
blog/zona-itapua-santos-imoveis-ia.html,../bairros/index.html,interno_relativo,,,,
blog/zona-leste-guaruja-imoveis-ia.html,/,interno_absoluto,,,,
blog/zona-leste-guaruja-imoveis-ia.html,../sitemap.xml,interno_relativo,,,,
blog/zona-leste-guaruja-imoveis-ia.html,../servicos.html,interno_relativo,,,,
blog/zona-leste-guaruja-imoveis-ia.html,../education/cursos/index.html,interno_relativo,,,,
blog/zona-leste-guaruja-imoveis-ia.html,../cidades/santos.html,interno_relativo,,,,
blog/zona-leste-guaruja-imoveis-ia.html,../bairros/index.html,interno_relativo,,,,
blog/zona-mongagua-imoveis-ia.html,/,interno_absoluto,,,,
blog/zona-mongagua-imoveis-ia.html,../sitemap.xml,interno_relativo,,,,
blog/zona-mongagua-imoveis-ia.html,../servicos.html,interno_relativo,,,,
blog/zona-mongagua-imoveis-ia.html,../education/cursos/index.html,interno_relativo,,,,
blog/zona-mongagua-imoveis-ia.html,../cidades/santos.html,interno_relativo,,,,
blog/zona-mongagua-imoveis-ia.html,../bairros/index.html,interno_relativo,,,,
blog/zona-norte-santos-imoveis-ia.html,/,interno_absoluto,,,,
blog/zona-norte-santos-imoveis-ia.html,../sitemap.xml,interno_relativo,,,,
blog/zona-norte-santos-imoveis-ia.html,../servicos.html,interno_relativo,,,,
blog/zona-norte-santos-imoveis-ia.html,../education/cursos/index.html,interno_relativo,,,,
blog/zona-norte-santos-imoveis-ia.html,../cidades/santos.html,interno_relativo,,,,
blog/zona-norte-santos-imoveis-ia.html,../bairros/index.html,interno_relativo,,,,
blog/zona-oeste-guaruja-imoveis-ia.html,/,interno_absoluto,,,,
blog/zona-oeste-guaruja-imoveis-ia.html,../sitemap.xml,interno_relativo,,,,
blog/zona-oeste-guaruja-imoveis-ia.html,../servicos.html,interno_relativo,,,,
blog/zona-oeste-guaruja-imoveis-ia.html,../education/cursos/index.html,interno_relativo,,,,
blog/zona-oeste-guaruja-imoveis-ia.html,../cidades/santos.html,interno_relativo,,,,
blog/zona-oeste-guaruja-imoveis-ia.html,../bairros/index.html,interno_relativo,,,,
blog/zona-peruibe-imoveis-ia.html,/,interno_absoluto,,,,
blog/zona-peruibe-imoveis-ia.html,../sitemap.xml,interno_relativo,,,,
blog/zona-peruibe-imoveis-ia.html,../servicos.html,interno_relativo,,,,
blog/zona-peruibe-imoveis-ia.html,../education/cursos/index.html,interno_relativo,,,,
blog/zona-peruibe-imoveis-ia.html,../cidades/santos.html,interno_relativo,,,,
blog/zona-peruibe-imoveis-ia.html,../bairros/index.html,interno_relativo,,,,
blog/zona-praiagrande-imoveis-ia.html,/,interno_absoluto,,,,
blog/zona-praiagrande-imoveis-ia.html,../sitemap.xml,interno_relativo,,,,
blog/zona-praiagrande-imoveis-ia.html,../servicos.html,interno_relativo,,,,
blog/zona-praiagrande-imoveis-ia.html,../education/cursos/index.html,interno_relativo,,,,
blog/zona-praiagrande-imoveis-ia.html,../cidades/santos.html,interno_relativo,,,,
blog/zona-praiagrande-imoveis-ia.html,../bairros/index.html,interno_relativo,,,,
blog/zona-sao-vicente-imoveis-ia.html,/,interno_absoluto,,,,
blog/zona-sao-vicente-imoveis-ia.html,../sitemap.xml,interno_relativo,,,,
blog/zona-sao-vicente-imoveis-ia.html,../servicos.html,interno_relativo,,,,
blog/zona-sao-vicente-imoveis-ia.html,../education/cursos/index.html,interno_relativo,,,,
blog/zona-sao-vicente-imoveis-ia.html,../cidades/santos.html,interno_relativo,,,,
blog/zona-sao-vicente-imoveis-ia.html,../bairros/index.html,interno_relativo,,,,
blog/zona-sul-santos-imoveis-ia.html,/,interno_absoluto,,,,
blog/zona-sul-santos-imoveis-ia.html,../sitemap.xml,interno_relativo,,,,
blog/zona-sul-santos-imoveis-ia.html,../servicos.html,interno_relativo,,,,
blog/zona-sul-santos-imoveis-ia.html,../education/cursos/index.html,interno_relativo,,,,
blog/zona-sul-santos-imoveis-ia.html,../cidades/santos.html,interno_relativo,,,,
blog/zona-sul-santos-imoveis-ia.html,../bairros/index.html,interno_relativo,,,,
