slug,title,city,type,price,bedrooms,area,image,description,tags
apartamento-vista-mar-santos,Apartamento Vista Mar Santos,Santos,Apartamento,850000,,,img/santos-apartamento-vista-mar.png,Apartamento com varanda e vista mar em Santos.,
cobertura-duplex-santos,Cobertura Duplex Santos,Santos,Cobertura,2100000,,,img/santos-cobertura-duplex.png,Cobertura duplex com piscina privativa.,
terreno-santos,Terreno Santos,Santos,Terreno,950000,,,img/santos-terreno-alto-padrao.png,Terreno alto padrão perto da orla.,
sobrado-guaruja,Sobrado Guaruja,Guarujá,Casa,620000,,,img/guaruja-sobrado.png,Sobrado em condomínio fechado no Guarujá.,
apartamento-pitangueiras,Apartamento Pitangueiras,Guarujá,Apartamento,620000,,,img/guaruja-sobrado.png,Apartamento em Pitangueiras; Guarujá. Perfeito para quem busca conforto e localização estratégica no litoral de SP.,
casa-pitangueiras,Casa Pitangueiras,Guarujá,Casa,620000,,,img/guaruja-sobrado.png,Casa em Pitangueiras; Guarujá. Perfeito para quem busca conforto e localização estratégica no litoral de SP.,
studio-praia-grande,Studio Praia Grande,Praia Grande,Studio,280000,,,img/pg-studio.png,Studio mobiliado a 2 quadras da praia.,
apartamento-guilhermina,Apartamento Guilhermina,Praia Grande,Apartamento,280000,,,img/pg-studio.png,Apartamento em Guilhermina; Praia Grande. Perfeito para quem busca conforto e localização estratégica no litoral de SP.,
casa-guilhermina,Casa Guilhermina,Praia Grande,Casa,280000,,,img/pg-studio.png,Casa em Guilhermina; Praia Grande. Perfeito para quem busca conforto e localização estratégica no litoral de SP.,
terreno-itanhaem,Terreno Itanhaém,Itanhaém,Terreno,180000,,,img/itanhaem-terreno.png,Terreno em loteamento aprovado.,
apartamento-centro,Apartamento Centro,Itanhaém,Apartamento,180000,,,img/itanhaem-terreno.png,Apartamento em Centro; Itanhaém. Perfeito para quem busca conforto e localização estratégica no litoral de SP.,
casa-centro,Casa Centro,Itanhaém,Casa,180000,,,img/itanhaem-terreno.png,Casa em Centro; Itanhaém. Perfeito para quem busca conforto e localização estratégica no litoral de SP.,
apartamento-mongagua,Apartamento Mongaguá,Mongaguá,Apartamento,340000,,,img/mongagua-apartamento.png,Apartamento compacto com pé direito duplo.,
apartamento-centro,Apartamento Centro,Mongaguá,Apartamento,340000,,,img/mongagua-apartamento.png,Apartamento em Centro; Mongaguá. Perfeito para quem busca conforto e localização estratégica no litoral de SP.,
casa-centro,Casa Centro,Mongaguá,Casa,340000,,,img/mongagua-apartamento.png,Casa em Centro; Mongaguá. Perfeito para quem busca conforto e localização estratégica no litoral de SP.,
casa-sao-vicente,Casa São Vicente,São Vicente,Casa,520000,,,img/sv-casa-terrea.png,Casa térrea com quintal grande.,
apartamento-centro,Apartamento Centro,São Vicente,Apartamento,520000,,,img/sv-casa-terrea.png,Apartamento em Centro; São Vicente. Perfeito para quem busca conforto e localização estratégica no litoral de SP.,
casa-centro,Casa Centro,São Vicente,Casa,520000,,,img/sv-casa-terrea.png,Casa em Centro; São Vicente. Perfeito para quem busca conforto e localização estratégica no litoral de SP.,
chacara-peruibe,Chácara Peruíbe,Peruíbe,Casa,750000,,,img/peruibe-chacara.png,Chácara com pomar e piscina.,
apartamento-centro,Apartamento Centro,Peruíbe,Apartamento,750000,,,img/peruibe-chacara.png,Apartamento em Centro; Peruíbe. Perfeito para quem busca conforto e localização estratégica no litoral de SP.,
casa-centro,Casa Centro,Peruíbe,Casa,750000,,,img/peruibe-chacara.png,Casa em Centro; Peruíbe. Perfeito para quem busca conforto e localização estratégica no litoral de SP.,
apartamento-bertioga,Apartamento Bertioga,Bertioga,Apartamento,410000,,,img/bertioga-apartamento.png,Apartamento novo em condomínio com lazer.,
apartamento-riviera,Apartamento Riviera,Bertioga,Apartamento,410000,,,img/bertioga-apartamento.png,Apartamento em Riviera; Bertioga. Perfeito para quem busca conforto e localização estratégica no litoral de SP.,
casa-riviera,Casa Riviera,Bertioga,Casa,410000,,,img/bertioga-apartamento.png,Casa em Riviera; Bertioga. Perfeito para quem busca conforto e localização estratégica no litoral de SP.,
apartamento-centro-sao-vicente,Apartamento Centro; São Vicente,São Vicente,Apartamento,850000,,,img/sv-casa-terrea.png,Apartamento em Centro; São Vicente. Perfeito para quem busca conforto e localização estratégica no litoral de SP.,
apartamento-asturias-guaruja,Apartamento Astúrias; Guarujá,Guarujá,Apartamento,850000,,,img/guaruja-sobrado.png,Apartamento em Astúrias; Guarujá. Perfeito para quem busca conforto e localização estratégica no litoral de SP.,
cobertura-vila-tupi-praia-grande,Cobertura Vila Tupi; Praia Grande,Praia Grande,Cobertura,2100000,,,img/pg-studio.png,Cobertura em Vila Tupi; Praia Grande. Perfeito para quem busca conforto e localização estratégica no litoral de SP.,
cobertura-trevo-peruibe,Cobertura Trevo; Peruíbe,Peruíbe,Cobertura,2100000,,,img/peruibe-chacara.png,Cobertura em Trevo; Peruíbe. Perfeito para quem busca conforto e localização estratégica no litoral de SP.,
terreno-centro-mongagua,Terreno Centro; Mongaguá,Mongaguá,Terreno,950000,,,img/mongagua-apartamento.png,Terreno em Centro; Mongaguá. Perfeito para quem busca conforto e localização estratégica no litoral de SP.,
terreno-centro-itanhaem,Terreno Centro; Itanhaém,Itanhaém,Terreno,950000,,,img/itanhaem-terreno.png,Terreno em Centro; Itanhaém. Perfeito para quem busca conforto e localização estratégica no litoral de SP.,
casa-solemar-praia-grande,Casa Solemar; Praia Grande,Praia Grande,Casa,620000,,,img/pg-studio.png,Casa em Solemar; Praia Grande. Perfeito para quem busca conforto e localização estratégica no litoral de SP.,
casa-vera-cruz-mongagua,Casa Vera Cruz; Mongaguá,Mongaguá,Casa,620000,,,img/mongagua-apartamento.png,Casa em Vera Cruz; Mongaguá. Perfeito para quem busca conforto e localização estratégica no litoral de SP.,
apartamento-vila-sao-jorge-sao-vicente,Apartamento Vila São Jorge; São Vicente,São Vicente,Apartamento,620000,,,img/sv-casa-terrea.png,Apartamento em Vila São Jorge; São Vicente. Perfeito para quem busca conforto e localização estratégica no litoral de SP.,
apartamento-jardim-peruibe-peruibe,Apartamento Jardim Peruíbe; Peruíbe,Peruíbe,Apartamento,620000,,,img/peruibe-chacara.png,Apartamento em Jardim Peruíbe; Peruíbe. Perfeito para quem busca conforto e localização estratégica no litoral de SP.,
casa-centro-mongagua,Casa Centro; Mongaguá,Mongaguá,Casa,620000,,,img/mongagua-apartamento.png,Casa em Centro; Mongaguá. Perfeito para quem busca conforto e localização estratégica no litoral de SP.,
casa-jardim-sao-lourenco-bertioga,Casa Jardim São Lourenço; Bertioga,Bertioga,Casa,620000,,,img/bertioga-apartamento.png,Casa em Jardim São Lourenço; Bertioga. Perfeito para quem busca conforto e localização estratégica no litoral de SP.,
studio-centro-bertioga,Studio Centro; Bertioga,Bertioga,Studio,280000,,,img/bertioga-apartamento.png,Studio em Centro; Bertioga. Perfeito para quem busca conforto e localização estratégica no litoral de SP.,
studio-pitangueiras-guaruja,Studio Pitangueiras; Guarujá,Guarujá,Studio,280000,,,img/guaruja-sobrado.png,Studio em Pitangueiras; Guarujá. Perfeito para quem busca conforto e localização estratégica no litoral de SP.,
apartamento-cibratel-itanhaem,Apartamento Cibratel; Itanhaém,Itanhaém,Apartamento,280000,,,img/itanhaem-terreno.png,Apartamento em Cibratel; Itanhaém. Perfeito para quem busca conforto e localização estratégica no litoral de SP.,
apartamento-macuco-santos,Apartamento Macuco; Santos,Santos,Apartamento,280000,,,img/santos-apartamento-vista-mar.png,Apartamento em Macuco; Santos. Perfeito para quem busca conforto e localização estratégica no litoral de SP.,
casa-sao-miguel-peruibe,Casa São Miguel; Peruíbe,Peruíbe,Casa,280000,,,img/peruibe-chacara.png,Casa em São Miguel; Peruíbe. Perfeito para quem busca conforto e localização estratégica no litoral de SP.,
casa-gonzaga-santos,Casa Gonzaga; Santos,Santos,Casa,280000,,,img/santos-apartamento-vista-mar.png,Casa em Gonzaga; Santos. Perfeito para quem busca conforto e localização estratégica no litoral de SP.,
terreno-jose-menino-santos,Terreno José Menino; Santos,Santos,Terreno,180000,,,img/santos-apartamento-vista-mar.png,Terreno em José Menino; Santos. Perfeito para quem busca conforto e localização estratégica no litoral de SP.,
terreno-vera-cruz-mongagua,Terreno Vera Cruz; Mongaguá,Mongaguá,Terreno,180000,,,img/mongagua-apartamento.png,Terreno em Vera Cruz; Mongaguá. Perfeito para quem busca conforto e localização estratégica no litoral de SP.,
apartamento-centro-mongagua,Apartamento Centro; Mongaguá,Mongaguá,Apartamento,180000,,,img/mongagua-apartamento.png,Apartamento em Centro; Mongaguá. Perfeito para quem busca conforto e localização estratégica no litoral de SP.,
apartamento-vicente-de-carvalho-guaruja,Apartamento Vicente de Carvalho; Guarujá,Guarujá,Apartamento,180000,,,img/guaruja-sobrado.png,Apartamento em Vicente de Carvalho; Guarujá. Perfeito para quem busca conforto e localização estratégica no litoral de SP.,
casa-centro-peruibe,Casa Centro; Peruíbe,Peruíbe,Casa,180000,,,img/peruibe-chacara.png,Casa em Centro; Peruíbe. Perfeito para quem busca conforto e localização estratégica no litoral de SP.,
casa-boqueirao-praia-grande,Casa Boqueirão; Praia Grande,Praia Grande,Casa,180000,,,img/pg-studio.png,Casa em Boqueirão; Praia Grande. Perfeito para quem busca conforto e localização estratégica no litoral de SP.,
apartamento-jardim-sao-lourenco-bertioga,Apartamento Jardim São Lourenço; Bertioga,Bertioga,Apartamento,340000,,,img/bertioga-apartamento.png,Apartamento em Jardim São Lourenço; Bertioga. Perfeito para quem busca conforto e localização estratégica no litoral de SP.,
apartamento-boqueirao-praia-grande,Apartamento Boqueirão; Praia Grande,Praia Grande,Apartamento,340000,,,img/pg-studio.png,Apartamento em Boqueirão; Praia Grande. Perfeito para quem busca conforto e localização estratégica no litoral de SP.,
apartamento-vila-tupi-praia-grande,Apartamento Vila Tupi; Praia Grande,Praia Grande,Apartamento,340000,,,img/pg-studio.png,Apartamento em Vila Tupi; Praia Grande. Perfeito para quem busca conforto e localização estratégica no litoral de SP.,
casa-centro-sao-vicente,Casa Centro; São Vicente,São Vicente,Casa,340000,,,img/sv-casa-terrea.png,Casa em Centro; São Vicente. Perfeito para quem busca conforto e localização estratégica no litoral de SP.,
casa-jardim-peruibe-peruibe,Casa Jardim Peruíbe; Peruíbe,Peruíbe,Casa,340000,,,img/peruibe-chacara.png,Casa em Jardim Peruíbe; Peruíbe. Perfeito para quem busca conforto e localização estratégica no litoral de SP.,
casa-aguas-mongagua,Casa Águas; Mongaguá,Mongaguá,Casa,520000,,,img/mongagua-apartamento.png,Casa em Águas; Mongaguá. Perfeito para quem busca conforto e localização estratégica no litoral de SP.,
casa-sorocotuba-guaruja,Casa Sorocotuba; Guarujá,Guarujá,Casa,520000,,,img/guaruja-sobrado.png,Casa em Sorocotuba; Guarujá. Perfeito para quem busca conforto e localização estratégica no litoral de SP.,
apartamento-vera-cruz-mongagua,Apartamento Vera Cruz; Mongaguá,Mongaguá,Apartamento,520000,,,img/mongagua-apartamento.png,Apartamento em Vera Cruz; Mongaguá. Perfeito para quem busca conforto e localização estratégica no litoral de SP.,
apartamento-rio-preto-peruibe,Apartamento Rio Preto; Peruíbe,Peruíbe,Apartamento,520000,,,img/peruibe-chacara.png,Apartamento em Rio Preto; Peruíbe. Perfeito para quem busca conforto e localização estratégica no litoral de SP.,
casa-centro-guaruja,Casa Centro; Guarujá,Guarujá,Casa,520000,,,img/guaruja-sobrado.png,Casa em Centro; Guarujá. Perfeito para quem busca conforto e localização estratégica no litoral de SP.,
casa-embare-santos,Casa Embaré; Santos,Santos,Casa,520000,,,img/santos-apartamento-vista-mar.png,Casa em Embaré; Santos. Perfeito para quem busca conforto e localização estratégica no litoral de SP.,
casa-macuco-santos,Casa Macuco; Santos,Santos,Casa,750000,,,img/santos-apartamento-vista-mar.png,Casa em Macuco; Santos. Perfeito para quem busca conforto e localização estratégica no litoral de SP.,
casa-asturias-guaruja,Casa Astúrias; Guarujá,Guarujá,Casa,750000,,,img/guaruja-sobrado.png,Casa em Astúrias; Guarujá. Perfeito para quem busca conforto e localização estratégica no litoral de SP.,
apartamento-agenor-campos-mongagua,Apartamento Agenor Campos; Mongaguá,Mongaguá,Apartamento,750000,,,img/mongagua-apartamento.png,Apartamento em Agenor Campos; Mongaguá. Perfeito para quem busca conforto e localização estratégica no litoral de SP.,
casa-tupi-praia-grande,Casa Tupi; Praia Grande,Praia Grande,Casa,750000,,,img/pg-studio.png,Casa em Tupi; Praia Grande. Perfeito para quem busca conforto e localização estratégica no litoral de SP.,
casa-pernambuco-guaruja,Casa Pernambuco; Guarujá,Guarujá,Casa,750000,,,img/guaruja-sobrado.png,Casa em Pernambuco; Guarujá. Perfeito para quem busca conforto e localização estratégica no litoral de SP.,
apartamento-solemar-praia-grande,Apartamento Solemar; Praia Grande,Praia Grande,Apartamento,410000,,,img/pg-studio.png,Apartamento em Solemar; Praia Grande. Perfeito para quem busca conforto e localização estratégica no litoral de SP.,
apartamento-tupi-praia-grande,Apartamento Tupi; Praia Grande,Praia Grande,Apartamento,410000,,,img/pg-studio.png,Apartamento em Tupi; Praia Grande. Perfeito para quem busca conforto e localização estratégica no litoral de SP.,
apartamento-sorocotuba-guaruja,Apartamento Sorocotuba; Guarujá,Guarujá,Apartamento,410000,,,img/guaruja-sobrado.png,Apartamento em Sorocotuba; Guarujá. Perfeito para quem busca conforto e localização estratégica no litoral de SP.,
casa-bocaina-santos,Casa Bocaina; Santos,Santos,Casa,410000,,,img/santos-apartamento-vista-mar.png,Casa em Bocaina; Santos. Perfeito para quem busca conforto e localização estratégica no litoral de SP.,
apartamento-em-centro-sao-vicente,Apartamento em Centro; São Vicente,São Vicente,Apartamento,950000,,,img/sv-casa-terrea.png,Conheça este apartamento em Centro; São Vicente. Localização estratégica e estrutura pronta.,
apartamento-enseada-guaruja,Apartamento Enseada; Guarujá,Guarujá,Apartamento,850000,,,img/guaruja-sobrado.png,Cadastre-se e receba opções de apartamento em Enseada; Guarujá.,
cobertura-vila-sao-jorge-sao-vicente,Cobertura Vila São Jorge; São Vicente,São Vicente,Cobertura,520000,,,img/sv-casa-terrea.png,Cadastre-se e receba opções de cobertura em Vila São Jorge; São Vicente.,
cobertura-centro-peruibe,Cobertura Centro; Peruíbe,Peruíbe,Cobertura,950000,,,img/peruibe-chacara.png,Cobertura em Centro; Peruíbe.,
terreno-solemar-praia-grande,Terreno Solemar; Praia Grande,Praia Grande,Terreno,950000,,,img/pg-studio.png,Cadastre-se e receba opções de terreno em Solemar; Praia Grande.,
terreno-no-vera-cruz-mongagua,Terreno no Vera Cruz; Mongaguá,Mongaguá,Terreno,520000,,,img/mongagua-apartamento.png,Encontre terreno em Vera Cruz; Mongaguá. Opção com boa liquidez e valorização no litoral.,
sobrado-centro-mongagua,Sobrado Centro; Mongaguá,Mongaguá,Sobrado,520000,,,img/mongagua-apartamento.png,Cadastre-se e receba opções de sobrado em Centro; Mongaguá.,
sobrado-no-boraceia-bertioga,Sobrado no Boracéia; Bertioga,Bertioga,Sobrado,950000,,,img/bertioga-apartamento.png,Encontre sobrado em Boracéia; Bertioga. Opção com boa liquidez e valorização no litoral.,
apartamento-centro-peruibe,Apartamento Centro; Peruíbe,Peruíbe,Apartamento,850000,,,img/peruibe-chacara.png,Oportunidade de apartamento em Centro; Peruíbe. Ideal para moradia ou investimento no litoral.,
apartamento-no-boraceia-bertioga,Apartamento no Boracéia; Bertioga,Bertioga,Apartamento,620000,,,img/bertioga-apartamento.png,Cadastre-se e receba opções de apartamento em Boracéia; Bertioga.,
casa-em-sao-miguel-peruibe,Casa em São Miguel; Peruíbe,Peruíbe,Casa,520000,,,img/peruibe-chacara.png,Casa em São Miguel; Peruíbe.,
casa-em-gonzaga-santos,Casa em Gonzaga; Santos,Santos,Casa,750000,,,img/santos-apartamento-vista-mar.png,Conheça este casa em Gonzaga; Santos. Localização estratégica e estrutura pronta.,
studio-em-gonzaguinha-sao-vicente,Studio em Gonzaguinha; São Vicente,São Vicente,Studio,180000,,,img/sv-casa-terrea.png,Encontre studio em Gonzaguinha; São Vicente. Opção com boa liquidez e valorização no litoral.,
studio-centro-mongagua,Studio Centro; Mongaguá,Mongaguá,Studio,950000,,,img/mongagua-apartamento.png,Cadastre-se e receba opções de studio em Centro; Mongaguá.,
apartamento-no-jardim-sao-lourenco-bertioga,Apartamento no Jardim São Lourenço; Bertioga,Bertioga,Apartamento,180000,,,img/bertioga-apartamento.png,Oportunidade de apartamento em Jardim São Lourenço; Bertioga. Ideal para moradia ou investimento no litoral.,
casa-no-jardim-peruibe-peruibe,Casa no Jardim Peruíbe; Peruíbe,Peruíbe,Casa,950000,,,img/peruibe-chacara.png,Conheça este casa em Jardim Peruíbe; Peruíbe. Localização estratégica e estrutura pronta.,
casa-em-boraceia-bertioga,Casa em Boracéia; Bertioga,Bertioga,Casa,180000,,,img/bertioga-apartamento.png,Cadastre-se e receba opções de casa em Boracéia; Bertioga.,
terreno-bocaina-santos,Terreno Bocaina; Santos,Santos,Terreno,180000,,,img/santos-apartamento-vista-mar.png,Cadastre-se e receba opções de terreno em Bocaina; Santos.,
terreno-aguas-mongagua,Terreno Águas; Mongaguá,Mongaguá,Terreno,520000,,,img/mongagua-apartamento.png,Oportunidade de terreno em Águas; Mongaguá. Ideal para moradia ou investimento no litoral.,
apartamento-em-vila-tupi-praia-grande,Apartamento em Vila Tupi; Praia Grande,Praia Grande,Apartamento,180000,,,img/pg-studio.png,Encontre apartamento em Vila Tupi; Praia Grande. Opção com boa liquidez e valorização no litoral.,
apartamento-gonzaguinha-sao-vicente,Apartamento Gonzaguinha; São Vicente,São Vicente,Apartamento,750000,,,img/sv-casa-terrea.png,Encontre apartamento em Gonzaguinha; São Vicente. Opção com boa liquidez e valorização no litoral.,
casa-no-embare-santos,Casa no Embaré; Santos,Santos,Casa,950000,,,img/santos-apartamento-vista-mar.png,Casa em Embaré; Santos.,
casa-em-solemar-praia-grande,Casa em Solemar; Praia Grande,Praia Grande,Casa,950000,,,img/pg-studio.png,Conheça este casa em Solemar; Praia Grande. Localização estratégica e estrutura pronta.,
apartamento-em-itarare-sao-vicente,Apartamento em Itararé; São Vicente,São Vicente,Apartamento,950000,,,img/sv-casa-terrea.png,Oportunidade de apartamento em Itararé; São Vicente. Ideal para moradia ou investimento no litoral.,
apartamento-boraceia-bertioga,Apartamento Boracéia; Bertioga,Bertioga,Apartamento,180000,,,img/bertioga-apartamento.png,Encontre apartamento em Boracéia; Bertioga. Opção com boa liquidez e valorização no litoral.,
apartamento-em-cibratel-itanhaem,Apartamento em Cibratel; Itanhaém,Itanhaém,Apartamento,520000,,,img/itanhaem-terreno.png,Cadastre-se e receba opções de apartamento em Cibratel; Itanhaém.,
apartamento-no-trevo-peruibe,Apartamento no Trevo; Peruíbe,Peruíbe,Apartamento,950000,,,img/peruibe-chacara.png,Conheça este apartamento em Trevo; Peruíbe. Localização estratégica e estrutura pronta.,
casa-sorocotuba-guaruja,Casa Sorocotuba; Guarujá,Guarujá,Casa,750000,,,img/guaruja-sobrado.png,Casa em Sorocotuba; Guarujá.,
casa-centro-itanhaem,Casa Centro; Itanhaém,Itanhaém,Casa,950000,,,img/itanhaem-terreno.png,Cadastre-se e receba opções de casa em Centro; Itanhaém.,
casa-no-agenor-campos-mongagua,Casa no Agenor Campos; Mongaguá,Mongaguá,Casa,520000,,,img/mongagua-apartamento.png,Cadastre-se e receba opções de casa em Agenor Campos; Mongaguá.,
apartamento-gaivotas-itanhaem,Apartamento Gaivotas; Itanhaém,Itanhaém,Apartamento,180000,,,img/itanhaem-terreno.png,Cadastre-se e receba opções de apartamento em Gaivotas; Itanhaém.,
apartamento-em-guilhermina-praia-grande,Apartamento em Guilhermina; Praia Grande,Praia Grande,Apartamento,750000,,,img/pg-studio.png,Cadastre-se e receba opções de apartamento em Guilhermina; Praia Grande.,
casa-caicara-praia-grande,Casa Caiçara; Praia Grande,Praia Grande,Casa,520000,,,img/pg-studio.png,Conheça este casa em Caiçara; Praia Grande. Localização estratégica e estrutura pronta.,
casa-no-aguas-mongagua,Casa no Águas; Mongaguá,Mongaguá,Casa,180000,,,img/mongagua-apartamento.png,Casa em Águas; Mongaguá.,
chacara-vera-cruz-mongagua,Chácara Vera Cruz; Mongaguá,Mongaguá,Chácara,850000,,,img/mongagua-apartamento.png,Cadastre-se e receba opções de chácara em Vera Cruz; Mongaguá.,
chacara-em-boqueirao-praia-grande,Chácara em Boqueirão; Praia Grande,Praia Grande,Chácara,750000,,,img/pg-studio.png,Conheça este chácara em Boqueirão; Praia Grande. Localização estratégica e estrutura pronta.,
apartamento-vera-cruz-mongagua,Apartamento Vera Cruz; Mongaguá,Mongaguá,Apartamento,620000,,,img/mongagua-apartamento.png,Encontre apartamento em Vera Cruz; Mongaguá. Opção com boa liquidez e valorização no litoral.,
apartamento-em-nova-itanhaem-itanhaem,Apartamento em Nova Itanhaém; Itanhaém,Itanhaém,Apartamento,850000,,,img/itanhaem-terreno.png,Cadastre-se e receba opções de apartamento em Nova Itanhaém; Itanhaém.,
casa-costao-itanhaem,Casa Costão; Itanhaém,Itanhaém,Casa,620000,,,img/itanhaem-terreno.png,Casa em Costão; Itanhaém.,
casa-no-boqueirao-praia-grande,Casa no Boqueirão; Praia Grande,Praia Grande,Casa,850000,,,img/pg-studio.png,Encontre casa em Boqueirão; Praia Grande. Opção com boa liquidez e valorização no litoral.,
apartamento-pitangueiras-guaruja,Apartamento Pitangueiras; Guarujá,Guarujá,Apartamento,520000,,,img/guaruja-sobrado.png,Cadastre-se e receba opções de apartamento em Pitangueiras; Guarujá.,
apartamento-em-centro-mongagua,Apartamento em Centro; Mongaguá,Mongaguá,Apartamento,950000,,,img/mongagua-apartamento.png,Encontre apartamento em Centro; Mongaguá. Opção com boa liquidez e valorização no litoral.,
apartamento-vila-sao-jorge-sao-vicente,Apartamento Vila São Jorge; São Vicente,São Vicente,Apartamento,410000,,,img/sv-casa-terrea.png,Conheça este apartamento em Vila São Jorge; São Vicente. Localização estratégica e estrutura pronta.,
apartamento-no-gaivotas-itanhaem,Apartamento no Gaivotas; Itanhaém,Itanhaém,Apartamento,410000,,,img/itanhaem-terreno.png,Encontre apartamento em Gaivotas; Itanhaém. Opção com boa liquidez e valorização no litoral.,
casa-em-jardim-peruibe-peruibe,Casa em Jardim Peruíbe; Peruíbe,Peruíbe,Casa,520000,,,img/peruibe-chacara.png,Conheça este casa em Jardim Peruíbe; Peruíbe. Localização estratégica e estrutura pronta.,
casa-no-gonzaguinha-sao-vicente,Casa no Gonzaguinha; São Vicente,São Vicente,Casa,520000,,,img/sv-casa-terrea.png,Cadastre-se e receba opções de casa em Gonzaguinha; São Vicente.,
apartamento-pompeia-santos,Apartamento Pompeia; Santos,Santos,Apartamento,850000,,,img/santos-apartamento-vista-mar.png,Conheça este apartamento em Pompeia; Santos. Localização estratégica e estrutura pronta.,
apartamento-em-pernambuco-guaruja,Apartamento em Pernambuco; Guarujá,Guarujá,Apartamento,410000,,,img/guaruja-sobrado.png,Encontre apartamento em Pernambuco; Guarujá. Opção com boa liquidez e valorização no litoral.,
apartamento-gonzaga-santos,Apartamento Gonzaga; Santos,Santos,Apartamento,850000,,,img/santos-apartamento-vista-mar.png,Apartamento em Gonzaga; Santos.,
cobertura-em-centro-peruibe,Cobertura em Centro; Peruíbe,Peruíbe,Cobertura,620000,,,img/peruibe-chacara.png,Encontre cobertura em Centro; Peruíbe. Opção com boa liquidez e valorização no litoral.,
cobertura-jardim-sao-lourenco-bertioga,Cobertura Jardim São Lourenço; Bertioga,Bertioga,Cobertura,950000,,,img/bertioga-apartamento.png,Cadastre-se e receba opções de cobertura em Jardim São Lourenço; Bertioga.,
cobertura-no-vera-cruz-mongagua,Cobertura no Vera Cruz; Mongaguá,Mongaguá,Cobertura,750000,,,img/mongagua-apartamento.png,Encontre cobertura em Vera Cruz; Mongaguá. Opção com boa liquidez e valorização no litoral.,
cobertura-no-costao-itanhaem,Cobertura no Costão; Itanhaém,Itanhaém,Cobertura,850000,,,img/itanhaem-terreno.png,Encontre cobertura em Costão; Itanhaém. Opção com boa liquidez e valorização no litoral.,
terreno-no-embare-santos,Terreno no Embaré; Santos,Santos,Terreno,520000,,,img/santos-apartamento-vista-mar.png,Oportunidade de terreno em Embaré; Santos. Ideal para moradia ou investimento no litoral.,
terreno-em-itarare-sao-vicente,Terreno em Itararé; São Vicente,São Vicente,Terreno,180000,,,img/sv-casa-terrea.png,Terreno em Itararé; São Vicente.,
terreno-centro-sao-vicente,Terreno Centro; São Vicente,São Vicente,Terreno,180000,,,img/sv-casa-terrea.png,Oportunidade de terreno em Centro; São Vicente. Ideal para moradia ou investimento no litoral.,
terreno-rio-preto-peruibe,Terreno Rio Preto; Peruíbe,Peruíbe,Terreno,950000,,,img/peruibe-chacara.png,Encontre terreno em Rio Preto; Peruíbe. Opção com boa liquidez e valorização no litoral.,
casa-em-sorocotuba-guaruja,Casa em Sorocotuba; Guarujá,Guarujá,Casa,850000,,,img/guaruja-sobrado.png,Casa em Sorocotuba; Guarujá.,
casa-em-bocaina-santos,Casa em Bocaina; Santos,Santos,Casa,850000,,,img/santos-apartamento-vista-mar.png,Casa em Bocaina; Santos.,
apartamento-no-jardim-peruibe-peruibe,Apartamento no Jardim Peruíbe; Peruíbe,Peruíbe,Apartamento,520000,,,img/peruibe-chacara.png,Oportunidade de apartamento em Jardim Peruíbe; Peruíbe. Ideal para moradia ou investimento no litoral.,
apartamento-no-enseada-guaruja,Apartamento no Enseada; Guarujá,Guarujá,Apartamento,950000,,,img/guaruja-sobrado.png,Apartamento em Enseada; Guarujá.,
apartamento-no-jose-menino-santos,Apartamento no José Menino; Santos,Santos,Apartamento,180000,,,img/santos-apartamento-vista-mar.png,Cadastre-se e receba opções de apartamento em José Menino; Santos.,
casa-sao-miguel-peruibe,Casa São Miguel; Peruíbe,Peruíbe,Casa,620000,,,img/peruibe-chacara.png,Encontre casa em São Miguel; Peruíbe. Opção com boa liquidez e valorização no litoral.,
casa-nova-itanhaem-itanhaem,Casa Nova Itanhaém; Itanhaém,Itanhaém,Casa,180000,,,img/itanhaem-terreno.png,Cadastre-se e receba opções de casa em Nova Itanhaém; Itanhaém.,
casa-vila-atlantica-mongagua,Casa Vila Atlântica; Mongaguá,Mongaguá,Casa,410000,,,img/mongagua-apartamento.png,Casa em Vila Atlântica; Mongaguá.,
casa-em-embare-santos,Casa em Embaré; Santos,Santos,Casa,950000,,,img/santos-apartamento-vista-mar.png,Cadastre-se e receba opções de casa em Embaré; Santos.,
studio-gonzaga-santos,Studio Gonzaga; Santos,Santos,Studio,410000,,,img/santos-apartamento-vista-mar.png,Studio em Gonzaga; Santos.,
studio-em-centro-mongagua,Studio em Centro; Mongaguá,Mongaguá,Studio,520000,,,img/mongagua-apartamento.png,Encontre studio em Centro; Mongaguá. Opção com boa liquidez e valorização no litoral.,
studio-em-pompeia-santos,Studio em Pompeia; Santos,Santos,Studio,850000,,,img/santos-apartamento-vista-mar.png,Cadastre-se e receba opções de studio em Pompeia; Santos.,
studio-vera-cruz-mongagua,Studio Vera Cruz; Mongaguá,Mongaguá,Studio,180000,,,img/mongagua-apartamento.png,Oportunidade de studio em Vera Cruz; Mongaguá. Ideal para moradia ou investimento no litoral.,
apartamento-no-vera-cruz-mongagua,Apartamento no Vera Cruz; Mongaguá,Mongaguá,Apartamento,950000,,,img/mongagua-apartamento.png,Conheça este apartamento em Vera Cruz; Mongaguá. Localização estratégica e estrutura pronta.,
apartamento-rio-preto-peruibe,Apartamento Rio Preto; Peruíbe,Peruíbe,Apartamento,520000,,,img/peruibe-chacara.png,Conheça este apartamento em Rio Preto; Peruíbe. Localização estratégica e estrutura pronta.,
apartamento-no-vila-tupi-praia-grande,Apartamento no Vila Tupi; Praia Grande,Praia Grande,Apartamento,620000,,,img/pg-studio.png,Oportunidade de apartamento em Vila Tupi; Praia Grande. Ideal para moradia ou investimento no litoral.,
apartamento-centro-sao-vicente,Apartamento Centro; São Vicente,São Vicente,Apartamento,410000,,,img/sv-casa-terrea.png,Oportunidade de apartamento em Centro; São Vicente. Ideal para moradia ou investimento no litoral.,
casa-em-centro-itanhaem,Casa em Centro; Itanhaém,Itanhaém,Casa,410000,,,img/itanhaem-terreno.png,Encontre casa em Centro; Itanhaém. Opção com boa liquidez e valorização no litoral.,
casa-jose-menino-santos,Casa José Menino; Santos,Santos,Casa,850000,,,img/santos-apartamento-vista-mar.png,Conheça este casa em José Menino; Santos. Localização estratégica e estrutura pronta.,
casa-em-vista-linda-bertioga,Casa em Vista Linda; Bertioga,Bertioga,Casa,410000,,,img/bertioga-apartamento.png,Conheça este casa em Vista Linda; Bertioga. Localização estratégica e estrutura pronta.,
terreno-trevo-peruibe,Terreno Trevo; Peruíbe,Peruíbe,Terreno,750000,,,img/peruibe-chacara.png,Cadastre-se e receba opções de terreno em Trevo; Peruíbe.,
terreno-no-vila-sao-jorge-sao-vicente,Terreno no Vila São Jorge; São Vicente,São Vicente,Terreno,850000,,,img/sv-casa-terrea.png,Cadastre-se e receba opções de terreno em Vila São Jorge; São Vicente.,
terreno-pitangueiras-guaruja,Terreno Pitangueiras; Guarujá,Guarujá,Terreno,410000,,,img/guaruja-sobrado.png,Cadastre-se e receba opções de terreno em Pitangueiras; Guarujá.,
terreno-no-tupi-praia-grande,Terreno no Tupi; Praia Grande,Praia Grande,Terreno,410000,,,img/pg-studio.png,Conheça este terreno em Tupi; Praia Grande. Localização estratégica e estrutura pronta.,
apartamento-asturias-guaruja,Apartamento Astúrias; Guarujá,Guarujá,Apartamento,180000,,,img/guaruja-sobrado.png,Cadastre-se e receba opções de apartamento em Astúrias; Guarujá.,
apartamento-em-gonzaguinha-sao-vicente,Apartamento em Gonzaguinha; São Vicente,São Vicente,Apartamento,620000,,,img/sv-casa-terrea.png,Oportunidade de apartamento em Gonzaguinha; São Vicente. Ideal para moradia ou investimento no litoral.,
apartamento-em-centro-peruibe,Apartamento em Centro; Peruíbe,Peruíbe,Apartamento,750000,,,img/peruibe-chacara.png,Oportunidade de apartamento em Centro; Peruíbe. Ideal para moradia ou investimento no litoral.,
apartamento-jose-menino-santos,Apartamento José Menino; Santos,Santos,Apartamento,620000,,,img/santos-apartamento-vista-mar.png,Apartamento em José Menino; Santos.,
casa-gonzaguinha-sao-vicente,Casa Gonzaguinha; São Vicente,São Vicente,Casa,520000,,,img/sv-casa-terrea.png,Cadastre-se e receba opções de casa em Gonzaguinha; São Vicente.,
casa-em-pernambuco-guaruja,Casa em Pernambuco; Guarujá,Guarujá,Casa,410000,,,img/guaruja-sobrado.png,Oportunidade de casa em Pernambuco; Guarujá. Ideal para moradia ou investimento no litoral.,
casa-trevo-peruibe,Casa Trevo; Peruíbe,Peruíbe,Casa,410000,,,img/peruibe-chacara.png,Conheça este casa em Trevo; Peruíbe. Localização estratégica e estrutura pronta.,
apartamento-agenor-campos-mongagua,Apartamento Agenor Campos; Mongaguá,Mongaguá,Apartamento,620000,,,img/mongagua-apartamento.png,Apartamento em Agenor Campos; Mongaguá.,
apartamento-em-enseada-guaruja,Apartamento em Enseada; Guarujá,Guarujá,Apartamento,620000,,,img/guaruja-sobrado.png,Apartamento em Enseada; Guarujá.,
apartamento-no-vila-sao-jorge-sao-vicente,Apartamento no Vila São Jorge; São Vicente,São Vicente,Apartamento,180000,,,img/sv-casa-terrea.png,Cadastre-se e receba opções de apartamento em Vila São Jorge; São Vicente.,
apartamento-centro-guaruja,Apartamento Centro; Guarujá,Guarujá,Apartamento,520000,,,img/guaruja-sobrado.png,Encontre apartamento em Centro; Guarujá. Opção com boa liquidez e valorização no litoral.,
casa-em-boqueirao-praia-grande,Casa em Boqueirão; Praia Grande,Praia Grande,Casa,750000,,,img/pg-studio.png,Cadastre-se e receba opções de casa em Boqueirão; Praia Grande.,
casa-no-centro-bertioga,Casa no Centro; Bertioga,Bertioga,Casa,750000,,,img/bertioga-apartamento.png,Encontre casa em Centro; Bertioga. Opção com boa liquidez e valorização no litoral.,
casa-agenor-campos-mongagua,Casa Agenor Campos; Mongaguá,Mongaguá,Casa,950000,,,img/mongagua-apartamento.png,Oportunidade de casa em Agenor Campos; Mongaguá. Ideal para moradia ou investimento no litoral.,
casa-no-pompeia-santos,Casa no Pompeia; Santos,Santos,Casa,620000,,,img/santos-apartamento-vista-mar.png,Conheça este casa em Pompeia; Santos. Localização estratégica e estrutura pronta.,
casa-jardim-peruibe-peruibe,Casa Jardim Peruíbe; Peruíbe,Peruíbe,Casa,950000,,,img/peruibe-chacara.png,Cadastre-se e receba opções de casa em Jardim Peruíbe; Peruíbe.,
casa-no-sorocotuba-guaruja,Casa no Sorocotuba; Guarujá,Guarujá,Casa,750000,,,img/guaruja-sobrado.png,Conheça este casa em Sorocotuba; Guarujá. Localização estratégica e estrutura pronta.,
casa-em-jose-menino-santos,Casa em José Menino; Santos,Santos,Casa,520000,,,img/santos-apartamento-vista-mar.png,Cadastre-se e receba opções de casa em José Menino; Santos.,
casa-no-vista-linda-bertioga,Casa no Vista Linda; Bertioga,Bertioga,Casa,850000,,,img/bertioga-apartamento.png,Casa em Vista Linda; Bertioga.,
apartamento-no-solemar-praia-grande,Apartamento no Solemar; Praia Grande,Praia Grande,Apartamento,850000,,,img/pg-studio.png,Apartamento em Solemar; Praia Grande.,
apartamento-no-pernambuco-guaruja,Apartamento no Pernambuco; Guarujá,Guarujá,Apartamento,180000,,,img/guaruja-sobrado.png,Conheça este apartamento em Pernambuco; Guarujá. Localização estratégica e estrutura pronta.,
apartamento-no-guilhermina-praia-grande,Apartamento no Guilhermina; Praia Grande,Praia Grande,Apartamento,950000,,,img/pg-studio.png,Cadastre-se e receba opções de apartamento em Guilhermina; Praia Grande.,
casa-jardim-sao-lourenco-bertioga,Casa Jardim São Lourenço; Bertioga,Bertioga,Casa,750000,,,img/bertioga-apartamento.png,Cadastre-se e receba opções de casa em Jardim São Lourenço; Bertioga.,
casa-em-macuco-santos,Casa em Macuco; Santos,Santos,Casa,180000,,,img/santos-apartamento-vista-mar.png,Cadastre-se e receba opções de casa em Macuco; Santos.,
casa-no-catiapoa-sao-vicente,Casa no Catiapoa; São Vicente,São Vicente,Casa,850000,,,img/sv-casa-terrea.png,Oportunidade de casa em Catiapoa; São Vicente. Ideal para moradia ou investimento no litoral.,
casa-em-rio-preto-peruibe,Casa em Rio Preto; Peruíbe,Peruíbe,Casa,180000,,,img/peruibe-chacara.png,Conheça este casa em Rio Preto; Peruíbe. Localização estratégica e estrutura pronta.,
casa-no-vicente-de-carvalho-guaruja,Casa no Vicente de Carvalho; Guarujá,Guarujá,Casa,520000,,,img/guaruja-sobrado.png,Conheça este casa em Vicente de Carvalho; Guarujá. Localização estratégica e estrutura pronta.,
casa-vila-sao-jorge-sao-vicente,Casa Vila São Jorge; São Vicente,São Vicente,Casa,520000,,,img/sv-casa-terrea.png,Encontre casa em Vila São Jorge; São Vicente. Opção com boa liquidez e valorização no litoral.,
casa-em-jardim-sao-lourenco-bertioga,Casa em Jardim São Lourenço; Bertioga,Bertioga,Casa,950000,,,img/bertioga-apartamento.png,Cadastre-se e receba opções de casa em Jardim São Lourenço; Bertioga.,
apartamento-no-cibratel-itanhaem,Apartamento no Cibratel; Itanhaém,Itanhaém,Apartamento,750000,,,img/itanhaem-terreno.png,Cadastre-se e receba opções de apartamento em Cibratel; Itanhaém.,
apartamento-no-centro-peruibe,Apartamento no Centro; Peruíbe,Peruíbe,Apartamento,950000,,,img/peruibe-chacara.png,Conheça este apartamento em Centro; Peruíbe. Localização estratégica e estrutura pronta.,
casa-em-gaivotas-itanhaem,Casa em Gaivotas; Itanhaém,Itanhaém,Casa,520000,,,img/itanhaem-terreno.png,Conheça este casa em Gaivotas; Itanhaém. Localização estratégica e estrutura pronta.,
casa-em-maracana-praia-grande,Casa em Maracanã; Praia Grande,Praia Grande,Casa,180000,,,img/pg-studio.png,Encontre casa em Maracanã; Praia Grande. Opção com boa liquidez e valorização no litoral.,
casa-no-centro-mongagua,Casa no Centro; Mongaguá,Mongaguá,Casa,180000,,,img/mongagua-apartamento.png,Cadastre-se e receba opções de casa em Centro; Mongaguá.,
apartamento-vila-atlantica-mongagua,Apartamento Vila Atlântica; Mongaguá,Mongaguá,Apartamento,950000,,,img/mongagua-apartamento.png,Encontre apartamento em Vila Atlântica; Mongaguá. Opção com boa liquidez e valorização no litoral.,
apartamento-no-pompeia-santos,Apartamento no Pompeia; Santos,Santos,Apartamento,750000,,,img/santos-apartamento-vista-mar.png,Cadastre-se e receba opções de apartamento em Pompeia; Santos.,
apartamento-em-catiapoa-sao-vicente,Apartamento em Catiapoa; São Vicente,São Vicente,Apartamento,520000,,,img/sv-casa-terrea.png,Cadastre-se e receba opções de apartamento em Catiapoa; São Vicente.,
apartamento-no-agenor-campos-mongagua,Apartamento no Agenor Campos; Mongaguá,Mongaguá,Apartamento,950000,,,img/mongagua-apartamento.png,Encontre apartamento em Agenor Campos; Mongaguá. Opção com boa liquidez e valorização no litoral.,
casa-centro-sao-vicente,Casa Centro; São Vicente,São Vicente,Casa,950000,,,img/sv-casa-terrea.png,Oportunidade de casa em Centro; São Vicente. Ideal para moradia ou investimento no litoral.,
apartamento-vista-mar-santos-1-quarto-s-35m2-sem-vaga,Apartamento Vista Mar Santos | 1 quarto(s); 35m²; Sem vaga,Santos,Apartamento,850000,,,img/santos-apartamento-vista-mar.png,Apartamento com varanda e vista mar em Santos. Condomínio com lazer. 1 quarto(s); área 35m²; Sem vaga.,
cobertura-duplex-santos-2-quarto-s-45m2-1-vaga,Cobertura Duplex Santos | 2 quarto(s); 45m²; 1 vaga,Santos,Cobertura,2100000,,,img/santos-cobertura-duplex.png,Cobertura duplex com piscina privativa. Sem condomínio. 2 quarto(s); área 45m²; 1 vaga.,
terreno-santos-1-quarto-s-120m2-sem-vaga,Terreno Santos | 1 quarto(s); 120m²; Sem vaga,Santos,Terreno,950000,,,img/santos-terreno-alto-padrao.png,Terreno alto padrão perto da orla. Sem condomínio. 1 quarto(s); área 120m²; Sem vaga.,
sobrado-guaruja-1-quarto-s-100m2-2-vagas,Sobrado Guaruja | 1 quarto(s); 100m²; 2 vagas,Guarujá,Casa,620000,,,img/guaruja-sobrado.png,Sobrado em condomínio fechado no Guarujá. Condomínio fechado. 1 quarto(s); área 100m²; 2 vagas.,
apartamento-pitangueiras-1-quarto-s-35m2-1-vaga,Apartamento Pitangueiras | 1 quarto(s); 35m²; 1 vaga,Guarujá,Apartamento,620000,,,img/guaruja-sobrado.png,Apartamento em Pitangueiras; Guarujá. Perfeito para quem busca conforto e localização estratégica no litoral de SP. Condomínio fechado. 1 quarto(s); área 35m²; 1 vaga.,
casa-pitangueiras-1-quarto-s-100m2-1-vaga,Casa Pitangueiras | 1 quarto(s); 100m²; 1 vaga,Guarujá,Casa,620000,,,img/guaruja-sobrado.png,Casa em Pitangueiras; Guarujá. Perfeito para quem busca conforto e localização estratégica no litoral de SP. Sem condomínio. 1 quarto(s); área 100m²; 1 vaga.,
studio-praia-grande-4-quarto-s-45m2-2-vagas,Studio Praia Grande | 4 quarto(s); 45m²; 2 vagas,Praia Grande,Studio,280000,,,img/pg-studio.png,Studio mobiliado a 2 quadras da praia. Sem condomínio. 4 quarto(s); área 45m²; 2 vagas.,
apartamento-guilhermina-3-quarto-s-35m2-1-vaga,Apartamento Guilhermina | 3 quarto(s); 35m²; 1 vaga,Praia Grande,Apartamento,280000,,,img/pg-studio.png,Apartamento em Guilhermina; Praia Grande. Perfeito para quem busca conforto e localização estratégica no litoral de SP. Sem condomínio. 3 quarto(s); área 35m²; 1 vaga.,
casa-guilhermina-4-quarto-s-60m2-2-vagas,Casa Guilhermina | 4 quarto(s); 60m²; 2 vagas,Praia Grande,Casa,280000,,,img/pg-studio.png,Casa em Guilhermina; Praia Grande. Perfeito para quem busca conforto e localização estratégica no litoral de SP. Condomínio fechado. 4 quarto(s); área 60m²; 2 vagas.,
terreno-itanhaem-2-quarto-s-60m2-1-vaga,Terreno Itanhaém | 2 quarto(s); 60m²; 1 vaga,Itanhaém,Terreno,180000,,,img/itanhaem-terreno.png,Terreno em loteamento aprovado. Condomínio fechado. 2 quarto(s); área 60m²; 1 vaga.,
apartamento-centro-4-quarto-s-35m2-2-vagas,Apartamento Centro | 4 quarto(s); 35m²; 2 vagas,Itanhaém,Apartamento,180000,,,img/itanhaem-terreno.png,Apartamento em Centro; Itanhaém. Perfeito para quem busca conforto e localização estratégica no litoral de SP. Condomínio com lazer. 4 quarto(s); área 35m²; 2 vagas.,
casa-centro-3-quarto-s-35m2-sem-vaga,Casa Centro | 3 quarto(s); 35m²; Sem vaga,Itanhaém,Casa,180000,,,img/itanhaem-terreno.png,Casa em Centro; Itanhaém. Perfeito para quem busca conforto e localização estratégica no litoral de SP. Condomínio com lazer. 3 quarto(s); área 35m²; Sem vaga.,
apartamento-mongagua-1-quarto-s-80m2-1-vaga,Apartamento Mongaguá | 1 quarto(s); 80m²; 1 vaga,Mongaguá,Apartamento,340000,,,img/mongagua-apartamento.png,Apartamento compacto com pé direito duplo. Sem condomínio. 1 quarto(s); área 80m²; 1 vaga.,
apartamento-centro-3-quarto-s-120m2-sem-vaga,Apartamento Centro | 3 quarto(s); 120m²; Sem vaga,Mongaguá,Apartamento,340000,,,img/mongagua-apartamento.png,Apartamento em Centro; Mongaguá. Perfeito para quem busca conforto e localização estratégica no litoral de SP. Condomínio com lazer. 3 quarto(s); área 120m²; Sem vaga.,
casa-centro-2-quarto-s-120m2-1-vaga,Casa Centro | 2 quarto(s); 120m²; 1 vaga,Mongaguá,Casa,340000,,,img/mongagua-apartamento.png,Casa em Centro; Mongaguá. Perfeito para quem busca conforto e localização estratégica no litoral de SP. Condomínio fechado. 2 quarto(s); área 120m²; 1 vaga.,
casa-sao-vicente-2-quarto-s-60m2-1-vaga,Casa São Vicente | 2 quarto(s); 60m²; 1 vaga,São Vicente,Casa,520000,,,img/sv-casa-terrea.png,Casa térrea com quintal grande. Condomínio fechado. 2 quarto(s); área 60m²; 1 vaga.,
apartamento-centro-1-quarto-s-80m2-2-vagas,Apartamento Centro | 1 quarto(s); 80m²; 2 vagas,São Vicente,Apartamento,520000,,,img/sv-casa-terrea.png,Apartamento em Centro; São Vicente. Perfeito para quem busca conforto e localização estratégica no litoral de SP. Condomínio com lazer. 1 quarto(s); área 80m²; 2 vagas.,
casa-centro-3-quarto-s-45m2-2-vagas,Casa Centro | 3 quarto(s); 45m²; 2 vagas,São Vicente,Casa,520000,,,img/sv-casa-terrea.png,Casa em Centro; São Vicente. Perfeito para quem busca conforto e localização estratégica no litoral de SP. Condomínio com lazer. 3 quarto(s); área 45m²; 2 vagas.,
chacara-peruibe-2-quarto-s-120m2-2-vagas,Chácara Peruíbe | 2 quarto(s); 120m²; 2 vagas,Peruíbe,Casa,750000,,,img/peruibe-chacara.png,Chácara com pomar e piscina. Sem condomínio. 2 quarto(s); área 120m²; 2 vagas.,
apartamento-centro-1-quarto-s-100m2-sem-vaga,Apartamento Centro | 1 quarto(s); 100m²; Sem vaga,Peruíbe,Apartamento,750000,,,img/peruibe-chacara.png,Apartamento em Centro; Peruíbe. Perfeito para quem busca conforto e localização estratégica no litoral de SP. Condomínio fechado. 1 quarto(s); área 100m²; Sem vaga.,
casa-centro-2-quarto-s-45m2-2-vagas,Casa Centro | 2 quarto(s); 45m²; 2 vagas,Peruíbe,Casa,750000,,,img/peruibe-chacara.png,Casa em Centro; Peruíbe. Perfeito para quem busca conforto e localização estratégica no litoral de SP. Condomínio com lazer. 2 quarto(s); área 45m²; 2 vagas.,
apartamento-bertioga-3-quarto-s-120m2-sem-vaga,Apartamento Bertioga | 3 quarto(s); 120m²; Sem vaga,Bertioga,Apartamento,410000,,,img/bertioga-apartamento.png,Apartamento novo em condomínio com lazer. Sem condomínio. 3 quarto(s); área 120m²; Sem vaga.,
apartamento-riviera-2-quarto-s-120m2-2-vagas,Apartamento Riviera | 2 quarto(s); 120m²; 2 vagas,Bertioga,Apartamento,410000,,,img/bertioga-apartamento.png,Apartamento em Riviera; Bertioga. Perfeito para quem busca conforto e localização estratégica no litoral de SP. Condomínio fechado. 2 quarto(s); área 120m²; 2 vagas.,
casa-riviera-2-quarto-s-35m2-2-vagas,Casa Riviera | 2 quarto(s); 35m²; 2 vagas,Bertioga,Casa,410000,,,img/bertioga-apartamento.png,Casa em Riviera; Bertioga. Perfeito para quem busca conforto e localização estratégica no litoral de SP. Condomínio com lazer. 2 quarto(s); área 35m²; 2 vagas.,
apartamento-centro-sao-vicente-3-quarto-s-35m2-1-vaga,Apartamento Centro; São Vicente | 3 quarto(s); 35m²; 1 vaga,São Vicente,Apartamento,850000,,,img/sv-casa-terrea.png,Apartamento em Centro; São Vicente. Perfeito para quem busca conforto e localização estratégica no litoral de SP. Sem condomínio. 3 quarto(s); área 35m²; 1 vaga.,
apartamento-asturias-guaruja-3-quarto-s-45m2-sem-vaga,Apartamento Astúrias; Guarujá | 3 quarto(s); 45m²; Sem vaga,Guarujá,Apartamento,850000,,,img/guaruja-sobrado.png,Apartamento em Astúrias; Guarujá. Perfeito para quem busca conforto e localização estratégica no litoral de SP. Condomínio com lazer. 3 quarto(s); área 45m²; Sem vaga.,
cobertura-vila-tupi-praia-grande-4-quarto-s-120m2-2-vagas,Cobertura Vila Tupi; Praia Grande | 4 quarto(s); 120m²; 2 vagas,Praia Grande,Cobertura,2100000,,,img/pg-studio.png,Cobertura em Vila Tupi; Praia Grande. Perfeito para quem busca conforto e localização estratégica no litoral de SP. Condomínio fechado. 4 quarto(s); área 120m²; 2 vagas.,
cobertura-trevo-peruibe-3-quarto-s-45m2-1-vaga,Cobertura Trevo; Peruíbe | 3 quarto(s); 45m²; 1 vaga,Peruíbe,Cobertura,2100000,,,img/peruibe-chacara.png,Cobertura em Trevo; Peruíbe. Perfeito para quem busca conforto e localização estratégica no litoral de SP. Sem condomínio. 3 quarto(s); área 45m²; 1 vaga.,
terreno-centro-mongagua-3-quarto-s-120m2-sem-vaga,Terreno Centro; Mongaguá | 3 quarto(s); 120m²; Sem vaga,Mongaguá,Terreno,950000,,,img/mongagua-apartamento.png,Terreno em Centro; Mongaguá. Perfeito para quem busca conforto e localização estratégica no litoral de SP. Condomínio com lazer. 3 quarto(s); área 120m²; Sem vaga.,
terreno-centro-itanhaem-4-quarto-s-60m2-1-vaga,Terreno Centro; Itanhaém | 4 quarto(s); 60m²; 1 vaga,Itanhaém,Terreno,950000,,,img/itanhaem-terreno.png,Terreno em Centro; Itanhaém. Perfeito para quem busca conforto e localização estratégica no litoral de SP. Condomínio fechado. 4 quarto(s); área 60m²; 1 vaga.,
casa-solemar-praia-grande-4-quarto-s-35m2-1-vaga,Casa Solemar; Praia Grande | 4 quarto(s); 35m²; 1 vaga,Praia Grande,Casa,620000,,,img/pg-studio.png,Casa em Solemar; Praia Grande. Perfeito para quem busca conforto e localização estratégica no litoral de SP. Condomínio fechado. 4 quarto(s); área 35m²; 1 vaga.,
casa-vera-cruz-mongagua-2-quarto-s-120m2-1-vaga,Casa Vera Cruz; Mongaguá | 2 quarto(s); 120m²; 1 vaga,Mongaguá,Casa,620000,,,img/mongagua-apartamento.png,Casa em Vera Cruz; Mongaguá. Perfeito para quem busca conforto e localização estratégica no litoral de SP. Sem condomínio. 2 quarto(s); área 120m²; 1 vaga.,
apartamento-vila-sao-jorge-sao-vicente-4-quarto-s-100m2-1-vaga,Apartamento Vila São Jorge; São Vicente | 4 quarto(s); 100m²; 1 vaga,São Vicente,Apartamento,620000,,,img/sv-casa-terrea.png,Apartamento em Vila São Jorge; São Vicente. Perfeito para quem busca conforto e localização estratégica no litoral de SP. Condomínio com lazer. 4 quarto(s); área 100m²; 1 vaga.,
apartamento-jardim-peruibe-peruibe-4-quarto-s-100m2-2-vagas,Apartamento Jardim Peruíbe; Peruíbe | 4 quarto(s); 100m²; 2 vagas,Peruíbe,Apartamento,620000,,,img/peruibe-chacara.png,Apartamento em Jardim Peruíbe; Peruíbe. Perfeito para quem busca conforto e localização estratégica no litoral de SP. Sem condomínio. 4 quarto(s); área 100m²; 2 vagas.,
casa-centro-mongagua-3-quarto-s-100m2-1-vaga,Casa Centro; Mongaguá | 3 quarto(s); 100m²; 1 vaga,Mongaguá,Casa,620000,,,img/mongagua-apartamento.png,Casa em Centro; Mongaguá. Perfeito para quem busca conforto e localização estratégica no litoral de SP. Sem condomínio. 3 quarto(s); área 100m²; 1 vaga.,
casa-jardim-sao-lourenco-bertioga-1-quarto-s-120m2-sem-vaga,Casa Jardim São Lourenço; Bertioga | 1 quarto(s); 120m²; Sem vaga,Bertioga,Casa,620000,,,img/bertioga-apartamento.png,Casa em Jardim São Lourenço; Bertioga. Perfeito para quem busca conforto e localização estratégica no litoral de SP. Condomínio com lazer. 1 quarto(s); área 120m²; Sem vaga.,
studio-centro-bertioga-3-quarto-s-35m2-2-vagas,Studio Centro; Bertioga | 3 quarto(s); 35m²; 2 vagas,Bertioga,Studio,280000,,,img/bertioga-apartamento.png,Studio em Centro; Bertioga. Perfeito para quem busca conforto e localização estratégica no litoral de SP. Condomínio com lazer. 3 quarto(s); área 35m²; 2 vagas.,
studio-pitangueiras-guaruja-2-quarto-s-80m2-1-vaga,Studio Pitangueiras; Guarujá | 2 quarto(s); 80m²; 1 vaga,Guarujá,Studio,280000,,,img/guaruja-sobrado.png,Studio em Pitangueiras; Guarujá. Perfeito para quem busca conforto e localização estratégica no litoral de SP. Sem condomínio. 2 quarto(s); área 80m²; 1 vaga.,
apartamento-cibratel-itanhaem-3-quarto-s-100m2-1-vaga,Apartamento Cibratel; Itanhaém | 3 quarto(s); 100m²; 1 vaga,Itanhaém,Apartamento,280000,,,img/itanhaem-terreno.png,Apartamento em Cibratel; Itanhaém. Perfeito para quem busca conforto e localização estratégica no litoral de SP. Sem condomínio. 3 quarto(s); área 100m²; 1 vaga.,
apartamento-macuco-santos-1-quarto-s-120m2-2-vagas,Apartamento Macuco; Santos | 1 quarto(s); 120m²; 2 vagas,Santos,Apartamento,280000,,,img/santos-apartamento-vista-mar.png,Apartamento em Macuco; Santos. Perfeito para quem busca conforto e localização estratégica no litoral de SP. Sem condomínio. 1 quarto(s); área 120m²; 2 vagas.,
casa-sao-miguel-peruibe-2-quarto-s-45m2-2-vagas,Casa São Miguel; Peruíbe | 2 quarto(s); 45m²; 2 vagas,Peruíbe,Casa,280000,,,img/peruibe-chacara.png,Casa em São Miguel; Peruíbe. Perfeito para quem busca conforto e localização estratégica no litoral de SP. Condomínio fechado. 2 quarto(s); área 45m²; 2 vagas.,
casa-gonzaga-santos-1-quarto-s-100m2-2-vagas,Casa Gonzaga; Santos | 1 quarto(s); 100m²; 2 vagas,Santos,Casa,280000,,,img/santos-apartamento-vista-mar.png,Casa em Gonzaga; Santos. Perfeito para quem busca conforto e localização estratégica no litoral de SP. Condomínio com lazer. 1 quarto(s); área 100m²; 2 vagas.,
terreno-jose-menino-santos-1-quarto-s-35m2-2-vagas,Terreno José Menino; Santos | 1 quarto(s); 35m²; 2 vagas,Santos,Terreno,180000,,,img/santos-apartamento-vista-mar.png,Terreno em José Menino; Santos. Perfeito para quem busca conforto e localização estratégica no litoral de SP. Condomínio com lazer. 1 quarto(s); área 35m²; 2 vagas.,
terreno-vera-cruz-mongagua-2-quarto-s-35m2-1-vaga,Terreno Vera Cruz; Mongaguá | 2 quarto(s); 35m²; 1 vaga,Mongaguá,Terreno,180000,,,img/mongagua-apartamento.png,Terreno em Vera Cruz; Mongaguá. Perfeito para quem busca conforto e localização estratégica no litoral de SP. Sem condomínio. 2 quarto(s); área 35m²; 1 vaga.,
apartamento-centro-mongagua-1-quarto-s-35m2-sem-vaga,Apartamento Centro; Mongaguá | 1 quarto(s); 35m²; Sem vaga,Mongaguá,Apartamento,180000,,,img/mongagua-apartamento.png,Apartamento em Centro; Mongaguá. Perfeito para quem busca conforto e localização estratégica no litoral de SP. Condomínio com lazer. 1 quarto(s); área 35m²; Sem vaga.,
apartamento-vicente-de-carvalho-guaruja-1-quarto-s-100m2-1-vaga,Apartamento Vicente de Carvalho; Guarujá | 1 quarto(s); 100m²; 1 vaga,Guarujá,Apartamento,180000,,,img/guaruja-sobrado.png,Apartamento em Vicente de Carvalho; Guarujá. Perfeito para quem busca conforto e localização estratégica no litoral de SP. Condomínio fechado. 1 quarto(s); área 100m²; 1 vaga.,
casa-centro-peruibe-4-quarto-s-100m2-1-vaga,Casa Centro; Peruíbe | 4 quarto(s); 100m²; 1 vaga,Peruíbe,Casa,180000,,,img/peruibe-chacara.png,Casa em Centro; Peruíbe. Perfeito para quem busca conforto e localização estratégica no litoral de SP. Condomínio com lazer. 4 quarto(s); área 100m²; 1 vaga.,
casa-boqueirao-praia-grande-4-quarto-s-45m2-sem-vaga,Casa Boqueirão; Praia Grande | 4 quarto(s); 45m²; Sem vaga,Praia Grande,Casa,180000,,,img/pg-studio.png,Casa em Boqueirão; Praia Grande. Perfeito para quem busca conforto e localização estratégica no litoral de SP. Sem condomínio. 4 quarto(s); área 45m²; Sem vaga.,
apartamento-jardim-sao-lourenco-bertioga-2-quarto-s-120m2-2-vagas,Apartamento Jardim São Lourenço; Bertioga | 2 quarto(s); 120m²; 2 vagas,Bertioga,Apartamento,340000,,,img/bertioga-apartamento.png,Apartamento em Jardim São Lourenço; Bertioga. Perfeito para quem busca conforto e localização estratégica no litoral de SP. Condomínio com lazer. 2 quarto(s); área 120m²; 2 vagas.,
apartamento-boqueirao-praia-grande-3-quarto-s-80m2-sem-vaga,Apartamento Boqueirão; Praia Grande | 3 quarto(s); 80m²; Sem vaga,Praia Grande,Apartamento,340000,,,img/pg-studio.png,Apartamento em Boqueirão; Praia Grande. Perfeito para quem busca conforto e localização estratégica no litoral de SP. Condomínio com lazer. 3 quarto(s); área 80m²; Sem vaga.,
apartamento-vila-tupi-praia-grande-1-quarto-s-45m2-1-vaga,Apartamento Vila Tupi; Praia Grande | 1 quarto(s); 45m²; 1 vaga,Praia Grande,Apartamento,340000,,,img/pg-studio.png,Apartamento em Vila Tupi; Praia Grande. Perfeito para quem busca conforto e localização estratégica no litoral de SP. Condomínio fechado. 1 quarto(s); área 45m²; 1 vaga.,
casa-centro-sao-vicente-3-quarto-s-35m2-sem-vaga,Casa Centro; São Vicente | 3 quarto(s); 35m²; Sem vaga,São Vicente,Casa,340000,,,img/sv-casa-terrea.png,Casa em Centro; São Vicente. Perfeito para quem busca conforto e localização estratégica no litoral de SP. Sem condomínio. 3 quarto(s); área 35m²; Sem vaga.,
casa-jardim-peruibe-peruibe-2-quarto-s-100m2-1-vaga,Casa Jardim Peruíbe; Peruíbe | 2 quarto(s); 100m²; 1 vaga,Peruíbe,Casa,340000,,,img/peruibe-chacara.png,Casa em Jardim Peruíbe; Peruíbe. Perfeito para quem busca conforto e localização estratégica no litoral de SP. Condomínio fechado. 2 quarto(s); área 100m²; 1 vaga.,
casa-aguas-mongagua-1-quarto-s-120m2-sem-vaga,Casa Águas; Mongaguá | 1 quarto(s); 120m²; Sem vaga,Mongaguá,Casa,520000,,,img/mongagua-apartamento.png,Casa em Águas; Mongaguá. Perfeito para quem busca conforto e localização estratégica no litoral de SP. Condomínio fechado. 1 quarto(s); área 120m²; Sem vaga.,
casa-sorocotuba-guaruja-2-quarto-s-35m2-1-vaga,Casa Sorocotuba; Guarujá | 2 quarto(s); 35m²; 1 vaga,Guarujá,Casa,520000,,,img/guaruja-sobrado.png,Casa em Sorocotuba; Guarujá. Perfeito para quem busca conforto e localização estratégica no litoral de SP. Condomínio com lazer. 2 quarto(s); área 35m²; 1 vaga.,
apartamento-vera-cruz-mongagua-1-quarto-s-100m2-1-vaga,Apartamento Vera Cruz; Mongaguá | 1 quarto(s); 100m²; 1 vaga,Mongaguá,Apartamento,520000,,,img/mongagua-apartamento.png,Apartamento em Vera Cruz; Mongaguá. Perfeito para quem busca conforto e localização estratégica no litoral de SP. Condomínio com lazer. 1 quarto(s); área 100m²; 1 vaga.,
apartamento-rio-preto-peruibe-4-quarto-s-45m2-sem-vaga,Apartamento Rio Preto; Peruíbe | 4 quarto(s); 45m²; Sem vaga,Peruíbe,Apartamento,520000,,,img/peruibe-chacara.png,Apartamento em Rio Preto; Peruíbe. Perfeito para quem busca conforto e localização estratégica no litoral de SP. Condomínio fechado. 4 quarto(s); área 45m²; Sem vaga.,
casa-centro-guaruja-4-quarto-s-45m2-2-vagas,Casa Centro; Guarujá | 4 quarto(s); 45m²; 2 vagas,Guarujá,Casa,520000,,,img/guaruja-sobrado.png,Casa em Centro; Guarujá. Perfeito para quem busca conforto e localização estratégica no litoral de SP. Condomínio com lazer. 4 quarto(s); área 45m²; 2 vagas.,
casa-embare-santos-2-quarto-s-35m2-1-vaga,Casa Embaré; Santos | 2 quarto(s); 35m²; 1 vaga,Santos,Casa,520000,,,img/santos-apartamento-vista-mar.png,Casa em Embaré; Santos. Perfeito para quem busca conforto e localização estratégica no litoral de SP. Sem condomínio. 2 quarto(s); área 35m²; 1 vaga.,
casa-macuco-santos-4-quarto-s-60m2-2-vagas,Casa Macuco; Santos | 4 quarto(s); 60m²; 2 vagas,Santos,Casa,750000,,,img/santos-apartamento-vista-mar.png,Casa em Macuco; Santos. Perfeito para quem busca conforto e localização estratégica no litoral de SP. Condomínio com lazer. 4 quarto(s); área 60m²; 2 vagas.,
casa-asturias-guaruja-4-quarto-s-120m2-1-vaga,Casa Astúrias; Guarujá | 4 quarto(s); 120m²; 1 vaga,Guarujá,Casa,750000,,,img/guaruja-sobrado.png,Casa em Astúrias; Guarujá. Perfeito para quem busca conforto e localização estratégica no litoral de SP. Sem condomínio. 4 quarto(s); área 120m²; 1 vaga.,
apartamento-agenor-campos-mongagua-1-quarto-s-35m2-2-vagas,Apartamento Agenor Campos; Mongaguá | 1 quarto(s); 35m²; 2 vagas,Mongaguá,Apartamento,750000,,,img/mongagua-apartamento.png,Apartamento em Agenor Campos; Mongaguá. Perfeito para quem busca conforto e localização estratégica no litoral de SP. Sem condomínio. 1 quarto(s); área 35m²; 2 vagas.,
casa-tupi-praia-grande-3-quarto-s-35m2-1-vaga,Casa Tupi; Praia Grande | 3 quarto(s); 35m²; 1 vaga,Praia Grande,Casa,750000,,,img/pg-studio.png,Casa em Tupi; Praia Grande. Perfeito para quem busca conforto e localização estratégica no litoral de SP. Condomínio fechado. 3 quarto(s); área 35m²; 1 vaga.,
casa-pernambuco-guaruja-2-quarto-s-100m2-2-vagas,Casa Pernambuco; Guarujá | 2 quarto(s); 100m²; 2 vagas,Guarujá,Casa,750000,,,img/guaruja-sobrado.png,Casa em Pernambuco; Guarujá. Perfeito para quem busca conforto e localização estratégica no litoral de SP. Condomínio fechado. 2 quarto(s); área 100m²; 2 vagas.,
apartamento-solemar-praia-grande-4-quarto-s-45m2-2-vagas,Apartamento Solemar; Praia Grande | 4 quarto(s); 45m²; 2 vagas,Praia Grande,Apartamento,410000,,,img/pg-studio.png,Apartamento em Solemar; Praia Grande. Perfeito para quem busca conforto e localização estratégica no litoral de SP. Condomínio com lazer. 4 quarto(s); área 45m²; 2 vagas.,
apartamento-tupi-praia-grande-2-quarto-s-35m2-2-vagas,Apartamento Tupi; Praia Grande | 2 quarto(s); 35m²; 2 vagas,Praia Grande,Apartamento,410000,,,img/pg-studio.png,Apartamento em Tupi; Praia Grande. Perfeito para quem busca conforto e localização estratégica no litoral de SP. Sem condomínio. 2 quarto(s); área 35m²; 2 vagas.,
apartamento-sorocotuba-guaruja-1-quarto-s-35m2-sem-vaga,Apartamento Sorocotuba; Guarujá | 1 quarto(s); 35m²; Sem vaga,Guarujá,Apartamento,410000,,,img/guaruja-sobrado.png,Apartamento em Sorocotuba; Guarujá. Perfeito para quem busca conforto e localização estratégica no litoral de SP. Sem condomínio. 1 quarto(s); área 35m²; Sem vaga.,
casa-bocaina-santos-1-quarto-s-35m2-1-vaga,Casa Bocaina; Santos | 1 quarto(s); 35m²; 1 vaga,Santos,Casa,410000,,,img/santos-apartamento-vista-mar.png,Casa em Bocaina; Santos. Perfeito para quem busca conforto e localização estratégica no litoral de SP. Condomínio fechado. 1 quarto(s); área 35m²; 1 vaga.,
apartamento-em-centro-sao-vicente-4-quarto-s-80m2-2-vagas,Apartamento em Centro; São Vicente | 4 quarto(s); 80m²; 2 vagas,São Vicente,Apartamento,950000,,,img/sv-casa-terrea.png,Conheça este apartamento em Centro; São Vicente. Localização estratégica e estrutura pronta. Condomínio fechado. 4 quarto(s); área 80m²; 2 vagas.,
apartamento-enseada-guaruja-4-quarto-s-35m2-1-vaga,Apartamento Enseada; Guarujá | 4 quarto(s); 35m²; 1 vaga,Guarujá,Apartamento,850000,,,img/guaruja-sobrado.png,Cadastre-se e receba opções de apartamento em Enseada; Guarujá. Condomínio com lazer. 4 quarto(s); área 35m²; 1 vaga.,
cobertura-vila-sao-jorge-sao-vicente-1-quarto-s-80m2-2-vagas,Cobertura Vila São Jorge; São Vicente | 1 quarto(s); 80m²; 2 vagas,São Vicente,Cobertura,520000,,,img/sv-casa-terrea.png,Cadastre-se e receba opções de cobertura em Vila São Jorge; São Vicente. Condomínio com lazer. 1 quarto(s); área 80m²; 2 vagas.,
cobertura-centro-peruibe-3-quarto-s-80m2-sem-vaga,Cobertura Centro; Peruíbe | 3 quarto(s); 80m²; Sem vaga,Peruíbe,Cobertura,950000,,,img/peruibe-chacara.png,Cobertura em Centro; Peruíbe. Sem condomínio. 3 quarto(s); área 80m²; Sem vaga.,
terreno-solemar-praia-grande-4-quarto-s-45m2-1-vaga,Terreno Solemar; Praia Grande | 4 quarto(s); 45m²; 1 vaga,Praia Grande,Terreno,950000,,,img/pg-studio.png,Cadastre-se e receba opções de terreno em Solemar; Praia Grande. Condomínio com lazer. 4 quarto(s); área 45m²; 1 vaga.,
terreno-no-vera-cruz-mongagua-2-quarto-s-35m2-sem-vaga,Terreno no Vera Cruz; Mongaguá | 2 quarto(s); 35m²; Sem vaga,Mongaguá,Terreno,520000,,,img/mongagua-apartamento.png,Encontre terreno em Vera Cruz; Mongaguá. Opção com boa liquidez e valorização no litoral. Sem condomínio. 2 quarto(s); área 35m²; Sem vaga.,
sobrado-centro-mongagua-1-quarto-s-120m2-2-vagas,Sobrado Centro; Mongaguá | 1 quarto(s); 120m²; 2 vagas,Mongaguá,Sobrado,520000,,,img/mongagua-apartamento.png,Cadastre-se e receba opções de sobrado em Centro; Mongaguá. Condomínio fechado. 1 quarto(s); área 120m²; 2 vagas.,
sobrado-no-boraceia-bertioga-1-quarto-s-100m2-2-vagas,Sobrado no Boracéia; Bertioga | 1 quarto(s); 100m²; 2 vagas,Bertioga,Sobrado,950000,,,img/bertioga-apartamento.png,Encontre sobrado em Boracéia; Bertioga. Opção com boa liquidez e valorização no litoral. Sem condomínio. 1 quarto(s); área 100m²; 2 vagas.,
apartamento-centro-peruibe-2-quarto-s-35m2-sem-vaga,Apartamento Centro; Peruíbe | 2 quarto(s); 35m²; Sem vaga,Peruíbe,Apartamento,850000,,,img/peruibe-chacara.png,Oportunidade de apartamento em Centro; Peruíbe. Ideal para moradia ou investimento no litoral. Condomínio fechado. 2 quarto(s); área 35m²; Sem vaga.,
apartamento-no-boraceia-bertioga-2-quarto-s-35m2-sem-vaga,Apartamento no Boracéia; Bertioga | 2 quarto(s); 35m²; Sem vaga,Bertioga,Apartamento,620000,,,img/bertioga-apartamento.png,Cadastre-se e receba opções de apartamento em Boracéia; Bertioga. Condomínio fechado. 2 quarto(s); área 35m²; Sem vaga.,
casa-em-sao-miguel-peruibe-2-quarto-s-80m2-1-vaga,Casa em São Miguel; Peruíbe | 2 quarto(s); 80m²; 1 vaga,Peruíbe,Casa,520000,,,img/peruibe-chacara.png,Casa em São Miguel; Peruíbe. Sem condomínio. 2 quarto(s); área 80m²; 1 vaga.,
casa-em-gonzaga-santos-2-quarto-s-100m2-sem-vaga,Casa em Gonzaga; Santos | 2 quarto(s); 100m²; Sem vaga,Santos,Casa,750000,,,img/santos-apartamento-vista-mar.png,Conheça este casa em Gonzaga; Santos. Localização estratégica e estrutura pronta. Condomínio fechado. 2 quarto(s); área 100m²; Sem vaga.,
studio-em-gonzaguinha-sao-vicente-1-quarto-s-80m2-sem-vaga,Studio em Gonzaguinha; São Vicente | 1 quarto(s); 80m²; Sem vaga,São Vicente,Studio,180000,,,img/sv-casa-terrea.png,Encontre studio em Gonzaguinha; São Vicente. Opção com boa liquidez e valorização no litoral. Sem condomínio. 1 quarto(s); área 80m²; Sem vaga.,
studio-centro-mongagua-3-quarto-s-60m2-1-vaga,Studio Centro; Mongaguá | 3 quarto(s); 60m²; 1 vaga,Mongaguá,Studio,950000,,,img/mongagua-apartamento.png,Cadastre-se e receba opções de studio em Centro; Mongaguá. Sem condomínio. 3 quarto(s); área 60m²; 1 vaga.,
apartamento-no-jardim-sao-lourenco-bertioga-3-quarto-s-45m2-2-vagas,Apartamento no Jardim São Lourenço; Bertioga | 3 quarto(s); 45m²; 2 vagas,Bertioga,Apartamento,180000,,,img/bertioga-apartamento.png,Oportunidade de apartamento em Jardim São Lourenço; Bertioga. Ideal para moradia ou investimento no litoral. Condomínio com lazer. 3 quarto(s); área 45m²; 2 vagas.,
casa-no-jardim-peruibe-peruibe-2-quarto-s-120m2-sem-vaga,Casa no Jardim Peruíbe; Peruíbe | 2 quarto(s); 120m²; Sem vaga,Peruíbe,Casa,950000,,,img/peruibe-chacara.png,Conheça este casa em Jardim Peruíbe; Peruíbe. Localização estratégica e estrutura pronta. Condomínio com lazer. 2 quarto(s); área 120m²; Sem vaga.,
casa-em-boraceia-bertioga-4-quarto-s-60m2-1-vaga,Casa em Boracéia; Bertioga | 4 quarto(s); 60m²; 1 vaga,Bertioga,Casa,180000,,,img/bertioga-apartamento.png,Cadastre-se e receba opções de casa em Boracéia; Bertioga. Condomínio fechado. 4 quarto(s); área 60m²; 1 vaga.,
terreno-bocaina-santos-4-quarto-s-100m2-sem-vaga,Terreno Bocaina; Santos | 4 quarto(s); 100m²; Sem vaga,Santos,Terreno,180000,,,img/santos-apartamento-vista-mar.png,Cadastre-se e receba opções de terreno em Bocaina; Santos. Condomínio fechado. 4 quarto(s); área 100m²; Sem vaga.,
terreno-aguas-mongagua-1-quarto-s-100m2-1-vaga,Terreno Águas; Mongaguá | 1 quarto(s); 100m²; 1 vaga,Mongaguá,Terreno,520000,,,img/mongagua-apartamento.png,Oportunidade de terreno em Águas; Mongaguá. Ideal para moradia ou investimento no litoral. Sem condomínio. 1 quarto(s); área 100m²; 1 vaga.,
apartamento-em-vila-tupi-praia-grande-3-quarto-s-45m2-2-vagas,Apartamento em Vila Tupi; Praia Grande | 3 quarto(s); 45m²; 2 vagas,Praia Grande,Apartamento,180000,,,img/pg-studio.png,Encontre apartamento em Vila Tupi; Praia Grande. Opção com boa liquidez e valorização no litoral. Condomínio fechado. 3 quarto(s); área 45m²; 2 vagas.,
apartamento-gonzaguinha-sao-vicente-2-quarto-s-60m2-2-vagas,Apartamento Gonzaguinha; São Vicente | 2 quarto(s); 60m²; 2 vagas,São Vicente,Apartamento,750000,,,img/sv-casa-terrea.png,Encontre apartamento em Gonzaguinha; São Vicente. Opção com boa liquidez e valorização no litoral. Condomínio fechado. 2 quarto(s); área 60m²; 2 vagas.,
casa-no-embare-santos-4-quarto-s-100m2-sem-vaga,Casa no Embaré; Santos | 4 quarto(s); 100m²; Sem vaga,Santos,Casa,950000,,,img/santos-apartamento-vista-mar.png,Casa em Embaré; Santos. Condomínio com lazer. 4 quarto(s); área 100m²; Sem vaga.,
casa-em-solemar-praia-grande-1-quarto-s-120m2-sem-vaga,Casa em Solemar; Praia Grande | 1 quarto(s); 120m²; Sem vaga,Praia Grande,Casa,950000,,,img/pg-studio.png,Conheça este casa em Solemar; Praia Grande. Localização estratégica e estrutura pronta. Condomínio com lazer. 1 quarto(s); área 120m²; Sem vaga.,
apartamento-em-itarare-sao-vicente-1-quarto-s-45m2-2-vagas,Apartamento em Itararé; São Vicente | 1 quarto(s); 45m²; 2 vagas,São Vicente,Apartamento,950000,,,img/sv-casa-terrea.png,Oportunidade de apartamento em Itararé; São Vicente. Ideal para moradia ou investimento no litoral. Condomínio fechado. 1 quarto(s); área 45m²; 2 vagas.,
apartamento-boraceia-bertioga-1-quarto-s-120m2-sem-vaga,Apartamento Boracéia; Bertioga | 1 quarto(s); 120m²; Sem vaga,Bertioga,Apartamento,180000,,,img/bertioga-apartamento.png,Encontre apartamento em Boracéia; Bertioga. Opção com boa liquidez e valorização no litoral. Condomínio fechado. 1 quarto(s); área 120m²; Sem vaga.,
apartamento-em-cibratel-itanhaem-3-quarto-s-60m2-sem-vaga,Apartamento em Cibratel; Itanhaém | 3 quarto(s); 60m²; Sem vaga,Itanhaém,Apartamento,520000,,,img/itanhaem-terreno.png,Cadastre-se e receba opções de apartamento em Cibratel; Itanhaém. Condomínio fechado. 3 quarto(s); área 60m²; Sem vaga.,
apartamento-no-trevo-peruibe-3-quarto-s-45m2-sem-vaga,Apartamento no Trevo; Peruíbe | 3 quarto(s); 45m²; Sem vaga,Peruíbe,Apartamento,950000,,,img/peruibe-chacara.png,Conheça este apartamento em Trevo; Peruíbe. Localização estratégica e estrutura pronta. Sem condomínio. 3 quarto(s); área 45m²; Sem vaga.,
casa-sorocotuba-guaruja-3-quarto-s-100m2-2-vagas,Casa Sorocotuba; Guarujá | 3 quarto(s); 100m²; 2 vagas,Guarujá,Casa,750000,,,img/guaruja-sobrado.png,Casa em Sorocotuba; Guarujá. Condomínio com lazer. 3 quarto(s); área 100m²; 2 vagas.,
casa-centro-itanhaem-1-quarto-s-35m2-sem-vaga,Casa Centro; Itanhaém | 1 quarto(s); 35m²; Sem vaga,Itanhaém,Casa,950000,,,img/itanhaem-terreno.png,Cadastre-se e receba opções de casa em Centro; Itanhaém. Condomínio com lazer. 1 quarto(s); área 35m²; Sem vaga.,
casa-no-agenor-campos-mongagua-3-quarto-s-35m2-1-vaga,Casa no Agenor Campos; Mongaguá | 3 quarto(s); 35m²; 1 vaga,Mongaguá,Casa,520000,,,img/mongagua-apartamento.png,Cadastre-se e receba opções de casa em Agenor Campos; Mongaguá. Condomínio com lazer. 3 quarto(s); área 35m²; 1 vaga.,
apartamento-gaivotas-itanhaem-2-quarto-s-120m2-2-vagas,Apartamento Gaivotas; Itanhaém | 2 quarto(s); 120m²; 2 vagas,Itanhaém,Apartamento,180000,,,img/itanhaem-terreno.png,Cadastre-se e receba opções de apartamento em Gaivotas; Itanhaém. Condomínio fechado. 2 quarto(s); área 120m²; 2 vagas.,
apartamento-em-guilhermina-praia-grande-4-quarto-s-100m2-sem-vaga,Apartamento em Guilhermina; Praia Grande | 4 quarto(s); 100m²; Sem vaga,Praia Grande,Apartamento,750000,,,img/pg-studio.png,Cadastre-se e receba opções de apartamento em Guilhermina; Praia Grande. Condomínio com lazer. 4 quarto(s); área 100m²; Sem vaga.,
casa-caicara-praia-grande-1-quarto-s-35m2-1-vaga,Casa Caiçara; Praia Grande | 1 quarto(s); 35m²; 1 vaga,Praia Grande,Casa,520000,,,img/pg-studio.png,Conheça este casa em Caiçara; Praia Grande. Localização estratégica e estrutura pronta. Sem condomínio. 1 quarto(s); área 35m²; 1 vaga.,
casa-no-aguas-mongagua-2-quarto-s-100m2-1-vaga,Casa no Águas; Mongaguá | 2 quarto(s); 100m²; 1 vaga,Mongaguá,Casa,180000,,,img/mongagua-apartamento.png,Casa em Águas; Mongaguá. Condomínio com lazer. 2 quarto(s); área 100m²; 1 vaga.,
chacara-vera-cruz-mongagua-2-quarto-s-80m2-1-vaga,Chácara Vera Cruz; Mongaguá | 2 quarto(s); 80m²; 1 vaga,Mongaguá,Chácara,850000,,,img/mongagua-apartamento.png,Cadastre-se e receba opções de chácara em Vera Cruz; Mongaguá. Condomínio fechado. 2 quarto(s); área 80m²; 1 vaga.,
chacara-em-boqueirao-praia-grande-3-quarto-s-60m2-1-vaga,Chácara em Boqueirão; Praia Grande | 3 quarto(s); 60m²; 1 vaga,Praia Grande,Chácara,750000,,,img/pg-studio.png,Conheça este chácara em Boqueirão; Praia Grande. Localização estratégica e estrutura pronta. Condomínio com lazer. 3 quarto(s); área 60m²; 1 vaga.,
apartamento-vera-cruz-mongagua-2-quarto-s-120m2-1-vaga,Apartamento Vera Cruz; Mongaguá | 2 quarto(s); 120m²; 1 vaga,Mongaguá,Apartamento,620000,,,img/mongagua-apartamento.png,Encontre apartamento em Vera Cruz; Mongaguá. Opção com boa liquidez e valorização no litoral. Sem condomínio. 2 quarto(s); área 120m²; 1 vaga.,
apartamento-em-nova-itanhaem-itanhaem-1-quarto-s-60m2-sem-vaga,Apartamento em Nova Itanhaém; Itanhaém | 1 quarto(s); 60m²; Sem vaga,Itanhaém,Apartamento,850000,,,img/itanhaem-terreno.png,Cadastre-se e receba opções de apartamento em Nova Itanhaém; Itanhaém. Condomínio com lazer. 1 quarto(s); área 60m²; Sem vaga.,
casa-costao-itanhaem-2-quarto-s-45m2-1-vaga,Casa Costão; Itanhaém | 2 quarto(s); 45m²; 1 vaga,Itanhaém,Casa,620000,,,img/itanhaem-terreno.png,Casa em Costão; Itanhaém. Condomínio fechado. 2 quarto(s); área 45m²; 1 vaga.,
casa-no-boqueirao-praia-grande-4-quarto-s-35m2-1-vaga,Casa no Boqueirão; Praia Grande | 4 quarto(s); 35m²; 1 vaga,Praia Grande,Casa,850000,,,img/pg-studio.png,Encontre casa em Boqueirão; Praia Grande. Opção com boa liquidez e valorização no litoral. Sem condomínio. 4 quarto(s); área 35m²; 1 vaga.,
apartamento-pitangueiras-guaruja-3-quarto-s-80m2-sem-vaga,Apartamento Pitangueiras; Guarujá | 3 quarto(s); 80m²; Sem vaga,Guarujá,Apartamento,520000,,,img/guaruja-sobrado.png,Cadastre-se e receba opções de apartamento em Pitangueiras; Guarujá. Sem condomínio. 3 quarto(s); área 80m²; Sem vaga.,
apartamento-em-centro-mongagua-2-quarto-s-60m2-1-vaga,Apartamento em Centro; Mongaguá | 2 quarto(s); 60m²; 1 vaga,Mongaguá,Apartamento,950000,,,img/mongagua-apartamento.png,Encontre apartamento em Centro; Mongaguá. Opção com boa liquidez e valorização no litoral. Sem condomínio. 2 quarto(s); área 60m²; 1 vaga.,
apartamento-vila-sao-jorge-sao-vicente-1-quarto-s-80m2-1-vaga,Apartamento Vila São Jorge; São Vicente | 1 quarto(s); 80m²; 1 vaga,São Vicente,Apartamento,410000,,,img/sv-casa-terrea.png,Conheça este apartamento em Vila São Jorge; São Vicente. Localização estratégica e estrutura pronta. Condomínio com lazer. 1 quarto(s); área 80m²; 1 vaga.,
apartamento-no-gaivotas-itanhaem-2-quarto-s-45m2-2-vagas,Apartamento no Gaivotas; Itanhaém | 2 quarto(s); 45m²; 2 vagas,Itanhaém,Apartamento,410000,,,img/itanhaem-terreno.png,Encontre apartamento em Gaivotas; Itanhaém. Opção com boa liquidez e valorização no litoral. Condomínio com lazer. 2 quarto(s); área 45m²; 2 vagas.,
casa-em-jardim-peruibe-peruibe-3-quarto-s-45m2-1-vaga,Casa em Jardim Peruíbe; Peruíbe | 3 quarto(s); 45m²; 1 vaga,Peruíbe,Casa,520000,,,img/peruibe-chacara.png,Conheça este casa em Jardim Peruíbe; Peruíbe. Localização estratégica e estrutura pronta. Condomínio fechado. 3 quarto(s); área 45m²; 1 vaga.,
casa-no-gonzaguinha-sao-vicente-2-quarto-s-80m2-2-vagas,Casa no Gonzaguinha; São Vicente | 2 quarto(s); 80m²; 2 vagas,São Vicente,Casa,520000,,,img/sv-casa-terrea.png,Cadastre-se e receba opções de casa em Gonzaguinha; São Vicente. Condomínio com lazer. 2 quarto(s); área 80m²; 2 vagas.,
apartamento-pompeia-santos-1-quarto-s-60m2-2-vagas,Apartamento Pompeia; Santos | 1 quarto(s); 60m²; 2 vagas,Santos,Apartamento,850000,,,img/santos-apartamento-vista-mar.png,Conheça este apartamento em Pompeia; Santos. Localização estratégica e estrutura pronta. Sem condomínio. 1 quarto(s); área 60m²; 2 vagas.,
apartamento-em-pernambuco-guaruja-4-quarto-s-120m2-sem-vaga,Apartamento em Pernambuco; Guarujá | 4 quarto(s); 120m²; Sem vaga,Guarujá,Apartamento,410000,,,img/guaruja-sobrado.png,Encontre apartamento em Pernambuco; Guarujá. Opção com boa liquidez e valorização no litoral. Condomínio com lazer. 4 quarto(s); área 120m²; Sem vaga.,
apartamento-gonzaga-santos-1-quarto-s-35m2-2-vagas,Apartamento Gonzaga; Santos | 1 quarto(s); 35m²; 2 vagas,Santos,Apartamento,850000,,,img/santos-apartamento-vista-mar.png,Apartamento em Gonzaga; Santos. Condomínio fechado. 1 quarto(s); área 35m²; 2 vagas.,
cobertura-em-centro-peruibe-3-quarto-s-35m2-1-vaga,Cobertura em Centro; Peruíbe | 3 quarto(s); 35m²; 1 vaga,Peruíbe,Cobertura,620000,,,img/peruibe-chacara.png,Encontre cobertura em Centro; Peruíbe. Opção com boa liquidez e valorização no litoral. Sem condomínio. 3 quarto(s); área 35m²; 1 vaga.,
cobertura-jardim-sao-lourenco-bertioga-4-quarto-s-60m2-sem-vaga,Cobertura Jardim São Lourenço; Bertioga | 4 quarto(s); 60m²; Sem vaga,Bertioga,Cobertura,950000,,,img/bertioga-apartamento.png,Cadastre-se e receba opções de cobertura em Jardim São Lourenço; Bertioga. Condomínio com lazer. 4 quarto(s); área 60m²; Sem vaga.,
cobertura-no-vera-cruz-mongagua-4-quarto-s-100m2-sem-vaga,Cobertura no Vera Cruz; Mongaguá | 4 quarto(s); 100m²; Sem vaga,Mongaguá,Cobertura,750000,,,img/mongagua-apartamento.png,Encontre cobertura em Vera Cruz; Mongaguá. Opção com boa liquidez e valorização no litoral. Condomínio fechado. 4 quarto(s); área 100m²; Sem vaga.,
cobertura-no-costao-itanhaem-4-quarto-s-100m2-1-vaga,Cobertura no Costão; Itanhaém | 4 quarto(s); 100m²; 1 vaga,Itanhaém,Cobertura,850000,,,img/itanhaem-terreno.png,Encontre cobertura em Costão; Itanhaém. Opção com boa liquidez e valorização no litoral. Condomínio com lazer. 4 quarto(s); área 100m²; 1 vaga.,
terreno-no-embare-santos-1-quarto-s-120m2-2-vagas,Terreno no Embaré; Santos | 1 quarto(s); 120m²; 2 vagas,Santos,Terreno,520000,,,img/santos-apartamento-vista-mar.png,Oportunidade de terreno em Embaré; Santos. Ideal para moradia ou investimento no litoral. Condomínio fechado. 1 quarto(s); área 120m²; 2 vagas.,
terreno-em-itarare-sao-vicente-2-quarto-s-60m2-2-vagas,Terreno em Itararé; São Vicente | 2 quarto(s); 60m²; 2 vagas,São Vicente,Terreno,180000,,,img/sv-casa-terrea.png,Terreno em Itararé; São Vicente. Condomínio fechado. 2 quarto(s); área 60m²; 2 vagas.,
terreno-centro-sao-vicente-3-quarto-s-100m2-2-vagas,Terreno Centro; São Vicente | 3 quarto(s); 100m²; 2 vagas,São Vicente,Terreno,180000,,,img/sv-casa-terrea.png,Oportunidade de terreno em Centro; São Vicente. Ideal para moradia ou investimento no litoral. Sem condomínio. 3 quarto(s); área 100m²; 2 vagas.,
terreno-rio-preto-peruibe-1-quarto-s-120m2-2-vagas,Terreno Rio Preto; Peruíbe | 1 quarto(s); 120m²; 2 vagas,Peruíbe,Terreno,950000,,,img/peruibe-chacara.png,Encontre terreno em Rio Preto; Peruíbe. Opção com boa liquidez e valorização no litoral. Sem condomínio. 1 quarto(s); área 120m²; 2 vagas.,
casa-em-sorocotuba-guaruja-3-quarto-s-120m2-2-vagas,Casa em Sorocotuba; Guarujá | 3 quarto(s); 120m²; 2 vagas,Guarujá,Casa,850000,,,img/guaruja-sobrado.png,Casa em Sorocotuba; Guarujá. Condomínio com lazer. 3 quarto(s); área 120m²; 2 vagas.,
casa-em-bocaina-santos-4-quarto-s-120m2-2-vagas,Casa em Bocaina; Santos | 4 quarto(s); 120m²; 2 vagas,Santos,Casa,850000,,,img/santos-apartamento-vista-mar.png,Casa em Bocaina; Santos. Sem condomínio. 4 quarto(s); área 120m²; 2 vagas.,
apartamento-no-jardim-peruibe-peruibe-2-quarto-s-45m2-2-vagas,Apartamento no Jardim Peruíbe; Peruíbe | 2 quarto(s); 45m²; 2 vagas,Peruíbe,Apartamento,520000,,,img/peruibe-chacara.png,Oportunidade de apartamento em Jardim Peruíbe; Peruíbe. Ideal para moradia ou investimento no litoral. Sem condomínio. 2 quarto(s); área 45m²; 2 vagas.,
apartamento-no-enseada-guaruja-4-quarto-s-120m2-sem-vaga,Apartamento no Enseada; Guarujá | 4 quarto(s); 120m²; Sem vaga,Guarujá,Apartamento,950000,,,img/guaruja-sobrado.png,Apartamento em Enseada; Guarujá. Condomínio fechado. 4 quarto(s); área 120m²; Sem vaga.,
apartamento-no-jose-menino-santos-3-quarto-s-80m2-sem-vaga,Apartamento no José Menino; Santos | 3 quarto(s); 80m²; Sem vaga,Santos,Apartamento,180000,,,img/santos-apartamento-vista-mar.png,Cadastre-se e receba opções de apartamento em José Menino; Santos. Condomínio fechado. 3 quarto(s); área 80m²; Sem vaga.,
casa-sao-miguel-peruibe-3-quarto-s-60m2-1-vaga,Casa São Miguel; Peruíbe | 3 quarto(s); 60m²; 1 vaga,Peruíbe,Casa,620000,,,img/peruibe-chacara.png,Encontre casa em São Miguel; Peruíbe. Opção com boa liquidez e valorização no litoral. Condomínio com lazer. 3 quarto(s); área 60m²; 1 vaga.,
casa-nova-itanhaem-itanhaem-3-quarto-s-80m2-2-vagas,Casa Nova Itanhaém; Itanhaém | 3 quarto(s); 80m²; 2 vagas,Itanhaém,Casa,180000,,,img/itanhaem-terreno.png,Cadastre-se e receba opções de casa em Nova Itanhaém; Itanhaém. Condomínio com lazer. 3 quarto(s); área 80m²; 2 vagas.,
casa-vila-atlantica-mongagua-2-quarto-s-100m2-2-vagas,Casa Vila Atlântica; Mongaguá | 2 quarto(s); 100m²; 2 vagas,Mongaguá,Casa,410000,,,img/mongagua-apartamento.png,Casa em Vila Atlântica; Mongaguá. Sem condomínio. 2 quarto(s); área 100m²; 2 vagas.,
casa-em-embare-santos-2-quarto-s-120m2-1-vaga,Casa em Embaré; Santos | 2 quarto(s); 120m²; 1 vaga,Santos,Casa,950000,,,img/santos-apartamento-vista-mar.png,Cadastre-se e receba opções de casa em Embaré; Santos. Condomínio com lazer. 2 quarto(s); área 120m²; 1 vaga.,
studio-gonzaga-santos-3-quarto-s-35m2-1-vaga,Studio Gonzaga; Santos | 3 quarto(s); 35m²; 1 vaga,Santos,Studio,410000,,,img/santos-apartamento-vista-mar.png,Studio em Gonzaga; Santos. Sem condomínio. 3 quarto(s); área 35m²; 1 vaga.,
studio-em-centro-mongagua-3-quarto-s-45m2-1-vaga,Studio em Centro; Mongaguá | 3 quarto(s); 45m²; 1 vaga,Mongaguá,Studio,520000,,,img/mongagua-apartamento.png,Encontre studio em Centro; Mongaguá. Opção com boa liquidez e valorização no litoral. Condomínio fechado. 3 quarto(s); área 45m²; 1 vaga.,
studio-em-pompeia-santos-1-quarto-s-35m2-1-vaga,Studio em Pompeia; Santos | 1 quarto(s); 35m²; 1 vaga,Santos,Studio,850000,,,img/santos-apartamento-vista-mar.png,Cadastre-se e receba opções de studio em Pompeia; Santos. Condomínio com lazer. 1 quarto(s); área 35m²; 1 vaga.,
studio-vera-cruz-mongagua-1-quarto-s-80m2-2-vagas,Studio Vera Cruz; Mongaguá | 1 quarto(s); 80m²; 2 vagas,Mongaguá,Studio,180000,,,img/mongagua-apartamento.png,Oportunidade de studio em Vera Cruz; Mongaguá. Ideal para moradia ou investimento no litoral. Sem condomínio. 1 quarto(s); área 80m²; 2 vagas.,
apartamento-no-vera-cruz-mongagua-2-quarto-s-120m2-sem-vaga,Apartamento no Vera Cruz; Mongaguá | 2 quarto(s); 120m²; Sem vaga,Mongaguá,Apartamento,950000,,,img/mongagua-apartamento.png,Conheça este apartamento em Vera Cruz; Mongaguá. Localização estratégica e estrutura pronta. Condomínio com lazer. 2 quarto(s); área 120m²; Sem vaga.,
apartamento-rio-preto-peruibe-4-quarto-s-80m2-1-vaga,Apartamento Rio Preto; Peruíbe | 4 quarto(s); 80m²; 1 vaga,Peruíbe,Apartamento,520000,,,img/peruibe-chacara.png,Conheça este apartamento em Rio Preto; Peruíbe. Localização estratégica e estrutura pronta. Condomínio fechado. 4 quarto(s); área 80m²; 1 vaga.,
apartamento-no-vila-tupi-praia-grande-1-quarto-s-35m2-2-vagas,Apartamento no Vila Tupi; Praia Grande | 1 quarto(s); 35m²; 2 vagas,Praia Grande,Apartamento,620000,,,img/pg-studio.png,Oportunidade de apartamento em Vila Tupi; Praia Grande. Ideal para moradia ou investimento no litoral. Condomínio fechado. 1 quarto(s); área 35m²; 2 vagas.,
apartamento-centro-sao-vicente-2-quarto-s-120m2-sem-vaga,Apartamento Centro; São Vicente | 2 quarto(s); 120m²; Sem vaga,São Vicente,Apartamento,410000,,,img/sv-casa-terrea.png,Oportunidade de apartamento em Centro; São Vicente. Ideal para moradia ou investimento no litoral. Condomínio com lazer. 2 quarto(s); área 120m²; Sem vaga.,
casa-em-centro-itanhaem-1-quarto-s-100m2-1-vaga,Casa em Centro; Itanhaém | 1 quarto(s); 100m²; 1 vaga,Itanhaém,Casa,410000,,,img/itanhaem-terreno.png,Encontre casa em Centro; Itanhaém. Opção com boa liquidez e valorização no litoral. Condomínio fechado. 1 quarto(s); área 100m²; 1 vaga.,
casa-jose-menino-santos-4-quarto-s-45m2-2-vagas,Casa José Menino; Santos | 4 quarto(s); 45m²; 2 vagas,Santos,Casa,850000,,,img/santos-apartamento-vista-mar.png,Conheça este casa em José Menino; Santos. Localização estratégica e estrutura pronta. Sem condomínio. 4 quarto(s); área 45m²; 2 vagas.,
casa-em-vista-linda-bertioga-3-quarto-s-80m2-sem-vaga,Casa em Vista Linda; Bertioga | 3 quarto(s); 80m²; Sem vaga,Bertioga,Casa,410000,,,img/bertioga-apartamento.png,Conheça este casa em Vista Linda; Bertioga. Localização estratégica e estrutura pronta. Sem condomínio. 3 quarto(s); área 80m²; Sem vaga.,
terreno-trevo-peruibe-4-quarto-s-100m2-2-vagas,Terreno Trevo; Peruíbe | 4 quarto(s); 100m²; 2 vagas,Peruíbe,Terreno,750000,,,img/peruibe-chacara.png,Cadastre-se e receba opções de terreno em Trevo; Peruíbe. Condomínio fechado. 4 quarto(s); área 100m²; 2 vagas.,
terreno-no-vila-sao-jorge-sao-vicente-4-quarto-s-80m2-2-vagas,Terreno no Vila São Jorge; São Vicente | 4 quarto(s); 80m²; 2 vagas,São Vicente,Terreno,850000,,,img/sv-casa-terrea.png,Cadastre-se e receba opções de terreno em Vila São Jorge; São Vicente. Condomínio fechado. 4 quarto(s); área 80m²; 2 vagas.,
terreno-pitangueiras-guaruja-3-quarto-s-100m2-2-vagas,Terreno Pitangueiras; Guarujá | 3 quarto(s); 100m²; 2 vagas,Guarujá,Terreno,410000,,,img/guaruja-sobrado.png,Cadastre-se e receba opções de terreno em Pitangueiras; Guarujá. Sem condomínio. 3 quarto(s); área 100m²; 2 vagas.,
terreno-no-tupi-praia-grande-2-quarto-s-60m2-2-vagas,Terreno no Tupi; Praia Grande | 2 quarto(s); 60m²; 2 vagas,Praia Grande,Terreno,410000,,,img/pg-studio.png,Conheça este terreno em Tupi; Praia Grande. Localização estratégica e estrutura pronta. Condomínio fechado. 2 quarto(s); área 60m²; 2 vagas.,
apartamento-asturias-guaruja-3-quarto-s-45m2-2-vagas,Apartamento Astúrias; Guarujá | 3 quarto(s); 45m²; 2 vagas,Guarujá,Apartamento,180000,,,img/guaruja-sobrado.png,Cadastre-se e receba opções de apartamento em Astúrias; Guarujá. Condomínio com lazer. 3 quarto(s); área 45m²; 2 vagas.,
apartamento-em-gonzaguinha-sao-vicente-3-quarto-s-100m2-1-vaga,Apartamento em Gonzaguinha; São Vicente | 3 quarto(s); 100m²; 1 vaga,São Vicente,Apartamento,620000,,,img/sv-casa-terrea.png,Oportunidade de apartamento em Gonzaguinha; São Vicente. Ideal para moradia ou investimento no litoral. Condomínio fechado. 3 quarto(s); área 100m²; 1 vaga.,
apartamento-em-centro-peruibe-2-quarto-s-45m2-2-vagas,Apartamento em Centro; Peruíbe | 2 quarto(s); 45m²; 2 vagas,Peruíbe,Apartamento,750000,,,img/peruibe-chacara.png,Oportunidade de apartamento em Centro; Peruíbe. Ideal para moradia ou investimento no litoral. Sem condomínio. 2 quarto(s); área 45m²; 2 vagas.,
apartamento-jose-menino-santos-2-quarto-s-120m2-1-vaga,Apartamento José Menino; Santos | 2 quarto(s); 120m²; 1 vaga,Santos,Apartamento,620000,,,img/santos-apartamento-vista-mar.png,Apartamento em José Menino; Santos. Condomínio fechado. 2 quarto(s); área 120m²; 1 vaga.,
casa-gonzaguinha-sao-vicente-4-quarto-s-80m2-2-vagas,Casa Gonzaguinha; São Vicente | 4 quarto(s); 80m²; 2 vagas,São Vicente,Casa,520000,,,img/sv-casa-terrea.png,Cadastre-se e receba opções de casa em Gonzaguinha; São Vicente. Sem condomínio. 4 quarto(s); área 80m²; 2 vagas.,
casa-em-pernambuco-guaruja-4-quarto-s-80m2-1-vaga,Casa em Pernambuco; Guarujá | 4 quarto(s); 80m²; 1 vaga,Guarujá,Casa,410000,,,img/guaruja-sobrado.png,Oportunidade de casa em Pernambuco; Guarujá. Ideal para moradia ou investimento no litoral. Condomínio fechado. 4 quarto(s); área 80m²; 1 vaga.,
casa-trevo-peruibe-4-quarto-s-80m2-sem-vaga,Casa Trevo; Peruíbe | 4 quarto(s); 80m²; Sem vaga,Peruíbe,Casa,410000,,,img/peruibe-chacara.png,Conheça este casa em Trevo; Peruíbe. Localização estratégica e estrutura pronta. Sem condomínio. 4 quarto(s); área 80m²; Sem vaga.,
apartamento-agenor-campos-mongagua-1-quarto-s-100m2-2-vagas,Apartamento Agenor Campos; Mongaguá | 1 quarto(s); 100m²; 2 vagas,Mongaguá,Apartamento,620000,,,img/mongagua-apartamento.png,Apartamento em Agenor Campos; Mongaguá. Condomínio com lazer. 1 quarto(s); área 100m²; 2 vagas.,
apartamento-em-enseada-guaruja-1-quarto-s-60m2-2-vagas,Apartamento em Enseada; Guarujá | 1 quarto(s); 60m²; 2 vagas,Guarujá,Apartamento,620000,,,img/guaruja-sobrado.png,Apartamento em Enseada; Guarujá. Condomínio com lazer. 1 quarto(s); área 60m²; 2 vagas.,
apartamento-no-vila-sao-jorge-sao-vicente-4-quarto-s-100m2-sem-vaga,Apartamento no Vila São Jorge; São Vicente | 4 quarto(s); 100m²; Sem vaga,São Vicente,Apartamento,180000,,,img/sv-casa-terrea.png,Cadastre-se e receba opções de apartamento em Vila São Jorge; São Vicente. Sem condomínio. 4 quarto(s); área 100m²; Sem vaga.,
apartamento-centro-guaruja-2-quarto-s-80m2-1-vaga,Apartamento Centro; Guarujá | 2 quarto(s); 80m²; 1 vaga,Guarujá,Apartamento,520000,,,img/guaruja-sobrado.png,Encontre apartamento em Centro; Guarujá. Opção com boa liquidez e valorização no litoral. Condomínio com lazer. 2 quarto(s); área 80m²; 1 vaga.,
casa-em-boqueirao-praia-grande-4-quarto-s-80m2-1-vaga,Casa em Boqueirão; Praia Grande | 4 quarto(s); 80m²; 1 vaga,Praia Grande,Casa,750000,,,img/pg-studio.png,Cadastre-se e receba opções de casa em Boqueirão; Praia Grande. Condomínio com lazer. 4 quarto(s); área 80m²; 1 vaga.,
casa-no-centro-bertioga-3-quarto-s-120m2-sem-vaga,Casa no Centro; Bertioga | 3 quarto(s); 120m²; Sem vaga,Bertioga,Casa,750000,,,img/bertioga-apartamento.png,Encontre casa em Centro; Bertioga. Opção com boa liquidez e valorização no litoral. Condomínio com lazer. 3 quarto(s); área 120m²; Sem vaga.,
casa-agenor-campos-mongagua-2-quarto-s-80m2-1-vaga,Casa Agenor Campos; Mongaguá | 2 quarto(s); 80m²; 1 vaga,Mongaguá,Casa,950000,,,img/mongagua-apartamento.png,Oportunidade de casa em Agenor Campos; Mongaguá. Ideal para moradia ou investimento no litoral. Sem condomínio. 2 quarto(s); área 80m²; 1 vaga.,
casa-no-pompeia-santos-1-quarto-s-80m2-sem-vaga,Casa no Pompeia; Santos | 1 quarto(s); 80m²; Sem vaga,Santos,Casa,620000,,,img/santos-apartamento-vista-mar.png,Conheça este casa em Pompeia; Santos. Localização estratégica e estrutura pronta. Sem condomínio. 1 quarto(s); área 80m²; Sem vaga.,
casa-jardim-peruibe-peruibe-1-quarto-s-35m2-sem-vaga,Casa Jardim Peruíbe; Peruíbe | 1 quarto(s); 35m²; Sem vaga,Peruíbe,Casa,950000,,,img/peruibe-chacara.png,Cadastre-se e receba opções de casa em Jardim Peruíbe; Peruíbe. Condomínio com lazer. 1 quarto(s); área 35m²; Sem vaga.,
casa-no-sorocotuba-guaruja-2-quarto-s-80m2-1-vaga,Casa no Sorocotuba; Guarujá | 2 quarto(s); 80m²; 1 vaga,Guarujá,Casa,750000,,,img/guaruja-sobrado.png,Conheça este casa em Sorocotuba; Guarujá. Localização estratégica e estrutura pronta. Condomínio fechado. 2 quarto(s); área 80m²; 1 vaga.,
casa-em-jose-menino-santos-3-quarto-s-80m2-2-vagas,Casa em José Menino; Santos | 3 quarto(s); 80m²; 2 vagas,Santos,Casa,520000,,,img/santos-apartamento-vista-mar.png,Cadastre-se e receba opções de casa em José Menino; Santos. Condomínio fechado. 3 quarto(s); área 80m²; 2 vagas.,
casa-no-vista-linda-bertioga-4-quarto-s-60m2-2-vagas,Casa no Vista Linda; Bertioga | 4 quarto(s); 60m²; 2 vagas,Bertioga,Casa,850000,,,img/bertioga-apartamento.png,Casa em Vista Linda; Bertioga. Condomínio com lazer. 4 quarto(s); área 60m²; 2 vagas.,
apartamento-no-solemar-praia-grande-3-quarto-s-80m2-2-vagas,Apartamento no Solemar; Praia Grande | 3 quarto(s); 80m²; 2 vagas,Praia Grande,Apartamento,850000,,,img/pg-studio.png,Apartamento em Solemar; Praia Grande. Condomínio fechado. 3 quarto(s); área 80m²; 2 vagas.,
apartamento-no-pernambuco-guaruja-4-quarto-s-35m2-sem-vaga,Apartamento no Pernambuco; Guarujá | 4 quarto(s); 35m²; Sem vaga,Guarujá,Apartamento,180000,,,img/guaruja-sobrado.png,Conheça este apartamento em Pernambuco; Guarujá. Localização estratégica e estrutura pronta. Sem condomínio. 4 quarto(s); área 35m²; Sem vaga.,
apartamento-no-guilhermina-praia-grande-1-quarto-s-60m2-1-vaga,Apartamento no Guilhermina; Praia Grande | 1 quarto(s); 60m²; 1 vaga,Praia Grande,Apartamento,950000,,,img/pg-studio.png,Cadastre-se e receba opções de apartamento em Guilhermina; Praia Grande. Sem condomínio. 1 quarto(s); área 60m²; 1 vaga.,
casa-jardim-sao-lourenco-bertioga-1-quarto-s-120m2-1-vaga,Casa Jardim São Lourenço; Bertioga | 1 quarto(s); 120m²; 1 vaga,Bertioga,Casa,750000,,,img/bertioga-apartamento.png,Cadastre-se e receba opções de casa em Jardim São Lourenço; Bertioga. Condomínio fechado. 1 quarto(s); área 120m²; 1 vaga.,
casa-em-macuco-santos-2-quarto-s-45m2-1-vaga,Casa em Macuco; Santos | 2 quarto(s); 45m²; 1 vaga,Santos,Casa,180000,,,img/santos-apartamento-vista-mar.png,Cadastre-se e receba opções de casa em Macuco; Santos. Sem condomínio. 2 quarto(s); área 45m²; 1 vaga.,
casa-no-catiapoa-sao-vicente-2-quarto-s-45m2-1-vaga,Casa no Catiapoa; São Vicente | 2 quarto(s); 45m²; 1 vaga,São Vicente,Casa,850000,,,img/sv-casa-terrea.png,Oportunidade de casa em Catiapoa; São Vicente. Ideal para moradia ou investimento no litoral. Condomínio com lazer. 2 quarto(s); área 45m²; 1 vaga.,
casa-em-rio-preto-peruibe-1-quarto-s-100m2-1-vaga,Casa em Rio Preto; Peruíbe | 1 quarto(s); 100m²; 1 vaga,Peruíbe,Casa,180000,,,img/peruibe-chacara.png,Conheça este casa em Rio Preto; Peruíbe. Localização estratégica e estrutura pronta. Condomínio com lazer. 1 quarto(s); área 100m²; 1 vaga.,
casa-no-vicente-de-carvalho-guaruja-3-quarto-s-60m2-1-vaga,Casa no Vicente de Carvalho; Guarujá | 3 quarto(s); 60m²; 1 vaga,Guarujá,Casa,520000,,,img/guaruja-sobrado.png,Conheça este casa em Vicente de Carvalho; Guarujá. Localização estratégica e estrutura pronta. Sem condomínio. 3 quarto(s); área 60m²; 1 vaga.,
casa-vila-sao-jorge-sao-vicente-1-quarto-s-45m2-2-vagas,Casa Vila São Jorge; São Vicente | 1 quarto(s); 45m²; 2 vagas,São Vicente,Casa,520000,,,img/sv-casa-terrea.png,Encontre casa em Vila São Jorge; São Vicente. Opção com boa liquidez e valorização no litoral. Condomínio fechado. 1 quarto(s); área 45m²; 2 vagas.,
casa-em-jardim-sao-lourenco-bertioga-1-quarto-s-60m2-sem-vaga,Casa em Jardim São Lourenço; Bertioga | 1 quarto(s); 60m²; Sem vaga,Bertioga,Casa,950000,,,img/bertioga-apartamento.png,Cadastre-se e receba opções de casa em Jardim São Lourenço; Bertioga. Sem condomínio. 1 quarto(s); área 60m²; Sem vaga.,
apartamento-no-cibratel-itanhaem-4-quarto-s-80m2-sem-vaga,Apartamento no Cibratel; Itanhaém | 4 quarto(s); 80m²; Sem vaga,Itanhaém,Apartamento,750000,,,img/itanhaem-terreno.png,Cadastre-se e receba opções de apartamento em Cibratel; Itanhaém. Condomínio fechado. 4 quarto(s); área 80m²; Sem vaga.,
apartamento-no-centro-peruibe-1-quarto-s-100m2-sem-vaga,Apartamento no Centro; Peruíbe | 1 quarto(s); 100m²; Sem vaga,Peruíbe,Apartamento,950000,,,img/peruibe-chacara.png,Conheça este apartamento em Centro; Peruíbe. Localização estratégica e estrutura pronta. Sem condomínio. 1 quarto(s); área 100m²; Sem vaga.,
casa-em-gaivotas-itanhaem-2-quarto-s-35m2-sem-vaga,Casa em Gaivotas; Itanhaém | 2 quarto(s); 35m²; Sem vaga,Itanhaém,Casa,520000,,,img/itanhaem-terreno.png,Conheça este casa em Gaivotas; Itanhaém. Localização estratégica e estrutura pronta. Condomínio com lazer. 2 quarto(s); área 35m²; Sem vaga.,
casa-em-maracana-praia-grande-1-quarto-s-100m2-1-vaga,Casa em Maracanã; Praia Grande | 1 quarto(s); 100m²; 1 vaga,Praia Grande,Casa,180000,,,img/pg-studio.png,Encontre casa em Maracanã; Praia Grande. Opção com boa liquidez e valorização no litoral. Condomínio com lazer. 1 quarto(s); área 100m²; 1 vaga.,
casa-no-centro-mongagua-4-quarto-s-120m2-2-vagas,Casa no Centro; Mongaguá | 4 quarto(s); 120m²; 2 vagas,Mongaguá,Casa,180000,,,img/mongagua-apartamento.png,Cadastre-se e receba opções de casa em Centro; Mongaguá. Condomínio fechado. 4 quarto(s); área 120m²; 2 vagas.,
apartamento-vila-atlantica-mongagua-3-quarto-s-35m2-2-vagas,Apartamento Vila Atlântica; Mongaguá | 3 quarto(s); 35m²; 2 vagas,Mongaguá,Apartamento,950000,,,img/mongagua-apartamento.png,Encontre apartamento em Vila Atlântica; Mongaguá. Opção com boa liquidez e valorização no litoral. Condomínio com lazer. 3 quarto(s); área 35m²; 2 vagas.,
apartamento-no-pompeia-santos-1-quarto-s-80m2-2-vagas,Apartamento no Pompeia; Santos | 1 quarto(s); 80m²; 2 vagas,Santos,Apartamento,750000,,,img/santos-apartamento-vista-mar.png,Cadastre-se e receba opções de apartamento em Pompeia; Santos. Sem condomínio. 1 quarto(s); área 80m²; 2 vagas.,
apartamento-em-catiapoa-sao-vicente-4-quarto-s-120m2-1-vaga,Apartamento em Catiapoa; São Vicente | 4 quarto(s); 120m²; 1 vaga,São Vicente,Apartamento,520000,,,img/sv-casa-terrea.png,Cadastre-se e receba opções de apartamento em Catiapoa; São Vicente. Condomínio com lazer. 4 quarto(s); área 120m²; 1 vaga.,
apartamento-no-agenor-campos-mongagua-2-quarto-s-120m2-sem-vaga,Apartamento no Agenor Campos; Mongaguá | 2 quarto(s); 120m²; Sem vaga,Mongaguá,Apartamento,950000,,,img/mongagua-apartamento.png,Encontre apartamento em Agenor Campos; Mongaguá. Opção com boa liquidez e valorização no litoral. Sem condomínio. 2 quarto(s); área 120m²; Sem vaga.,
casa-centro-sao-vicente-3-quarto-s-100m2-sem-vaga,Casa Centro; São Vicente | 3 quarto(s); 100m²; Sem vaga,São Vicente,Casa,950000,,,img/sv-casa-terrea.png,Oportunidade de casa em Centro; São Vicente. Ideal para moradia ou investimento no litoral. Condomínio com lazer. 3 quarto(s); área 100m²; Sem vaga.,
apartamento-vista-mar-santos-1-quarto-s-35m2-sem-vaga,Apartamento Vista Mar Santos | 1 quarto(s); 35m²; Sem vaga,Santos,Apartamento,850000,,,img/santos-apartamento-vista-mar.png,Apartamento com varanda e vista mar em Santos. Condomínio com lazer. 1 quarto(s); área 35m²; Sem vaga.,
cobertura-duplex-santos-2-quarto-s-45m2-1-vaga,Cobertura Duplex Santos | 2 quarto(s); 45m²; 1 vaga,Santos,Cobertura,2100000,,,img/santos-cobertura-duplex.png,Cobertura duplex com piscina privativa. Sem condomínio. 2 quarto(s); área 45m²; 1 vaga.,
terreno-santos-1-quarto-s-120m2-sem-vaga,Terreno Santos | 1 quarto(s); 120m²; Sem vaga,Santos,Terreno,950000,,,img/santos-terreno-alto-padrao.png,Terreno alto padrão perto da orla. Sem condomínio. 1 quarto(s); área 120m²; Sem vaga.,
sobrado-guaruja-1-quarto-s-100m2-2-vagas,Sobrado Guaruja | 1 quarto(s); 100m²; 2 vagas,Guarujá,Casa,620000,,,img/guaruja-sobrado.png,Sobrado em condomínio fechado no Guarujá. Condomínio fechado. 1 quarto(s); área 100m²; 2 vagas.,
apartamento-pitangueiras-1-quarto-s-35m2-1-vaga,Apartamento Pitangueiras | 1 quarto(s); 35m²; 1 vaga,Guarujá,Apartamento,620000,,,img/guaruja-sobrado.png,Apartamento em Pitangueiras; Guarujá. Perfeito para quem busca conforto e localização estratégica no litoral de SP. Condomínio fechado. 1 quarto(s); área 35m²; 1 vaga.,
casa-pitangueiras-1-quarto-s-100m2-1-vaga,Casa Pitangueiras | 1 quarto(s); 100m²; 1 vaga,Guarujá,Casa,620000,,,img/guaruja-sobrado.png,Casa em Pitangueiras; Guarujá. Perfeito para quem busca conforto e localização estratégica no litoral de SP. Sem condomínio. 1 quarto(s); área 100m²; 1 vaga.,
studio-praia-grande-4-quarto-s-45m2-2-vagas,Studio Praia Grande | 4 quarto(s); 45m²; 2 vagas,Praia Grande,Studio,280000,,,img/pg-studio.png,Studio mobiliado a 2 quadras da praia. Sem condomínio. 4 quarto(s); área 45m²; 2 vagas.,
apartamento-guilhermina-3-quarto-s-35m2-1-vaga,Apartamento Guilhermina | 3 quarto(s); 35m²; 1 vaga,Praia Grande,Apartamento,280000,,,img/pg-studio.png,Apartamento em Guilhermina; Praia Grande. Perfeito para quem busca conforto e localização estratégica no litoral de SP. Sem condomínio. 3 quarto(s); área 35m²; 1 vaga.,
casa-guilhermina-4-quarto-s-60m2-2-vagas,Casa Guilhermina | 4 quarto(s); 60m²; 2 vagas,Praia Grande,Casa,280000,,,img/pg-studio.png,Casa em Guilhermina; Praia Grande. Perfeito para quem busca conforto e localização estratégica no litoral de SP. Condomínio fechado. 4 quarto(s); área 60m²; 2 vagas.,
terreno-itanhaem-2-quarto-s-60m2-1-vaga,Terreno Itanhaém | 2 quarto(s); 60m²; 1 vaga,Itanhaém,Terreno,180000,,,img/itanhaem-terreno.png,Terreno em loteamento aprovado. Condomínio fechado. 2 quarto(s); área 60m²; 1 vaga.,
apartamento-centro-4-quarto-s-35m2-2-vagas,Apartamento Centro | 4 quarto(s); 35m²; 2 vagas,Itanhaém,Apartamento,180000,,,img/itanhaem-terreno.png,Apartamento em Centro; Itanhaém. Perfeito para quem busca conforto e localização estratégica no litoral de SP. Condomínio com lazer. 4 quarto(s); área 35m²; 2 vagas.,
casa-centro-3-quarto-s-35m2-sem-vaga,Casa Centro | 3 quarto(s); 35m²; Sem vaga,Itanhaém,Casa,180000,,,img/itanhaem-terreno.png,Casa em Centro; Itanhaém. Perfeito para quem busca conforto e localização estratégica no litoral de SP. Condomínio com lazer. 3 quarto(s); área 35m²; Sem vaga.,
apartamento-mongagua-1-quarto-s-80m2-1-vaga,Apartamento Mongaguá | 1 quarto(s); 80m²; 1 vaga,Mongaguá,Apartamento,340000,,,img/mongagua-apartamento.png,Apartamento compacto com pé direito duplo. Sem condomínio. 1 quarto(s); área 80m²; 1 vaga.,
apartamento-centro-3-quarto-s-120m2-sem-vaga,Apartamento Centro | 3 quarto(s); 120m²; Sem vaga,Mongaguá,Apartamento,340000,,,img/mongagua-apartamento.png,Apartamento em Centro; Mongaguá. Perfeito para quem busca conforto e localização estratégica no litoral de SP. Condomínio com lazer. 3 quarto(s); área 120m²; Sem vaga.,
casa-centro-2-quarto-s-120m2-1-vaga,Casa Centro | 2 quarto(s); 120m²; 1 vaga,Mongaguá,Casa,340000,,,img/mongagua-apartamento.png,Casa em Centro; Mongaguá. Perfeito para quem busca conforto e localização estratégica no litoral de SP. Condomínio fechado. 2 quarto(s); área 120m²; 1 vaga.,
casa-sao-vicente-2-quarto-s-60m2-1-vaga,Casa São Vicente | 2 quarto(s); 60m²; 1 vaga,São Vicente,Casa,520000,,,img/sv-casa-terrea.png,Casa térrea com quintal grande. Condomínio fechado. 2 quarto(s); área 60m²; 1 vaga.,
apartamento-centro-1-quarto-s-80m2-2-vagas,Apartamento Centro | 1 quarto(s); 80m²; 2 vagas,São Vicente,Apartamento,520000,,,img/sv-casa-terrea.png,Apartamento em Centro; São Vicente. Perfeito para quem busca conforto e localização estratégica no litoral de SP. Condomínio com lazer. 1 quarto(s); área 80m²; 2 vagas.,
casa-centro-3-quarto-s-45m2-2-vagas,Casa Centro | 3 quarto(s); 45m²; 2 vagas,São Vicente,Casa,520000,,,img/sv-casa-terrea.png,Casa em Centro; São Vicente. Perfeito para quem busca conforto e localização estratégica no litoral de SP. Condomínio com lazer. 3 quarto(s); área 45m²; 2 vagas.,
chacara-peruibe-2-quarto-s-120m2-2-vagas,Chácara Peruíbe | 2 quarto(s); 120m²; 2 vagas,Peruíbe,Casa,750000,,,img/peruibe-chacara.png,Chácara com pomar e piscina. Sem condomínio. 2 quarto(s); área 120m²; 2 vagas.,
apartamento-centro-1-quarto-s-100m2-sem-vaga,Apartamento Centro | 1 quarto(s); 100m²; Sem vaga,Peruíbe,Apartamento,750000,,,img/peruibe-chacara.png,Apartamento em Centro; Peruíbe. Perfeito para quem busca conforto e localização estratégica no litoral de SP. Condomínio fechado. 1 quarto(s); área 100m²; Sem vaga.,
casa-centro-2-quarto-s-45m2-2-vagas,Casa Centro | 2 quarto(s); 45m²; 2 vagas,Peruíbe,Casa,750000,,,img/peruibe-chacara.png,Casa em Centro; Peruíbe. Perfeito para quem busca conforto e localização estratégica no litoral de SP. Condomínio com lazer. 2 quarto(s); área 45m²; 2 vagas.,
apartamento-bertioga-3-quarto-s-120m2-sem-vaga,Apartamento Bertioga | 3 quarto(s); 120m²; Sem vaga,Bertioga,Apartamento,410000,,,img/bertioga-apartamento.png,Apartamento novo em condomínio com lazer. Sem condomínio. 3 quarto(s); área 120m²; Sem vaga.,
apartamento-riviera-2-quarto-s-120m2-2-vagas,Apartamento Riviera | 2 quarto(s); 120m²; 2 vagas,Bertioga,Apartamento,410000,,,img/bertioga-apartamento.png,Apartamento em Riviera; Bertioga. Perfeito para quem busca conforto e localização estratégica no litoral de SP. Condomínio fechado. 2 quarto(s); área 120m²; 2 vagas.,
casa-riviera-2-quarto-s-35m2-2-vagas,Casa Riviera | 2 quarto(s); 35m²; 2 vagas,Bertioga,Casa,410000,,,img/bertioga-apartamento.png,Casa em Riviera; Bertioga. Perfeito para quem busca conforto e localização estratégica no litoral de SP. Condomínio com lazer. 2 quarto(s); área 35m²; 2 vagas.,
apartamento-centro-sao-vicente-3-quarto-s-35m2-1-vaga,Apartamento Centro; São Vicente | 3 quarto(s); 35m²; 1 vaga,São Vicente,Apartamento,850000,,,img/sv-casa-terrea.png,Apartamento em Centro; São Vicente. Perfeito para quem busca conforto e localização estratégica no litoral de SP. Sem condomínio. 3 quarto(s); área 35m²; 1 vaga.,
apartamento-asturias-guaruja-3-quarto-s-45m2-sem-vaga,Apartamento Astúrias; Guarujá | 3 quarto(s); 45m²; Sem vaga,Guarujá,Apartamento,850000,,,img/guaruja-sobrado.png,Apartamento em Astúrias; Guarujá. Perfeito para quem busca conforto e localização estratégica no litoral de SP. Condomínio com lazer. 3 quarto(s); área 45m²; Sem vaga.,
cobertura-vila-tupi-praia-grande-4-quarto-s-120m2-2-vagas,Cobertura Vila Tupi; Praia Grande | 4 quarto(s); 120m²; 2 vagas,Praia Grande,Cobertura,2100000,,,img/pg-studio.png,Cobertura em Vila Tupi; Praia Grande. Perfeito para quem busca conforto e localização estratégica no litoral de SP. Condomínio fechado. 4 quarto(s); área 120m²; 2 vagas.,
cobertura-trevo-peruibe-3-quarto-s-45m2-1-vaga,Cobertura Trevo; Peruíbe | 3 quarto(s); 45m²; 1 vaga,Peruíbe,Cobertura,2100000,,,img/peruibe-chacara.png,Cobertura em Trevo; Peruíbe. Perfeito para quem busca conforto e localização estratégica no litoral de SP. Sem condomínio. 3 quarto(s); área 45m²; 1 vaga.,
terreno-centro-mongagua-3-quarto-s-120m2-sem-vaga,Terreno Centro; Mongaguá | 3 quarto(s); 120m²; Sem vaga,Mongaguá,Terreno,950000,,,img/mongagua-apartamento.png,Terreno em Centro; Mongaguá. Perfeito para quem busca conforto e localização estratégica no litoral de SP. Condomínio com lazer. 3 quarto(s); área 120m²; Sem vaga.,
terreno-centro-itanhaem-4-quarto-s-60m2-1-vaga,Terreno Centro; Itanhaém | 4 quarto(s); 60m²; 1 vaga,Itanhaém,Terreno,950000,,,img/itanhaem-terreno.png,Terreno em Centro; Itanhaém. Perfeito para quem busca conforto e localização estratégica no litoral de SP. Condomínio fechado. 4 quarto(s); área 60m²; 1 vaga.,
casa-solemar-praia-grande-4-quarto-s-35m2-1-vaga,Casa Solemar; Praia Grande | 4 quarto(s); 35m²; 1 vaga,Praia Grande,Casa,620000,,,img/pg-studio.png,Casa em Solemar; Praia Grande. Perfeito para quem busca conforto e localização estratégica no litoral de SP. Condomínio fechado. 4 quarto(s); área 35m²; 1 vaga.,
casa-vera-cruz-mongagua-2-quarto-s-120m2-1-vaga,Casa Vera Cruz; Mongaguá | 2 quarto(s); 120m²; 1 vaga,Mongaguá,Casa,620000,,,img/mongagua-apartamento.png,Casa em Vera Cruz; Mongaguá. Perfeito para quem busca conforto e localização estratégica no litoral de SP. Sem condomínio. 2 quarto(s); área 120m²; 1 vaga.,
apartamento-vila-sao-jorge-sao-vicente-4-quarto-s-100m2-1-vaga,Apartamento Vila São Jorge; São Vicente | 4 quarto(s); 100m²; 1 vaga,São Vicente,Apartamento,620000,,,img/sv-casa-terrea.png,Apartamento em Vila São Jorge; São Vicente. Perfeito para quem busca conforto e localização estratégica no litoral de SP. Condomínio com lazer. 4 quarto(s); área 100m²; 1 vaga.,
apartamento-jardim-peruibe-peruibe-4-quarto-s-100m2-2-vagas,Apartamento Jardim Peruíbe; Peruíbe | 4 quarto(s); 100m²; 2 vagas,Peruíbe,Apartamento,620000,,,img/peruibe-chacara.png,Apartamento em Jardim Peruíbe; Peruíbe. Perfeito para quem busca conforto e localização estratégica no litoral de SP. Sem condomínio. 4 quarto(s); área 100m²; 2 vagas.,
casa-centro-mongagua-3-quarto-s-100m2-1-vaga,Casa Centro; Mongaguá | 3 quarto(s); 100m²; 1 vaga,Mongaguá,Casa,620000,,,img/mongagua-apartamento.png,Casa em Centro; Mongaguá. Perfeito para quem busca conforto e localização estratégica no litoral de SP. Sem condomínio. 3 quarto(s); área 100m²; 1 vaga.,
casa-jardim-sao-lourenco-bertioga-1-quarto-s-120m2-sem-vaga,Casa Jardim São Lourenço; Bertioga | 1 quarto(s); 120m²; Sem vaga,Bertioga,Casa,620000,,,img/bertioga-apartamento.png,Casa em Jardim São Lourenço; Bertioga. Perfeito para quem busca conforto e localização estratégica no litoral de SP. Condomínio com lazer. 1 quarto(s); área 120m²; Sem vaga.,
studio-centro-bertioga-3-quarto-s-35m2-2-vagas,Studio Centro; Bertioga | 3 quarto(s); 35m²; 2 vagas,Bertioga,Studio,280000,,,img/bertioga-apartamento.png,Studio em Centro; Bertioga. Perfeito para quem busca conforto e localização estratégica no litoral de SP. Condomínio com lazer. 3 quarto(s); área 35m²; 2 vagas.,
studio-pitangueiras-guaruja-2-quarto-s-80m2-1-vaga,Studio Pitangueiras; Guarujá | 2 quarto(s); 80m²; 1 vaga,Guarujá,Studio,280000,,,img/guaruja-sobrado.png,Studio em Pitangueiras; Guarujá. Perfeito para quem busca conforto e localização estratégica no litoral de SP. Sem condomínio. 2 quarto(s); área 80m²; 1 vaga.,
apartamento-cibratel-itanhaem-3-quarto-s-100m2-1-vaga,Apartamento Cibratel; Itanhaém | 3 quarto(s); 100m²; 1 vaga,Itanhaém,Apartamento,280000,,,img/itanhaem-terreno.png,Apartamento em Cibratel; Itanhaém. Perfeito para quem busca conforto e localização estratégica no litoral de SP. Sem condomínio. 3 quarto(s); área 100m²; 1 vaga.,
apartamento-macuco-santos-1-quarto-s-120m2-2-vagas,Apartamento Macuco; Santos | 1 quarto(s); 120m²; 2 vagas,Santos,Apartamento,280000,,,img/santos-apartamento-vista-mar.png,Apartamento em Macuco; Santos. Perfeito para quem busca conforto e localização estratégica no litoral de SP. Sem condomínio. 1 quarto(s); área 120m²; 2 vagas.,
casa-sao-miguel-peruibe-2-quarto-s-45m2-2-vagas,Casa São Miguel; Peruíbe | 2 quarto(s); 45m²; 2 vagas,Peruíbe,Casa,280000,,,img/peruibe-chacara.png,Casa em São Miguel; Peruíbe. Perfeito para quem busca conforto e localização estratégica no litoral de SP. Condomínio fechado. 2 quarto(s); área 45m²; 2 vagas.,
casa-gonzaga-santos-1-quarto-s-100m2-2-vagas,Casa Gonzaga; Santos | 1 quarto(s); 100m²; 2 vagas,Santos,Casa,280000,,,img/santos-apartamento-vista-mar.png,Casa em Gonzaga; Santos. Perfeito para quem busca conforto e localização estratégica no litoral de SP. Condomínio com lazer. 1 quarto(s); área 100m²; 2 vagas.,
terreno-jose-menino-santos-1-quarto-s-35m2-2-vagas,Terreno José Menino; Santos | 1 quarto(s); 35m²; 2 vagas,Santos,Terreno,180000,,,img/santos-apartamento-vista-mar.png,Terreno em José Menino; Santos. Perfeito para quem busca conforto e localização estratégica no litoral de SP. Condomínio com lazer. 1 quarto(s); área 35m²; 2 vagas.,
terreno-vera-cruz-mongagua-2-quarto-s-35m2-1-vaga,Terreno Vera Cruz; Mongaguá | 2 quarto(s); 35m²; 1 vaga,Mongaguá,Terreno,180000,,,img/mongagua-apartamento.png,Terreno em Vera Cruz; Mongaguá. Perfeito para quem busca conforto e localização estratégica no litoral de SP. Sem condomínio. 2 quarto(s); área 35m²; 1 vaga.,
apartamento-centro-mongagua-1-quarto-s-35m2-sem-vaga,Apartamento Centro; Mongaguá | 1 quarto(s); 35m²; Sem vaga,Mongaguá,Apartamento,180000,,,img/mongagua-apartamento.png,Apartamento em Centro; Mongaguá. Perfeito para quem busca conforto e localização estratégica no litoral de SP. Condomínio com lazer. 1 quarto(s); área 35m²; Sem vaga.,
apartamento-vicente-de-carvalho-guaruja-1-quarto-s-100m2-1-vaga,Apartamento Vicente de Carvalho; Guarujá | 1 quarto(s); 100m²; 1 vaga,Guarujá,Apartamento,180000,,,img/guaruja-sobrado.png,Apartamento em Vicente de Carvalho; Guarujá. Perfeito para quem busca conforto e localização estratégica no litoral de SP. Condomínio fechado. 1 quarto(s); área 100m²; 1 vaga.,
casa-centro-peruibe-4-quarto-s-100m2-1-vaga,Casa Centro; Peruíbe | 4 quarto(s); 100m²; 1 vaga,Peruíbe,Casa,180000,,,img/peruibe-chacara.png,Casa em Centro; Peruíbe. Perfeito para quem busca conforto e localização estratégica no litoral de SP. Condomínio com lazer. 4 quarto(s); área 100m²; 1 vaga.,
casa-boqueirao-praia-grande-4-quarto-s-45m2-sem-vaga,Casa Boqueirão; Praia Grande | 4 quarto(s); 45m²; Sem vaga,Praia Grande,Casa,180000,,,img/pg-studio.png,Casa em Boqueirão; Praia Grande. Perfeito para quem busca conforto e localização estratégica no litoral de SP. Sem condomínio. 4 quarto(s); área 45m²; Sem vaga.,
apartamento-jardim-sao-lourenco-bertioga-2-quarto-s-120m2-2-vagas,Apartamento Jardim São Lourenço; Bertioga | 2 quarto(s); 120m²; 2 vagas,Bertioga,Apartamento,340000,,,img/bertioga-apartamento.png,Apartamento em Jardim São Lourenço; Bertioga. Perfeito para quem busca conforto e localização estratégica no litoral de SP. Condomínio com lazer. 2 quarto(s); área 120m²; 2 vagas.,
apartamento-boqueirao-praia-grande-3-quarto-s-80m2-sem-vaga,Apartamento Boqueirão; Praia Grande | 3 quarto(s); 80m²; Sem vaga,Praia Grande,Apartamento,340000,,,img/pg-studio.png,Apartamento em Boqueirão; Praia Grande. Perfeito para quem busca conforto e localização estratégica no litoral de SP. Condomínio com lazer. 3 quarto(s); área 80m²; Sem vaga.,
apartamento-vila-tupi-praia-grande-1-quarto-s-45m2-1-vaga,Apartamento Vila Tupi; Praia Grande | 1 quarto(s); 45m²; 1 vaga,Praia Grande,Apartamento,340000,,,img/pg-studio.png,Apartamento em Vila Tupi; Praia Grande. Perfeito para quem busca conforto e localização estratégica no litoral de SP. Condomínio fechado. 1 quarto(s); área 45m²; 1 vaga.,
casa-centro-sao-vicente-3-quarto-s-35m2-sem-vaga,Casa Centro; São Vicente | 3 quarto(s); 35m²; Sem vaga,São Vicente,Casa,340000,,,img/sv-casa-terrea.png,Casa em Centro; São Vicente. Perfeito para quem busca conforto e localização estratégica no litoral de SP. Sem condomínio. 3 quarto(s); área 35m²; Sem vaga.,
casa-jardim-peruibe-peruibe-2-quarto-s-100m2-1-vaga,Casa Jardim Peruíbe; Peruíbe | 2 quarto(s); 100m²; 1 vaga,Peruíbe,Casa,340000,,,img/peruibe-chacara.png,Casa em Jardim Peruíbe; Peruíbe. Perfeito para quem busca conforto e localização estratégica no litoral de SP. Condomínio fechado. 2 quarto(s); área 100m²; 1 vaga.,
casa-aguas-mongagua-1-quarto-s-120m2-sem-vaga,Casa Águas; Mongaguá | 1 quarto(s); 120m²; Sem vaga,Mongaguá,Casa,520000,,,img/mongagua-apartamento.png,Casa em Águas; Mongaguá. Perfeito para quem busca conforto e localização estratégica no litoral de SP. Condomínio fechado. 1 quarto(s); área 120m²; Sem vaga.,
casa-sorocotuba-guaruja-2-quarto-s-35m2-1-vaga,Casa Sorocotuba; Guarujá | 2 quarto(s); 35m²; 1 vaga,Guarujá,Casa,520000,,,img/guaruja-sobrado.png,Casa em Sorocotuba; Guarujá. Perfeito para quem busca conforto e localização estratégica no litoral de SP. Condomínio com lazer. 2 quarto(s); área 35m²; 1 vaga.,
apartamento-vera-cruz-mongagua-1-quarto-s-100m2-1-vaga,Apartamento Vera Cruz; Mongaguá | 1 quarto(s); 100m²; 1 vaga,Mongaguá,Apartamento,520000,,,img/mongagua-apartamento.png,Apartamento em Vera Cruz; Mongaguá. Perfeito para quem busca conforto e localização estratégica no litoral de SP. Condomínio com lazer. 1 quarto(s); área 100m²; 1 vaga.,
apartamento-rio-preto-peruibe-4-quarto-s-45m2-sem-vaga,Apartamento Rio Preto; Peruíbe | 4 quarto(s); 45m²; Sem vaga,Peruíbe,Apartamento,520000,,,img/peruibe-chacara.png,Apartamento em Rio Preto; Peruíbe. Perfeito para quem busca conforto e localização estratégica no litoral de SP. Condomínio fechado. 4 quarto(s); área 45m²; Sem vaga.,
casa-centro-guaruja-4-quarto-s-45m2-2-vagas,Casa Centro; Guarujá | 4 quarto(s); 45m²; 2 vagas,Guarujá,Casa,520000,,,img/guaruja-sobrado.png,Casa em Centro; Guarujá. Perfeito para quem busca conforto e localização estratégica no litoral de SP. Condomínio com lazer. 4 quarto(s); área 45m²; 2 vagas.,
casa-embare-santos-2-quarto-s-35m2-1-vaga,Casa Embaré; Santos | 2 quarto(s); 35m²; 1 vaga,Santos,Casa,520000,,,img/santos-apartamento-vista-mar.png,Casa em Embaré; Santos. Perfeito para quem busca conforto e localização estratégica no litoral de SP. Sem condomínio. 2 quarto(s); área 35m²; 1 vaga.,
casa-macuco-santos-4-quarto-s-60m2-2-vagas,Casa Macuco; Santos | 4 quarto(s); 60m²; 2 vagas,Santos,Casa,750000,,,img/santos-apartamento-vista-mar.png,Casa em Macuco; Santos. Perfeito para quem busca conforto e localização estratégica no litoral de SP. Condomínio com lazer. 4 quarto(s); área 60m²; 2 vagas.,
casa-asturias-guaruja-4-quarto-s-120m2-1-vaga,Casa Astúrias; Guarujá | 4 quarto(s); 120m²; 1 vaga,Guarujá,Casa,750000,,,img/guaruja-sobrado.png,Casa em Astúrias; Guarujá. Perfeito para quem busca conforto e localização estratégica no litoral de SP. Sem condomínio. 4 quarto(s); área 120m²; 1 vaga.,
apartamento-agenor-campos-mongagua-1-quarto-s-35m2-2-vagas,Apartamento Agenor Campos; Mongaguá | 1 quarto(s); 35m²; 2 vagas,Mongaguá,Apartamento,750000,,,img/mongagua-apartamento.png,Apartamento em Agenor Campos; Mongaguá. Perfeito para quem busca conforto e localização estratégica no litoral de SP. Sem condomínio. 1 quarto(s); área 35m²; 2 vagas.,
casa-tupi-praia-grande-3-quarto-s-35m2-1-vaga,Casa Tupi; Praia Grande | 3 quarto(s); 35m²; 1 vaga,Praia Grande,Casa,750000,,,img/pg-studio.png,Casa em Tupi; Praia Grande. Perfeito para quem busca conforto e localização estratégica no litoral de SP. Condomínio fechado. 3 quarto(s); área 35m²; 1 vaga.,
casa-pernambuco-guaruja-2-quarto-s-100m2-2-vagas,Casa Pernambuco; Guarujá | 2 quarto(s); 100m²; 2 vagas,Guarujá,Casa,750000,,,img/guaruja-sobrado.png,Casa em Pernambuco; Guarujá. Perfeito para quem busca conforto e localização estratégica no litoral de SP. Condomínio fechado. 2 quarto(s); área 100m²; 2 vagas.,
apartamento-solemar-praia-grande-4-quarto-s-45m2-2-vagas,Apartamento Solemar; Praia Grande | 4 quarto(s); 45m²; 2 vagas,Praia Grande,Apartamento,410000,,,img/pg-studio.png,Apartamento em Solemar; Praia Grande. Perfeito para quem busca conforto e localização estratégica no litoral de SP. Condomínio com lazer. 4 quarto(s); área 45m²; 2 vagas.,
apartamento-tupi-praia-grande-2-quarto-s-35m2-2-vagas,Apartamento Tupi; Praia Grande | 2 quarto(s); 35m²; 2 vagas,Praia Grande,Apartamento,410000,,,img/pg-studio.png,Apartamento em Tupi; Praia Grande. Perfeito para quem busca conforto e localização estratégica no litoral de SP. Sem condomínio. 2 quarto(s); área 35m²; 2 vagas.,
apartamento-sorocotuba-guaruja-1-quarto-s-35m2-sem-vaga,Apartamento Sorocotuba; Guarujá | 1 quarto(s); 35m²; Sem vaga,Guarujá,Apartamento,410000,,,img/guaruja-sobrado.png,Apartamento em Sorocotuba; Guarujá. Perfeito para quem busca conforto e localização estratégica no litoral de SP. Sem condomínio. 1 quarto(s); área 35m²; Sem vaga.,
casa-bocaina-santos-1-quarto-s-35m2-1-vaga,Casa Bocaina; Santos | 1 quarto(s); 35m²; 1 vaga,Santos,Casa,410000,,,img/santos-apartamento-vista-mar.png,Casa em Bocaina; Santos. Perfeito para quem busca conforto e localização estratégica no litoral de SP. Condomínio fechado. 1 quarto(s); área 35m²; 1 vaga.,
apartamento-em-centro-sao-vicente-4-quarto-s-80m2-2-vagas,Apartamento em Centro; São Vicente | 4 quarto(s); 80m²; 2 vagas,São Vicente,Apartamento,950000,,,img/sv-casa-terrea.png,Conheça este apartamento em Centro; São Vicente. Localização estratégica e estrutura pronta. Condomínio fechado. 4 quarto(s); área 80m²; 2 vagas.,
apartamento-enseada-guaruja-4-quarto-s-35m2-1-vaga,Apartamento Enseada; Guarujá | 4 quarto(s); 35m²; 1 vaga,Guarujá,Apartamento,850000,,,img/guaruja-sobrado.png,Cadastre-se e receba opções de apartamento em Enseada; Guarujá. Condomínio com lazer. 4 quarto(s); área 35m²; 1 vaga.,
cobertura-vila-sao-jorge-sao-vicente-1-quarto-s-80m2-2-vagas,Cobertura Vila São Jorge; São Vicente | 1 quarto(s); 80m²; 2 vagas,São Vicente,Cobertura,520000,,,img/sv-casa-terrea.png,Cadastre-se e receba opções de cobertura em Vila São Jorge; São Vicente. Condomínio com lazer. 1 quarto(s); área 80m²; 2 vagas.,
cobertura-centro-peruibe-3-quarto-s-80m2-sem-vaga,Cobertura Centro; Peruíbe | 3 quarto(s); 80m²; Sem vaga,Peruíbe,Cobertura,950000,,,img/peruibe-chacara.png,Cobertura em Centro; Peruíbe. Sem condomínio. 3 quarto(s); área 80m²; Sem vaga.,
terreno-solemar-praia-grande-4-quarto-s-45m2-1-vaga,Terreno Solemar; Praia Grande | 4 quarto(s); 45m²; 1 vaga,Praia Grande,Terreno,950000,,,img/pg-studio.png,Cadastre-se e receba opções de terreno em Solemar; Praia Grande. Condomínio com lazer. 4 quarto(s); área 45m²; 1 vaga.,
terreno-no-vera-cruz-mongagua-2-quarto-s-35m2-sem-vaga,Terreno no Vera Cruz; Mongaguá | 2 quarto(s); 35m²; Sem vaga,Mongaguá,Terreno,520000,,,img/mongagua-apartamento.png,Encontre terreno em Vera Cruz; Mongaguá. Opção com boa liquidez e valorização no litoral. Sem condomínio. 2 quarto(s); área 35m²; Sem vaga.,
sobrado-centro-mongagua-1-quarto-s-120m2-2-vagas,Sobrado Centro; Mongaguá | 1 quarto(s); 120m²; 2 vagas,Mongaguá,Sobrado,520000,,,img/mongagua-apartamento.png,Cadastre-se e receba opções de sobrado em Centro; Mongaguá. Condomínio fechado. 1 quarto(s); área 120m²; 2 vagas.,
sobrado-no-boraceia-bertioga-1-quarto-s-100m2-2-vagas,Sobrado no Boracéia; Bertioga | 1 quarto(s); 100m²; 2 vagas,Bertioga,Sobrado,950000,,,img/bertioga-apartamento.png,Encontre sobrado em Boracéia; Bertioga. Opção com boa liquidez e valorização no litoral. Sem condomínio. 1 quarto(s); área 100m²; 2 vagas.,
apartamento-centro-peruibe-2-quarto-s-35m2-sem-vaga,Apartamento Centro; Peruíbe | 2 quarto(s); 35m²; Sem vaga,Peruíbe,Apartamento,850000,,,img/peruibe-chacara.png,Oportunidade de apartamento em Centro; Peruíbe. Ideal para moradia ou investimento no litoral. Condomínio fechado. 2 quarto(s); área 35m²; Sem vaga.,
apartamento-no-boraceia-bertioga-2-quarto-s-35m2-sem-vaga,Apartamento no Boracéia; Bertioga | 2 quarto(s); 35m²; Sem vaga,Bertioga,Apartamento,620000,,,img/bertioga-apartamento.png,Cadastre-se e receba opções de apartamento em Boracéia; Bertioga. Condomínio fechado. 2 quarto(s); área 35m²; Sem vaga.,
casa-em-sao-miguel-peruibe-2-quarto-s-80m2-1-vaga,Casa em São Miguel; Peruíbe | 2 quarto(s); 80m²; 1 vaga,Peruíbe,Casa,520000,,,img/peruibe-chacara.png,Casa em São Miguel; Peruíbe. Sem condomínio. 2 quarto(s); área 80m²; 1 vaga.,
casa-em-gonzaga-santos-2-quarto-s-100m2-sem-vaga,Casa em Gonzaga; Santos | 2 quarto(s); 100m²; Sem vaga,Santos,Casa,750000,,,img/santos-apartamento-vista-mar.png,Conheça este casa em Gonzaga; Santos. Localização estratégica e estrutura pronta. Condomínio fechado. 2 quarto(s); área 100m²; Sem vaga.,
studio-em-gonzaguinha-sao-vicente-1-quarto-s-80m2-sem-vaga,Studio em Gonzaguinha; São Vicente | 1 quarto(s); 80m²; Sem vaga,São Vicente,Studio,180000,,,img/sv-casa-terrea.png,Encontre studio em Gonzaguinha; São Vicente. Opção com boa liquidez e valorização no litoral. Sem condomínio. 1 quarto(s); área 80m²; Sem vaga.,
studio-centro-mongagua-3-quarto-s-60m2-1-vaga,Studio Centro; Mongaguá | 3 quarto(s); 60m²; 1 vaga,Mongaguá,Studio,950000,,,img/mongagua-apartamento.png,Cadastre-se e receba opções de studio em Centro; Mongaguá. Sem condomínio. 3 quarto(s); área 60m²; 1 vaga.,
apartamento-no-jardim-sao-lourenco-bertioga-3-quarto-s-45m2-2-vagas,Apartamento no Jardim São Lourenço; Bertioga | 3 quarto(s); 45m²; 2 vagas,Bertioga,Apartamento,180000,,,img/bertioga-apartamento.png,Oportunidade de apartamento em Jardim São Lourenço; Bertioga. Ideal para moradia ou investimento no litoral. Condomínio com lazer. 3 quarto(s); área 45m²; 2 vagas.,
casa-no-jardim-peruibe-peruibe-2-quarto-s-120m2-sem-vaga,Casa no Jardim Peruíbe; Peruíbe | 2 quarto(s); 120m²; Sem vaga,Peruíbe,Casa,950000,,,img/peruibe-chacara.png,Conheça este casa em Jardim Peruíbe; Peruíbe. Localização estratégica e estrutura pronta. Condomínio com lazer. 2 quarto(s); área 120m²; Sem vaga.,
casa-em-boraceia-bertioga-4-quarto-s-60m2-1-vaga,Casa em Boracéia; Bertioga | 4 quarto(s); 60m²; 1 vaga,Bertioga,Casa,180000,,,img/bertioga-apartamento.png,Cadastre-se e receba opções de casa em Boracéia; Bertioga. Condomínio fechado. 4 quarto(s); área 60m²; 1 vaga.,
terreno-bocaina-santos-4-quarto-s-100m2-sem-vaga,Terreno Bocaina; Santos | 4 quarto(s); 100m²; Sem vaga,Santos,Terreno,180000,,,img/santos-apartamento-vista-mar.png,Cadastre-se e receba opções de terreno em Bocaina; Santos. Condomínio fechado. 4 quarto(s); área 100m²; Sem vaga.,
terreno-aguas-mongagua-1-quarto-s-100m2-1-vaga,Terreno Águas; Mongaguá | 1 quarto(s); 100m²; 1 vaga,Mongaguá,Terreno,520000,,,img/mongagua-apartamento.png,Oportunidade de terreno em Águas; Mongaguá. Ideal para moradia ou investimento no litoral. Sem condomínio. 1 quarto(s); área 100m²; 1 vaga.,
apartamento-em-vila-tupi-praia-grande-3-quarto-s-45m2-2-vagas,Apartamento em Vila Tupi; Praia Grande | 3 quarto(s); 45m²; 2 vagas,Praia Grande,Apartamento,180000,,,img/pg-studio.png,Encontre apartamento em Vila Tupi; Praia Grande. Opção com boa liquidez e valorização no litoral. Condomínio fechado. 3 quarto(s); área 45m²; 2 vagas.,
apartamento-gonzaguinha-sao-vicente-2-quarto-s-60m2-2-vagas,Apartamento Gonzaguinha; São Vicente | 2 quarto(s); 60m²; 2 vagas,São Vicente,Apartamento,750000,,,img/sv-casa-terrea.png,Encontre apartamento em Gonzaguinha; São Vicente. Opção com boa liquidez e valorização no litoral. Condomínio fechado. 2 quarto(s); área 60m²; 2 vagas.,
casa-no-embare-santos-4-quarto-s-100m2-sem-vaga,Casa no Embaré; Santos | 4 quarto(s); 100m²; Sem vaga,Santos,Casa,950000,,,img/santos-apartamento-vista-mar.png,Casa em Embaré; Santos. Condomínio com lazer. 4 quarto(s); área 100m²; Sem vaga.,
casa-em-solemar-praia-grande-1-quarto-s-120m2-sem-vaga,Casa em Solemar; Praia Grande | 1 quarto(s); 120m²; Sem vaga,Praia Grande,Casa,950000,,,img/pg-studio.png,Conheça este casa em Solemar; Praia Grande. Localização estratégica e estrutura pronta. Condomínio com lazer. 1 quarto(s); área 120m²; Sem vaga.,
apartamento-em-itarare-sao-vicente-1-quarto-s-45m2-2-vagas,Apartamento em Itararé; São Vicente | 1 quarto(s); 45m²; 2 vagas,São Vicente,Apartamento,950000,,,img/sv-casa-terrea.png,Oportunidade de apartamento em Itararé; São Vicente. Ideal para moradia ou investimento no litoral. Condomínio fechado. 1 quarto(s); área 45m²; 2 vagas.,
apartamento-boraceia-bertioga-1-quarto-s-120m2-sem-vaga,Apartamento Boracéia; Bertioga | 1 quarto(s); 120m²; Sem vaga,Bertioga,Apartamento,180000,,,img/bertioga-apartamento.png,Encontre apartamento em Boracéia; Bertioga. Opção com boa liquidez e valorização no litoral. Condomínio fechado. 1 quarto(s); área 120m²; Sem vaga.,
apartamento-em-cibratel-itanhaem-3-quarto-s-60m2-sem-vaga,Apartamento em Cibratel; Itanhaém | 3 quarto(s); 60m²; Sem vaga,Itanhaém,Apartamento,520000,,,img/itanhaem-terreno.png,Cadastre-se e receba opções de apartamento em Cibratel; Itanhaém. Condomínio fechado. 3 quarto(s); área 60m²; Sem vaga.,
apartamento-no-trevo-peruibe-3-quarto-s-45m2-sem-vaga,Apartamento no Trevo; Peruíbe | 3 quarto(s); 45m²; Sem vaga,Peruíbe,Apartamento,950000,,,img/peruibe-chacara.png,Conheça este apartamento em Trevo; Peruíbe. Localização estratégica e estrutura pronta. Sem condomínio. 3 quarto(s); área 45m²; Sem vaga.,
casa-sorocotuba-guaruja-3-quarto-s-100m2-2-vagas,Casa Sorocotuba; Guarujá | 3 quarto(s); 100m²; 2 vagas,Guarujá,Casa,750000,,,img/guaruja-sobrado.png,Casa em Sorocotuba; Guarujá. Condomínio com lazer. 3 quarto(s); área 100m²; 2 vagas.,
casa-centro-itanhaem-1-quarto-s-35m2-sem-vaga,Casa Centro; Itanhaém | 1 quarto(s); 35m²; Sem vaga,Itanhaém,Casa,950000,,,img/itanhaem-terreno.png,Cadastre-se e receba opções de casa em Centro; Itanhaém. Condomínio com lazer. 1 quarto(s); área 35m²; Sem vaga.,
casa-no-agenor-campos-mongagua-3-quarto-s-35m2-1-vaga,Casa no Agenor Campos; Mongaguá | 3 quarto(s); 35m²; 1 vaga,Mongaguá,Casa,520000,,,img/mongagua-apartamento.png,Cadastre-se e receba opções de casa em Agenor Campos; Mongaguá. Condomínio com lazer. 3 quarto(s); área 35m²; 1 vaga.,
apartamento-gaivotas-itanhaem-2-quarto-s-120m2-2-vagas,Apartamento Gaivotas; Itanhaém | 2 quarto(s); 120m²; 2 vagas,Itanhaém,Apartamento,180000,,,img/itanhaem-terreno.png,Cadastre-se e receba opções de apartamento em Gaivotas; Itanhaém. Condomínio fechado. 2 quarto(s); área 120m²; 2 vagas.,
apartamento-em-guilhermina-praia-grande-4-quarto-s-100m2-sem-vaga,Apartamento em Guilhermina; Praia Grande | 4 quarto(s); 100m²; Sem vaga,Praia Grande,Apartamento,750000,,,img/pg-studio.png,Cadastre-se e receba opções de apartamento em Guilhermina; Praia Grande. Condomínio com lazer. 4 quarto(s); área 100m²; Sem vaga.,
casa-caicara-praia-grande-1-quarto-s-35m2-1-vaga,Casa Caiçara; Praia Grande | 1 quarto(s); 35m²; 1 vaga,Praia Grande,Casa,520000,,,img/pg-studio.png,Conheça este casa em Caiçara; Praia Grande. Localização estratégica e estrutura pronta. Sem condomínio. 1 quarto(s); área 35m²; 1 vaga.,
casa-no-aguas-mongagua-2-quarto-s-100m2-1-vaga,Casa no Águas; Mongaguá | 2 quarto(s); 100m²; 1 vaga,Mongaguá,Casa,180000,,,img/mongagua-apartamento.png,Casa em Águas; Mongaguá. Condomínio com lazer. 2 quarto(s); área 100m²; 1 vaga.,
chacara-vera-cruz-mongagua-2-quarto-s-80m2-1-vaga,Chácara Vera Cruz; Mongaguá | 2 quarto(s); 80m²; 1 vaga,Mongaguá,Chácara,850000,,,img/mongagua-apartamento.png,Cadastre-se e receba opções de chácara em Vera Cruz; Mongaguá. Condomínio fechado. 2 quarto(s); área 80m²; 1 vaga.,
chacara-em-boqueirao-praia-grande-3-quarto-s-60m2-1-vaga,Chácara em Boqueirão; Praia Grande | 3 quarto(s); 60m²; 1 vaga,Praia Grande,Chácara,750000,,,img/pg-studio.png,Conheça este chácara em Boqueirão; Praia Grande. Localização estratégica e estrutura pronta. Condomínio com lazer. 3 quarto(s); área 60m²; 1 vaga.,
apartamento-vera-cruz-mongagua-2-quarto-s-120m2-1-vaga,Apartamento Vera Cruz; Mongaguá | 2 quarto(s); 120m²; 1 vaga,Mongaguá,Apartamento,620000,,,img/mongagua-apartamento.png,Encontre apartamento em Vera Cruz; Mongaguá. Opção com boa liquidez e valorização no litoral. Sem condomínio. 2 quarto(s); área 120m²; 1 vaga.,
apartamento-em-nova-itanhaem-itanhaem-1-quarto-s-60m2-sem-vaga,Apartamento em Nova Itanhaém; Itanhaém | 1 quarto(s); 60m²; Sem vaga,Itanhaém,Apartamento,850000,,,img/itanhaem-terreno.png,Cadastre-se e receba opções de apartamento em Nova Itanhaém; Itanhaém. Condomínio com lazer. 1 quarto(s); área 60m²; Sem vaga.,
casa-costao-itanhaem-2-quarto-s-45m2-1-vaga,Casa Costão; Itanhaém | 2 quarto(s); 45m²; 1 vaga,Itanhaém,Casa,620000,,,img/itanhaem-terreno.png,Casa em Costão; Itanhaém. Condomínio fechado. 2 quarto(s); área 45m²; 1 vaga.,
casa-no-boqueirao-praia-grande-4-quarto-s-35m2-1-vaga,Casa no Boqueirão; Praia Grande | 4 quarto(s); 35m²; 1 vaga,Praia Grande,Casa,850000,,,img/pg-studio.png,Encontre casa em Boqueirão; Praia Grande. Opção com boa liquidez e valorização no litoral. Sem condomínio. 4 quarto(s); área 35m²; 1 vaga.,
apartamento-pitangueiras-guaruja-3-quarto-s-80m2-sem-vaga,Apartamento Pitangueiras; Guarujá | 3 quarto(s); 80m²; Sem vaga,Guarujá,Apartamento,520000,,,img/guaruja-sobrado.png,Cadastre-se e receba opções de apartamento em Pitangueiras; Guarujá. Sem condomínio. 3 quarto(s); área 80m²; Sem vaga.,
apartamento-em-centro-mongagua-2-quarto-s-60m2-1-vaga,Apartamento em Centro; Mongaguá | 2 quarto(s); 60m²; 1 vaga,Mongaguá,Apartamento,950000,,,img/mongagua-apartamento.png,Encontre apartamento em Centro; Mongaguá. Opção com boa liquidez e valorização no litoral. Sem condomínio. 2 quarto(s); área 60m²; 1 vaga.,
apartamento-vila-sao-jorge-sao-vicente-1-quarto-s-80m2-1-vaga,Apartamento Vila São Jorge; São Vicente | 1 quarto(s); 80m²; 1 vaga,São Vicente,Apartamento,410000,,,img/sv-casa-terrea.png,Conheça este apartamento em Vila São Jorge; São Vicente. Localização estratégica e estrutura pronta. Condomínio com lazer. 1 quarto(s); área 80m²; 1 vaga.,
apartamento-no-gaivotas-itanhaem-2-quarto-s-45m2-2-vagas,Apartamento no Gaivotas; Itanhaém | 2 quarto(s); 45m²; 2 vagas,Itanhaém,Apartamento,410000,,,img/itanhaem-terreno.png,Encontre apartamento em Gaivotas; Itanhaém. Opção com boa liquidez e valorização no litoral. Condomínio com lazer. 2 quarto(s); área 45m²; 2 vagas.,
casa-em-jardim-peruibe-peruibe-3-quarto-s-45m2-1-vaga,Casa em Jardim Peruíbe; Peruíbe | 3 quarto(s); 45m²; 1 vaga,Peruíbe,Casa,520000,,,img/peruibe-chacara.png,Conheça este casa em Jardim Peruíbe; Peruíbe. Localização estratégica e estrutura pronta. Condomínio fechado. 3 quarto(s); área 45m²; 1 vaga.,
casa-no-gonzaguinha-sao-vicente-2-quarto-s-80m2-2-vagas,Casa no Gonzaguinha; São Vicente | 2 quarto(s); 80m²; 2 vagas,São Vicente,Casa,520000,,,img/sv-casa-terrea.png,Cadastre-se e receba opções de casa em Gonzaguinha; São Vicente. Condomínio com lazer. 2 quarto(s); área 80m²; 2 vagas.,
apartamento-pompeia-santos-1-quarto-s-60m2-2-vagas,Apartamento Pompeia; Santos | 1 quarto(s); 60m²; 2 vagas,Santos,Apartamento,850000,,,img/santos-apartamento-vista-mar.png,Conheça este apartamento em Pompeia; Santos. Localização estratégica e estrutura pronta. Sem condomínio. 1 quarto(s); área 60m²; 2 vagas.,
apartamento-em-pernambuco-guaruja-4-quarto-s-120m2-sem-vaga,Apartamento em Pernambuco; Guarujá | 4 quarto(s); 120m²; Sem vaga,Guarujá,Apartamento,410000,,,img/guaruja-sobrado.png,Encontre apartamento em Pernambuco; Guarujá. Opção com boa liquidez e valorização no litoral. Condomínio com lazer. 4 quarto(s); área 120m²; Sem vaga.,
apartamento-gonzaga-santos-1-quarto-s-35m2-2-vagas,Apartamento Gonzaga; Santos | 1 quarto(s); 35m²; 2 vagas,Santos,Apartamento,850000,,,img/santos-apartamento-vista-mar.png,Apartamento em Gonzaga; Santos. Condomínio fechado. 1 quarto(s); área 35m²; 2 vagas.,
cobertura-em-centro-peruibe-3-quarto-s-35m2-1-vaga,Cobertura em Centro; Peruíbe | 3 quarto(s); 35m²; 1 vaga,Peruíbe,Cobertura,620000,,,img/peruibe-chacara.png,Encontre cobertura em Centro; Peruíbe. Opção com boa liquidez e valorização no litoral. Sem condomínio. 3 quarto(s); área 35m²; 1 vaga.,
cobertura-jardim-sao-lourenco-bertioga-4-quarto-s-60m2-sem-vaga,Cobertura Jardim São Lourenço; Bertioga | 4 quarto(s); 60m²; Sem vaga,Bertioga,Cobertura,950000,,,img/bertioga-apartamento.png,Cadastre-se e receba opções de cobertura em Jardim São Lourenço; Bertioga. Condomínio com lazer. 4 quarto(s); área 60m²; Sem vaga.,
cobertura-no-vera-cruz-mongagua-4-quarto-s-100m2-sem-vaga,Cobertura no Vera Cruz; Mongaguá | 4 quarto(s); 100m²; Sem vaga,Mongaguá,Cobertura,750000,,,img/mongagua-apartamento.png,Encontre cobertura em Vera Cruz; Mongaguá. Opção com boa liquidez e valorização no litoral. Condomínio fechado. 4 quarto(s); área 100m²; Sem vaga.,
cobertura-no-costao-itanhaem-4-quarto-s-100m2-1-vaga,Cobertura no Costão; Itanhaém | 4 quarto(s); 100m²; 1 vaga,Itanhaém,Cobertura,850000,,,img/itanhaem-terreno.png,Encontre cobertura em Costão; Itanhaém. Opção com boa liquidez e valorização no litoral. Condomínio com lazer. 4 quarto(s); área 100m²; 1 vaga.,
terreno-no-embare-santos-1-quarto-s-120m2-2-vagas,Terreno no Embaré; Santos | 1 quarto(s); 120m²; 2 vagas,Santos,Terreno,520000,,,img/santos-apartamento-vista-mar.png,Oportunidade de terreno em Embaré; Santos. Ideal para moradia ou investimento no litoral. Condomínio fechado. 1 quarto(s); área 120m²; 2 vagas.,
terreno-em-itarare-sao-vicente-2-quarto-s-60m2-2-vagas,Terreno em Itararé; São Vicente | 2 quarto(s); 60m²; 2 vagas,São Vicente,Terreno,180000,,,img/sv-casa-terrea.png,Terreno em Itararé; São Vicente. Condomínio fechado. 2 quarto(s); área 60m²; 2 vagas.,
terreno-centro-sao-vicente-3-quarto-s-100m2-2-vagas,Terreno Centro; São Vicente | 3 quarto(s); 100m²; 2 vagas,São Vicente,Terreno,180000,,,img/sv-casa-terrea.png,Oportunidade de terreno em Centro; São Vicente. Ideal para moradia ou investimento no litoral. Sem condomínio. 3 quarto(s); área 100m²; 2 vagas.,
terreno-rio-preto-peruibe-1-quarto-s-120m2-2-vagas,Terreno Rio Preto; Peruíbe | 1 quarto(s); 120m²; 2 vagas,Peruíbe,Terreno,950000,,,img/peruibe-chacara.png,Encontre terreno em Rio Preto; Peruíbe. Opção com boa liquidez e valorização no litoral. Sem condomínio. 1 quarto(s); área 120m²; 2 vagas.,
casa-em-sorocotuba-guaruja-3-quarto-s-120m2-2-vagas,Casa em Sorocotuba; Guarujá | 3 quarto(s); 120m²; 2 vagas,Guarujá,Casa,850000,,,img/guaruja-sobrado.png,Casa em Sorocotuba; Guarujá. Condomínio com lazer. 3 quarto(s); área 120m²; 2 vagas.,
casa-em-bocaina-santos-4-quarto-s-120m2-2-vagas,Casa em Bocaina; Santos | 4 quarto(s); 120m²; 2 vagas,Santos,Casa,850000,,,img/santos-apartamento-vista-mar.png,Casa em Bocaina; Santos. Sem condomínio. 4 quarto(s); área 120m²; 2 vagas.,
apartamento-no-jardim-peruibe-peruibe-2-quarto-s-45m2-2-vagas,Apartamento no Jardim Peruíbe; Peruíbe | 2 quarto(s); 45m²; 2 vagas,Peruíbe,Apartamento,520000,,,img/peruibe-chacara.png,Oportunidade de apartamento em Jardim Peruíbe; Peruíbe. Ideal para moradia ou investimento no litoral. Sem condomínio. 2 quarto(s); área 45m²; 2 vagas.,
apartamento-no-enseada-guaruja-4-quarto-s-120m2-sem-vaga,Apartamento no Enseada; Guarujá | 4 quarto(s); 120m²; Sem vaga,Guarujá,Apartamento,950000,,,img/guaruja-sobrado.png,Apartamento em Enseada; Guarujá. Condomínio fechado. 4 quarto(s); área 120m²; Sem vaga.,
apartamento-no-jose-menino-santos-3-quarto-s-80m2-sem-vaga,Apartamento no José Menino; Santos | 3 quarto(s); 80m²; Sem vaga,Santos,Apartamento,180000,,,img/santos-apartamento-vista-mar.png,Cadastre-se e receba opções de apartamento em José Menino; Santos. Condomínio fechado. 3 quarto(s); área 80m²; Sem vaga.,
casa-sao-miguel-peruibe-3-quarto-s-60m2-1-vaga,Casa São Miguel; Peruíbe | 3 quarto(s); 60m²; 1 vaga,Peruíbe,Casa,620000,,,img/peruibe-chacara.png,Encontre casa em São Miguel; Peruíbe. Opção com boa liquidez e valorização no litoral. Condomínio com lazer. 3 quarto(s); área 60m²; 1 vaga.,
casa-nova-itanhaem-itanhaem-3-quarto-s-80m2-2-vagas,Casa Nova Itanhaém; Itanhaém | 3 quarto(s); 80m²; 2 vagas,Itanhaém,Casa,180000,,,img/itanhaem-terreno.png,Cadastre-se e receba opções de casa em Nova Itanhaém; Itanhaém. Condomínio com lazer. 3 quarto(s); área 80m²; 2 vagas.,
casa-vila-atlantica-mongagua-2-quarto-s-100m2-2-vagas,Casa Vila Atlântica; Mongaguá | 2 quarto(s); 100m²; 2 vagas,Mongaguá,Casa,410000,,,img/mongagua-apartamento.png,Casa em Vila Atlântica; Mongaguá. Sem condomínio. 2 quarto(s); área 100m²; 2 vagas.,
casa-em-embare-santos-2-quarto-s-120m2-1-vaga,Casa em Embaré; Santos | 2 quarto(s); 120m²; 1 vaga,Santos,Casa,950000,,,img/santos-apartamento-vista-mar.png,Cadastre-se e receba opções de casa em Embaré; Santos. Condomínio com lazer. 2 quarto(s); área 120m²; 1 vaga.,
studio-gonzaga-santos-3-quarto-s-35m2-1-vaga,Studio Gonzaga; Santos | 3 quarto(s); 35m²; 1 vaga,Santos,Studio,410000,,,img/santos-apartamento-vista-mar.png,Studio em Gonzaga; Santos. Sem condomínio. 3 quarto(s); área 35m²; 1 vaga.,
studio-em-centro-mongagua-3-quarto-s-45m2-1-vaga,Studio em Centro; Mongaguá | 3 quarto(s); 45m²; 1 vaga,Mongaguá,Studio,520000,,,img/mongagua-apartamento.png,Encontre studio em Centro; Mongaguá. Opção com boa liquidez e valorização no litoral. Condomínio fechado. 3 quarto(s); área 45m²; 1 vaga.,
studio-em-pompeia-santos-1-quarto-s-35m2-1-vaga,Studio em Pompeia; Santos | 1 quarto(s); 35m²; 1 vaga,Santos,Studio,850000,,,img/santos-apartamento-vista-mar.png,Cadastre-se e receba opções de studio em Pompeia; Santos. Condomínio com lazer. 1 quarto(s); área 35m²; 1 vaga.,
studio-vera-cruz-mongagua-1-quarto-s-80m2-2-vagas,Studio Vera Cruz; Mongaguá | 1 quarto(s); 80m²; 2 vagas,Mongaguá,Studio,180000,,,img/mongagua-apartamento.png,Oportunidade de studio em Vera Cruz; Mongaguá. Ideal para moradia ou investimento no litoral. Sem condomínio. 1 quarto(s); área 80m²; 2 vagas.,
apartamento-no-vera-cruz-mongagua-2-quarto-s-120m2-sem-vaga,Apartamento no Vera Cruz; Mongaguá | 2 quarto(s); 120m²; Sem vaga,Mongaguá,Apartamento,950000,,,img/mongagua-apartamento.png,Conheça este apartamento em Vera Cruz; Mongaguá. Localização estratégica e estrutura pronta. Condomínio com lazer. 2 quarto(s); área 120m²; Sem vaga.,
apartamento-rio-preto-peruibe-4-quarto-s-80m2-1-vaga,Apartamento Rio Preto; Peruíbe | 4 quarto(s); 80m²; 1 vaga,Peruíbe,Apartamento,520000,,,img/peruibe-chacara.png,Conheça este apartamento em Rio Preto; Peruíbe. Localização estratégica e estrutura pronta. Condomínio fechado. 4 quarto(s); área 80m²; 1 vaga.,
apartamento-no-vila-tupi-praia-grande-1-quarto-s-35m2-2-vagas,Apartamento no Vila Tupi; Praia Grande | 1 quarto(s); 35m²; 2 vagas,Praia Grande,Apartamento,620000,,,img/pg-studio.png,Oportunidade de apartamento em Vila Tupi; Praia Grande. Ideal para moradia ou investimento no litoral. Condomínio fechado. 1 quarto(s); área 35m²; 2 vagas.,
apartamento-centro-sao-vicente-2-quarto-s-120m2-sem-vaga,Apartamento Centro; São Vicente | 2 quarto(s); 120m²; Sem vaga,São Vicente,Apartamento,410000,,,img/sv-casa-terrea.png,Oportunidade de apartamento em Centro; São Vicente. Ideal para moradia ou investimento no litoral. Condomínio com lazer. 2 quarto(s); área 120m²; Sem vaga.,
casa-em-centro-itanhaem-1-quarto-s-100m2-1-vaga,Casa em Centro; Itanhaém | 1 quarto(s); 100m²; 1 vaga,Itanhaém,Casa,410000,,,img/itanhaem-terreno.png,Encontre casa em Centro; Itanhaém. Opção com boa liquidez e valorização no litoral. Condomínio fechado. 1 quarto(s); área 100m²; 1 vaga.,
casa-jose-menino-santos-4-quarto-s-45m2-2-vagas,Casa José Menino; Santos | 4 quarto(s); 45m²; 2 vagas,Santos,Casa,850000,,,img/santos-apartamento-vista-mar.png,Conheça este casa em José Menino; Santos. Localização estratégica e estrutura pronta. Sem condomínio. 4 quarto(s); área 45m²; 2 vagas.,
casa-em-vista-linda-bertioga-3-quarto-s-80m2-sem-vaga,Casa em Vista Linda; Bertioga | 3 quarto(s); 80m²; Sem vaga,Bertioga,Casa,410000,,,img/bertioga-apartamento.png,Conheça este casa em Vista Linda; Bertioga. Localização estratégica e estrutura pronta. Sem condomínio. 3 quarto(s); área 80m²; Sem vaga.,
terreno-trevo-peruibe-4-quarto-s-100m2-2-vagas,Terreno Trevo; Peruíbe | 4 quarto(s); 100m²; 2 vagas,Peruíbe,Terreno,750000,,,img/peruibe-chacara.png,Cadastre-se e receba opções de terreno em Trevo; Peruíbe. Condomínio fechado. 4 quarto(s); área 100m²; 2 vagas.,
terreno-no-vila-sao-jorge-sao-vicente-4-quarto-s-80m2-2-vagas,Terreno no Vila São Jorge; São Vicente | 4 quarto(s); 80m²; 2 vagas,São Vicente,Terreno,850000,,,img/sv-casa-terrea.png,Cadastre-se e receba opções de terreno em Vila São Jorge; São Vicente. Condomínio fechado. 4 quarto(s); área 80m²; 2 vagas.,
terreno-pitangueiras-guaruja-3-quarto-s-100m2-2-vagas,Terreno Pitangueiras; Guarujá | 3 quarto(s); 100m²; 2 vagas,Guarujá,Terreno,410000,,,img/guaruja-sobrado.png,Cadastre-se e receba opções de terreno em Pitangueiras; Guarujá. Sem condomínio. 3 quarto(s); área 100m²; 2 vagas.,
terreno-no-tupi-praia-grande-2-quarto-s-60m2-2-vagas,Terreno no Tupi; Praia Grande | 2 quarto(s); 60m²; 2 vagas,Praia Grande,Terreno,410000,,,img/pg-studio.png,Conheça este terreno em Tupi; Praia Grande. Localização estratégica e estrutura pronta. Condomínio fechado. 2 quarto(s); área 60m²; 2 vagas.,
apartamento-asturias-guaruja-3-quarto-s-45m2-2-vagas,Apartamento Astúrias; Guarujá | 3 quarto(s); 45m²; 2 vagas,Guarujá,Apartamento,180000,,,img/guaruja-sobrado.png,Cadastre-se e receba opções de apartamento em Astúrias; Guarujá. Condomínio com lazer. 3 quarto(s); área 45m²; 2 vagas.,
apartamento-em-gonzaguinha-sao-vicente-3-quarto-s-100m2-1-vaga,Apartamento em Gonzaguinha; São Vicente | 3 quarto(s); 100m²; 1 vaga,São Vicente,Apartamento,620000,,,img/sv-casa-terrea.png,Oportunidade de apartamento em Gonzaguinha; São Vicente. Ideal para moradia ou investimento no litoral. Condomínio fechado. 3 quarto(s); área 100m²; 1 vaga.,
apartamento-em-centro-peruibe-2-quarto-s-45m2-2-vagas,Apartamento em Centro; Peruíbe | 2 quarto(s); 45m²; 2 vagas,Peruíbe,Apartamento,750000,,,img/peruibe-chacara.png,Oportunidade de apartamento em Centro; Peruíbe. Ideal para moradia ou investimento no litoral. Sem condomínio. 2 quarto(s); área 45m²; 2 vagas.,
apartamento-jose-menino-santos-2-quarto-s-120m2-1-vaga,Apartamento José Menino; Santos | 2 quarto(s); 120m²; 1 vaga,Santos,Apartamento,620000,,,img/santos-apartamento-vista-mar.png,Apartamento em José Menino; Santos. Condomínio fechado. 2 quarto(s); área 120m²; 1 vaga.,
casa-gonzaguinha-sao-vicente-4-quarto-s-80m2-2-vagas,Casa Gonzaguinha; São Vicente | 4 quarto(s); 80m²; 2 vagas,São Vicente,Casa,520000,,,img/sv-casa-terrea.png,Cadastre-se e receba opções de casa em Gonzaguinha; São Vicente. Sem condomínio. 4 quarto(s); área 80m²; 2 vagas.,
casa-em-pernambuco-guaruja-4-quarto-s-80m2-1-vaga,Casa em Pernambuco; Guarujá | 4 quarto(s); 80m²; 1 vaga,Guarujá,Casa,410000,,,img/guaruja-sobrado.png,Oportunidade de casa em Pernambuco; Guarujá. Ideal para moradia ou investimento no litoral. Condomínio fechado. 4 quarto(s); área 80m²; 1 vaga.,
casa-trevo-peruibe-4-quarto-s-80m2-sem-vaga,Casa Trevo; Peruíbe | 4 quarto(s); 80m²; Sem vaga,Peruíbe,Casa,410000,,,img/peruibe-chacara.png,Conheça este casa em Trevo; Peruíbe. Localização estratégica e estrutura pronta. Sem condomínio. 4 quarto(s); área 80m²; Sem vaga.,
apartamento-agenor-campos-mongagua-1-quarto-s-100m2-2-vagas,Apartamento Agenor Campos; Mongaguá | 1 quarto(s); 100m²; 2 vagas,Mongaguá,Apartamento,620000,,,img/mongagua-apartamento.png,Apartamento em Agenor Campos; Mongaguá. Condomínio com lazer. 1 quarto(s); área 100m²; 2 vagas.,
apartamento-em-enseada-guaruja-1-quarto-s-60m2-2-vagas,Apartamento em Enseada; Guarujá | 1 quarto(s); 60m²; 2 vagas,Guarujá,Apartamento,620000,,,img/guaruja-sobrado.png,Apartamento em Enseada; Guarujá. Condomínio com lazer. 1 quarto(s); área 60m²; 2 vagas.,
apartamento-no-vila-sao-jorge-sao-vicente-4-quarto-s-100m2-sem-vaga,Apartamento no Vila São Jorge; São Vicente | 4 quarto(s); 100m²; Sem vaga,São Vicente,Apartamento,180000,,,img/sv-casa-terrea.png,Cadastre-se e receba opções de apartamento em Vila São Jorge; São Vicente. Sem condomínio. 4 quarto(s); área 100m²; Sem vaga.,
apartamento-centro-guaruja-2-quarto-s-80m2-1-vaga,Apartamento Centro; Guarujá | 2 quarto(s); 80m²; 1 vaga,Guarujá,Apartamento,520000,,,img/guaruja-sobrado.png,Encontre apartamento em Centro; Guarujá. Opção com boa liquidez e valorização no litoral. Condomínio com lazer. 2 quarto(s); área 80m²; 1 vaga.,
casa-em-boqueirao-praia-grande-4-quarto-s-80m2-1-vaga,Casa em Boqueirão; Praia Grande | 4 quarto(s); 80m²; 1 vaga,Praia Grande,Casa,750000,,,img/pg-studio.png,Cadastre-se e receba opções de casa em Boqueirão; Praia Grande. Condomínio com lazer. 4 quarto(s); área 80m²; 1 vaga.,
casa-no-centro-bertioga-3-quarto-s-120m2-sem-vaga,Casa no Centro; Bertioga | 3 quarto(s); 120m²; Sem vaga,Bertioga,Casa,750000,,,img/bertioga-apartamento.png,Encontre casa em Centro; Bertioga. Opção com boa liquidez e valorização no litoral. Condomínio com lazer. 3 quarto(s); área 120m²; Sem vaga.,
casa-agenor-campos-mongagua-2-quarto-s-80m2-1-vaga,Casa Agenor Campos; Mongaguá | 2 quarto(s); 80m²; 1 vaga,Mongaguá,Casa,950000,,,img/mongagua-apartamento.png,Oportunidade de casa em Agenor Campos; Mongaguá. Ideal para moradia ou investimento no litoral. Sem condomínio. 2 quarto(s); área 80m²; 1 vaga.,
casa-no-pompeia-santos-1-quarto-s-80m2-sem-vaga,Casa no Pompeia; Santos | 1 quarto(s); 80m²; Sem vaga,Santos,Casa,620000,,,img/santos-apartamento-vista-mar.png,Conheça este casa em Pompeia; Santos. Localização estratégica e estrutura pronta. Sem condomínio. 1 quarto(s); área 80m²; Sem vaga.,
casa-jardim-peruibe-peruibe-1-quarto-s-35m2-sem-vaga,Casa Jardim Peruíbe; Peruíbe | 1 quarto(s); 35m²; Sem vaga,Peruíbe,Casa,950000,,,img/peruibe-chacara.png,Cadastre-se e receba opções de casa em Jardim Peruíbe; Peruíbe. Condomínio com lazer. 1 quarto(s); área 35m²; Sem vaga.,
casa-no-sorocotuba-guaruja-2-quarto-s-80m2-1-vaga,Casa no Sorocotuba; Guarujá | 2 quarto(s); 80m²; 1 vaga,Guarujá,Casa,750000,,,img/guaruja-sobrado.png,Conheça este casa em Sorocotuba; Guarujá. Localização estratégica e estrutura pronta. Condomínio fechado. 2 quarto(s); área 80m²; 1 vaga.,
casa-em-jose-menino-santos-3-quarto-s-80m2-2-vagas,Casa em José Menino; Santos | 3 quarto(s); 80m²; 2 vagas,Santos,Casa,520000,,,img/santos-apartamento-vista-mar.png,Cadastre-se e receba opções de casa em José Menino; Santos. Condomínio fechado. 3 quarto(s); área 80m²; 2 vagas.,
casa-no-vista-linda-bertioga-4-quarto-s-60m2-2-vagas,Casa no Vista Linda; Bertioga | 4 quarto(s); 60m²; 2 vagas,Bertioga,Casa,850000,,,img/bertioga-apartamento.png,Casa em Vista Linda; Bertioga. Condomínio com lazer. 4 quarto(s); área 60m²; 2 vagas.,
apartamento-no-solemar-praia-grande-3-quarto-s-80m2-2-vagas,Apartamento no Solemar; Praia Grande | 3 quarto(s); 80m²; 2 vagas,Praia Grande,Apartamento,850000,,,img/pg-studio.png,Apartamento em Solemar; Praia Grande. Condomínio fechado. 3 quarto(s); área 80m²; 2 vagas.,
apartamento-no-pernambuco-guaruja-4-quarto-s-35m2-sem-vaga,Apartamento no Pernambuco; Guarujá | 4 quarto(s); 35m²; Sem vaga,Guarujá,Apartamento,180000,,,img/guaruja-sobrado.png,Conheça este apartamento em Pernambuco; Guarujá. Localização estratégica e estrutura pronta. Sem condomínio. 4 quarto(s); área 35m²; Sem vaga.,
apartamento-no-guilhermina-praia-grande-1-quarto-s-60m2-1-vaga,Apartamento no Guilhermina; Praia Grande | 1 quarto(s); 60m²; 1 vaga,Praia Grande,Apartamento,950000,,,img/pg-studio.png,Cadastre-se e receba opções de apartamento em Guilhermina; Praia Grande. Sem condomínio. 1 quarto(s); área 60m²; 1 vaga.,
casa-jardim-sao-lourenco-bertioga-1-quarto-s-120m2-1-vaga,Casa Jardim São Lourenço; Bertioga | 1 quarto(s); 120m²; 1 vaga,Bertioga,Casa,750000,,,img/bertioga-apartamento.png,Cadastre-se e receba opções de casa em Jardim São Lourenço; Bertioga. Condomínio fechado. 1 quarto(s); área 120m²; 1 vaga.,
casa-em-macuco-santos-2-quarto-s-45m2-1-vaga,Casa em Macuco; Santos | 2 quarto(s); 45m²; 1 vaga,Santos,Casa,180000,,,img/santos-apartamento-vista-mar.png,Cadastre-se e receba opções de casa em Macuco; Santos. Sem condomínio. 2 quarto(s); área 45m²; 1 vaga.,
casa-no-catiapoa-sao-vicente-2-quarto-s-45m2-1-vaga,Casa no Catiapoa; São Vicente | 2 quarto(s); 45m²; 1 vaga,São Vicente,Casa,850000,,,img/sv-casa-terrea.png,Oportunidade de casa em Catiapoa; São Vicente. Ideal para moradia ou investimento no litoral. Condomínio com lazer. 2 quarto(s); área 45m²; 1 vaga.,
casa-em-rio-preto-peruibe-1-quarto-s-100m2-1-vaga,Casa em Rio Preto; Peruíbe | 1 quarto(s); 100m²; 1 vaga,Peruíbe,Casa,180000,,,img/peruibe-chacara.png,Conheça este casa em Rio Preto; Peruíbe. Localização estratégica e estrutura pronta. Condomínio com lazer. 1 quarto(s); área 100m²; 1 vaga.,
casa-no-vicente-de-carvalho-guaruja-3-quarto-s-60m2-1-vaga,Casa no Vicente de Carvalho; Guarujá | 3 quarto(s); 60m²; 1 vaga,Guarujá,Casa,520000,,,img/guaruja-sobrado.png,Conheça este casa em Vicente de Carvalho; Guarujá. Localização estratégica e estrutura pronta. Sem condomínio. 3 quarto(s); área 60m²; 1 vaga.,
casa-vila-sao-jorge-sao-vicente-1-quarto-s-45m2-2-vagas,Casa Vila São Jorge; São Vicente | 1 quarto(s); 45m²; 2 vagas,São Vicente,Casa,520000,,,img/sv-casa-terrea.png,Encontre casa em Vila São Jorge; São Vicente. Opção com boa liquidez e valorização no litoral. Condomínio fechado. 1 quarto(s); área 45m²; 2 vagas.,
casa-em-jardim-sao-lourenco-bertioga-1-quarto-s-60m2-sem-vaga,Casa em Jardim São Lourenço; Bertioga | 1 quarto(s); 60m²; Sem vaga,Bertioga,Casa,950000,,,img/bertioga-apartamento.png,Cadastre-se e receba opções de casa em Jardim São Lourenço; Bertioga. Sem condomínio. 1 quarto(s); área 60m²; Sem vaga.,
apartamento-no-cibratel-itanhaem-4-quarto-s-80m2-sem-vaga,Apartamento no Cibratel; Itanhaém | 4 quarto(s); 80m²; Sem vaga,Itanhaém,Apartamento,750000,,,img/itanhaem-terreno.png,Cadastre-se e receba opções de apartamento em Cibratel; Itanhaém. Condomínio fechado. 4 quarto(s); área 80m²; Sem vaga.,
apartamento-no-centro-peruibe-1-quarto-s-100m2-sem-vaga,Apartamento no Centro; Peruíbe | 1 quarto(s); 100m²; Sem vaga,Peruíbe,Apartamento,950000,,,img/peruibe-chacara.png,Conheça este apartamento em Centro; Peruíbe. Localização estratégica e estrutura pronta. Sem condomínio. 1 quarto(s); área 100m²; Sem vaga.,
casa-em-gaivotas-itanhaem-2-quarto-s-35m2-sem-vaga,Casa em Gaivotas; Itanhaém | 2 quarto(s); 35m²; Sem vaga,Itanhaém,Casa,520000,,,img/itanhaem-terreno.png,Conheça este casa em Gaivotas; Itanhaém. Localização estratégica e estrutura pronta. Condomínio com lazer. 2 quarto(s); área 35m²; Sem vaga.,
casa-em-maracana-praia-grande-1-quarto-s-100m2-1-vaga,Casa em Maracanã; Praia Grande | 1 quarto(s); 100m²; 1 vaga,Praia Grande,Casa,180000,,,img/pg-studio.png,Encontre casa em Maracanã; Praia Grande. Opção com boa liquidez e valorização no litoral. Condomínio com lazer. 1 quarto(s); área 100m²; 1 vaga.,
casa-no-centro-mongagua-4-quarto-s-120m2-2-vagas,Casa no Centro; Mongaguá | 4 quarto(s); 120m²; 2 vagas,Mongaguá,Casa,180000,,,img/mongagua-apartamento.png,Cadastre-se e receba opções de casa em Centro; Mongaguá. Condomínio fechado. 4 quarto(s); área 120m²; 2 vagas.,
apartamento-vila-atlantica-mongagua-3-quarto-s-35m2-2-vagas,Apartamento Vila Atlântica; Mongaguá | 3 quarto(s); 35m²; 2 vagas,Mongaguá,Apartamento,950000,,,img/mongagua-apartamento.png,Encontre apartamento em Vila Atlântica; Mongaguá. Opção com boa liquidez e valorização no litoral. Condomínio com lazer. 3 quarto(s); área 35m²; 2 vagas.,
apartamento-no-pompeia-santos-1-quarto-s-80m2-2-vagas,Apartamento no Pompeia; Santos | 1 quarto(s); 80m²; 2 vagas,Santos,Apartamento,750000,,,img/santos-apartamento-vista-mar.png,Cadastre-se e receba opções de apartamento em Pompeia; Santos. Sem condomínio. 1 quarto(s); área 80m²; 2 vagas.,
apartamento-em-catiapoa-sao-vicente-4-quarto-s-120m2-1-vaga,Apartamento em Catiapoa; São Vicente | 4 quarto(s); 120m²; 1 vaga,São Vicente,Apartamento,520000,,,img/sv-casa-terrea.png,Cadastre-se e receba opções de apartamento em Catiapoa; São Vicente. Condomínio com lazer. 4 quarto(s); área 120m²; 1 vaga.,
apartamento-no-agenor-campos-mongagua-2-quarto-s-120m2-sem-vaga,Apartamento no Agenor Campos; Mongaguá | 2 quarto(s); 120m²; Sem vaga,Mongaguá,Apartamento,950000,,,img/mongagua-apartamento.png,Encontre apartamento em Agenor Campos; Mongaguá. Opção com boa liquidez e valorização no litoral. Sem condomínio. 2 quarto(s); área 120m²; Sem vaga.,
casa-centro-sao-vicente-3-quarto-s-100m2-sem-vaga,Casa Centro; São Vicente | 3 quarto(s); 100m²; Sem vaga,São Vicente,Casa,950000,,,img/sv-casa-terrea.png,Oportunidade de casa em Centro; São Vicente. Ideal para moradia ou investimento no litoral. Condomínio com lazer. 3 quarto(s); área 100m²; Sem vaga.,
apartamento-vista-mar-santos-1-quarto-s-35m2-sem-vaga-4-quarto-s-80m2-sem-vaga,Apartamento Vista Mar Santos | 1 quarto(s); 35m²; Sem vaga | 4 quarto(s); 80m²; Sem vaga,Santos,Apartamento,850000,,,img/santos-apartamento-vista-mar.png,Apartamento com varanda e vista mar em Santos. Condomínio com lazer. 1 quarto(s); área 35m²; Sem vaga. Sem condomínio. 4 quarto(s); área 80m²; Sem vaga.,
cobertura-duplex-santos-2-quarto-s-45m2-1-vaga-3-quarto-s-60m2-1-vaga,Cobertura Duplex Santos | 2 quarto(s); 45m²; 1 vaga | 3 quarto(s); 60m²; 1 vaga,Santos,Cobertura,2100000,,,img/santos-cobertura-duplex.png,Cobertura duplex com piscina privativa. Sem condomínio. 2 quarto(s); área 45m²; 1 vaga. Condomínio fechado. 3 quarto(s); área 60m²; 1 vaga.,
terreno-santos-1-quarto-s-120m2-sem-vaga-3-quarto-s-80m2-1-vaga,Terreno Santos | 1 quarto(s); 120m²; Sem vaga | 3 quarto(s); 80m²; 1 vaga,Santos,Terreno,950000,,,img/santos-terreno-alto-padrao.png,Terreno alto padrão perto da orla. Sem condomínio. 1 quarto(s); área 120m²; Sem vaga. Condomínio com lazer. 3 quarto(s); área 80m²; 1 vaga.,
sobrado-guaruja-1-quarto-s-100m2-2-vagas-4-quarto-s-60m2-1-vaga,Sobrado Guaruja | 1 quarto(s); 100m²; 2 vagas | 4 quarto(s); 60m²; 1 vaga,Guarujá,Casa,620000,,,img/guaruja-sobrado.png,Sobrado em condomínio fechado no Guarujá. Condomínio fechado. 1 quarto(s); área 100m²; 2 vagas. Condomínio com lazer. 4 quarto(s); área 60m²; 1 vaga.,
apartamento-pitangueiras-1-quarto-s-35m2-1-vaga-3-quarto-s-45m2-2-vagas,Apartamento Pitangueiras | 1 quarto(s); 35m²; 1 vaga | 3 quarto(s); 45m²; 2 vagas,Guarujá,Apartamento,620000,,,img/guaruja-sobrado.png,Apartamento em Pitangueiras; Guarujá. Perfeito para quem busca conforto e localização estratégica no litoral de SP. Condomínio fechado. 1 quarto(s); área 35m²; 1 vaga. Condomínio fechado. 3 quarto(s); área 45m²; 2 vagas.,
casa-pitangueiras-1-quarto-s-100m2-1-vaga-3-quarto-s-60m2-2-vagas,Casa Pitangueiras | 1 quarto(s); 100m²; 1 vaga | 3 quarto(s); 60m²; 2 vagas,Guarujá,Casa,620000,,,img/guaruja-sobrado.png,Casa em Pitangueiras; Guarujá. Perfeito para quem busca conforto e localização estratégica no litoral de SP. Sem condomínio. 1 quarto(s); área 100m²; 1 vaga. Condomínio com lazer. 3 quarto(s); área 60m²; 2 vagas.,
studio-praia-grande-4-quarto-s-45m2-2-vagas-3-quarto-s-100m2-1-vaga,Studio Praia Grande | 4 quarto(s); 45m²; 2 vagas | 3 quarto(s); 100m²; 1 vaga,Praia Grande,Studio,280000,,,img/pg-studio.png,Studio mobiliado a 2 quadras da praia. Sem condomínio. 4 quarto(s); área 45m²; 2 vagas. Sem condomínio. 3 quarto(s); área 100m²; 1 vaga.,
apartamento-guilhermina-3-quarto-s-35m2-1-vaga-2-quarto-s-35m2-1-vaga,Apartamento Guilhermina | 3 quarto(s); 35m²; 1 vaga | 2 quarto(s); 35m²; 1 vaga,Praia Grande,Apartamento,280000,,,img/pg-studio.png,Apartamento em Guilhermina; Praia Grande. Perfeito para quem busca conforto e localização estratégica no litoral de SP. Sem condomínio. 3 quarto(s); área 35m²; 1 vaga. Sem condomínio. 2 quarto(s); área 35m²; 1 vaga.,
casa-guilhermina-4-quarto-s-60m2-2-vagas-4-quarto-s-80m2-sem-vaga,Casa Guilhermina | 4 quarto(s); 60m²; 2 vagas | 4 quarto(s); 80m²; Sem vaga,Praia Grande,Casa,280000,,,img/pg-studio.png,Casa em Guilhermina; Praia Grande. Perfeito para quem busca conforto e localização estratégica no litoral de SP. Condomínio fechado. 4 quarto(s); área 60m²; 2 vagas. Condomínio fechado. 4 quarto(s); área 80m²; Sem vaga.,
terreno-itanhaem-2-quarto-s-60m2-1-vaga-4-quarto-s-120m2-sem-vaga,Terreno Itanhaém | 2 quarto(s); 60m²; 1 vaga | 4 quarto(s); 120m²; Sem vaga,Itanhaém,Terreno,180000,,,img/itanhaem-terreno.png,Terreno em loteamento aprovado. Condomínio fechado. 2 quarto(s); área 60m²; 1 vaga. Condomínio com lazer. 4 quarto(s); área 120m²; Sem vaga.,
apartamento-centro-4-quarto-s-35m2-2-vagas-4-quarto-s-35m2-1-vaga,Apartamento Centro | 4 quarto(s); 35m²; 2 vagas | 4 quarto(s); 35m²; 1 vaga,Itanhaém,Apartamento,180000,,,img/itanhaem-terreno.png,Apartamento em Centro; Itanhaém. Perfeito para quem busca conforto e localização estratégica no litoral de SP. Condomínio com lazer. 4 quarto(s); área 35m²; 2 vagas. Condomínio com lazer. 4 quarto(s); área 35m²; 1 vaga.,
casa-centro-3-quarto-s-35m2-sem-vaga-2-quarto-s-80m2-sem-vaga,Casa Centro | 3 quarto(s); 35m²; Sem vaga | 2 quarto(s); 80m²; Sem vaga,Itanhaém,Casa,180000,,,img/itanhaem-terreno.png,Casa em Centro; Itanhaém. Perfeito para quem busca conforto e localização estratégica no litoral de SP. Condomínio com lazer. 3 quarto(s); área 35m²; Sem vaga. Condomínio fechado. 2 quarto(s); área 80m²; Sem vaga.,
apartamento-mongagua-1-quarto-s-80m2-1-vaga-3-quarto-s-120m2-sem-vaga,Apartamento Mongaguá | 1 quarto(s); 80m²; 1 vaga | 3 quarto(s); 120m²; Sem vaga,Mongaguá,Apartamento,340000,,,img/mongagua-apartamento.png,Apartamento compacto com pé direito duplo. Sem condomínio. 1 quarto(s); área 80m²; 1 vaga. Condomínio com lazer. 3 quarto(s); área 120m²; Sem vaga.,
apartamento-centro-3-quarto-s-120m2-sem-vaga-4-quarto-s-100m2-sem-vaga,Apartamento Centro | 3 quarto(s); 120m²; Sem vaga | 4 quarto(s); 100m²; Sem vaga,Mongaguá,Apartamento,340000,,,img/mongagua-apartamento.png,Apartamento em Centro; Mongaguá. Perfeito para quem busca conforto e localização estratégica no litoral de SP. Condomínio com lazer. 3 quarto(s); área 120m²; Sem vaga. Condomínio com lazer. 4 quarto(s); área 100m²; Sem vaga.,
casa-centro-2-quarto-s-120m2-1-vaga-4-quarto-s-120m2-sem-vaga,Casa Centro | 2 quarto(s); 120m²; 1 vaga | 4 quarto(s); 120m²; Sem vaga,Mongaguá,Casa,340000,,,img/mongagua-apartamento.png,Casa em Centro; Mongaguá. Perfeito para quem busca conforto e localização estratégica no litoral de SP. Condomínio fechado. 2 quarto(s); área 120m²; 1 vaga. Condomínio com lazer. 4 quarto(s); área 120m²; Sem vaga.,
casa-sao-vicente-2-quarto-s-60m2-1-vaga-3-quarto-s-120m2-2-vagas,Casa São Vicente | 2 quarto(s); 60m²; 1 vaga | 3 quarto(s); 120m²; 2 vagas,São Vicente,Casa,520000,,,img/sv-casa-terrea.png,Casa térrea com quintal grande. Condomínio fechado. 2 quarto(s); área 60m²; 1 vaga. Condomínio com lazer. 3 quarto(s); área 120m²; 2 vagas.,
apartamento-centro-1-quarto-s-80m2-2-vagas-3-quarto-s-60m2-1-vaga,Apartamento Centro | 1 quarto(s); 80m²; 2 vagas | 3 quarto(s); 60m²; 1 vaga,São Vicente,Apartamento,520000,,,img/sv-casa-terrea.png,Apartamento em Centro; São Vicente. Perfeito para quem busca conforto e localização estratégica no litoral de SP. Condomínio com lazer. 1 quarto(s); área 80m²; 2 vagas. Condomínio fechado. 3 quarto(s); área 60m²; 1 vaga.,
casa-centro-3-quarto-s-45m2-2-vagas-2-quarto-s-60m2-1-vaga,Casa Centro | 3 quarto(s); 45m²; 2 vagas | 2 quarto(s); 60m²; 1 vaga,São Vicente,Casa,520000,,,img/sv-casa-terrea.png,Casa em Centro; São Vicente. Perfeito para quem busca conforto e localização estratégica no litoral de SP. Condomínio com lazer. 3 quarto(s); área 45m²; 2 vagas. Sem condomínio. 2 quarto(s); área 60m²; 1 vaga.,
chacara-peruibe-2-quarto-s-120m2-2-vagas-2-quarto-s-45m2-1-vaga,Chácara Peruíbe | 2 quarto(s); 120m²; 2 vagas | 2 quarto(s); 45m²; 1 vaga,Peruíbe,Casa,750000,,,img/peruibe-chacara.png,Chácara com pomar e piscina. Sem condomínio. 2 quarto(s); área 120m²; 2 vagas. Sem condomínio. 2 quarto(s); área 45m²; 1 vaga.,
apartamento-centro-1-quarto-s-100m2-sem-vaga-4-quarto-s-60m2-sem-vaga,Apartamento Centro | 1 quarto(s); 100m²; Sem vaga | 4 quarto(s); 60m²; Sem vaga,Peruíbe,Apartamento,750000,,,img/peruibe-chacara.png,Apartamento em Centro; Peruíbe. Perfeito para quem busca conforto e localização estratégica no litoral de SP. Condomínio fechado. 1 quarto(s); área 100m²; Sem vaga. Sem condomínio. 4 quarto(s); área 60m²; Sem vaga.,
casa-centro-2-quarto-s-45m2-2-vagas-3-quarto-s-35m2-1-vaga,Casa Centro | 2 quarto(s); 45m²; 2 vagas | 3 quarto(s); 35m²; 1 vaga,Peruíbe,Casa,750000,,,img/peruibe-chacara.png,Casa em Centro; Peruíbe. Perfeito para quem busca conforto e localização estratégica no litoral de SP. Condomínio com lazer. 2 quarto(s); área 45m²; 2 vagas. Condomínio com lazer. 3 quarto(s); área 35m²; 1 vaga.,
apartamento-bertioga-3-quarto-s-120m2-sem-vaga-2-quarto-s-60m2-1-vaga,Apartamento Bertioga | 3 quarto(s); 120m²; Sem vaga | 2 quarto(s); 60m²; 1 vaga,Bertioga,Apartamento,410000,,,img/bertioga-apartamento.png,Apartamento novo em condomínio com lazer. Sem condomínio. 3 quarto(s); área 120m²; Sem vaga. Condomínio com lazer. 2 quarto(s); área 60m²; 1 vaga.,
apartamento-riviera-2-quarto-s-120m2-2-vagas-1-quarto-s-120m2-sem-vaga,Apartamento Riviera | 2 quarto(s); 120m²; 2 vagas | 1 quarto(s); 120m²; Sem vaga,Bertioga,Apartamento,410000,,,img/bertioga-apartamento.png,Apartamento em Riviera; Bertioga. Perfeito para quem busca conforto e localização estratégica no litoral de SP. Condomínio fechado. 2 quarto(s); área 120m²; 2 vagas. Condomínio fechado. 1 quarto(s); área 120m²; Sem vaga.,
casa-riviera-2-quarto-s-35m2-2-vagas-3-quarto-s-35m2-1-vaga,Casa Riviera | 2 quarto(s); 35m²; 2 vagas | 3 quarto(s); 35m²; 1 vaga,Bertioga,Casa,410000,,,img/bertioga-apartamento.png,Casa em Riviera; Bertioga. Perfeito para quem busca conforto e localização estratégica no litoral de SP. Condomínio com lazer. 2 quarto(s); área 35m²; 2 vagas. Sem condomínio. 3 quarto(s); área 35m²; 1 vaga.,
apartamento-centro-sao-vicente-3-quarto-s-35m2-1-vaga-3-quarto-s-120m2-1-vaga,Apartamento Centro; São Vicente | 3 quarto(s); 35m²; 1 vaga | 3 quarto(s); 120m²; 1 vaga,São Vicente,Apartamento,850000,,,img/sv-casa-terrea.png,Apartamento em Centro; São Vicente. Perfeito para quem busca conforto e localização estratégica no litoral de SP. Sem condomínio. 3 quarto(s); área 35m²; 1 vaga. Sem condomínio. 3 quarto(s); área 120m²; 1 vaga.,
apartamento-asturias-guaruja-3-quarto-s-45m2-sem-vaga-4-quarto-s-35m2-1-vaga,Apartamento Astúrias; Guarujá | 3 quarto(s); 45m²; Sem vaga | 4 quarto(s); 35m²; 1 vaga,Guarujá,Apartamento,850000,,,img/guaruja-sobrado.png,Apartamento em Astúrias; Guarujá. Perfeito para quem busca conforto e localização estratégica no litoral de SP. Condomínio com lazer. 3 quarto(s); área 45m²; Sem vaga. Sem condomínio. 4 quarto(s); área 35m²; 1 vaga.,
cobertura-vila-tupi-praia-grande-4-quarto-s-120m2-2-vagas-3-quarto-s-80m2-2-vagas,Cobertura Vila Tupi; Praia Grande | 4 quarto(s); 120m²; 2 vagas | 3 quarto(s); 80m²; 2 vagas,Praia Grande,Cobertura,2100000,,,img/pg-studio.png,Cobertura em Vila Tupi; Praia Grande. Perfeito para quem busca conforto e localização estratégica no litoral de SP. Condomínio fechado. 4 quarto(s); área 120m²; 2 vagas. Condomínio com lazer. 3 quarto(s); área 80m²; 2 vagas.,
cobertura-trevo-peruibe-3-quarto-s-45m2-1-vaga-3-quarto-s-45m2-1-vaga,Cobertura Trevo; Peruíbe | 3 quarto(s); 45m²; 1 vaga | 3 quarto(s); 45m²; 1 vaga,Peruíbe,Cobertura,2100000,,,img/peruibe-chacara.png,Cobertura em Trevo; Peruíbe. Perfeito para quem busca conforto e localização estratégica no litoral de SP. Sem condomínio. 3 quarto(s); área 45m²; 1 vaga. Condomínio com lazer. 3 quarto(s); área 45m²; 1 vaga.,
terreno-centro-mongagua-3-quarto-s-120m2-sem-vaga-4-quarto-s-35m2-1-vaga,Terreno Centro; Mongaguá | 3 quarto(s); 120m²; Sem vaga | 4 quarto(s); 35m²; 1 vaga,Mongaguá,Terreno,950000,,,img/mongagua-apartamento.png,Terreno em Centro; Mongaguá. Perfeito para quem busca conforto e localização estratégica no litoral de SP. Condomínio com lazer. 3 quarto(s); área 120m²; Sem vaga. Condomínio com lazer. 4 quarto(s); área 35m²; 1 vaga.,
terreno-centro-itanhaem-4-quarto-s-60m2-1-vaga-4-quarto-s-35m2-sem-vaga,Terreno Centro; Itanhaém | 4 quarto(s); 60m²; 1 vaga | 4 quarto(s); 35m²; Sem vaga,Itanhaém,Terreno,950000,,,img/itanhaem-terreno.png,Terreno em Centro; Itanhaém. Perfeito para quem busca conforto e localização estratégica no litoral de SP. Condomínio fechado. 4 quarto(s); área 60m²; 1 vaga. Sem condomínio. 4 quarto(s); área 35m²; Sem vaga.,
casa-solemar-praia-grande-4-quarto-s-35m2-1-vaga-1-quarto-s-45m2-1-vaga,Casa Solemar; Praia Grande | 4 quarto(s); 35m²; 1 vaga | 1 quarto(s); 45m²; 1 vaga,Praia Grande,Casa,620000,,,img/pg-studio.png,Casa em Solemar; Praia Grande. Perfeito para quem busca conforto e localização estratégica no litoral de SP. Condomínio fechado. 4 quarto(s); área 35m²; 1 vaga. Sem condomínio. 1 quarto(s); área 45m²; 1 vaga.,
casa-vera-cruz-mongagua-2-quarto-s-120m2-1-vaga-3-quarto-s-35m2-1-vaga,Casa Vera Cruz; Mongaguá | 2 quarto(s); 120m²; 1 vaga | 3 quarto(s); 35m²; 1 vaga,Mongaguá,Casa,620000,,,img/mongagua-apartamento.png,Casa em Vera Cruz; Mongaguá. Perfeito para quem busca conforto e localização estratégica no litoral de SP. Sem condomínio. 2 quarto(s); área 120m²; 1 vaga. Condomínio fechado. 3 quarto(s); área 35m²; 1 vaga.,
apartamento-vila-sao-jorge-sao-vicente-4-quarto-s-100m2-1-vaga-4-quarto-s-100m2-sem-vaga,Apartamento Vila São Jorge; São Vicente | 4 quarto(s); 100m²; 1 vaga | 4 quarto(s); 100m²; Sem vaga,São Vicente,Apartamento,620000,,,img/sv-casa-terrea.png,Apartamento em Vila São Jorge; São Vicente. Perfeito para quem busca conforto e localização estratégica no litoral de SP. Condomínio com lazer. 4 quarto(s); área 100m²; 1 vaga. Sem condomínio. 4 quarto(s); área 100m²; Sem vaga.,
apartamento-jardim-peruibe-peruibe-4-quarto-s-100m2-2-vagas-2-quarto-s-100m2-2-vagas,Apartamento Jardim Peruíbe; Peruíbe | 4 quarto(s); 100m²; 2 vagas | 2 quarto(s); 100m²; 2 vagas,Peruíbe,Apartamento,620000,,,img/peruibe-chacara.png,Apartamento em Jardim Peruíbe; Peruíbe. Perfeito para quem busca conforto e localização estratégica no litoral de SP. Sem condomínio. 4 quarto(s); área 100m²; 2 vagas. Condomínio com lazer. 2 quarto(s); área 100m²; 2 vagas.,
casa-centro-mongagua-3-quarto-s-100m2-1-vaga-4-quarto-s-60m2-sem-vaga,Casa Centro; Mongaguá | 3 quarto(s); 100m²; 1 vaga | 4 quarto(s); 60m²; Sem vaga,Mongaguá,Casa,620000,,,img/mongagua-apartamento.png,Casa em Centro; Mongaguá. Perfeito para quem busca conforto e localização estratégica no litoral de SP. Sem condomínio. 3 quarto(s); área 100m²; 1 vaga. Condomínio com lazer. 4 quarto(s); área 60m²; Sem vaga.,
casa-jardim-sao-lourenco-bertioga-1-quarto-s-120m2-sem-vaga-3-quarto-s-100m2-sem-vaga,Casa Jardim São Lourenço; Bertioga | 1 quarto(s); 120m²; Sem vaga | 3 quarto(s); 100m²; Sem vaga,Bertioga,Casa,620000,,,img/bertioga-apartamento.png,Casa em Jardim São Lourenço; Bertioga. Perfeito para quem busca conforto e localização estratégica no litoral de SP. Condomínio com lazer. 1 quarto(s); área 120m²; Sem vaga. Condomínio fechado. 3 quarto(s); área 100m²; Sem vaga.,
studio-centro-bertioga-3-quarto-s-35m2-2-vagas-1-quarto-s-45m2-sem-vaga,Studio Centro; Bertioga | 3 quarto(s); 35m²; 2 vagas | 1 quarto(s); 45m²; Sem vaga,Bertioga,Studio,280000,,,img/bertioga-apartamento.png,Studio em Centro; Bertioga. Perfeito para quem busca conforto e localização estratégica no litoral de SP. Condomínio com lazer. 3 quarto(s); área 35m²; 2 vagas. Condomínio fechado. 1 quarto(s); área 45m²; Sem vaga.,
studio-pitangueiras-guaruja-2-quarto-s-80m2-1-vaga-3-quarto-s-120m2-1-vaga,Studio Pitangueiras; Guarujá | 2 quarto(s); 80m²; 1 vaga | 3 quarto(s); 120m²; 1 vaga,Guarujá,Studio,280000,,,img/guaruja-sobrado.png,Studio em Pitangueiras; Guarujá. Perfeito para quem busca conforto e localização estratégica no litoral de SP. Sem condomínio. 2 quarto(s); área 80m²; 1 vaga. Condomínio fechado. 3 quarto(s); área 120m²; 1 vaga.,
apartamento-cibratel-itanhaem-3-quarto-s-100m2-1-vaga-2-quarto-s-45m2-sem-vaga,Apartamento Cibratel; Itanhaém | 3 quarto(s); 100m²; 1 vaga | 2 quarto(s); 45m²; Sem vaga,Itanhaém,Apartamento,280000,,,img/itanhaem-terreno.png,Apartamento em Cibratel; Itanhaém. Perfeito para quem busca conforto e localização estratégica no litoral de SP. Sem condomínio. 3 quarto(s); área 100m²; 1 vaga. Condomínio fechado. 2 quarto(s); área 45m²; Sem vaga.,
apartamento-macuco-santos-1-quarto-s-120m2-2-vagas-2-quarto-s-35m2-2-vagas,Apartamento Macuco; Santos | 1 quarto(s); 120m²; 2 vagas | 2 quarto(s); 35m²; 2 vagas,Santos,Apartamento,280000,,,img/santos-apartamento-vista-mar.png,Apartamento em Macuco; Santos. Perfeito para quem busca conforto e localização estratégica no litoral de SP. Sem condomínio. 1 quarto(s); área 120m²; 2 vagas. Condomínio com lazer. 2 quarto(s); área 35m²; 2 vagas.,
casa-sao-miguel-peruibe-2-quarto-s-45m2-2-vagas-4-quarto-s-60m2-1-vaga,Casa São Miguel; Peruíbe | 2 quarto(s); 45m²; 2 vagas | 4 quarto(s); 60m²; 1 vaga,Peruíbe,Casa,280000,,,img/peruibe-chacara.png,Casa em São Miguel; Peruíbe. Perfeito para quem busca conforto e localização estratégica no litoral de SP. Condomínio fechado. 2 quarto(s); área 45m²; 2 vagas. Condomínio fechado. 4 quarto(s); área 60m²; 1 vaga.,
casa-gonzaga-santos-1-quarto-s-100m2-2-vagas-3-quarto-s-120m2-2-vagas,Casa Gonzaga; Santos | 1 quarto(s); 100m²; 2 vagas | 3 quarto(s); 120m²; 2 vagas,Santos,Casa,280000,,,img/santos-apartamento-vista-mar.png,Casa em Gonzaga; Santos. Perfeito para quem busca conforto e localização estratégica no litoral de SP. Condomínio com lazer. 1 quarto(s); área 100m²; 2 vagas. Sem condomínio. 3 quarto(s); área 120m²; 2 vagas.,
terreno-jose-menino-santos-1-quarto-s-35m2-2-vagas-4-quarto-s-35m2-sem-vaga,Terreno José Menino; Santos | 1 quarto(s); 35m²; 2 vagas | 4 quarto(s); 35m²; Sem vaga,Santos,Terreno,180000,,,img/santos-apartamento-vista-mar.png,Terreno em José Menino; Santos. Perfeito para quem busca conforto e localização estratégica no litoral de SP. Condomínio com lazer. 1 quarto(s); área 35m²; 2 vagas. Condomínio fechado. 4 quarto(s); área 35m²; Sem vaga.,
terreno-vera-cruz-mongagua-2-quarto-s-35m2-1-vaga-3-quarto-s-120m2-sem-vaga,Terreno Vera Cruz; Mongaguá | 2 quarto(s); 35m²; 1 vaga | 3 quarto(s); 120m²; Sem vaga,Mongaguá,Terreno,180000,,,img/mongagua-apartamento.png,Terreno em Vera Cruz; Mongaguá. Perfeito para quem busca conforto e localização estratégica no litoral de SP. Sem condomínio. 2 quarto(s); área 35m²; 1 vaga. Sem condomínio. 3 quarto(s); área 120m²; Sem vaga.,
apartamento-centro-mongagua-1-quarto-s-35m2-sem-vaga-2-quarto-s-80m2-1-vaga,Apartamento Centro; Mongaguá | 1 quarto(s); 35m²; Sem vaga | 2 quarto(s); 80m²; 1 vaga,Mongaguá,Apartamento,180000,,,img/mongagua-apartamento.png,Apartamento em Centro; Mongaguá. Perfeito para quem busca conforto e localização estratégica no litoral de SP. Condomínio com lazer. 1 quarto(s); área 35m²; Sem vaga. Sem condomínio. 2 quarto(s); área 80m²; 1 vaga.,
apartamento-vicente-de-carvalho-guaruja-1-quarto-s-100m2-1-vaga-2-quarto-s-120m2-1-vaga,Apartamento Vicente de Carvalho; Guarujá | 1 quarto(s); 100m²; 1 vaga | 2 quarto(s); 120m²; 1 vaga,Guarujá,Apartamento,180000,,,img/guaruja-sobrado.png,Apartamento em Vicente de Carvalho; Guarujá. Perfeito para quem busca conforto e localização estratégica no litoral de SP. Condomínio fechado. 1 quarto(s); área 100m²; 1 vaga. Condomínio com lazer. 2 quarto(s); área 120m²; 1 vaga.,
casa-centro-peruibe-4-quarto-s-100m2-1-vaga-2-quarto-s-35m2-1-vaga,Casa Centro; Peruíbe | 4 quarto(s); 100m²; 1 vaga | 2 quarto(s); 35m²; 1 vaga,Peruíbe,Casa,180000,,,img/peruibe-chacara.png,Casa em Centro; Peruíbe. Perfeito para quem busca conforto e localização estratégica no litoral de SP. Condomínio com lazer. 4 quarto(s); área 100m²; 1 vaga. Condomínio fechado. 2 quarto(s); área 35m²; 1 vaga.,
casa-boqueirao-praia-grande-4-quarto-s-45m2-sem-vaga-3-quarto-s-100m2-sem-vaga,Casa Boqueirão; Praia Grande | 4 quarto(s); 45m²; Sem vaga | 3 quarto(s); 100m²; Sem vaga,Praia Grande,Casa,180000,,,img/pg-studio.png,Casa em Boqueirão; Praia Grande. Perfeito para quem busca conforto e localização estratégica no litoral de SP. Sem condomínio. 4 quarto(s); área 45m²; Sem vaga. Sem condomínio. 3 quarto(s); área 100m²; Sem vaga.,
apartamento-jardim-sao-lourenco-bertioga-2-quarto-s-120m2-2-vagas-3-quarto-s-80m2-1-vaga,Apartamento Jardim São Lourenço; Bertioga | 2 quarto(s); 120m²; 2 vagas | 3 quarto(s); 80m²; 1 vaga,Bertioga,Apartamento,340000,,,img/bertioga-apartamento.png,Apartamento em Jardim São Lourenço; Bertioga. Perfeito para quem busca conforto e localização estratégica no litoral de SP. Condomínio com lazer. 2 quarto(s); área 120m²; 2 vagas. Condomínio com lazer. 3 quarto(s); área 80m²; 1 vaga.,
apartamento-boqueirao-praia-grande-3-quarto-s-80m2-sem-vaga-3-quarto-s-120m2-2-vagas,Apartamento Boqueirão; Praia Grande | 3 quarto(s); 80m²; Sem vaga | 3 quarto(s); 120m²; 2 vagas,Praia Grande,Apartamento,340000,,,img/pg-studio.png,Apartamento em Boqueirão; Praia Grande. Perfeito para quem busca conforto e localização estratégica no litoral de SP. Condomínio com lazer. 3 quarto(s); área 80m²; Sem vaga. Condomínio com lazer. 3 quarto(s); área 120m²; 2 vagas.,
apartamento-vila-tupi-praia-grande-1-quarto-s-45m2-1-vaga-4-quarto-s-80m2-1-vaga,Apartamento Vila Tupi; Praia Grande | 1 quarto(s); 45m²; 1 vaga | 4 quarto(s); 80m²; 1 vaga,Praia Grande,Apartamento,340000,,,img/pg-studio.png,Apartamento em Vila Tupi; Praia Grande. Perfeito para quem busca conforto e localização estratégica no litoral de SP. Condomínio fechado. 1 quarto(s); área 45m²; 1 vaga. Sem condomínio. 4 quarto(s); área 80m²; 1 vaga.,
casa-centro-sao-vicente-3-quarto-s-35m2-sem-vaga-1-quarto-s-80m2-sem-vaga,Casa Centro; São Vicente | 3 quarto(s); 35m²; Sem vaga | 1 quarto(s); 80m²; Sem vaga,São Vicente,Casa,340000,,,img/sv-casa-terrea.png,Casa em Centro; São Vicente. Perfeito para quem busca conforto e localização estratégica no litoral de SP. Sem condomínio. 3 quarto(s); área 35m²; Sem vaga. Condomínio com lazer. 1 quarto(s); área 80m²; Sem vaga.,
casa-jardim-peruibe-peruibe-2-quarto-s-100m2-1-vaga-3-quarto-s-35m2-1-vaga,Casa Jardim Peruíbe; Peruíbe | 2 quarto(s); 100m²; 1 vaga | 3 quarto(s); 35m²; 1 vaga,Peruíbe,Casa,340000,,,img/peruibe-chacara.png,Casa em Jardim Peruíbe; Peruíbe. Perfeito para quem busca conforto e localização estratégica no litoral de SP. Condomínio fechado. 2 quarto(s); área 100m²; 1 vaga. Condomínio fechado. 3 quarto(s); área 35m²; 1 vaga.,
casa-aguas-mongagua-1-quarto-s-120m2-sem-vaga-1-quarto-s-120m2-2-vagas,Casa Águas; Mongaguá | 1 quarto(s); 120m²; Sem vaga | 1 quarto(s); 120m²; 2 vagas,Mongaguá,Casa,520000,,,img/mongagua-apartamento.png,Casa em Águas; Mongaguá. Perfeito para quem busca conforto e localização estratégica no litoral de SP. Condomínio fechado. 1 quarto(s); área 120m²; Sem vaga. Sem condomínio. 1 quarto(s); área 120m²; 2 vagas.,
casa-sorocotuba-guaruja-2-quarto-s-35m2-1-vaga-1-quarto-s-45m2-2-vagas,Casa Sorocotuba; Guarujá | 2 quarto(s); 35m²; 1 vaga | 1 quarto(s); 45m²; 2 vagas,Guarujá,Casa,520000,,,img/guaruja-sobrado.png,Casa em Sorocotuba; Guarujá. Perfeito para quem busca conforto e localização estratégica no litoral de SP. Condomínio com lazer. 2 quarto(s); área 35m²; 1 vaga. Sem condomínio. 1 quarto(s); área 45m²; 2 vagas.,
apartamento-vera-cruz-mongagua-1-quarto-s-100m2-1-vaga-4-quarto-s-60m2-1-vaga,Apartamento Vera Cruz; Mongaguá | 1 quarto(s); 100m²; 1 vaga | 4 quarto(s); 60m²; 1 vaga,Mongaguá,Apartamento,520000,,,img/mongagua-apartamento.png,Apartamento em Vera Cruz; Mongaguá. Perfeito para quem busca conforto e localização estratégica no litoral de SP. Condomínio com lazer. 1 quarto(s); área 100m²; 1 vaga. Sem condomínio. 4 quarto(s); área 60m²; 1 vaga.,
apartamento-rio-preto-peruibe-4-quarto-s-45m2-sem-vaga-4-quarto-s-120m2-2-vagas,Apartamento Rio Preto; Peruíbe | 4 quarto(s); 45m²; Sem vaga | 4 quarto(s); 120m²; 2 vagas,Peruíbe,Apartamento,520000,,,img/peruibe-chacara.png,Apartamento em Rio Preto; Peruíbe. Perfeito para quem busca conforto e localização estratégica no litoral de SP. Condomínio fechado. 4 quarto(s); área 45m²; Sem vaga. Condomínio fechado. 4 quarto(s); área 120m²; 2 vagas.,
casa-centro-guaruja-4-quarto-s-45m2-2-vagas-4-quarto-s-60m2-2-vagas,Casa Centro; Guarujá | 4 quarto(s); 45m²; 2 vagas | 4 quarto(s); 60m²; 2 vagas,Guarujá,Casa,520000,,,img/guaruja-sobrado.png,Casa em Centro; Guarujá. Perfeito para quem busca conforto e localização estratégica no litoral de SP. Condomínio com lazer. 4 quarto(s); área 45m²; 2 vagas. Condomínio com lazer. 4 quarto(s); área 60m²; 2 vagas.,
casa-embare-santos-2-quarto-s-35m2-1-vaga-3-quarto-s-120m2-1-vaga,Casa Embaré; Santos | 2 quarto(s); 35m²; 1 vaga | 3 quarto(s); 120m²; 1 vaga,Santos,Casa,520000,,,img/santos-apartamento-vista-mar.png,Casa em Embaré; Santos. Perfeito para quem busca conforto e localização estratégica no litoral de SP. Sem condomínio. 2 quarto(s); área 35m²; 1 vaga. Condomínio fechado. 3 quarto(s); área 120m²; 1 vaga.,
casa-macuco-santos-4-quarto-s-60m2-2-vagas-3-quarto-s-80m2-sem-vaga,Casa Macuco; Santos | 4 quarto(s); 60m²; 2 vagas | 3 quarto(s); 80m²; Sem vaga,Santos,Casa,750000,,,img/santos-apartamento-vista-mar.png,Casa em Macuco; Santos. Perfeito para quem busca conforto e localização estratégica no litoral de SP. Condomínio com lazer. 4 quarto(s); área 60m²; 2 vagas. Condomínio com lazer. 3 quarto(s); área 80m²; Sem vaga.,
casa-asturias-guaruja-4-quarto-s-120m2-1-vaga-3-quarto-s-120m2-2-vagas,Casa Astúrias; Guarujá | 4 quarto(s); 120m²; 1 vaga | 3 quarto(s); 120m²; 2 vagas,Guarujá,Casa,750000,,,img/guaruja-sobrado.png,Casa em Astúrias; Guarujá. Perfeito para quem busca conforto e localização estratégica no litoral de SP. Sem condomínio. 4 quarto(s); área 120m²; 1 vaga. Sem condomínio. 3 quarto(s); área 120m²; 2 vagas.,
apartamento-agenor-campos-mongagua-1-quarto-s-35m2-2-vagas-1-quarto-s-80m2-1-vaga,Apartamento Agenor Campos; Mongaguá | 1 quarto(s); 35m²; 2 vagas | 1 quarto(s); 80m²; 1 vaga,Mongaguá,Apartamento,750000,,,img/mongagua-apartamento.png,Apartamento em Agenor Campos; Mongaguá. Perfeito para quem busca conforto e localização estratégica no litoral de SP. Sem condomínio. 1 quarto(s); área 35m²; 2 vagas. Condomínio com lazer. 1 quarto(s); área 80m²; 1 vaga.,
casa-tupi-praia-grande-3-quarto-s-35m2-1-vaga-3-quarto-s-60m2-1-vaga,Casa Tupi; Praia Grande | 3 quarto(s); 35m²; 1 vaga | 3 quarto(s); 60m²; 1 vaga,Praia Grande,Casa,750000,,,img/pg-studio.png,Casa em Tupi; Praia Grande. Perfeito para quem busca conforto e localização estratégica no litoral de SP. Condomínio fechado. 3 quarto(s); área 35m²; 1 vaga. Condomínio com lazer. 3 quarto(s); área 60m²; 1 vaga.,
casa-pernambuco-guaruja-2-quarto-s-100m2-2-vagas-1-quarto-s-120m2-sem-vaga,Casa Pernambuco; Guarujá | 2 quarto(s); 100m²; 2 vagas | 1 quarto(s); 120m²; Sem vaga,Guarujá,Casa,750000,,,img/guaruja-sobrado.png,Casa em Pernambuco; Guarujá. Perfeito para quem busca conforto e localização estratégica no litoral de SP. Condomínio fechado. 2 quarto(s); área 100m²; 2 vagas. Condomínio com lazer. 1 quarto(s); área 120m²; Sem vaga.,
apartamento-solemar-praia-grande-4-quarto-s-45m2-2-vagas-4-quarto-s-35m2-1-vaga,Apartamento Solemar; Praia Grande | 4 quarto(s); 45m²; 2 vagas | 4 quarto(s); 35m²; 1 vaga,Praia Grande,Apartamento,410000,,,img/pg-studio.png,Apartamento em Solemar; Praia Grande. Perfeito para quem busca conforto e localização estratégica no litoral de SP. Condomínio com lazer. 4 quarto(s); área 45m²; 2 vagas. Sem condomínio. 4 quarto(s); área 35m²; 1 vaga.,
apartamento-tupi-praia-grande-2-quarto-s-35m2-2-vagas-3-quarto-s-100m2-2-vagas,Apartamento Tupi; Praia Grande | 2 quarto(s); 35m²; 2 vagas | 3 quarto(s); 100m²; 2 vagas,Praia Grande,Apartamento,410000,,,img/pg-studio.png,Apartamento em Tupi; Praia Grande. Perfeito para quem busca conforto e localização estratégica no litoral de SP. Sem condomínio. 2 quarto(s); área 35m²; 2 vagas. Sem condomínio. 3 quarto(s); área 100m²; 2 vagas.,
apartamento-sorocotuba-guaruja-1-quarto-s-35m2-sem-vaga-4-quarto-s-35m2-1-vaga,Apartamento Sorocotuba; Guarujá | 1 quarto(s); 35m²; Sem vaga | 4 quarto(s); 35m²; 1 vaga,Guarujá,Apartamento,410000,,,img/guaruja-sobrado.png,Apartamento em Sorocotuba; Guarujá. Perfeito para quem busca conforto e localização estratégica no litoral de SP. Sem condomínio. 1 quarto(s); área 35m²; Sem vaga. Condomínio com lazer. 4 quarto(s); área 35m²; 1 vaga.,
casa-bocaina-santos-1-quarto-s-35m2-1-vaga-2-quarto-s-60m2-2-vagas,Casa Bocaina; Santos | 1 quarto(s); 35m²; 1 vaga | 2 quarto(s); 60m²; 2 vagas,Santos,Casa,410000,,,img/santos-apartamento-vista-mar.png,Casa em Bocaina; Santos. Perfeito para quem busca conforto e localização estratégica no litoral de SP. Condomínio fechado. 1 quarto(s); área 35m²; 1 vaga. Sem condomínio. 2 quarto(s); área 60m²; 2 vagas.,
apartamento-em-centro-sao-vicente-4-quarto-s-80m2-2-vagas-4-quarto-s-35m2-1-vaga,Apartamento em Centro; São Vicente | 4 quarto(s); 80m²; 2 vagas | 4 quarto(s); 35m²; 1 vaga,São Vicente,Apartamento,950000,,,img/sv-casa-terrea.png,Conheça este apartamento em Centro; São Vicente. Localização estratégica e estrutura pronta. Condomínio fechado. 4 quarto(s); área 80m²; 2 vagas. Sem condomínio. 4 quarto(s); área 35m²; 1 vaga.,
apartamento-enseada-guaruja-4-quarto-s-35m2-1-vaga-2-quarto-s-120m2-1-vaga,Apartamento Enseada; Guarujá | 4 quarto(s); 35m²; 1 vaga | 2 quarto(s); 120m²; 1 vaga,Guarujá,Apartamento,850000,,,img/guaruja-sobrado.png,Cadastre-se e receba opções de apartamento em Enseada; Guarujá. Condomínio com lazer. 4 quarto(s); área 35m²; 1 vaga. Condomínio com lazer. 2 quarto(s); área 120m²; 1 vaga.,
cobertura-vila-sao-jorge-sao-vicente-1-quarto-s-80m2-2-vagas-1-quarto-s-100m2-2-vagas,Cobertura Vila São Jorge; São Vicente | 1 quarto(s); 80m²; 2 vagas | 1 quarto(s); 100m²; 2 vagas,São Vicente,Cobertura,520000,,,img/sv-casa-terrea.png,Cadastre-se e receba opções de cobertura em Vila São Jorge; São Vicente. Condomínio com lazer. 1 quarto(s); área 80m²; 2 vagas. Condomínio fechado. 1 quarto(s); área 100m²; 2 vagas.,
cobertura-centro-peruibe-3-quarto-s-80m2-sem-vaga-2-quarto-s-35m2-2-vagas,Cobertura Centro; Peruíbe | 3 quarto(s); 80m²; Sem vaga | 2 quarto(s); 35m²; 2 vagas,Peruíbe,Cobertura,950000,,,img/peruibe-chacara.png,Cobertura em Centro; Peruíbe. Sem condomínio. 3 quarto(s); área 80m²; Sem vaga. Condomínio fechado. 2 quarto(s); área 35m²; 2 vagas.,
terreno-solemar-praia-grande-4-quarto-s-45m2-1-vaga-2-quarto-s-80m2-sem-vaga,Terreno Solemar; Praia Grande | 4 quarto(s); 45m²; 1 vaga | 2 quarto(s); 80m²; Sem vaga,Praia Grande,Terreno,950000,,,img/pg-studio.png,Cadastre-se e receba opções de terreno em Solemar; Praia Grande. Condomínio com lazer. 4 quarto(s); área 45m²; 1 vaga. Condomínio com lazer. 2 quarto(s); área 80m²; Sem vaga.,
terreno-no-vera-cruz-mongagua-2-quarto-s-35m2-sem-vaga-3-quarto-s-80m2-2-vagas,Terreno no Vera Cruz; Mongaguá | 2 quarto(s); 35m²; Sem vaga | 3 quarto(s); 80m²; 2 vagas,Mongaguá,Terreno,520000,,,img/mongagua-apartamento.png,Encontre terreno em Vera Cruz; Mongaguá. Opção com boa liquidez e valorização no litoral. Sem condomínio. 2 quarto(s); área 35m²; Sem vaga. Condomínio com lazer. 3 quarto(s); área 80m²; 2 vagas.,
sobrado-centro-mongagua-1-quarto-s-120m2-2-vagas-2-quarto-s-80m2-sem-vaga,Sobrado Centro; Mongaguá | 1 quarto(s); 120m²; 2 vagas | 2 quarto(s); 80m²; Sem vaga,Mongaguá,Sobrado,520000,,,img/mongagua-apartamento.png,Cadastre-se e receba opções de sobrado em Centro; Mongaguá. Condomínio fechado. 1 quarto(s); área 120m²; 2 vagas. Condomínio fechado. 2 quarto(s); área 80m²; Sem vaga.,
sobrado-no-boraceia-bertioga-1-quarto-s-100m2-2-vagas-4-quarto-s-45m2-sem-vaga,Sobrado no Boracéia; Bertioga | 1 quarto(s); 100m²; 2 vagas | 4 quarto(s); 45m²; Sem vaga,Bertioga,Sobrado,950000,,,img/bertioga-apartamento.png,Encontre sobrado em Boracéia; Bertioga. Opção com boa liquidez e valorização no litoral. Sem condomínio. 1 quarto(s); área 100m²; 2 vagas. Sem condomínio. 4 quarto(s); área 45m²; Sem vaga.,
apartamento-centro-peruibe-2-quarto-s-35m2-sem-vaga-2-quarto-s-35m2-2-vagas,Apartamento Centro; Peruíbe | 2 quarto(s); 35m²; Sem vaga | 2 quarto(s); 35m²; 2 vagas,Peruíbe,Apartamento,850000,,,img/peruibe-chacara.png,Oportunidade de apartamento em Centro; Peruíbe. Ideal para moradia ou investimento no litoral. Condomínio fechado. 2 quarto(s); área 35m²; Sem vaga. Condomínio com lazer. 2 quarto(s); área 35m²; 2 vagas.,
apartamento-no-boraceia-bertioga-2-quarto-s-35m2-sem-vaga-3-quarto-s-100m2-2-vagas,Apartamento no Boracéia; Bertioga | 2 quarto(s); 35m²; Sem vaga | 3 quarto(s); 100m²; 2 vagas,Bertioga,Apartamento,620000,,,img/bertioga-apartamento.png,Cadastre-se e receba opções de apartamento em Boracéia; Bertioga. Condomínio fechado. 2 quarto(s); área 35m²; Sem vaga. Condomínio fechado. 3 quarto(s); área 100m²; 2 vagas.,
casa-em-sao-miguel-peruibe-2-quarto-s-80m2-1-vaga-3-quarto-s-120m2-2-vagas,Casa em São Miguel; Peruíbe | 2 quarto(s); 80m²; 1 vaga | 3 quarto(s); 120m²; 2 vagas,Peruíbe,Casa,520000,,,img/peruibe-chacara.png,Casa em São Miguel; Peruíbe. Sem condomínio. 2 quarto(s); área 80m²; 1 vaga. Sem condomínio. 3 quarto(s); área 120m²; 2 vagas.,
casa-em-gonzaga-santos-2-quarto-s-100m2-sem-vaga-4-quarto-s-45m2-2-vagas,Casa em Gonzaga; Santos | 2 quarto(s); 100m²; Sem vaga | 4 quarto(s); 45m²; 2 vagas,Santos,Casa,750000,,,img/santos-apartamento-vista-mar.png,Conheça este casa em Gonzaga; Santos. Localização estratégica e estrutura pronta. Condomínio fechado. 2 quarto(s); área 100m²; Sem vaga. Sem condomínio. 4 quarto(s); área 45m²; 2 vagas.,
studio-em-gonzaguinha-sao-vicente-1-quarto-s-80m2-sem-vaga-4-quarto-s-60m2-2-vagas,Studio em Gonzaguinha; São Vicente | 1 quarto(s); 80m²; Sem vaga | 4 quarto(s); 60m²; 2 vagas,São Vicente,Studio,180000,,,img/sv-casa-terrea.png,Encontre studio em Gonzaguinha; São Vicente. Opção com boa liquidez e valorização no litoral. Sem condomínio. 1 quarto(s); área 80m²; Sem vaga. Sem condomínio. 4 quarto(s); área 60m²; 2 vagas.,
studio-centro-mongagua-3-quarto-s-60m2-1-vaga-4-quarto-s-80m2-2-vagas,Studio Centro; Mongaguá | 3 quarto(s); 60m²; 1 vaga | 4 quarto(s); 80m²; 2 vagas,Mongaguá,Studio,950000,,,img/mongagua-apartamento.png,Cadastre-se e receba opções de studio em Centro; Mongaguá. Sem condomínio. 3 quarto(s); área 60m²; 1 vaga. Condomínio fechado. 4 quarto(s); área 80m²; 2 vagas.,
apartamento-no-jardim-sao-lourenco-bertioga-3-quarto-s-45m2-2-vagas-2-quarto-s-100m2-2-vagas,Apartamento no Jardim São Lourenço; Bertioga | 3 quarto(s); 45m²; 2 vagas | 2 quarto(s); 100m²; 2 vagas,Bertioga,Apartamento,180000,,,img/bertioga-apartamento.png,Oportunidade de apartamento em Jardim São Lourenço; Bertioga. Ideal para moradia ou investimento no litoral. Condomínio com lazer. 3 quarto(s); área 45m²; 2 vagas. Condomínio fechado. 2 quarto(s); área 100m²; 2 vagas.,
casa-no-jardim-peruibe-peruibe-2-quarto-s-120m2-sem-vaga-4-quarto-s-35m2-2-vagas,Casa no Jardim Peruíbe; Peruíbe | 2 quarto(s); 120m²; Sem vaga | 4 quarto(s); 35m²; 2 vagas,Peruíbe,Casa,950000,,,img/peruibe-chacara.png,Conheça este casa em Jardim Peruíbe; Peruíbe. Localização estratégica e estrutura pronta. Condomínio com lazer. 2 quarto(s); área 120m²; Sem vaga. Sem condomínio. 4 quarto(s); área 35m²; 2 vagas.,
casa-em-boraceia-bertioga-4-quarto-s-60m2-1-vaga-4-quarto-s-120m2-2-vagas,Casa em Boracéia; Bertioga | 4 quarto(s); 60m²; 1 vaga | 4 quarto(s); 120m²; 2 vagas,Bertioga,Casa,180000,,,img/bertioga-apartamento.png,Cadastre-se e receba opções de casa em Boracéia; Bertioga. Condomínio fechado. 4 quarto(s); área 60m²; 1 vaga. Condomínio com lazer. 4 quarto(s); área 120m²; 2 vagas.,
terreno-bocaina-santos-4-quarto-s-100m2-sem-vaga-2-quarto-s-80m2-1-vaga,Terreno Bocaina; Santos | 4 quarto(s); 100m²; Sem vaga | 2 quarto(s); 80m²; 1 vaga,Santos,Terreno,180000,,,img/santos-apartamento-vista-mar.png,Cadastre-se e receba opções de terreno em Bocaina; Santos. Condomínio fechado. 4 quarto(s); área 100m²; Sem vaga. Condomínio fechado. 2 quarto(s); área 80m²; 1 vaga.,
terreno-aguas-mongagua-1-quarto-s-100m2-1-vaga-3-quarto-s-35m2-2-vagas,Terreno Águas; Mongaguá | 1 quarto(s); 100m²; 1 vaga | 3 quarto(s); 35m²; 2 vagas,Mongaguá,Terreno,520000,,,img/mongagua-apartamento.png,Oportunidade de terreno em Águas; Mongaguá. Ideal para moradia ou investimento no litoral. Sem condomínio. 1 quarto(s); área 100m²; 1 vaga. Condomínio fechado. 3 quarto(s); área 35m²; 2 vagas.,
apartamento-em-vila-tupi-praia-grande-3-quarto-s-45m2-2-vagas-4-quarto-s-35m2-sem-vaga,Apartamento em Vila Tupi; Praia Grande | 3 quarto(s); 45m²; 2 vagas | 4 quarto(s); 35m²; Sem vaga,Praia Grande,Apartamento,180000,,,img/pg-studio.png,Encontre apartamento em Vila Tupi; Praia Grande. Opção com boa liquidez e valorização no litoral. Condomínio fechado. 3 quarto(s); área 45m²; 2 vagas. Condomínio fechado. 4 quarto(s); área 35m²; Sem vaga.,
apartamento-gonzaguinha-sao-vicente-2-quarto-s-60m2-2-vagas-4-quarto-s-120m2-1-vaga,Apartamento Gonzaguinha; São Vicente | 2 quarto(s); 60m²; 2 vagas | 4 quarto(s); 120m²; 1 vaga,São Vicente,Apartamento,750000,,,img/sv-casa-terrea.png,Encontre apartamento em Gonzaguinha; São Vicente. Opção com boa liquidez e valorização no litoral. Condomínio fechado. 2 quarto(s); área 60m²; 2 vagas. Condomínio fechado. 4 quarto(s); área 120m²; 1 vaga.,
casa-no-embare-santos-4-quarto-s-100m2-sem-vaga-4-quarto-s-60m2-2-vagas,Casa no Embaré; Santos | 4 quarto(s); 100m²; Sem vaga | 4 quarto(s); 60m²; 2 vagas,Santos,Casa,950000,,,img/santos-apartamento-vista-mar.png,Casa em Embaré; Santos. Condomínio com lazer. 4 quarto(s); área 100m²; Sem vaga. Sem condomínio. 4 quarto(s); área 60m²; 2 vagas.,
casa-em-solemar-praia-grande-1-quarto-s-120m2-sem-vaga-4-quarto-s-120m2-1-vaga,Casa em Solemar; Praia Grande | 1 quarto(s); 120m²; Sem vaga | 4 quarto(s); 120m²; 1 vaga,Praia Grande,Casa,950000,,,img/pg-studio.png,Conheça este casa em Solemar; Praia Grande. Localização estratégica e estrutura pronta. Condomínio com lazer. 1 quarto(s); área 120m²; Sem vaga. Condomínio com lazer. 4 quarto(s); área 120m²; 1 vaga.,
apartamento-em-itarare-sao-vicente-1-quarto-s-45m2-2-vagas-4-quarto-s-60m2-sem-vaga,Apartamento em Itararé; São Vicente | 1 quarto(s); 45m²; 2 vagas | 4 quarto(s); 60m²; Sem vaga,São Vicente,Apartamento,950000,,,img/sv-casa-terrea.png,Oportunidade de apartamento em Itararé; São Vicente. Ideal para moradia ou investimento no litoral. Condomínio fechado. 1 quarto(s); área 45m²; 2 vagas. Sem condomínio. 4 quarto(s); área 60m²; Sem vaga.,
apartamento-boraceia-bertioga-1-quarto-s-120m2-sem-vaga-4-quarto-s-100m2-1-vaga,Apartamento Boracéia; Bertioga | 1 quarto(s); 120m²; Sem vaga | 4 quarto(s); 100m²; 1 vaga,Bertioga,Apartamento,180000,,,img/bertioga-apartamento.png,Encontre apartamento em Boracéia; Bertioga. Opção com boa liquidez e valorização no litoral. Condomínio fechado. 1 quarto(s); área 120m²; Sem vaga. Sem condomínio. 4 quarto(s); área 100m²; 1 vaga.,
apartamento-em-cibratel-itanhaem-3-quarto-s-60m2-sem-vaga-1-quarto-s-45m2-sem-vaga,Apartamento em Cibratel; Itanhaém | 3 quarto(s); 60m²; Sem vaga | 1 quarto(s); 45m²; Sem vaga,Itanhaém,Apartamento,520000,,,img/itanhaem-terreno.png,Cadastre-se e receba opções de apartamento em Cibratel; Itanhaém. Condomínio fechado. 3 quarto(s); área 60m²; Sem vaga. Sem condomínio. 1 quarto(s); área 45m²; Sem vaga.,
apartamento-no-trevo-peruibe-3-quarto-s-45m2-sem-vaga-3-quarto-s-45m2-sem-vaga,Apartamento no Trevo; Peruíbe | 3 quarto(s); 45m²; Sem vaga | 3 quarto(s); 45m²; Sem vaga,Peruíbe,Apartamento,950000,,,img/peruibe-chacara.png,Conheça este apartamento em Trevo; Peruíbe. Localização estratégica e estrutura pronta. Sem condomínio. 3 quarto(s); área 45m²; Sem vaga. Condomínio fechado. 3 quarto(s); área 45m²; Sem vaga.,
casa-sorocotuba-guaruja-3-quarto-s-100m2-2-vagas-4-quarto-s-35m2-sem-vaga,Casa Sorocotuba; Guarujá | 3 quarto(s); 100m²; 2 vagas | 4 quarto(s); 35m²; Sem vaga,Guarujá,Casa,750000,,,img/guaruja-sobrado.png,Casa em Sorocotuba; Guarujá. Condomínio com lazer. 3 quarto(s); área 100m²; 2 vagas. Sem condomínio. 4 quarto(s); área 35m²; Sem vaga.,
casa-centro-itanhaem-1-quarto-s-35m2-sem-vaga-1-quarto-s-80m2-1-vaga,Casa Centro; Itanhaém | 1 quarto(s); 35m²; Sem vaga | 1 quarto(s); 80m²; 1 vaga,Itanhaém,Casa,950000,,,img/itanhaem-terreno.png,Cadastre-se e receba opções de casa em Centro; Itanhaém. Condomínio com lazer. 1 quarto(s); área 35m²; Sem vaga. Sem condomínio. 1 quarto(s); área 80m²; 1 vaga.,
casa-no-agenor-campos-mongagua-3-quarto-s-35m2-1-vaga-3-quarto-s-35m2-1-vaga,Casa no Agenor Campos; Mongaguá | 3 quarto(s); 35m²; 1 vaga | 3 quarto(s); 35m²; 1 vaga,Mongaguá,Casa,520000,,,img/mongagua-apartamento.png,Cadastre-se e receba opções de casa em Agenor Campos; Mongaguá. Condomínio com lazer. 3 quarto(s); área 35m²; 1 vaga. Condomínio com lazer. 3 quarto(s); área 35m²; 1 vaga.,
apartamento-gaivotas-itanhaem-2-quarto-s-120m2-2-vagas-1-quarto-s-60m2-2-vagas,Apartamento Gaivotas; Itanhaém | 2 quarto(s); 120m²; 2 vagas | 1 quarto(s); 60m²; 2 vagas,Itanhaém,Apartamento,180000,,,img/itanhaem-terreno.png,Cadastre-se e receba opções de apartamento em Gaivotas; Itanhaém. Condomínio fechado. 2 quarto(s); área 120m²; 2 vagas. Condomínio com lazer. 1 quarto(s); área 60m²; 2 vagas.,
apartamento-em-guilhermina-praia-grande-4-quarto-s-100m2-sem-vaga-4-quarto-s-45m2-1-vaga,Apartamento em Guilhermina; Praia Grande | 4 quarto(s); 100m²; Sem vaga | 4 quarto(s); 45m²; 1 vaga,Praia Grande,Apartamento,750000,,,img/pg-studio.png,Cadastre-se e receba opções de apartamento em Guilhermina; Praia Grande. Condomínio com lazer. 4 quarto(s); área 100m²; Sem vaga. Sem condomínio. 4 quarto(s); área 45m²; 1 vaga.,
casa-caicara-praia-grande-1-quarto-s-35m2-1-vaga-4-quarto-s-100m2-sem-vaga,Casa Caiçara; Praia Grande | 1 quarto(s); 35m²; 1 vaga | 4 quarto(s); 100m²; Sem vaga,Praia Grande,Casa,520000,,,img/pg-studio.png,Conheça este casa em Caiçara; Praia Grande. Localização estratégica e estrutura pronta. Sem condomínio. 1 quarto(s); área 35m²; 1 vaga. Condomínio fechado. 4 quarto(s); área 100m²; Sem vaga.,
casa-no-aguas-mongagua-2-quarto-s-100m2-1-vaga-2-quarto-s-45m2-1-vaga,Casa no Águas; Mongaguá | 2 quarto(s); 100m²; 1 vaga | 2 quarto(s); 45m²; 1 vaga,Mongaguá,Casa,180000,,,img/mongagua-apartamento.png,Casa em Águas; Mongaguá. Condomínio com lazer. 2 quarto(s); área 100m²; 1 vaga. Sem condomínio. 2 quarto(s); área 45m²; 1 vaga.,
chacara-vera-cruz-mongagua-2-quarto-s-80m2-1-vaga-4-quarto-s-100m2-sem-vaga,Chácara Vera Cruz; Mongaguá | 2 quarto(s); 80m²; 1 vaga | 4 quarto(s); 100m²; Sem vaga,Mongaguá,Chácara,850000,,,img/mongagua-apartamento.png,Cadastre-se e receba opções de chácara em Vera Cruz; Mongaguá. Condomínio fechado. 2 quarto(s); área 80m²; 1 vaga. Condomínio fechado. 4 quarto(s); área 100m²; Sem vaga.,
chacara-em-boqueirao-praia-grande-3-quarto-s-60m2-1-vaga-4-quarto-s-100m2-1-vaga,Chácara em Boqueirão; Praia Grande | 3 quarto(s); 60m²; 1 vaga | 4 quarto(s); 100m²; 1 vaga,Praia Grande,Chácara,750000,,,img/pg-studio.png,Conheça este chácara em Boqueirão; Praia Grande. Localização estratégica e estrutura pronta. Condomínio com lazer. 3 quarto(s); área 60m²; 1 vaga. Condomínio fechado. 4 quarto(s); área 100m²; 1 vaga.,
apartamento-vera-cruz-mongagua-2-quarto-s-120m2-1-vaga-4-quarto-s-120m2-2-vagas,Apartamento Vera Cruz; Mongaguá | 2 quarto(s); 120m²; 1 vaga | 4 quarto(s); 120m²; 2 vagas,Mongaguá,Apartamento,620000,,,img/mongagua-apartamento.png,Encontre apartamento em Vera Cruz; Mongaguá. Opção com boa liquidez e valorização no litoral. Sem condomínio. 2 quarto(s); área 120m²; 1 vaga. Condomínio com lazer. 4 quarto(s); área 120m²; 2 vagas.,
apartamento-em-nova-itanhaem-itanhaem-1-quarto-s-60m2-sem-vaga-3-quarto-s-120m2-1-vaga,Apartamento em Nova Itanhaém; Itanhaém | 1 quarto(s); 60m²; Sem vaga | 3 quarto(s); 120m²; 1 vaga,Itanhaém,Apartamento,850000,,,img/itanhaem-terreno.png,Cadastre-se e receba opções de apartamento em Nova Itanhaém; Itanhaém. Condomínio com lazer. 1 quarto(s); área 60m²; Sem vaga. Condomínio com lazer. 3 quarto(s); área 120m²; 1 vaga.,
casa-costao-itanhaem-2-quarto-s-45m2-1-vaga-3-quarto-s-120m2-sem-vaga,Casa Costão; Itanhaém | 2 quarto(s); 45m²; 1 vaga | 3 quarto(s); 120m²; Sem vaga,Itanhaém,Casa,620000,,,img/itanhaem-terreno.png,Casa em Costão; Itanhaém. Condomínio fechado. 2 quarto(s); área 45m²; 1 vaga. Condomínio fechado. 3 quarto(s); área 120m²; Sem vaga.,
casa-no-boqueirao-praia-grande-4-quarto-s-35m2-1-vaga-1-quarto-s-80m2-2-vagas,Casa no Boqueirão; Praia Grande | 4 quarto(s); 35m²; 1 vaga | 1 quarto(s); 80m²; 2 vagas,Praia Grande,Casa,850000,,,img/pg-studio.png,Encontre casa em Boqueirão; Praia Grande. Opção com boa liquidez e valorização no litoral. Sem condomínio. 4 quarto(s); área 35m²; 1 vaga. Sem condomínio. 1 quarto(s); área 80m²; 2 vagas.,
apartamento-pitangueiras-guaruja-3-quarto-s-80m2-sem-vaga-3-quarto-s-120m2-2-vagas,Apartamento Pitangueiras; Guarujá | 3 quarto(s); 80m²; Sem vaga | 3 quarto(s); 120m²; 2 vagas,Guarujá,Apartamento,520000,,,img/guaruja-sobrado.png,Cadastre-se e receba opções de apartamento em Pitangueiras; Guarujá. Sem condomínio. 3 quarto(s); área 80m²; Sem vaga. Sem condomínio. 3 quarto(s); área 120m²; 2 vagas.,
apartamento-em-centro-mongagua-2-quarto-s-60m2-1-vaga-3-quarto-s-80m2-2-vagas,Apartamento em Centro; Mongaguá | 2 quarto(s); 60m²; 1 vaga | 3 quarto(s); 80m²; 2 vagas,Mongaguá,Apartamento,950000,,,img/mongagua-apartamento.png,Encontre apartamento em Centro; Mongaguá. Opção com boa liquidez e valorização no litoral. Sem condomínio. 2 quarto(s); área 60m²; 1 vaga. Condomínio fechado. 3 quarto(s); área 80m²; 2 vagas.,
apartamento-vila-sao-jorge-sao-vicente-1-quarto-s-80m2-1-vaga-4-quarto-s-80m2-1-vaga,Apartamento Vila São Jorge; São Vicente | 1 quarto(s); 80m²; 1 vaga | 4 quarto(s); 80m²; 1 vaga,São Vicente,Apartamento,410000,,,img/sv-casa-terrea.png,Conheça este apartamento em Vila São Jorge; São Vicente. Localização estratégica e estrutura pronta. Condomínio com lazer. 1 quarto(s); área 80m²; 1 vaga. Condomínio fechado. 4 quarto(s); área 80m²; 1 vaga.,
apartamento-no-gaivotas-itanhaem-2-quarto-s-45m2-2-vagas-4-quarto-s-100m2-2-vagas,Apartamento no Gaivotas; Itanhaém | 2 quarto(s); 45m²; 2 vagas | 4 quarto(s); 100m²; 2 vagas,Itanhaém,Apartamento,410000,,,img/itanhaem-terreno.png,Encontre apartamento em Gaivotas; Itanhaém. Opção com boa liquidez e valorização no litoral. Condomínio com lazer. 2 quarto(s); área 45m²; 2 vagas. Sem condomínio. 4 quarto(s); área 100m²; 2 vagas.,
casa-em-jardim-peruibe-peruibe-3-quarto-s-45m2-1-vaga-3-quarto-s-120m2-2-vagas,Casa em Jardim Peruíbe; Peruíbe | 3 quarto(s); 45m²; 1 vaga | 3 quarto(s); 120m²; 2 vagas,Peruíbe,Casa,520000,,,img/peruibe-chacara.png,Conheça este casa em Jardim Peruíbe; Peruíbe. Localização estratégica e estrutura pronta. Condomínio fechado. 3 quarto(s); área 45m²; 1 vaga. Condomínio fechado. 3 quarto(s); área 120m²; 2 vagas.,
casa-no-gonzaguinha-sao-vicente-2-quarto-s-80m2-2-vagas-4-quarto-s-60m2-1-vaga,Casa no Gonzaguinha; São Vicente | 2 quarto(s); 80m²; 2 vagas | 4 quarto(s); 60m²; 1 vaga,São Vicente,Casa,520000,,,img/sv-casa-terrea.png,Cadastre-se e receba opções de casa em Gonzaguinha; São Vicente. Condomínio com lazer. 2 quarto(s); área 80m²; 2 vagas. Sem condomínio. 4 quarto(s); área 60m²; 1 vaga.,
apartamento-pompeia-santos-1-quarto-s-60m2-2-vagas-1-quarto-s-100m2-sem-vaga,Apartamento Pompeia; Santos | 1 quarto(s); 60m²; 2 vagas | 1 quarto(s); 100m²; Sem vaga,Santos,Apartamento,850000,,,img/santos-apartamento-vista-mar.png,Conheça este apartamento em Pompeia; Santos. Localização estratégica e estrutura pronta. Sem condomínio. 1 quarto(s); área 60m²; 2 vagas. Condomínio com lazer. 1 quarto(s); área 100m²; Sem vaga.,
apartamento-em-pernambuco-guaruja-4-quarto-s-120m2-sem-vaga-3-quarto-s-45m2-sem-vaga,Apartamento em Pernambuco; Guarujá | 4 quarto(s); 120m²; Sem vaga | 3 quarto(s); 45m²; Sem vaga,Guarujá,Apartamento,410000,,,img/guaruja-sobrado.png,Encontre apartamento em Pernambuco; Guarujá. Opção com boa liquidez e valorização no litoral. Condomínio com lazer. 4 quarto(s); área 120m²; Sem vaga. Condomínio com lazer. 3 quarto(s); área 45m²; Sem vaga.,
apartamento-gonzaga-santos-1-quarto-s-35m2-2-vagas-2-quarto-s-120m2-1-vaga,Apartamento Gonzaga; Santos | 1 quarto(s); 35m²; 2 vagas | 2 quarto(s); 120m²; 1 vaga,Santos,Apartamento,850000,,,img/santos-apartamento-vista-mar.png,Apartamento em Gonzaga; Santos. Condomínio fechado. 1 quarto(s); área 35m²; 2 vagas. Sem condomínio. 2 quarto(s); área 120m²; 1 vaga.,
cobertura-em-centro-peruibe-3-quarto-s-35m2-1-vaga-3-quarto-s-120m2-sem-vaga,Cobertura em Centro; Peruíbe | 3 quarto(s); 35m²; 1 vaga | 3 quarto(s); 120m²; Sem vaga,Peruíbe,Cobertura,620000,,,img/peruibe-chacara.png,Encontre cobertura em Centro; Peruíbe. Opção com boa liquidez e valorização no litoral. Sem condomínio. 3 quarto(s); área 35m²; 1 vaga. Sem condomínio. 3 quarto(s); área 120m²; Sem vaga.,
cobertura-jardim-sao-lourenco-bertioga-4-quarto-s-60m2-sem-vaga-2-quarto-s-120m2-1-vaga,Cobertura Jardim São Lourenço; Bertioga | 4 quarto(s); 60m²; Sem vaga | 2 quarto(s); 120m²; 1 vaga,Bertioga,Cobertura,950000,,,img/bertioga-apartamento.png,Cadastre-se e receba opções de cobertura em Jardim São Lourenço; Bertioga. Condomínio com lazer. 4 quarto(s); área 60m²; Sem vaga. Sem condomínio. 2 quarto(s); área 120m²; 1 vaga.,
cobertura-no-vera-cruz-mongagua-4-quarto-s-100m2-sem-vaga-1-quarto-s-60m2-2-vagas,Cobertura no Vera Cruz; Mongaguá | 4 quarto(s); 100m²; Sem vaga | 1 quarto(s); 60m²; 2 vagas,Mongaguá,Cobertura,750000,,,img/mongagua-apartamento.png,Encontre cobertura em Vera Cruz; Mongaguá. Opção com boa liquidez e valorização no litoral. Condomínio fechado. 4 quarto(s); área 100m²; Sem vaga. Condomínio fechado. 1 quarto(s); área 60m²; 2 vagas.,
cobertura-no-costao-itanhaem-4-quarto-s-100m2-1-vaga-3-quarto-s-120m2-1-vaga,Cobertura no Costão; Itanhaém | 4 quarto(s); 100m²; 1 vaga | 3 quarto(s); 120m²; 1 vaga,Itanhaém,Cobertura,850000,,,img/itanhaem-terreno.png,Encontre cobertura em Costão; Itanhaém. Opção com boa liquidez e valorização no litoral. Condomínio com lazer. 4 quarto(s); área 100m²; 1 vaga. Condomínio fechado. 3 quarto(s); área 120m²; 1 vaga.,
terreno-no-embare-santos-1-quarto-s-120m2-2-vagas-3-quarto-s-60m2-sem-vaga,Terreno no Embaré; Santos | 1 quarto(s); 120m²; 2 vagas | 3 quarto(s); 60m²; Sem vaga,Santos,Terreno,520000,,,img/santos-apartamento-vista-mar.png,Oportunidade de terreno em Embaré; Santos. Ideal para moradia ou investimento no litoral. Condomínio fechado. 1 quarto(s); área 120m²; 2 vagas. Condomínio com lazer. 3 quarto(s); área 60m²; Sem vaga.,
terreno-em-itarare-sao-vicente-2-quarto-s-60m2-2-vagas-2-quarto-s-45m2-1-vaga,Terreno em Itararé; São Vicente | 2 quarto(s); 60m²; 2 vagas | 2 quarto(s); 45m²; 1 vaga,São Vicente,Terreno,180000,,,img/sv-casa-terrea.png,Terreno em Itararé; São Vicente. Condomínio fechado. 2 quarto(s); área 60m²; 2 vagas. Sem condomínio. 2 quarto(s); área 45m²; 1 vaga.,
terreno-centro-sao-vicente-3-quarto-s-100m2-2-vagas-3-quarto-s-100m2-sem-vaga,Terreno Centro; São Vicente | 3 quarto(s); 100m²; 2 vagas | 3 quarto(s); 100m²; Sem vaga,São Vicente,Terreno,180000,,,img/sv-casa-terrea.png,Oportunidade de terreno em Centro; São Vicente. Ideal para moradia ou investimento no litoral. Sem condomínio. 3 quarto(s); área 100m²; 2 vagas. Condomínio com lazer. 3 quarto(s); área 100m²; Sem vaga.,
terreno-rio-preto-peruibe-1-quarto-s-120m2-2-vagas-2-quarto-s-60m2-2-vagas,Terreno Rio Preto; Peruíbe | 1 quarto(s); 120m²; 2 vagas | 2 quarto(s); 60m²; 2 vagas,Peruíbe,Terreno,950000,,,img/peruibe-chacara.png,Encontre terreno em Rio Preto; Peruíbe. Opção com boa liquidez e valorização no litoral. Sem condomínio. 1 quarto(s); área 120m²; 2 vagas. Condomínio com lazer. 2 quarto(s); área 60m²; 2 vagas.,
casa-em-sorocotuba-guaruja-3-quarto-s-120m2-2-vagas-3-quarto-s-35m2-2-vagas,Casa em Sorocotuba; Guarujá | 3 quarto(s); 120m²; 2 vagas | 3 quarto(s); 35m²; 2 vagas,Guarujá,Casa,850000,,,img/guaruja-sobrado.png,Casa em Sorocotuba; Guarujá. Condomínio com lazer. 3 quarto(s); área 120m²; 2 vagas. Condomínio fechado. 3 quarto(s); área 35m²; 2 vagas.,
casa-em-bocaina-santos-4-quarto-s-120m2-2-vagas-2-quarto-s-45m2-sem-vaga,Casa em Bocaina; Santos | 4 quarto(s); 120m²; 2 vagas | 2 quarto(s); 45m²; Sem vaga,Santos,Casa,850000,,,img/santos-apartamento-vista-mar.png,Casa em Bocaina; Santos. Sem condomínio. 4 quarto(s); área 120m²; 2 vagas. Sem condomínio. 2 quarto(s); área 45m²; Sem vaga.,
apartamento-no-jardim-peruibe-peruibe-2-quarto-s-45m2-2-vagas-4-quarto-s-100m2-2-vagas,Apartamento no Jardim Peruíbe; Peruíbe | 2 quarto(s); 45m²; 2 vagas | 4 quarto(s); 100m²; 2 vagas,Peruíbe,Apartamento,520000,,,img/peruibe-chacara.png,Oportunidade de apartamento em Jardim Peruíbe; Peruíbe. Ideal para moradia ou investimento no litoral. Sem condomínio. 2 quarto(s); área 45m²; 2 vagas. Condomínio fechado. 4 quarto(s); área 100m²; 2 vagas.,
apartamento-no-enseada-guaruja-4-quarto-s-120m2-sem-vaga-4-quarto-s-35m2-2-vagas,Apartamento no Enseada; Guarujá | 4 quarto(s); 120m²; Sem vaga | 4 quarto(s); 35m²; 2 vagas,Guarujá,Apartamento,950000,,,img/guaruja-sobrado.png,Apartamento em Enseada; Guarujá. Condomínio fechado. 4 quarto(s); área 120m²; Sem vaga. Sem condomínio. 4 quarto(s); área 35m²; 2 vagas.,
apartamento-no-jose-menino-santos-3-quarto-s-80m2-sem-vaga-1-quarto-s-80m2-2-vagas,Apartamento no José Menino; Santos | 3 quarto(s); 80m²; Sem vaga | 1 quarto(s); 80m²; 2 vagas,Santos,Apartamento,180000,,,img/santos-apartamento-vista-mar.png,Cadastre-se e receba opções de apartamento em José Menino; Santos. Condomínio fechado. 3 quarto(s); área 80m²; Sem vaga. Sem condomínio. 1 quarto(s); área 80m²; 2 vagas.,
casa-sao-miguel-peruibe-3-quarto-s-60m2-1-vaga-3-quarto-s-100m2-2-vagas,Casa São Miguel; Peruíbe | 3 quarto(s); 60m²; 1 vaga | 3 quarto(s); 100m²; 2 vagas,Peruíbe,Casa,620000,,,img/peruibe-chacara.png,Encontre casa em São Miguel; Peruíbe. Opção com boa liquidez e valorização no litoral. Condomínio com lazer. 3 quarto(s); área 60m²; 1 vaga. Sem condomínio. 3 quarto(s); área 100m²; 2 vagas.,
casa-nova-itanhaem-itanhaem-3-quarto-s-80m2-2-vagas-3-quarto-s-35m2-sem-vaga,Casa Nova Itanhaém; Itanhaém | 3 quarto(s); 80m²; 2 vagas | 3 quarto(s); 35m²; Sem vaga,Itanhaém,Casa,180000,,,img/itanhaem-terreno.png,Cadastre-se e receba opções de casa em Nova Itanhaém; Itanhaém. Condomínio com lazer. 3 quarto(s); área 80m²; 2 vagas. Condomínio fechado. 3 quarto(s); área 35m²; Sem vaga.,
casa-vila-atlantica-mongagua-2-quarto-s-100m2-2-vagas-4-quarto-s-35m2-sem-vaga,Casa Vila Atlântica; Mongaguá | 2 quarto(s); 100m²; 2 vagas | 4 quarto(s); 35m²; Sem vaga,Mongaguá,Casa,410000,,,img/mongagua-apartamento.png,Casa em Vila Atlântica; Mongaguá. Sem condomínio. 2 quarto(s); área 100m²; 2 vagas. Sem condomínio. 4 quarto(s); área 35m²; Sem vaga.,
casa-em-embare-santos-2-quarto-s-120m2-1-vaga-3-quarto-s-100m2-1-vaga,Casa em Embaré; Santos | 2 quarto(s); 120m²; 1 vaga | 3 quarto(s); 100m²; 1 vaga,Santos,Casa,950000,,,img/santos-apartamento-vista-mar.png,Cadastre-se e receba opções de casa em Embaré; Santos. Condomínio com lazer. 2 quarto(s); área 120m²; 1 vaga. Sem condomínio. 3 quarto(s); área 100m²; 1 vaga.,
studio-gonzaga-santos-3-quarto-s-35m2-1-vaga-1-quarto-s-120m2-2-vagas,Studio Gonzaga; Santos | 3 quarto(s); 35m²; 1 vaga | 1 quarto(s); 120m²; 2 vagas,Santos,Studio,410000,,,img/santos-apartamento-vista-mar.png,Studio em Gonzaga; Santos. Sem condomínio. 3 quarto(s); área 35m²; 1 vaga. Sem condomínio. 1 quarto(s); área 120m²; 2 vagas.,
studio-em-centro-mongagua-3-quarto-s-45m2-1-vaga-3-quarto-s-120m2-2-vagas,Studio em Centro; Mongaguá | 3 quarto(s); 45m²; 1 vaga | 3 quarto(s); 120m²; 2 vagas,Mongaguá,Studio,520000,,,img/mongagua-apartamento.png,Encontre studio em Centro; Mongaguá. Opção com boa liquidez e valorização no litoral. Condomínio fechado. 3 quarto(s); área 45m²; 1 vaga. Condomínio fechado. 3 quarto(s); área 120m²; 2 vagas.,
studio-em-pompeia-santos-1-quarto-s-35m2-1-vaga-2-quarto-s-35m2-1-vaga,Studio em Pompeia; Santos | 1 quarto(s); 35m²; 1 vaga | 2 quarto(s); 35m²; 1 vaga,Santos,Studio,850000,,,img/santos-apartamento-vista-mar.png,Cadastre-se e receba opções de studio em Pompeia; Santos. Condomínio com lazer. 1 quarto(s); área 35m²; 1 vaga. Condomínio com lazer. 2 quarto(s); área 35m²; 1 vaga.,
studio-vera-cruz-mongagua-1-quarto-s-80m2-2-vagas-4-quarto-s-35m2-1-vaga,Studio Vera Cruz; Mongaguá | 1 quarto(s); 80m²; 2 vagas | 4 quarto(s); 35m²; 1 vaga,Mongaguá,Studio,180000,,,img/mongagua-apartamento.png,Oportunidade de studio em Vera Cruz; Mongaguá. Ideal para moradia ou investimento no litoral. Sem condomínio. 1 quarto(s); área 80m²; 2 vagas. Condomínio fechado. 4 quarto(s); área 35m²; 1 vaga.,
apartamento-no-vera-cruz-mongagua-2-quarto-s-120m2-sem-vaga-2-quarto-s-80m2-2-vagas,Apartamento no Vera Cruz; Mongaguá | 2 quarto(s); 120m²; Sem vaga | 2 quarto(s); 80m²; 2 vagas,Mongaguá,Apartamento,950000,,,img/mongagua-apartamento.png,Conheça este apartamento em Vera Cruz; Mongaguá. Localização estratégica e estrutura pronta. Condomínio com lazer. 2 quarto(s); área 120m²; Sem vaga. Condomínio com lazer. 2 quarto(s); área 80m²; 2 vagas.,
apartamento-rio-preto-peruibe-4-quarto-s-80m2-1-vaga-4-quarto-s-100m2-sem-vaga,Apartamento Rio Preto; Peruíbe | 4 quarto(s); 80m²; 1 vaga | 4 quarto(s); 100m²; Sem vaga,Peruíbe,Apartamento,520000,,,img/peruibe-chacara.png,Conheça este apartamento em Rio Preto; Peruíbe. Localização estratégica e estrutura pronta. Condomínio fechado. 4 quarto(s); área 80m²; 1 vaga. Sem condomínio. 4 quarto(s); área 100m²; Sem vaga.,
apartamento-no-vila-tupi-praia-grande-1-quarto-s-35m2-2-vagas-2-quarto-s-80m2-sem-vaga,Apartamento no Vila Tupi; Praia Grande | 1 quarto(s); 35m²; 2 vagas | 2 quarto(s); 80m²; Sem vaga,Praia Grande,Apartamento,620000,,,img/pg-studio.png,Oportunidade de apartamento em Vila Tupi; Praia Grande. Ideal para moradia ou investimento no litoral. Condomínio fechado. 1 quarto(s); área 35m²; 2 vagas. Condomínio fechado. 2 quarto(s); área 80m²; Sem vaga.,
apartamento-centro-sao-vicente-2-quarto-s-120m2-sem-vaga-4-quarto-s-100m2-2-vagas,Apartamento Centro; São Vicente | 2 quarto(s); 120m²; Sem vaga | 4 quarto(s); 100m²; 2 vagas,São Vicente,Apartamento,410000,,,img/sv-casa-terrea.png,Oportunidade de apartamento em Centro; São Vicente. Ideal para moradia ou investimento no litoral. Condomínio com lazer. 2 quarto(s); área 120m²; Sem vaga. Condomínio com lazer. 4 quarto(s); área 100m²; 2 vagas.,
casa-em-centro-itanhaem-1-quarto-s-100m2-1-vaga-1-quarto-s-120m2-2-vagas,Casa em Centro; Itanhaém | 1 quarto(s); 100m²; 1 vaga | 1 quarto(s); 120m²; 2 vagas,Itanhaém,Casa,410000,,,img/itanhaem-terreno.png,Encontre casa em Centro; Itanhaém. Opção com boa liquidez e valorização no litoral. Condomínio fechado. 1 quarto(s); área 100m²; 1 vaga. Condomínio fechado. 1 quarto(s); área 120m²; 2 vagas.,
casa-jose-menino-santos-4-quarto-s-45m2-2-vagas-4-quarto-s-80m2-1-vaga,Casa José Menino; Santos | 4 quarto(s); 45m²; 2 vagas | 4 quarto(s); 80m²; 1 vaga,Santos,Casa,850000,,,img/santos-apartamento-vista-mar.png,Conheça este casa em José Menino; Santos. Localização estratégica e estrutura pronta. Sem condomínio. 4 quarto(s); área 45m²; 2 vagas. Condomínio com lazer. 4 quarto(s); área 80m²; 1 vaga.,
casa-em-vista-linda-bertioga-3-quarto-s-80m2-sem-vaga-1-quarto-s-120m2-2-vagas,Casa em Vista Linda; Bertioga | 3 quarto(s); 80m²; Sem vaga | 1 quarto(s); 120m²; 2 vagas,Bertioga,Casa,410000,,,img/bertioga-apartamento.png,Conheça este casa em Vista Linda; Bertioga. Localização estratégica e estrutura pronta. Sem condomínio. 3 quarto(s); área 80m²; Sem vaga. Sem condomínio. 1 quarto(s); área 120m²; 2 vagas.,
terreno-trevo-peruibe-4-quarto-s-100m2-2-vagas-3-quarto-s-35m2-2-vagas,Terreno Trevo; Peruíbe | 4 quarto(s); 100m²; 2 vagas | 3 quarto(s); 35m²; 2 vagas,Peruíbe,Terreno,750000,,,img/peruibe-chacara.png,Cadastre-se e receba opções de terreno em Trevo; Peruíbe. Condomínio fechado. 4 quarto(s); área 100m²; 2 vagas. Condomínio com lazer. 3 quarto(s); área 35m²; 2 vagas.,
terreno-no-vila-sao-jorge-sao-vicente-4-quarto-s-80m2-2-vagas-2-quarto-s-35m2-2-vagas,Terreno no Vila São Jorge; São Vicente | 4 quarto(s); 80m²; 2 vagas | 2 quarto(s); 35m²; 2 vagas,São Vicente,Terreno,850000,,,img/sv-casa-terrea.png,Cadastre-se e receba opções de terreno em Vila São Jorge; São Vicente. Condomínio fechado. 4 quarto(s); área 80m²; 2 vagas. Condomínio fechado. 2 quarto(s); área 35m²; 2 vagas.,
terreno-pitangueiras-guaruja-3-quarto-s-100m2-2-vagas-2-quarto-s-120m2-sem-vaga,Terreno Pitangueiras; Guarujá | 3 quarto(s); 100m²; 2 vagas | 2 quarto(s); 120m²; Sem vaga,Guarujá,Terreno,410000,,,img/guaruja-sobrado.png,Cadastre-se e receba opções de terreno em Pitangueiras; Guarujá. Sem condomínio. 3 quarto(s); área 100m²; 2 vagas. Sem condomínio. 2 quarto(s); área 120m²; Sem vaga.,
terreno-no-tupi-praia-grande-2-quarto-s-60m2-2-vagas-1-quarto-s-35m2-2-vagas,Terreno no Tupi; Praia Grande | 2 quarto(s); 60m²; 2 vagas | 1 quarto(s); 35m²; 2 vagas,Praia Grande,Terreno,410000,,,img/pg-studio.png,Conheça este terreno em Tupi; Praia Grande. Localização estratégica e estrutura pronta. Condomínio fechado. 2 quarto(s); área 60m²; 2 vagas. Condomínio fechado. 1 quarto(s); área 35m²; 2 vagas.,
apartamento-asturias-guaruja-3-quarto-s-45m2-2-vagas-2-quarto-s-100m2-1-vaga,Apartamento Astúrias; Guarujá | 3 quarto(s); 45m²; 2 vagas | 2 quarto(s); 100m²; 1 vaga,Guarujá,Apartamento,180000,,,img/guaruja-sobrado.png,Cadastre-se e receba opções de apartamento em Astúrias; Guarujá. Condomínio com lazer. 3 quarto(s); área 45m²; 2 vagas. Condomínio fechado. 2 quarto(s); área 100m²; 1 vaga.,
apartamento-em-gonzaguinha-sao-vicente-3-quarto-s-100m2-1-vaga-2-quarto-s-100m2-1-vaga,Apartamento em Gonzaguinha; São Vicente | 3 quarto(s); 100m²; 1 vaga | 2 quarto(s); 100m²; 1 vaga,São Vicente,Apartamento,620000,,,img/sv-casa-terrea.png,Oportunidade de apartamento em Gonzaguinha; São Vicente. Ideal para moradia ou investimento no litoral. Condomínio fechado. 3 quarto(s); área 100m²; 1 vaga. Condomínio fechado. 2 quarto(s); área 100m²; 1 vaga.,
apartamento-em-centro-peruibe-2-quarto-s-45m2-2-vagas-3-quarto-s-45m2-sem-vaga,Apartamento em Centro; Peruíbe | 2 quarto(s); 45m²; 2 vagas | 3 quarto(s); 45m²; Sem vaga,Peruíbe,Apartamento,750000,,,img/peruibe-chacara.png,Oportunidade de apartamento em Centro; Peruíbe. Ideal para moradia ou investimento no litoral. Sem condomínio. 2 quarto(s); área 45m²; 2 vagas. Condomínio fechado. 3 quarto(s); área 45m²; Sem vaga.,
apartamento-jose-menino-santos-2-quarto-s-120m2-1-vaga-3-quarto-s-45m2-1-vaga,Apartamento José Menino; Santos | 2 quarto(s); 120m²; 1 vaga | 3 quarto(s); 45m²; 1 vaga,Santos,Apartamento,620000,,,img/santos-apartamento-vista-mar.png,Apartamento em José Menino; Santos. Condomínio fechado. 2 quarto(s); área 120m²; 1 vaga. Sem condomínio. 3 quarto(s); área 45m²; 1 vaga.,
casa-gonzaguinha-sao-vicente-4-quarto-s-80m2-2-vagas-3-quarto-s-45m2-1-vaga,Casa Gonzaguinha; São Vicente | 4 quarto(s); 80m²; 2 vagas | 3 quarto(s); 45m²; 1 vaga,São Vicente,Casa,520000,,,img/sv-casa-terrea.png,Cadastre-se e receba opções de casa em Gonzaguinha; São Vicente. Sem condomínio. 4 quarto(s); área 80m²; 2 vagas. Sem condomínio. 3 quarto(s); área 45m²; 1 vaga.,
casa-em-pernambuco-guaruja-4-quarto-s-80m2-1-vaga-1-quarto-s-45m2-1-vaga,Casa em Pernambuco; Guarujá | 4 quarto(s); 80m²; 1 vaga | 1 quarto(s); 45m²; 1 vaga,Guarujá,Casa,410000,,,img/guaruja-sobrado.png,Oportunidade de casa em Pernambuco; Guarujá. Ideal para moradia ou investimento no litoral. Condomínio fechado. 4 quarto(s); área 80m²; 1 vaga. Condomínio com lazer. 1 quarto(s); área 45m²; 1 vaga.,
casa-trevo-peruibe-4-quarto-s-80m2-sem-vaga-2-quarto-s-100m2-2-vagas,Casa Trevo; Peruíbe | 4 quarto(s); 80m²; Sem vaga | 2 quarto(s); 100m²; 2 vagas,Peruíbe,Casa,410000,,,img/peruibe-chacara.png,Conheça este casa em Trevo; Peruíbe. Localização estratégica e estrutura pronta. Sem condomínio. 4 quarto(s); área 80m²; Sem vaga. Condomínio fechado. 2 quarto(s); área 100m²; 2 vagas.,
apartamento-agenor-campos-mongagua-1-quarto-s-100m2-2-vagas-2-quarto-s-60m2-1-vaga,Apartamento Agenor Campos; Mongaguá | 1 quarto(s); 100m²; 2 vagas | 2 quarto(s); 60m²; 1 vaga,Mongaguá,Apartamento,620000,,,img/mongagua-apartamento.png,Apartamento em Agenor Campos; Mongaguá. Condomínio com lazer. 1 quarto(s); área 100m²; 2 vagas. Condomínio fechado. 2 quarto(s); área 60m²; 1 vaga.,
apartamento-em-enseada-guaruja-1-quarto-s-60m2-2-vagas-4-quarto-s-100m2-1-vaga,Apartamento em Enseada; Guarujá | 1 quarto(s); 60m²; 2 vagas | 4 quarto(s); 100m²; 1 vaga,Guarujá,Apartamento,620000,,,img/guaruja-sobrado.png,Apartamento em Enseada; Guarujá. Condomínio com lazer. 1 quarto(s); área 60m²; 2 vagas. Sem condomínio. 4 quarto(s); área 100m²; 1 vaga.,
apartamento-no-vila-sao-jorge-sao-vicente-4-quarto-s-100m2-sem-vaga-1-quarto-s-80m2-2-vagas,Apartamento no Vila São Jorge; São Vicente | 4 quarto(s); 100m²; Sem vaga | 1 quarto(s); 80m²; 2 vagas,São Vicente,Apartamento,180000,,,img/sv-casa-terrea.png,Cadastre-se e receba opções de apartamento em Vila São Jorge; São Vicente. Sem condomínio. 4 quarto(s); área 100m²; Sem vaga. Condomínio com lazer. 1 quarto(s); área 80m²; 2 vagas.,
apartamento-centro-guaruja-2-quarto-s-80m2-1-vaga-1-quarto-s-80m2-sem-vaga,Apartamento Centro; Guarujá | 2 quarto(s); 80m²; 1 vaga | 1 quarto(s); 80m²; Sem vaga,Guarujá,Apartamento,520000,,,img/guaruja-sobrado.png,Encontre apartamento em Centro; Guarujá. Opção com boa liquidez e valorização no litoral. Condomínio com lazer. 2 quarto(s); área 80m²; 1 vaga. Condomínio fechado. 1 quarto(s); área 80m²; Sem vaga.,
casa-em-boqueirao-praia-grande-4-quarto-s-80m2-1-vaga-1-quarto-s-120m2-sem-vaga,Casa em Boqueirão; Praia Grande | 4 quarto(s); 80m²; 1 vaga | 1 quarto(s); 120m²; Sem vaga,Praia Grande,Casa,750000,,,img/pg-studio.png,Cadastre-se e receba opções de casa em Boqueirão; Praia Grande. Condomínio com lazer. 4 quarto(s); área 80m²; 1 vaga. Sem condomínio. 1 quarto(s); área 120m²; Sem vaga.,
casa-no-centro-bertioga-3-quarto-s-120m2-sem-vaga-3-quarto-s-80m2-sem-vaga,Casa no Centro; Bertioga | 3 quarto(s); 120m²; Sem vaga | 3 quarto(s); 80m²; Sem vaga,Bertioga,Casa,750000,,,img/bertioga-apartamento.png,Encontre casa em Centro; Bertioga. Opção com boa liquidez e valorização no litoral. Condomínio com lazer. 3 quarto(s); área 120m²; Sem vaga. Condomínio fechado. 3 quarto(s); área 80m²; Sem vaga.,
casa-agenor-campos-mongagua-2-quarto-s-80m2-1-vaga-1-quarto-s-80m2-2-vagas,Casa Agenor Campos; Mongaguá | 2 quarto(s); 80m²; 1 vaga | 1 quarto(s); 80m²; 2 vagas,Mongaguá,Casa,950000,,,img/mongagua-apartamento.png,Oportunidade de casa em Agenor Campos; Mongaguá. Ideal para moradia ou investimento no litoral. Sem condomínio. 2 quarto(s); área 80m²; 1 vaga. Condomínio com lazer. 1 quarto(s); área 80m²; 2 vagas.,
casa-no-pompeia-santos-1-quarto-s-80m2-sem-vaga-1-quarto-s-80m2-sem-vaga,Casa no Pompeia; Santos | 1 quarto(s); 80m²; Sem vaga | 1 quarto(s); 80m²; Sem vaga,Santos,Casa,620000,,,img/santos-apartamento-vista-mar.png,Conheça este casa em Pompeia; Santos. Localização estratégica e estrutura pronta. Sem condomínio. 1 quarto(s); área 80m²; Sem vaga. Condomínio com lazer. 1 quarto(s); área 80m²; Sem vaga.,
casa-jardim-peruibe-peruibe-1-quarto-s-35m2-sem-vaga-1-quarto-s-35m2-2-vagas,Casa Jardim Peruíbe; Peruíbe | 1 quarto(s); 35m²; Sem vaga | 1 quarto(s); 35m²; 2 vagas,Peruíbe,Casa,950000,,,img/peruibe-chacara.png,Cadastre-se e receba opções de casa em Jardim Peruíbe; Peruíbe. Condomínio com lazer. 1 quarto(s); área 35m²; Sem vaga. Sem condomínio. 1 quarto(s); área 35m²; 2 vagas.,
casa-no-sorocotuba-guaruja-2-quarto-s-80m2-1-vaga-2-quarto-s-35m2-1-vaga,Casa no Sorocotuba; Guarujá | 2 quarto(s); 80m²; 1 vaga | 2 quarto(s); 35m²; 1 vaga,Guarujá,Casa,750000,,,img/guaruja-sobrado.png,Conheça este casa em Sorocotuba; Guarujá. Localização estratégica e estrutura pronta. Condomínio fechado. 2 quarto(s); área 80m²; 1 vaga. Condomínio com lazer. 2 quarto(s); área 35m²; 1 vaga.,
casa-em-jose-menino-santos-3-quarto-s-80m2-2-vagas-3-quarto-s-80m2-sem-vaga,Casa em José Menino; Santos | 3 quarto(s); 80m²; 2 vagas | 3 quarto(s); 80m²; Sem vaga,Santos,Casa,520000,,,img/santos-apartamento-vista-mar.png,Cadastre-se e receba opções de casa em José Menino; Santos. Condomínio fechado. 3 quarto(s); área 80m²; 2 vagas. Sem condomínio. 3 quarto(s); área 80m²; Sem vaga.,
casa-no-vista-linda-bertioga-4-quarto-s-60m2-2-vagas-3-quarto-s-80m2-sem-vaga,Casa no Vista Linda; Bertioga | 4 quarto(s); 60m²; 2 vagas | 3 quarto(s); 80m²; Sem vaga,Bertioga,Casa,850000,,,img/bertioga-apartamento.png,Casa em Vista Linda; Bertioga. Condomínio com lazer. 4 quarto(s); área 60m²; 2 vagas. Sem condomínio. 3 quarto(s); área 80m²; Sem vaga.,
apartamento-no-solemar-praia-grande-3-quarto-s-80m2-2-vagas-4-quarto-s-35m2-sem-vaga,Apartamento no Solemar; Praia Grande | 3 quarto(s); 80m²; 2 vagas | 4 quarto(s); 35m²; Sem vaga,Praia Grande,Apartamento,850000,,,img/pg-studio.png,Apartamento em Solemar; Praia Grande. Condomínio fechado. 3 quarto(s); área 80m²; 2 vagas. Condomínio fechado. 4 quarto(s); área 35m²; Sem vaga.,
apartamento-no-pernambuco-guaruja-4-quarto-s-35m2-sem-vaga-2-quarto-s-80m2-2-vagas,Apartamento no Pernambuco; Guarujá | 4 quarto(s); 35m²; Sem vaga | 2 quarto(s); 80m²; 2 vagas,Guarujá,Apartamento,180000,,,img/guaruja-sobrado.png,Conheça este apartamento em Pernambuco; Guarujá. Localização estratégica e estrutura pronta. Sem condomínio. 4 quarto(s); área 35m²; Sem vaga. Condomínio fechado. 2 quarto(s); área 80m²; 2 vagas.,
apartamento-no-guilhermina-praia-grande-1-quarto-s-60m2-1-vaga-4-quarto-s-60m2-2-vagas,Apartamento no Guilhermina; Praia Grande | 1 quarto(s); 60m²; 1 vaga | 4 quarto(s); 60m²; 2 vagas,Praia Grande,Apartamento,950000,,,img/pg-studio.png,Cadastre-se e receba opções de apartamento em Guilhermina; Praia Grande. Sem condomínio. 1 quarto(s); área 60m²; 1 vaga. Condomínio com lazer. 4 quarto(s); área 60m²; 2 vagas.,
casa-jardim-sao-lourenco-bertioga-1-quarto-s-120m2-1-vaga-4-quarto-s-120m2-1-vaga,Casa Jardim São Lourenço; Bertioga | 1 quarto(s); 120m²; 1 vaga | 4 quarto(s); 120m²; 1 vaga,Bertioga,Casa,750000,,,img/bertioga-apartamento.png,Cadastre-se e receba opções de casa em Jardim São Lourenço; Bertioga. Condomínio fechado. 1 quarto(s); área 120m²; 1 vaga. Condomínio com lazer. 4 quarto(s); área 120m²; 1 vaga.,
casa-em-macuco-santos-2-quarto-s-45m2-1-vaga-4-quarto-s-60m2-sem-vaga,Casa em Macuco; Santos | 2 quarto(s); 45m²; 1 vaga | 4 quarto(s); 60m²; Sem vaga,Santos,Casa,180000,,,img/santos-apartamento-vista-mar.png,Cadastre-se e receba opções de casa em Macuco; Santos. Sem condomínio. 2 quarto(s); área 45m²; 1 vaga. Condomínio com lazer. 4 quarto(s); área 60m²; Sem vaga.,
casa-no-catiapoa-sao-vicente-2-quarto-s-45m2-1-vaga-3-quarto-s-45m2-sem-vaga,Casa no Catiapoa; São Vicente | 2 quarto(s); 45m²; 1 vaga | 3 quarto(s); 45m²; Sem vaga,São Vicente,Casa,850000,,,img/sv-casa-terrea.png,Oportunidade de casa em Catiapoa; São Vicente. Ideal para moradia ou investimento no litoral. Condomínio com lazer. 2 quarto(s); área 45m²; 1 vaga. Condomínio com lazer. 3 quarto(s); área 45m²; Sem vaga.,
casa-em-rio-preto-peruibe-1-quarto-s-100m2-1-vaga-1-quarto-s-35m2-1-vaga,Casa em Rio Preto; Peruíbe | 1 quarto(s); 100m²; 1 vaga | 1 quarto(s); 35m²; 1 vaga,Peruíbe,Casa,180000,,,img/peruibe-chacara.png,Conheça este casa em Rio Preto; Peruíbe. Localização estratégica e estrutura pronta. Condomínio com lazer. 1 quarto(s); área 100m²; 1 vaga. Condomínio fechado. 1 quarto(s); área 35m²; 1 vaga.,
casa-no-vicente-de-carvalho-guaruja-3-quarto-s-60m2-1-vaga-4-quarto-s-35m2-sem-vaga,Casa no Vicente de Carvalho; Guarujá | 3 quarto(s); 60m²; 1 vaga | 4 quarto(s); 35m²; Sem vaga,Guarujá,Casa,520000,,,img/guaruja-sobrado.png,Conheça este casa em Vicente de Carvalho; Guarujá. Localização estratégica e estrutura pronta. Sem condomínio. 3 quarto(s); área 60m²; 1 vaga. Sem condomínio. 4 quarto(s); área 35m²; Sem vaga.,
casa-vila-sao-jorge-sao-vicente-1-quarto-s-45m2-2-vagas-3-quarto-s-45m2-sem-vaga,Casa Vila São Jorge; São Vicente | 1 quarto(s); 45m²; 2 vagas | 3 quarto(s); 45m²; Sem vaga,São Vicente,Casa,520000,,,img/sv-casa-terrea.png,Encontre casa em Vila São Jorge; São Vicente. Opção com boa liquidez e valorização no litoral. Condomínio fechado. 1 quarto(s); área 45m²; 2 vagas. Condomínio fechado. 3 quarto(s); área 45m²; Sem vaga.,
casa-em-jardim-sao-lourenco-bertioga-1-quarto-s-60m2-sem-vaga-3-quarto-s-120m2-1-vaga,Casa em Jardim São Lourenço; Bertioga | 1 quarto(s); 60m²; Sem vaga | 3 quarto(s); 120m²; 1 vaga,Bertioga,Casa,950000,,,img/bertioga-apartamento.png,Cadastre-se e receba opções de casa em Jardim São Lourenço; Bertioga. Sem condomínio. 1 quarto(s); área 60m²; Sem vaga. Condomínio com lazer. 3 quarto(s); área 120m²; 1 vaga.,
apartamento-no-cibratel-itanhaem-4-quarto-s-80m2-sem-vaga-3-quarto-s-120m2-2-vagas,Apartamento no Cibratel; Itanhaém | 4 quarto(s); 80m²; Sem vaga | 3 quarto(s); 120m²; 2 vagas,Itanhaém,Apartamento,750000,,,img/itanhaem-terreno.png,Cadastre-se e receba opções de apartamento em Cibratel; Itanhaém. Condomínio fechado. 4 quarto(s); área 80m²; Sem vaga. Sem condomínio. 3 quarto(s); área 120m²; 2 vagas.,
apartamento-no-centro-peruibe-1-quarto-s-100m2-sem-vaga-1-quarto-s-60m2-sem-vaga,Apartamento no Centro; Peruíbe | 1 quarto(s); 100m²; Sem vaga | 1 quarto(s); 60m²; Sem vaga,Peruíbe,Apartamento,950000,,,img/peruibe-chacara.png,Conheça este apartamento em Centro; Peruíbe. Localização estratégica e estrutura pronta. Sem condomínio. 1 quarto(s); área 100m²; Sem vaga. Condomínio com lazer. 1 quarto(s); área 60m²; Sem vaga.,
casa-em-gaivotas-itanhaem-2-quarto-s-35m2-sem-vaga-3-quarto-s-35m2-sem-vaga,Casa em Gaivotas; Itanhaém | 2 quarto(s); 35m²; Sem vaga | 3 quarto(s); 35m²; Sem vaga,Itanhaém,Casa,520000,,,img/itanhaem-terreno.png,Conheça este casa em Gaivotas; Itanhaém. Localização estratégica e estrutura pronta. Condomínio com lazer. 2 quarto(s); área 35m²; Sem vaga. Sem condomínio. 3 quarto(s); área 35m²; Sem vaga.,
casa-em-maracana-praia-grande-1-quarto-s-100m2-1-vaga-2-quarto-s-45m2-sem-vaga,Casa em Maracanã; Praia Grande | 1 quarto(s); 100m²; 1 vaga | 2 quarto(s); 45m²; Sem vaga,Praia Grande,Casa,180000,,,img/pg-studio.png,Encontre casa em Maracanã; Praia Grande. Opção com boa liquidez e valorização no litoral. Condomínio com lazer. 1 quarto(s); área 100m²; 1 vaga. Condomínio com lazer. 2 quarto(s); área 45m²; Sem vaga.,
casa-no-centro-mongagua-4-quarto-s-120m2-2-vagas-2-quarto-s-35m2-2-vagas,Casa no Centro; Mongaguá | 4 quarto(s); 120m²; 2 vagas | 2 quarto(s); 35m²; 2 vagas,Mongaguá,Casa,180000,,,img/mongagua-apartamento.png,Cadastre-se e receba opções de casa em Centro; Mongaguá. Condomínio fechado. 4 quarto(s); área 120m²; 2 vagas. Sem condomínio. 2 quarto(s); área 35m²; 2 vagas.,
apartamento-vila-atlantica-mongagua-3-quarto-s-35m2-2-vagas-3-quarto-s-35m2-2-vagas,Apartamento Vila Atlântica; Mongaguá | 3 quarto(s); 35m²; 2 vagas | 3 quarto(s); 35m²; 2 vagas,Mongaguá,Apartamento,950000,,,img/mongagua-apartamento.png,Encontre apartamento em Vila Atlântica; Mongaguá. Opção com boa liquidez e valorização no litoral. Condomínio com lazer. 3 quarto(s); área 35m²; 2 vagas. Sem condomínio. 3 quarto(s); área 35m²; 2 vagas.,
apartamento-no-pompeia-santos-1-quarto-s-80m2-2-vagas-2-quarto-s-80m2-sem-vaga,Apartamento no Pompeia; Santos | 1 quarto(s); 80m²; 2 vagas | 2 quarto(s); 80m²; Sem vaga,Santos,Apartamento,750000,,,img/santos-apartamento-vista-mar.png,Cadastre-se e receba opções de apartamento em Pompeia; Santos. Sem condomínio. 1 quarto(s); área 80m²; 2 vagas. Sem condomínio. 2 quarto(s); área 80m²; Sem vaga.,
apartamento-em-catiapoa-sao-vicente-4-quarto-s-120m2-1-vaga-1-quarto-s-100m2-sem-vaga,Apartamento em Catiapoa; São Vicente | 4 quarto(s); 120m²; 1 vaga | 1 quarto(s); 100m²; Sem vaga,São Vicente,Apartamento,520000,,,img/sv-casa-terrea.png,Cadastre-se e receba opções de apartamento em Catiapoa; São Vicente. Condomínio com lazer. 4 quarto(s); área 120m²; 1 vaga. Sem condomínio. 1 quarto(s); área 100m²; Sem vaga.,
apartamento-no-agenor-campos-mongagua-2-quarto-s-120m2-sem-vaga-3-quarto-s-35m2-1-vaga,Apartamento no Agenor Campos; Mongaguá | 2 quarto(s); 120m²; Sem vaga | 3 quarto(s); 35m²; 1 vaga,Mongaguá,Apartamento,950000,,,img/mongagua-apartamento.png,Encontre apartamento em Agenor Campos; Mongaguá. Opção com boa liquidez e valorização no litoral. Sem condomínio. 2 quarto(s); área 120m²; Sem vaga. Condomínio com lazer. 3 quarto(s); área 35m²; 1 vaga.,
casa-centro-sao-vicente-3-quarto-s-100m2-sem-vaga-3-quarto-s-60m2-2-vagas,Casa Centro; São Vicente | 3 quarto(s); 100m²; Sem vaga | 3 quarto(s); 60m²; 2 vagas,São Vicente,Casa,950000,,,img/sv-casa-terrea.png,Oportunidade de casa em Centro; São Vicente. Ideal para moradia ou investimento no litoral. Condomínio com lazer. 3 quarto(s); área 100m²; Sem vaga. Condomínio fechado. 3 quarto(s); área 60m²; 2 vagas.,
apartamento-3-quartos-no-gonzaga-santos,Apartamento 3 quartos no Gonzaga — Santos,Santos,Apartamento,630000,,,img/santos-apartamento-gonzaga-3qt.png,Apartamento 3 quartos no Gonzaga com vista mar e lazer completo.,batch9
casa-4-quartos-no-jardim-acapulco-guaruja,Casa 4 quartos no Jardim Acapulco — Guarujá,Guarujá,Casa,780000,,,img/guaruja-casa-jardim-acapulco-4qt.png,Casa 4 quartos no Jardim Acapulco com piscina e churrasqueira.,batch9
cobertura-vista-mar-santos,Cobertura vista mar — Santos,Santos,Cobertura,890000,,,img/santos-cobertura-vista-mar.png,Cobertura vista mar no Gonzaga com piscina privativa.,batch9
studio-financiado-praia-grande,Studio financiado — Praia Grande,Praia Grande,Studio,220000,,,img/praiagrande-studio-financiado.png,Studio financiado em lançamento com amenities.,batch9
casa-terrea-no-centro-itanhaem,Casa térrea no centro — Itanhaém,Itanhaém,Casa,340000,,,img/itanhaem-casa-terrea-centro.png,Casa térrea no centro de Itanhaém com quintal.,batch9
apartamento-compacto-mongagua,Apartamento compacto — Mongaguá,Mongaguá,Apartamento,210000,,,img/mongagua-apartamento-compacto-centro.png,Apartamento compacto no centro de Mongaguá.,batch9
sobrado-geminado-peruibe,Sobrado geminado — Peruíbe,Peruíbe,Sobrado,450000,,,img/peruibe-sobrado-geminado-condo.png,Sobrado geminado em condomínio fechado.,batch9
apartamento-alto-padrao-bertioga,Apartamento alto padrão — Bertioga,Bertioga,Apartamento,950000,,,img/bertioga-apartamento-alto-padrao-vista.png,Apartamento alto padrão com vista mar.,batch9
casa-3-quartos-no-embare-santos,Casa 3 quartos no Embaré — Santos,Santos,Casa,560000,,,img/santos-casa-embare-3qt.png,Casa 3 quartos no Embaré com área de lazer.,batch9
studio-no-centro-guaruja,Studio no centro — Guarujá,Guarujá,Studio,250000,,,img/guaruja-studio-centro.png,Studio no centro do Guarujá com financiamento.,batch9
cobertura-duplex-praia-grande,Cobertura duplex — Praia Grande,Praia Grande,Cobertura,720000,,,img/praiagrande-cobertura-duplex.png,Cobertura duplex com vista mar e lazer.,batch9
casa-no-centro-sao-vicente,Casa no centro — São Vicente,São Vicente,Casa,410000,,,img/saovicente-casa-centro.png,Casa no centro de São Vicente com quintal.,batch9
apartamento-2-quartos-itanhaem,Apartamento 2 quartos — Itanhaém,Itanhaém,Apartamento,290000,,,img/itanhaem-apartamento-2qt-piscina.png,Apartamento 2 quartos em Itanhaém com piscina.,batch9
sobrado-condominio-fechado-mongagua,Sobrado condomínio fechado — Mongaguá,Mongaguá,Sobrado,520000,,,img/mongagua-sobrado-condo.png,Sobrado em condomínio fechado com lazer.,batch9
casa-terrea-na-orla-peruibe,Casa térrea na orla — Peruíbe,Peruíbe,Casa,470000,,,img/peruibe-casa-terra-orla.png,Casa térrea na orla de Peruíbe com vista.,batch9
apartamento-compacto-bertioga,Apartamento compacto — Bertioga,Bertioga,Apartamento,270000,,,img/bertioga-apartamento-compacto.png,Apartamento compacto em Bertioga com financiamento.,batch9
cobertura-vista-mar-guaruja,Cobertura vista mar — Guarujá,Guarujá,Cobertura,820000,,,img/guaruja-cobertura-vista-mar.png,Cobertura vista mar no Guarujá com piscina privativa.,batch9
studio-lancamento-santos,Studio lançamento — Santos,Santos,Studio,300000,,,img/santos-studio-lancamento-gonzaga.png,Studio em lançamento no Gonzaga com financiamento.,batch9
casa-4-quartos-praia-grande,Casa 4 quartos — Praia Grande,Praia Grande,Casa,680000,,,img/praiagrande-casa-4qt-lazer.png,Casa 4 quartos em Praia Grande com lazer.,batch9
apartamento-vista-mar-sao-vicente,Apartamento vista mar — São Vicente,São Vicente,Apartamento,650000,,,img/saovicente-apartamento-vista-mar.png,Apartamento vista mar em São Vicente com 3 quartos.,batch9
apartamento-3-quartos-santos,Apartamento 3 quartos — Santos,Santos,Apartamento,620000,,,img/santos-3qt-gonzaga.png,Apartamento 3 quartos no Gonzaga com vista mar e lazer completo.,batch10
casa-4-quartos-guaruja,Casa 4 quartos — Guarujá,Guarujá,Casa,780000,,,img/guaruja-4qt-acapulco.png,Casa 4 quartos no Jardim Acapulco com piscina e churrasqueira.,batch10
casa-terrea-centro-itanhaem,Casa térrea centro — Itanhaém,Itanhaém,Casa,340000,,,img/itanhaem-terrea-centro.png,Casa térrea no centro de Itanhaém com quintal.,batch10
casa-3-quartos-embare-santos,Casa 3 quartos Embaré — Santos,Santos,Casa,560000,,,img/santos-casa-embare.png,Casa 3 quartos no Embaré com área de lazer.,batch10
studio-centro-guaruja,Studio centro — Guarujá,Guarujá,Studio,250000,,,img/guaruja-studio-centro.png,Studio no centro do Guarujá com financiamento.,batch10
sobrado-condominio-mongagua,Sobrado condomínio — Mongaguá,Mongaguá,Sobrado,520000,,,img/mongagua-sobrado-condo.png,Sobrado em condomínio fechado com lazer.,batch10
casa-terrea-orla-peruibe,Casa térrea orla — Peruíbe,Peruíbe,Casa,470000,,,img/peruibe-terrea-orla.png,Casa térrea na orla de Peruíbe com vista.,batch10
casa-3-quartos-itanhaem,Casa 3 quartos — Itanhaém,Itanhaém,Casa,380000,,,img/itanhaem-3qt-quintal.png,Casa 3 quartos em Itanhaém com quintal.,batch10
apartamento-2-quartos-mongagua,Apartamento 2 quartos — Mongaguá,Mongaguá,Apartamento,230000,,,img/mongagua-2qt-lazer.png,Apartamento 2 quartos em Mongaguá com lazer.,batch10
sobrado-3-quartos-peruibe,Sobrado 3 quartos — Peruíbe,Peruíbe,Sobrado,480000,,,img/peruibe-sobrado-3qt.png,Sobrado 3 quartos em Peruíbe com área gourmet.,batch10
cobertura-3-quartos-bertioga,Cobertura 3 quartos — Bertioga,Bertioga,Cobertura,870000,,,img/bertioga-cobertura-3qt.png,Cobertura 3 quartos em Bertioga com vista mar.,batch10
studio-1-quarto-santos,Studio 1 quarto — Santos,Santos,Studio,240000,,,img/santos-studio-1qt.png,Studio 1 quarto no Gonzaga com financiamento.,batch10
casa-5-quartos-guaruja,Casa 5 quartos — Guarujá,Guarujá,Casa,920000,,,img/guaruja-5qt-pool.png,Casa 5 quartos no Guarujá com piscina e churrasqueira.,batch10
apartamento-4-quartos-praia-grande,Apartamento 4 quartos — Praia Grande,Praia Grande,Apartamento,750000,,,img/pg-apt-4qt-lazer.png,Apartamento 4 quartos em Praia Grande com lazer completo.,batch10
casa-terrea-3-quartos-sao-vicente,Casa térrea 3 quartos — São Vicente,São Vicente,Casa,390000,,,img/sv-casa-terrea-3qt.png,Casa térrea 3 quartos em São Vicente com quintal.,batch10
sobrado-4-quartos-itanhaem,Sobrado 4 quartos — Itanhaém,Itanhaém,Sobrado,560000,,,img/itanhaem-sobrado-4qt.png,Sobrado 4 quartos em Itanhaém com área de lazer.,batch10
apartamento-1-quarto-mongagua,Apartamento 1 quarto — Mongaguá,Mongaguá,Apartamento,190000,,,img/mongagua-1qt.png,Apartamento 1 quarto em Mongaguá com financiamento.,batch10
cobertura-2-quartos-peruibe,Cobertura 2 quartos — Peruíbe,Peruíbe,Cobertura,580000,,,img/peruibe-cobertura-2qt.png,Cobertura 2 quartos em Peruíbe com vista mar.,batch10
casa-3-quartos-bertioga,Casa 3 quartos — Bertioga,Bertioga,Casa,640000,,,img/bertioga-casa-3qt.png,Casa 3 quartos em Bertioga com piscina.,batch10
studio-compacto-santos,Studio compacto — Santos,Santos,Studio,220000,,,img/santos-studio-compacto.png,Studio compacto em Santos com financiamento.,batch10
apartamento-3-quartos-guaruja,Apartamento 3 quartos — Guarujá,Guarujá,Apartamento,590000,,,img/guaruja-apt-3qt-vista.png,Apartamento 3 quartos no Guarujá com vista mar.,batch10
sobrado-3-quartos-sao-vicente,Sobrado 3 quartos — São Vicente,São Vicente,Sobrado,530000,,,img/sv-sobrado-3qt.png,Sobrado 3 quartos em São Vicente com área gourmet.,batch10
casa-terrea-4-quartos-mongagua,Casa térrea 4 quartos — Mongaguá,Mongaguá,Casa,450000,,,img/mongagua-casa-terrea-4qt.png,Casa térrea 4 quartos em Mongaguá com quintal.,batch10
cobertura-4-quartos-peruibe,Cobertura 4 quartos — Peruíbe,Peruíbe,Cobertura,780000,,,img/peruibe-cobertura-4qt.png,Cobertura 4 quartos em Peruíbe com vista mar.,batch10
apartamento-1-quarto-bertioga,Apartamento 1 quarto — Bertioga,Bertioga,Apartamento,240000,,,img/bertioga-apt-1qt.png,Apartamento 1 quarto em Bertioga com financiamento.,batch10
casa-3-quartos-santos,Casa 3 quartos — Santos,Santos,Casa,570000,,,img/santos-casa-3qt-lazer.png,Casa 3 quartos em Santos com área de lazer.,batch10
studio-2-quartos-guaruja,Studio 2 quartos — Guarujá,Guarujá,Studio,270000,,,img/guaruja-studio-2qt.png,Studio 2 quartos no Guarujá com financiamento.,batch10
casa-5-quartos-sao-vicente,Casa 5 quartos — São Vicente,São Vicente,Casa,850000,,,img/sv-casa-5qt.png,Casa 5 quartos em São Vicente com piscina.,batch10
sobrado-2-quartos-itanhaem,Sobrado 2 quartos — Itanhaém,Itanhaém,Sobrado,420000,,,img/itanhaem-sobrado-2qt.png,Sobrado 2 quartos em Itanhaém com área gourmet.,batch10
apartamento-3-quartos-mongagua,Apartamento 3 quartos — Mongaguá,Mongaguá,Apartamento,320000,,,img/mongagua-apt-3qt.png,Apartamento 3 quartos em Mongaguá com lazer.,batch10
cobertura-1-quarto-peruibe,Cobertura 1 quarto — Peruíbe,Peruíbe,Cobertura,520000,,,img/peruibe-cobertura-1qt.png,Cobertura 1 quarto em Peruíbe com vista mar.,batch10
casa-4-quartos-bertioga,Casa 4 quartos — Bertioga,Bertioga,Casa,680000,,,img/bertioga-casa-4qt.png,Casa 4 quartos em Bertioga com piscina.,batch10
apartamento-2-quartos-guaruja,Apartamento 2 quartos — Guarujá,Guarujá,Apartamento,380000,,,img/guaruja-apt-2qt.png,Apartamento 2 quartos no Guarujá com lazer.,batch10
casa-3-quartos-praia-grande,Casa 3 quartos — Praia Grande,Praia Grande,Casa,550000,,,img/pg-casa-3qt-quintal.png,Casa 3 quartos em Praia Grande com quintal.,batch10
apartamento-novo-no-gonzaga-santos,Apartamento novo no Gonzaga — Santos,Santos,Apartamento,550000,,,img/santos-apartamento-vista-mar.png,Apartamento novo no Gonzaga com vista mar; lazer completo e fácil acesso à orla.,properties_batch8
casa-terrea-no-jardim-acapulco-guaruja,Casa térrea no Jardim Acapulco — Guarujá,Guarujá,Casa,620000,,,img/guaruja-casa-jardim-acapulco.png,Casa térrea com piscina; churrasqueira e quintal no Jardim Acapulco.,properties_batch8
studio-moderno-na-vila-tupi-praia-grande,Studio moderno na Vila Tupi — Praia Grande,Praia Grande,Studio,280000,,,img/praiagrande-studio-vila-tupi.png,Studio moderno com financiamento facilitado na Vila Tupi.,properties_batch8
cobertura-duplex-no-centro-sao-vicente,Cobertura duplex no centro — São Vicente,São Vicente,Cobertura,780000,,,img/saovicente-cobertura-duplex.png,Cobertura duplex com piscina privativa e vista panorâmica.,properties_batch8
sobrado-geminado-em-centro-peruibe,Sobrado geminado em Centro — Peruíbe,Peruíbe,Sobrado,480000,,,img/peruibe-sobrado-geminado.png,Sobrado geminado com área de lazer em condomínio fechado.,properties_batch8
apartamento-compacto-no-centro-mongagua,Apartamento compacto no centro — Mongaguá,Mongaguá,Apartamento,240000,,,img/mongagua-apartamento-compacto.png,Apartamento compacto com financiamento facilitado no centro de Mongaguá.,properties_batch8
casa-no-centro-com-quintal-itanhaem,Casa no centro com quintal — Itanhaém,Itanhaém,Casa,390000,,,img/itanhaem-casa-centro.png,Casa térrea no centro de Itanhaém com quintal e estrutura para ampliação.,properties_batch8
casa-com-piscina-guaruja,Casa com piscina — Guarujá,Guarujá,Casa,920000,,,img/guaruja-casa-piscina.png,Casa com piscina; churrasqueira e lazer completo no Guarujá.,properties_batch8
studio-lancamento-praia-grande,Studio lançamento — Praia Grande,Praia Grande,Studio,310000,,,img/praiagrande-studio-lancamento.png,Studio em lançamento com financiamento facilitado em Praia Grande.,properties_batch8
cobertura-vista-mar-sao-vicente,Cobertura vista mar — São Vicente,São Vicente,Cobertura,850000,,,img/saovicente-cobertura-vista-mar.png,Cobertura com vista mar e piscina privativa em São Vicente.,properties_batch8
sobrado-condominio-peruibe,Sobrado condomínio — Peruíbe,Peruíbe,Sobrado,510000,,,img/peruibe-sobrado-condominio.png,Sobrado em condomínio fechado com lazer e segurança em Peruíbe.,properties_batch8
apartamento-compacto-financiamento-mongagua,Apartamento compacto financiamento — Mongaguá,Mongaguá,Apartamento,260000,,,img/mongagua-apartamento-financiamento.png,Apartamento compacto com financiamento facilitado em Mongaguá.,properties_batch8
casa-terrea-ampla-itanhaem,Casa térrea ampla — Itanhaém,Itanhaém,Casa,420000,,,img/itanhaem-casa-terrea.png,Casa térrea ampla em Itanhaém com área de convivência.,properties_batch8
apartamento-2-quartos-santos,Apartamento 2 quartos — Santos,Santos,Apartamento,520000,,,img/santos-2qt-gonzaga.png,Apartamento 2 quartos no Gonzaga com vista mar e lazer completo.,properties_batch11
casa-3-quartos-guaruja,Casa 3 quartos — Guarujá,Guarujá,Casa,750000,,,img/guaruja-3qt-acapulco.png,Casa 3 quartos no Jardim Acapulco com piscina e churrasqueira.,properties_batch11
cobertura-2-quartos-santos,Cobertura 2 quartos — Santos,Santos,Cobertura,920000,,,img/santos-cobertura-2qt.png,Cobertura 2 quartos no Gonzaga com piscina privativa.,properties_batch11
studio-1-quarto-praia-grande,Studio 1 quarto — Praia Grande,Praia Grande,Studio,210000,,,img/pg-studio-1qt.png,Studio 1 quarto em lançamento com amenities.,properties_batch11
casa-terrea-itanhaem,Casa térrea — Itanhaém,Itanhaém,Casa,360000,,,img/itanhaem-terrea.png,Casa térrea em Itanhaém com quintal e área gourmet.,properties_batch11
sobrado-4-quartos-peruibe,Sobrado 4 quartos — Peruíbe,Peruíbe,Sobrado,580000,,,img/peruibe-sobrado-4qt.png,Sobrado 4 quartos em condomínio fechado com lazer.,properties_batch11
casa-4-quartos-santos,Casa 4 quartos — Santos,Santos,Casa,680000,,,img/santos-casa-4qt.png,Casa 4 quartos no Embaré com área de lazer.,properties_batch11
casa-terrea-sao-vicente,Casa térrea — São Vicente,São Vicente,Casa,430000,,,img/sv-casa-terrea.png,Casa térrea em São Vicente com quintal espaçoso.,properties_batch11
apartamento-3-quartos-itanhaem,Apartamento 3 quartos — Itanhaém,Itanhaém,Apartamento,320000,,,img/itanhaem-apt-3qt.png,Apartamento 3 quartos em Itanhaém com piscina.,properties_batch11
sobrado-5-quartos-mongagua,Sobrado 5 quartos — Mongaguá,Mongaguá,Sobrado,620000,,,img/mongagua-sobrado-5qt.png,Sobrado 5 quartos em Mongaguá com área gourmet.,properties_batch11
casa-4-quartos-peruibe,Casa 4 quartos — Peruíbe,Peruíbe,Casa,520000,,,img/peruibe-casa-4qt.png,Casa 4 quartos em Peruíbe com piscina e churrasqueira.,properties_batch11
apartamento-2-quartos-bertioga,Apartamento 2 quartos — Bertioga,Bertioga,Apartamento,290000,,,img/bertioga-apt-2qt.png,Apartamento 2 quartos em Bertioga com financiamento.,properties_batch11
cobertura-4-quartos-santos,Cobertura 4 quartos — Santos,Santos,Cobertura,1100000,,,img/santos-cobertura-4qt.png,Cobertura 4 quartos no Gonzaga com vista mar infinita.,properties_batch11
studio-compacto-guaruja,Studio compacto — Guarujá,Guarujá,Studio,240000,,,img/guaruja-studio-compacto.png,Studio compacto no Guarujá com financiamento.,properties_batch11
apartamento-3-quartos-praia-grande,Apartamento 3 quartos — Praia Grande,Praia Grande,Apartamento,600000,,,img/pg-apt-3qt-lazer.png,Apartamento 3 quartos em Praia Grande com lazer completo.,properties_batch11
casa-3-quartos-sao-vicente,Casa 3 quartos — São Vicente,São Vicente,Casa,480000,,,img/sv-casa-3qt.png,Casa 3 quartos em São Vicente com quintal.,properties_batch11
apartamento-1-quarto-itanhaem,Apartamento 1 quarto — Itanhaém,Itanhaém,Apartamento,200000,,,img/itanhaem-apt-1qt.png,Apartamento 1 quarto em Itanhaém com financiamento.,properties_batch11
casa-2-quartos-bertioga,Casa 2 quartos — Bertioga,Bertioga,Casa,390000,,,img/bertioga-casa-2qt.png,Casa 2 quartos em Bertioga com quintal.,properties_batch11
cobertura-1-quarto-santos,Cobertura 1 quarto — Santos,Santos,Cobertura,650000,,,img/santos-cobertura-1qt.png,Cobertura 1 quarto no Gonzaga com vista mar.,properties_batch11
studio-financiado-guaruja,Studio financiado — Guarujá,Guarujá,Studio,230000,,,img/guaruja-studio-financiado.png,Studio financiado em lançamento no Guarujá.,properties_batch11
cobertura-3-quartos-peruibe,Cobertura 3 quartos — Peruíbe,Peruíbe,Cobertura,850000,,,img/peruibe-cobertura-3qt.png,Cobertura 3 quartos em Peruíbe com vista mar.,properties_batch11
apartamento-3-quartos-alto-padrao-santos,Apartamento 3 quartos alto padrão — Santos,Santos,Apartamento,1200000,,,img/santos-3qt-alto-padrao.png,Apartamento 3 quartos alto padrão no Gonzaga com vista mar e acabamentos premium.,properties_batch12
casa-terrea-condominio-guaruja,Casa térrea condomínio — Guarujá,Guarujá,Casa,850000,,,img/guaruja-terrea-condo.png,Casa térrea em condomínio fechado no Guarujá com lazer completo.,properties_batch12
apartamento-piscina-santos,Apartamento piscina — Santos,Santos,Apartamento,,,,img/apartamentopiscinasantos.png,Apartamento piscina — Santos com ótima localização no litoral de SP.,properties_batch12
apartamento-churrasqueira-santos,Apartamento churrasqueira — Santos,Santos,Apartamento,,,,img/apartamentochurrasqueirasantos.png,Apartamento churrasqueira — Santos com ótima localização no litoral de SP.,properties_batch12
apartamento-lazer-completo-santos,Apartamento lazer completo — Santos,Santos,Apartamento,,,,img/apartamentolazercompletosantos.png,Apartamento lazer completo — Santos com ótima localização no litoral de SP.,properties_batch12
apartamento-financiamento-santos,Apartamento financiamento — Santos,Santos,Apartamento,,,,img/apartamentofinanciamentosantos.png,Apartamento financiamento — Santos com ótima localização no litoral de SP.,properties_batch12
apartamento-condominio-fechado-santos,Apartamento condomínio fechado — Santos,Santos,Apartamento,,,,img/apartamentocondominiofechadosa.png,Apartamento condomínio fechado — Santos com ótima localização no litoral de SP.,properties_batch12
apartamento-quintal-santos,Apartamento quintal — Santos,Santos,Apartamento,,,,img/apartamentoquintalsantos.png,Apartamento quintal — Santos com ótima localização no litoral de SP.,properties_batch12
apartamento-area-gourmet-santos,Apartamento área gourmet — Santos,Santos,Apartamento,,,,img/apartamentoareagourmetsantos.png,Apartamento área gourmet — Santos com ótima localização no litoral de SP.,properties_batch12
apartamento-alto-padrao-santos,Apartamento alto padrão — Santos,Santos,Apartamento,,,,img/apartamentoaltopadraosantos.png,Apartamento alto padrão — Santos com ótima localização no litoral de SP.,properties_batch12
apartamento-lancamento-santos,Apartamento lançamento — Santos,Santos,Apartamento,,,,img/apartamentolancamentosantos.png,Apartamento lançamento — Santos com ótima localização no litoral de SP.,properties_batch12
apartamento-centro-santos,Apartamento centro — Santos,Santos,Apartamento,,,,img/apartamentocentrosantos.png,Apartamento centro — Santos com ótima localização no litoral de SP.,properties_batch12
apartamento-orla-santos,Apartamento orla — Santos,Santos,Apartamento,,,,img/apartamentoorlasantos.png,Apartamento orla — Santos com ótima localização no litoral de SP.,properties_batch12
apartamento-jardim-santos,Apartamento jardim — Santos,Santos,Apartamento,,,,img/apartamentojardimsantos.png,Apartamento jardim — Santos com ótima localização no litoral de SP.,properties_batch12
apartamento-cobertura-santos,Apartamento cobertura — Santos,Santos,Apartamento,,,,img/apartamentocoberturasantos.png,Apartamento cobertura — Santos com ótima localização no litoral de SP.,properties_batch12
apartamento-duplex-santos,Apartamento duplex — Santos,Santos,Apartamento,,,,img/apartamentoduplexsantos.png,Apartamento duplex — Santos com ótima localização no litoral de SP.,properties_batch12
apartamento-compacto-santos,Apartamento compacto — Santos,Santos,Apartamento,,,,img/apartamentocompactosantos.png,Apartamento compacto — Santos com ótima localização no litoral de SP.,properties_batch12
apartamento-terrea-santos,Apartamento térrea — Santos,Santos,Apartamento,,,,img/apartamentoterreasantos.png,Apartamento térrea — Santos com ótima localização no litoral de SP.,properties_batch12
apartamento-geminado-santos,Apartamento geminado — Santos,Santos,Apartamento,,,,img/apartamentogeminadosantos.png,Apartamento geminado — Santos com ótima localização no litoral de SP.,properties_batch12
apartamento-4-quartos-santos,Apartamento 4 quartos — Santos,Santos,Apartamento,,,,img/apartamento4quartossantos.png,Apartamento 4 quartos — Santos com ótima localização no litoral de SP.,properties_batch12
apartamento-5-quartos-santos,Apartamento 5 quartos — Santos,Santos,Apartamento,,,,img/apartamento5quartossantos.png,Apartamento 5 quartos — Santos com ótima localização no litoral de SP.,properties_batch12
apartamento-1-quarto-santos,Apartamento 1 quarto — Santos,Santos,Apartamento,,,,img/apartamento1quartosantos.png,Apartamento 1 quarto — Santos com ótima localização no litoral de SP.,properties_batch12
casa-vista-mar-santos,Casa vista mar — Santos,Santos,Casa,,,,img/casavistamarsantos.png,Casa vista mar — Santos com ótima localização no litoral de SP.,properties_batch12
casa-piscina-santos,Casa piscina — Santos,Santos,Casa,,,,img/casapiscinasantos.png,Casa piscina — Santos com ótima localização no litoral de SP.,properties_batch12
casa-churrasqueira-santos,Casa churrasqueira — Santos,Santos,Casa,,,,img/casachurrasqueirasantos.png,Casa churrasqueira — Santos com ótima localização no litoral de SP.,properties_batch12
casa-lazer-completo-santos,Casa lazer completo — Santos,Santos,Casa,,,,img/casalazercompletosantos.png,Casa lazer completo — Santos com ótima localização no litoral de SP.,properties_batch12
casa-financiamento-santos,Casa financiamento — Santos,Santos,Casa,,,,img/casafinanciamentosantos.png,Casa financiamento — Santos com ótima localização no litoral de SP.,properties_batch12
casa-condominio-fechado-santos,Casa condomínio fechado — Santos,Santos,Casa,,,,img/casacondominiofechadosantos.png,Casa condomínio fechado — Santos com ótima localização no litoral de SP.,properties_batch12
casa-quintal-santos,Casa quintal — Santos,Santos,Casa,,,,img/casaquintalsantos.png,Casa quintal — Santos com ótima localização no litoral de SP.,properties_batch12
casa-area-gourmet-santos,Casa área gourmet — Santos,Santos,Casa,,,,img/casaareagourmetsantos.png,Casa área gourmet — Santos com ótima localização no litoral de SP.,properties_batch12
casa-alto-padrao-santos,Casa alto padrão — Santos,Santos,Casa,,,,img/casaaltopadraosantos.png,Casa alto padrão — Santos com ótima localização no litoral de SP.,properties_batch12
casa-lancamento-santos,Casa lançamento — Santos,Santos,Casa,,,,img/casalancamentosantos.png,Casa lançamento — Santos com ótima localização no litoral de SP.,properties_batch12
casa-centro-santos,Casa centro — Santos,Santos,Casa,,,,img/casacentrosantos.png,Casa centro — Santos com ótima localização no litoral de SP.,properties_batch12
casa-orla-santos,Casa orla — Santos,Santos,Casa,,,,img/casaorlasantos.png,Casa orla — Santos com ótima localização no litoral de SP.,properties_batch12
casa-jardim-santos,Casa jardim — Santos,Santos,Casa,,,,img/casajardimsantos.png,Casa jardim — Santos com ótima localização no litoral de SP.,properties_batch12
casa-cobertura-santos,Casa cobertura — Santos,Santos,Casa,,,,img/casacoberturasantos.png,Casa cobertura — Santos com ótima localização no litoral de SP.,properties_batch12
casa-duplex-santos,Casa duplex — Santos,Santos,Casa,,,,img/casaduplexsantos.png,Casa duplex — Santos com ótima localização no litoral de SP.,properties_batch12
casa-compacto-santos,Casa compacto — Santos,Santos,Casa,,,,img/casacompactosantos.png,Casa compacto — Santos com ótima localização no litoral de SP.,properties_batch12
casa-terrea-santos,Casa térrea — Santos,Santos,Casa,,,,img/casaterreasantos.png,Casa térrea — Santos com ótima localização no litoral de SP.,properties_batch12
casa-geminado-santos,Casa geminado — Santos,Santos,Casa,,,,img/casageminadosantos.png,Casa geminado — Santos com ótima localização no litoral de SP.,properties_batch12
casa-2-quartos-santos,Casa 2 quartos — Santos,Santos,Casa,,,,img/casa2quartossantos.png,Casa 2 quartos — Santos com ótima localização no litoral de SP.,properties_batch12
casa-5-quartos-santos,Casa 5 quartos — Santos,Santos,Casa,,,,img/casa5quartossantos.png,Casa 5 quartos — Santos com ótima localização no litoral de SP.,properties_batch12
casa-1-quarto-santos,Casa 1 quarto — Santos,Santos,Casa,,,,img/casa1quartosantos.png,Casa 1 quarto — Santos com ótima localização no litoral de SP.,properties_batch12
cobertura-piscina-santos,Cobertura piscina — Santos,Santos,Cobertura,,,,img/coberturapiscinasantos.png,Cobertura piscina — Santos com ótima localização no litoral de SP.,properties_batch12
cobertura-churrasqueira-santos,Cobertura churrasqueira — Santos,Santos,Cobertura,,,,img/coberturachurrasqueirasantos.png,Cobertura churrasqueira — Santos com ótima localização no litoral de SP.,properties_batch12
cobertura-lazer-completo-santos,Cobertura lazer completo — Santos,Santos,Cobertura,,,,img/coberturalazercompletosantos.png,Cobertura lazer completo — Santos com ótima localização no litoral de SP.,properties_batch12
cobertura-financiamento-santos,Cobertura financiamento — Santos,Santos,Cobertura,,,,img/coberturafinanciamentosantos.png,Cobertura financiamento — Santos com ótima localização no litoral de SP.,properties_batch12
cobertura-condominio-fechado-santos,Cobertura condomínio fechado — Santos,Santos,Cobertura,,,,img/coberturacondominiofechadosant.png,Cobertura condomínio fechado — Santos com ótima localização no litoral de SP.,properties_batch12
cobertura-quintal-santos,Cobertura quintal — Santos,Santos,Cobertura,,,,img/coberturaquintalsantos.png,Cobertura quintal — Santos com ótima localização no litoral de SP.,properties_batch12
cobertura-area-gourmet-santos,Cobertura área gourmet — Santos,Santos,Cobertura,,,,img/coberturaareagourmetsantos.png,Cobertura área gourmet — Santos com ótima localização no litoral de SP.,properties_batch12
cobertura-alto-padrao-santos,Cobertura alto padrão — Santos,Santos,Cobertura,,,,img/coberturaaltopadraosantos.png,Cobertura alto padrão — Santos com ótima localização no litoral de SP.,properties_batch12
cobertura-lancamento-santos,Cobertura lançamento — Santos,Santos,Cobertura,,,,img/coberturalancamentosantos.png,Cobertura lançamento — Santos com ótima localização no litoral de SP.,properties_batch12
cobertura-centro-santos,Cobertura centro — Santos,Santos,Cobertura,,,,img/coberturacentrosantos.png,Cobertura centro — Santos com ótima localização no litoral de SP.,properties_batch12
cobertura-orla-santos,Cobertura orla — Santos,Santos,Cobertura,,,,img/coberturaorlasantos.png,Cobertura orla — Santos com ótima localização no litoral de SP.,properties_batch12
cobertura-jardim-santos,Cobertura jardim — Santos,Santos,Cobertura,,,,img/coberturajardimsantos.png,Cobertura jardim — Santos com ótima localização no litoral de SP.,properties_batch12
cobertura-cobertura-santos,Cobertura cobertura — Santos,Santos,Cobertura,,,,img/coberturacoberturasantos.png,Cobertura cobertura — Santos com ótima localização no litoral de SP.,properties_batch12
cobertura-compacto-santos,Cobertura compacto — Santos,Santos,Cobertura,,,,img/coberturacompactosantos.png,Cobertura compacto — Santos com ótima localização no litoral de SP.,properties_batch12
cobertura-terrea-santos,Cobertura térrea — Santos,Santos,Cobertura,,,,img/coberturaterreasantos.png,Cobertura térrea — Santos com ótima localização no litoral de SP.,properties_batch12
cobertura-geminado-santos,Cobertura geminado — Santos,Santos,Cobertura,,,,img/coberturageminadosantos.png,Cobertura geminado — Santos com ótima localização no litoral de SP.,properties_batch12
cobertura-3-quartos-santos,Cobertura 3 quartos — Santos,Santos,Cobertura,,,,img/cobertura3quartossantos.png,Cobertura 3 quartos — Santos com ótima localização no litoral de SP.,properties_batch12
cobertura-5-quartos-santos,Cobertura 5 quartos — Santos,Santos,Cobertura,,,,img/cobertura5quartossantos.png,Cobertura 5 quartos — Santos com ótima localização no litoral de SP.,properties_batch12
studio-vista-mar-santos,Studio vista mar — Santos,Santos,Studio,,,,img/studiovistamarsantos.png,Studio vista mar — Santos com ótima localização no litoral de SP.,properties_batch12
studio-piscina-santos,Studio piscina — Santos,Santos,Studio,,,,img/studiopiscinasantos.png,Studio piscina — Santos com ótima localização no litoral de SP.,properties_batch12
studio-churrasqueira-santos,Studio churrasqueira — Santos,Santos,Studio,,,,img/studiochurrasqueirasantos.png,Studio churrasqueira — Santos com ótima localização no litoral de SP.,properties_batch12
studio-lazer-completo-santos,Studio lazer completo — Santos,Santos,Studio,,,,img/studiolazercompletosantos.png,Studio lazer completo — Santos com ótima localização no litoral de SP.,properties_batch12
studio-financiamento-santos,Studio financiamento — Santos,Santos,Studio,,,,img/studiofinanciamentosantos.png,Studio financiamento — Santos com ótima localização no litoral de SP.,properties_batch12
studio-condominio-fechado-santos,Studio condomínio fechado — Santos,Santos,Studio,,,,img/studiocondominiofechadosantos.png,Studio condomínio fechado — Santos com ótima localização no litoral de SP.,properties_batch12
studio-quintal-santos,Studio quintal — Santos,Santos,Studio,,,,img/studioquintalsantos.png,Studio quintal — Santos com ótima localização no litoral de SP.,properties_batch12
studio-area-gourmet-santos,Studio área gourmet — Santos,Santos,Studio,,,,img/studioareagourmetsantos.png,Studio área gourmet — Santos com ótima localização no litoral de SP.,properties_batch12
studio-alto-padrao-santos,Studio alto padrão — Santos,Santos,Studio,,,,img/studioaltopadraosantos.png,Studio alto padrão — Santos com ótima localização no litoral de SP.,properties_batch12
studio-centro-santos,Studio centro — Santos,Santos,Studio,,,,img/studiocentrosantos.png,Studio centro — Santos com ótima localização no litoral de SP.,properties_batch12
studio-orla-santos,Studio orla — Santos,Santos,Studio,,,,img/studioorlasantos.png,Studio orla — Santos com ótima localização no litoral de SP.,properties_batch12
studio-jardim-santos,Studio jardim — Santos,Santos,Studio,,,,img/studiojardimsantos.png,Studio jardim — Santos com ótima localização no litoral de SP.,properties_batch12
studio-cobertura-santos,Studio cobertura — Santos,Santos,Studio,,,,img/studiocoberturasantos.png,Studio cobertura — Santos com ótima localização no litoral de SP.,properties_batch12
studio-duplex-santos,Studio duplex — Santos,Santos,Studio,,,,img/studioduplexsantos.png,Studio duplex — Santos com ótima localização no litoral de SP.,properties_batch12
studio-terrea-santos,Studio térrea — Santos,Santos,Studio,,,,img/studioterreasantos.png,Studio térrea — Santos com ótima localização no litoral de SP.,properties_batch12
studio-geminado-santos,Studio geminado — Santos,Santos,Studio,,,,img/studiogeminadosantos.png,Studio geminado — Santos com ótima localização no litoral de SP.,properties_batch12
studio-2-quartos-santos,Studio 2 quartos — Santos,Santos,Studio,,,,img/studio2quartossantos.png,Studio 2 quartos — Santos com ótima localização no litoral de SP.,properties_batch12
studio-3-quartos-santos,Studio 3 quartos — Santos,Santos,Studio,,,,img/studio3quartossantos.png,Studio 3 quartos — Santos com ótima localização no litoral de SP.,properties_batch12
studio-4-quartos-santos,Studio 4 quartos — Santos,Santos,Studio,,,,img/studio4quartossantos.png,Studio 4 quartos — Santos com ótima localização no litoral de SP.,properties_batch12
studio-5-quartos-santos,Studio 5 quartos — Santos,Santos,Studio,,,,img/studio5quartossantos.png,Studio 5 quartos — Santos com ótima localização no litoral de SP.,properties_batch12
sobrado-vista-mar-santos,Sobrado vista mar — Santos,Santos,Sobrado,,,,img/sobradovistamarsantos.png,Sobrado vista mar — Santos com ótima localização no litoral de SP.,properties_batch12