nome,telefone,cidade_interesse,tipo_interesse,estagio,mensagem,whatsapp_link,data_acao,score,classificacao,janela_followup,sugestao_proxima_mensagem
Ana Santos,551438908386,Santos,Venda,primeiro_contato,"Olá, Ana Santos! Tudo bem? Vi que você tem interesse em Venda na região de Santos. Quer que eu envie 3 opções compatíveis com o seu perfil?",https://wa.me/551438908386?text=Ol%C3%A1%2C%20Ana%20Santos%21%20Tudo%20bem%3F%20Vi%20que%20voc%C3%AA%20tem%20interesse%20em%20Venda%20na%20regi%C3%A3o%20de%20Santos.%20Quer%20que%20eu%20envie%203%20opç%C3%B5es%20compat%C3%ADveis%20com%20o%20seu%20perfil%3F,2026-07-23,60,alto,até 24h,"Ana Santos, lembrete: temos opções de Venda em Santos alinhadas com sua busca. Quer que eu envie a pré-seleção?"
Wanessa Martins,551461939909,Praia Grande,Venda,primeiro_contato,"Olá, Wanessa Martins! Tudo bem? Vi que você tem interesse em Venda na região de Praia Grande. Quer que eu envie 3 opções compatíveis com o seu perfil?",https://wa.me/551461939909?text=Ol%C3%A1%2C%20Wanessa%20Martins%21%20Tudo%20bem%3F%20Vi%20que%20voc%C3%AA%20tem%20interesse%20em%20Venda%20na%20regi%C3%A3o%20de%20Praia%20Grande.%20Quer%20que%20eu%20envie%203%20opç%C3%B5es%20compat%C3%ADveis%20com%20o%20seu%20perfil%3F,2026-07-23,60,alto,até 24h,"Wanessa Martins, lembrete: temos opções de Venda em Praia Grande alinhadas com sua busca. Quer que eu envie a pré-seleção?"
Mariana Dias,5513944445555,Bertioga,Venda,primeiro_contato,"Olá, Mariana Dias! Tudo bem? Vi que você tem interesse em Venda na região de Bertioga. Quer que eu envie 3 opções compatíveis com o seu perfil?",https://wa.me/5513944445555?text=Ol%C3%A1%2C%20Mariana%20Dias%21%20Tudo%20bem%3F%20Vi%20que%20voc%C3%AA%20tem%20interesse%20em%20Venda%20na%20regi%C3%A3o%20de%20Bertioga.%20Quer%20que%20eu%20envie%203%20opç%C3%B5es%20compat%C3%ADveis%20com%20o%20seu%20perfil%3F,2026-07-23,60,alto,até 24h,"Mariana Dias, lembrete: temos opções de Venda em Bertioga alinhadas com sua busca. Quer que eu envie a pré-seleção?"
Eduardo Mendes,551613542784,Bertioga,Venda,primeiro_contato,"Olá, Eduardo Mendes! Tudo bem? Vi que você tem interesse em Venda na região de Bertioga. Quer que eu envie 3 opções compatíveis com o seu perfil?",https://wa.me/551613542784?text=Ol%C3%A1%2C%20Eduardo%20Mendes%21%20Tudo%20bem%3F%20Vi%20que%20voc%C3%AA%20tem%20interesse%20em%20Venda%20na%20regi%C3%A3o%20de%20Bertioga.%20Quer%20que%20eu%20envie%203%20opç%C3%B5es%20compat%C3%ADveis%20com%20o%20seu%20perfil%3F,2026-07-23,60,alto,até 24h,"Eduardo Mendes, lembrete: temos opções de Venda em Bertioga alinhadas com sua busca. Quer que eu envie a pré-seleção?"
Ursula Souza,551634874016,Bertioga,Venda,primeiro_contato,"Olá, Ursula Souza! Tudo bem? Vi que você tem interesse em Venda na região de Bertioga. Quer que eu envie 3 opções compatíveis com o seu perfil?",https://wa.me/551634874016?text=Ol%C3%A1%2C%20Ursula%20Souza%21%20Tudo%20bem%3F%20Vi%20que%20voc%C3%AA%20tem%20interesse%20em%20Venda%20na%20regi%C3%A3o%20de%20Bertioga.%20Quer%20que%20eu%20envie%203%20opç%C3%B5es%20compat%C3%ADveis%20com%20o%20seu%20perfil%3F,2026-07-23,60,alto,até 24h,"Ursula Souza, lembrete: temos opções de Venda em Bertioga alinhadas com sua busca. Quer que eu envie a pré-seleção?"
Bruno Silva,551624278680,Bertioga,Venda,primeiro_contato,"Olá, Bruno Silva! Tudo bem? Vi que você tem interesse em Venda na região de Bertioga. Quer que eu envie 3 opções compatíveis com o seu perfil?",https://wa.me/551624278680?text=Ol%C3%A1%2C%20Bruno%20Silva%21%20Tudo%20bem%3F%20Vi%20que%20voc%C3%AA%20tem%20interesse%20em%20Venda%20na%20regi%C3%A3o%20de%20Bertioga.%20Quer%20que%20eu%20envie%203%20opç%C3%B5es%20compat%C3%ADveis%20com%20o%20seu%20perfil%3F,2026-07-23,60,alto,até 24h,"Bruno Silva, lembrete: temos opções de Venda em Bertioga alinhadas com sua busca. Quer que eu envie a pré-seleção?"
Eduardo Ribeiro,551159826204,Bertioga,Venda,primeiro_contato,"Olá, Eduardo Ribeiro! Tudo bem? Vi que você tem interesse em Venda na região de Bertioga. Quer que eu envie 3 opções compatíveis com o seu perfil?",https://wa.me/551159826204?text=Ol%C3%A1%2C%20Eduardo%20Ribeiro%21%20Tudo%20bem%3F%20Vi%20que%20voc%C3%AA%20tem%20interesse%20em%20Venda%20na%20regi%C3%A3o%20de%20Bertioga.%20Quer%20que%20eu%20envie%203%20opç%C3%B5es%20compat%C3%ADveis%20com%20o%20seu%20perfil%3F,2026-07-23,60,alto,até 24h,"Eduardo Ribeiro, lembrete: temos opções de Venda em Bertioga alinhadas com sua busca. Quer que eu envie a pré-seleção?"
Bruno Mendes,551633158692,Bertioga,Venda,primeiro_contato,"Olá, Bruno Mendes! Tudo bem? Vi que você tem interesse em Venda na região de Bertioga. Quer que eu envie 3 opções compatíveis com o seu perfil?",https://wa.me/551633158692?text=Ol%C3%A1%2C%20Bruno%20Mendes%21%20Tudo%20bem%3F%20Vi%20que%20voc%C3%AA%20tem%20interesse%20em%20Venda%20na%20regi%C3%A3o%20de%20Bertioga.%20Quer%20que%20eu%20envie%203%20opç%C3%B5es%20compat%C3%ADveis%20com%20o%20seu%20perfil%3F,2026-07-23,60,alto,até 24h,"Bruno Mendes, lembrete: temos opções de Venda em Bertioga alinhadas com sua busca. Quer que eu envie a pré-seleção?"
Helena Martins,551326025634,Bertioga,Venda,primeiro_contato,"Olá, Helena Martins! Tudo bem? Vi que você tem interesse em Venda na região de Bertioga. Quer que eu envie 3 opções compatíveis com o seu perfil?",https://wa.me/551326025634?text=Ol%C3%A1%2C%20Helena%20Martins%21%20Tudo%20bem%3F%20Vi%20que%20voc%C3%AA%20tem%20interesse%20em%20Venda%20na%20regi%C3%A3o%20de%20Bertioga.%20Quer%20que%20eu%20envie%203%20opç%C3%B5es%20compat%C3%ADveis%20com%20o%20seu%20perfil%3F,2026-07-23,60,alto,até 24h,"Helena Martins, lembrete: temos opções de Venda em Bertioga alinhadas com sua busca. Quer que eu envie a pré-seleção?"
Ana Santos,551438908386,Santos,Venda,reengajamento,"Olá, Ana Santos! Lembrete rápido: a Litoral Prime Imóveis tem novas opções no litoral de SP. Quer que eu envie as melhores oportunidades desta semana?",https://wa.me/551438908386?text=Ol%C3%A1%2C%20Ana%20Santos%21%20Lembrete%20r%C3%A1pido:%20a%20Litoral%20Prime%20Im%C3%B3veis%20tem%20novas%20opç%C3%B5es%20no%20litoral%20de%20SP.%20Quer%20que%20eu%20envie%20as%20melhores%20oportunidades%20desta%20semana%3F,2026-07-23,60,alto,até 24h,"Ana Santos, sem resposta ainda sobre Venda em Santos. Posso reenviar opções atualizadas?"
Wanessa Martins,551461939909,Praia Grande,Venda,reengajamento,"Olá, Wanessa Martins! Lembrete rápido: a Litoral Prime Imóveis tem novas opções no litoral de SP. Quer que eu envie as melhores oportunidades desta semana?",https://wa.me/551461939909?text=Ol%C3%A1%2C%20Wanessa%20Martins%21%20Lembrete%20r%C3%A1pido:%20a%20Litoral%20Prime%20Im%C3%B3veis%20tem%20novas%20opç%C3%B5es%20no%20litoral%20de%20SP.%20Quer%20que%20eu%20envie%20as%20melhores%20oportunidades%20desta%20semana%3F,2026-07-23,60,alto,até 24h,"Wanessa Martins, sem resposta ainda sobre Venda em Praia Grande. Posso reenviar opções atualizadas?"
Mariana Dias,5513944445555,Bertioga,Venda,reengajamento,"Olá, Mariana Dias! Lembrete rápido: a Litoral Prime Imóveis tem novas opções no litoral de SP. Quer que eu envie as melhores oportunidades desta semana?",https://wa.me/5513944445555?text=Ol%C3%A1%2C%20Mariana%20Dias%21%20Lembrete%20r%C3%A1pido:%20a%20Litoral%20Prime%20Im%C3%B3veis%20tem%20novas%20opç%C3%B5es%20no%20litoral%20de%20SP.%20Quer%20que%20eu%20envie%20as%20melhores%20oportunidades%20desta%20semana%3F,2026-07-23,60,alto,até 24h,"Mariana Dias, sem resposta ainda sobre Venda em Bertioga. Posso reenviar opções atualizadas?"
Eduardo Mendes,551613542784,Bertioga,Venda,reengajamento,"Olá, Eduardo Mendes! Lembrete rápido: a Litoral Prime Imóveis tem novas opções no litoral de SP. Quer que eu envie as melhores oportunidades desta semana?",https://wa.me/551613542784?text=Ol%C3%A1%2C%20Eduardo%20Mendes%21%20Lembrete%20r%C3%A1pido:%20a%20Litoral%20Prime%20Im%C3%B3veis%20tem%20novas%20opç%C3%B5es%20no%20litoral%20de%20SP.%20Quer%20que%20eu%20envie%20as%20melhores%20oportunidades%20desta%20semana%3F,2026-07-23,60,alto,até 24h,"Eduardo Mendes, sem resposta ainda sobre Venda em Bertioga. Posso reenviar opções atualizadas?"
Ursula Souza,551634874016,Bertioga,Venda,reengajamento,"Olá, Ursula Souza! Lembrete rápido: a Litoral Prime Imóveis tem novas opções no litoral de SP. Quer que eu envie as melhores oportunidades desta semana?",https://wa.me/551634874016?text=Ol%C3%A1%2C%20Ursula%20Souza%21%20Lembrete%20r%C3%A1pido:%20a%20Litoral%20Prime%20Im%C3%B3veis%20tem%20novas%20opç%C3%B5es%20no%20litoral%20de%20SP.%20Quer%20que%20eu%20envie%20as%20melhores%20oportunidades%20desta%20semana%3F,2026-07-23,60,alto,até 24h,"Ursula Souza, sem resposta ainda sobre Venda em Bertioga. Posso reenviar opções atualizadas?"
Bruno Silva,551624278680,Bertioga,Venda,reengajamento,"Olá, Bruno Silva! Lembrete rápido: a Litoral Prime Imóveis tem novas opções no litoral de SP. Quer que eu envie as melhores oportunidades desta semana?",https://wa.me/551624278680?text=Ol%C3%A1%2C%20Bruno%20Silva%21%20Lembrete%20r%C3%A1pido:%20a%20Litoral%20Prime%20Im%C3%B3veis%20tem%20novas%20opç%C3%B5es%20no%20litoral%20de%20SP.%20Quer%20que%20eu%20envie%20as%20melhores%20oportunidades%20desta%20semana%3F,2026-07-23,60,alto,até 24h,"Bruno Silva, sem resposta ainda sobre Venda em Bertioga. Posso reenviar opções atualizadas?"
Eduardo Ribeiro,551159826204,Bertioga,Venda,reengajamento,"Olá, Eduardo Ribeiro! Lembrete rápido: a Litoral Prime Imóveis tem novas opções no litoral de SP. Quer que eu envie as melhores oportunidades desta semana?",https://wa.me/551159826204?text=Ol%C3%A1%2C%20Eduardo%20Ribeiro%21%20Lembrete%20r%C3%A1pido:%20a%20Litoral%20Prime%20Im%C3%B3veis%20tem%20novas%20opç%C3%B5es%20no%20litoral%20de%20SP.%20Quer%20que%20eu%20envie%20as%20melhores%20oportunidades%20desta%20semana%3F,2026-07-23,60,alto,até 24h,"Eduardo Ribeiro, sem resposta ainda sobre Venda em Bertioga. Posso reenviar opções atualizadas?"
Bruno Mendes,551633158692,Bertioga,Venda,reengajamento,"Olá, Bruno Mendes! Lembrete rápido: a Litoral Prime Imóveis tem novas opções no litoral de SP. Quer que eu envie as melhores oportunidades desta semana?",https://wa.me/551633158692?text=Ol%C3%A1%2C%20Bruno%20Mendes%21%20Lembrete%20r%C3%A1pido:%20a%20Litoral%20Prime%20Im%C3%B3veis%20tem%20novas%20opç%C3%B5es%20no%20litoral%20de%20SP.%20Quer%20que%20eu%20envie%20as%20melhores%20oportunidades%20desta%20semana%3F,2026-07-23,60,alto,até 24h,"Bruno Mendes, sem resposta ainda sobre Venda em Bertioga. Posso reenviar opções atualizadas?"
Helena Martins,551326025634,Bertioga,Venda,reengajamento,"Olá, Helena Martins! Lembrete rápido: a Litoral Prime Imóveis tem novas opções no litoral de SP. Quer que eu envie as melhores oportunidades desta semana?",https://wa.me/551326025634?text=Ol%C3%A1%2C%20Helena%20Martins%21%20Lembrete%20r%C3%A1pido:%20a%20Litoral%20Prime%20Im%C3%B3veis%20tem%20novas%20opç%C3%B5es%20no%20litoral%20de%20SP.%20Quer%20que%20eu%20envie%20as%20melhores%20oportunidades%20desta%20semana%3F,2026-07-23,60,alto,até 24h,"Helena Martins, sem resposta ainda sobre Venda em Bertioga. Posso reenviar opções atualizadas?"
Ana Santos,551438908386,Santos,Venda,oferta,"{nome}, selecionei {tipo_interesse.lower()}s exclusivos em {cidade_interesse}. Se quiser, envio a pré-seleção agora por aqui.",https://wa.me/551438908386?text={nome}%2C%20selecionei%20{tipo_interesse.lower()}s%20exclusivos%20em%20{cidade_interesse}.%20Se%20quiser%2C%20envio%20a%20pr%C3%A9-seleç%C3%A3o%20agora%20por%20aqui.,2026-07-23,60,alto,até 24h,"Ana Santos, seguimos com a pré-seleção de Venda em Santos. Quer agendar uma visita?"
Wanessa Martins,551461939909,Praia Grande,Venda,oferta,"{nome}, selecionei {tipo_interesse.lower()}s exclusivos em {cidade_interesse}. Se quiser, envio a pré-seleção agora por aqui.",https://wa.me/551461939909?text={nome}%2C%20selecionei%20{tipo_interesse.lower()}s%20exclusivos%20em%20{cidade_interesse}.%20Se%20quiser%2C%20envio%20a%20pr%C3%A9-seleç%C3%A3o%20agora%20por%20aqui.,2026-07-23,60,alto,até 24h,"Wanessa Martins, seguimos com a pré-seleção de Venda em Praia Grande. Quer agendar uma visita?"
Mariana Dias,5513944445555,Bertioga,Venda,oferta,"{nome}, selecionei {tipo_interesse.lower()}s exclusivos em {cidade_interesse}. Se quiser, envio a pré-seleção agora por aqui.",https://wa.me/5513944445555?text={nome}%2C%20selecionei%20{tipo_interesse.lower()}s%20exclusivos%20em%20{cidade_interesse}.%20Se%20quiser%2C%20envio%20a%20pr%C3%A9-seleç%C3%A3o%20agora%20por%20aqui.,2026-07-23,60,alto,até 24h,"Mariana Dias, seguimos com a pré-seleção de Venda em Bertioga. Quer agendar uma visita?"
Eduardo Mendes,551613542784,Bertioga,Venda,oferta,"{nome}, selecionei {tipo_interesse.lower()}s exclusivos em {cidade_interesse}. Se quiser, envio a pré-seleção agora por aqui.",https://wa.me/551613542784?text={nome}%2C%20selecionei%20{tipo_interesse.lower()}s%20exclusivos%20em%20{cidade_interesse}.%20Se%20quiser%2C%20envio%20a%20pr%C3%A9-seleç%C3%A3o%20agora%20por%20aqui.,2026-07-23,60,alto,até 24h,"Eduardo Mendes, seguimos com a pré-seleção de Venda em Bertioga. Quer agendar uma visita?"
Ursula Souza,551634874016,Bertioga,Venda,oferta,"{nome}, selecionei {tipo_interesse.lower()}s exclusivos em {cidade_interesse}. Se quiser, envio a pré-seleção agora por aqui.",https://wa.me/551634874016?text={nome}%2C%20selecionei%20{tipo_interesse.lower()}s%20exclusivos%20em%20{cidade_interesse}.%20Se%20quiser%2C%20envio%20a%20pr%C3%A9-seleç%C3%A3o%20agora%20por%20aqui.,2026-07-23,60,alto,até 24h,"Ursula Souza, seguimos com a pré-seleção de Venda em Bertioga. Quer agendar uma visita?"
Bruno Silva,551624278680,Bertioga,Venda,oferta,"{nome}, selecionei {tipo_interesse.lower()}s exclusivos em {cidade_interesse}. Se quiser, envio a pré-seleção agora por aqui.",https://wa.me/551624278680?text={nome}%2C%20selecionei%20{tipo_interesse.lower()}s%20exclusivos%20em%20{cidade_interesse}.%20Se%20quiser%2C%20envio%20a%20pr%C3%A9-seleç%C3%A3o%20agora%20por%20aqui.,2026-07-23,60,alto,até 24h,"Bruno Silva, seguimos com a pré-seleção de Venda em Bertioga. Quer agendar uma visita?"
Eduardo Ribeiro,551159826204,Bertioga,Venda,oferta,"{nome}, selecionei {tipo_interesse.lower()}s exclusivos em {cidade_interesse}. Se quiser, envio a pré-seleção agora por aqui.",https://wa.me/551159826204?text={nome}%2C%20selecionei%20{tipo_interesse.lower()}s%20exclusivos%20em%20{cidade_interesse}.%20Se%20quiser%2C%20envio%20a%20pr%C3%A9-seleç%C3%A3o%20agora%20por%20aqui.,2026-07-23,60,alto,até 24h,"Eduardo Ribeiro, seguimos com a pré-seleção de Venda em Bertioga. Quer agendar uma visita?"
Bruno Mendes,551633158692,Bertioga,Venda,oferta,"{nome}, selecionei {tipo_interesse.lower()}s exclusivos em {cidade_interesse}. Se quiser, envio a pré-seleção agora por aqui.",https://wa.me/551633158692?text={nome}%2C%20selecionei%20{tipo_interesse.lower()}s%20exclusivos%20em%20{cidade_interesse}.%20Se%20quiser%2C%20envio%20a%20pr%C3%A9-seleç%C3%A3o%20agora%20por%20aqui.,2026-07-23,60,alto,até 24h,"Bruno Mendes, seguimos com a pré-seleção de Venda em Bertioga. Quer agendar uma visita?"
Helena Martins,551326025634,Bertioga,Venda,oferta,"{nome}, selecionei {tipo_interesse.lower()}s exclusivos em {cidade_interesse}. Se quiser, envio a pré-seleção agora por aqui.",https://wa.me/551326025634?text={nome}%2C%20selecionei%20{tipo_interesse.lower()}s%20exclusivos%20em%20{cidade_interesse}.%20Se%20quiser%2C%20envio%20a%20pr%C3%A9-seleç%C3%A3o%20agora%20por%20aqui.,2026-07-23,60,alto,até 24h,"Helena Martins, seguimos com a pré-seleção de Venda em Bertioga. Quer agendar uma visita?"
Ana Santos,551438908386,Santos,Venda,cross-sell,"Ana Santos, além de Venda em Santos, temos Avaliação, Captação Digital, Descrição com IA que ajudam a vender/alugar mais rápido. Quer que eu envie detalhes?",https://wa.me/551438908386?text=Ana%20Santos%2C%20al%C3%A9m%20de%20Venda%20em%20Santos%2C%20temos%20Avaliaç%C3%A3o%2C%20Captaç%C3%A3o%20Digital%2C%20Descriç%C3%A3o%20com%20IA%20que%20ajudam%20a%20vender/alugar%20mais%20r%C3%A1pido.%20Quer%20que%20eu%20envie%20detalhes%3F,2026-07-23,60,alto,até 24h,"Ana Santos, sem resposta ainda sobre Venda em Santos. Posso reenviar opções atualizadas?"
Wanessa Martins,551461939909,Praia Grande,Venda,cross-sell,"Wanessa Martins, além de Venda em Praia Grande, temos Avaliação, Captação Digital, Descrição com IA que ajudam a vender/alugar mais rápido. Quer que eu envie detalhes?",https://wa.me/551461939909?text=Wanessa%20Martins%2C%20al%C3%A9m%20de%20Venda%20em%20Praia%20Grande%2C%20temos%20Avaliaç%C3%A3o%2C%20Captaç%C3%A3o%20Digital%2C%20Descriç%C3%A3o%20com%20IA%20que%20ajudam%20a%20vender/alugar%20mais%20r%C3%A1pido.%20Quer%20que%20eu%20envie%20detalhes%3F,2026-07-23,60,alto,até 24h,"Wanessa Martins, sem resposta ainda sobre Venda em Praia Grande. Posso reenviar opções atualizadas?"
Mariana Dias,5513944445555,Bertioga,Venda,cross-sell,"Mariana Dias, além de Venda em Bertioga, temos Avaliação, Captação Digital, Descrição com IA que ajudam a vender/alugar mais rápido. Quer que eu envie detalhes?",https://wa.me/5513944445555?text=Mariana%20Dias%2C%20al%C3%A9m%20de%20Venda%20em%20Bertioga%2C%20temos%20Avaliaç%C3%A3o%2C%20Captaç%C3%A3o%20Digital%2C%20Descriç%C3%A3o%20com%20IA%20que%20ajudam%20a%20vender/alugar%20mais%20r%C3%A1pido.%20Quer%20que%20eu%20envie%20detalhes%3F,2026-07-23,60,alto,até 24h,"Mariana Dias, sem resposta ainda sobre Venda em Bertioga. Posso reenviar opções atualizadas?"
Eduardo Mendes,551613542784,Bertioga,Venda,cross-sell,"Eduardo Mendes, além de Venda em Bertioga, temos Avaliação, Captação Digital, Descrição com IA que ajudam a vender/alugar mais rápido. Quer que eu envie detalhes?",https://wa.me/551613542784?text=Eduardo%20Mendes%2C%20al%C3%A9m%20de%20Venda%20em%20Bertioga%2C%20temos%20Avaliaç%C3%A3o%2C%20Captaç%C3%A3o%20Digital%2C%20Descriç%C3%A3o%20com%20IA%20que%20ajudam%20a%20vender/alugar%20mais%20r%C3%A1pido.%20Quer%20que%20eu%20envie%20detalhes%3F,2026-07-23,60,alto,até 24h,"Eduardo Mendes, sem resposta ainda sobre Venda em Bertioga. Posso reenviar opções atualizadas?"
Ursula Souza,551634874016,Bertioga,Venda,cross-sell,"Ursula Souza, além de Venda em Bertioga, temos Avaliação, Captação Digital, Descrição com IA que ajudam a vender/alugar mais rápido. Quer que eu envie detalhes?",https://wa.me/551634874016?text=Ursula%20Souza%2C%20al%C3%A9m%20de%20Venda%20em%20Bertioga%2C%20temos%20Avaliaç%C3%A3o%2C%20Captaç%C3%A3o%20Digital%2C%20Descriç%C3%A3o%20com%20IA%20que%20ajudam%20a%20vender/alugar%20mais%20r%C3%A1pido.%20Quer%20que%20eu%20envie%20detalhes%3F,2026-07-23,60,alto,até 24h,"Ursula Souza, sem resposta ainda sobre Venda em Bertioga. Posso reenviar opções atualizadas?"
Bruno Silva,551624278680,Bertioga,Venda,cross-sell,"Bruno Silva, além de Venda em Bertioga, temos Avaliação, Captação Digital, Descrição com IA que ajudam a vender/alugar mais rápido. Quer que eu envie detalhes?",https://wa.me/551624278680?text=Bruno%20Silva%2C%20al%C3%A9m%20de%20Venda%20em%20Bertioga%2C%20temos%20Avaliaç%C3%A3o%2C%20Captaç%C3%A3o%20Digital%2C%20Descriç%C3%A3o%20com%20IA%20que%20ajudam%20a%20vender/alugar%20mais%20r%C3%A1pido.%20Quer%20que%20eu%20envie%20detalhes%3F,2026-07-23,60,alto,até 24h,"Bruno Silva, sem resposta ainda sobre Venda em Bertioga. Posso reenviar opções atualizadas?"
Eduardo Ribeiro,551159826204,Bertioga,Venda,cross-sell,"Eduardo Ribeiro, além de Venda em Bertioga, temos Avaliação, Captação Digital, Descrição com IA que ajudam a vender/alugar mais rápido. Quer que eu envie detalhes?",https://wa.me/551159826204?text=Eduardo%20Ribeiro%2C%20al%C3%A9m%20de%20Venda%20em%20Bertioga%2C%20temos%20Avaliaç%C3%A3o%2C%20Captaç%C3%A3o%20Digital%2C%20Descriç%C3%A3o%20com%20IA%20que%20ajudam%20a%20vender/alugar%20mais%20r%C3%A1pido.%20Quer%20que%20eu%20envie%20detalhes%3F,2026-07-23,60,alto,até 24h,"Eduardo Ribeiro, sem resposta ainda sobre Venda em Bertioga. Posso reenviar opções atualizadas?"
Bruno Mendes,551633158692,Bertioga,Venda,cross-sell,"Bruno Mendes, além de Venda em Bertioga, temos Avaliação, Captação Digital, Descrição com IA que ajudam a vender/alugar mais rápido. Quer que eu envie detalhes?",https://wa.me/551633158692?text=Bruno%20Mendes%2C%20al%C3%A9m%20de%20Venda%20em%20Bertioga%2C%20temos%20Avaliaç%C3%A3o%2C%20Captaç%C3%A3o%20Digital%2C%20Descriç%C3%A3o%20com%20IA%20que%20ajudam%20a%20vender/alugar%20mais%20r%C3%A1pido.%20Quer%20que%20eu%20envie%20detalhes%3F,2026-07-23,60,alto,até 24h,"Bruno Mendes, sem resposta ainda sobre Venda em Bertioga. Posso reenviar opções atualizadas?"
Helena Martins,551326025634,Bertioga,Venda,cross-sell,"Helena Martins, além de Venda em Bertioga, temos Avaliação, Captação Digital, Descrição com IA que ajudam a vender/alugar mais rápido. Quer que eu envie detalhes?",https://wa.me/551326025634?text=Helena%20Martins%2C%20al%C3%A9m%20de%20Venda%20em%20Bertioga%2C%20temos%20Avaliaç%C3%A3o%2C%20Captaç%C3%A3o%20Digital%2C%20Descriç%C3%A3o%20com%20IA%20que%20ajudam%20a%20vender/alugar%20mais%20r%C3%A1pido.%20Quer%20que%20eu%20envie%20detalhes%3F,2026-07-23,60,alto,até 24h,"Helena Martins, sem resposta ainda sobre Venda em Bertioga. Posso reenviar opções atualizadas?"
Mariana Souza,551200330923,Mongaguá,Venda,primeiro_contato,"Olá, Mariana Souza! Tudo bem? Vi que você tem interesse em Venda na região de Mongaguá. Quer que eu envie 3 opções compatíveis com o seu perfil?",https://wa.me/551200330923?text=Ol%C3%A1%2C%20Mariana%20Souza%21%20Tudo%20bem%3F%20Vi%20que%20voc%C3%AA%20tem%20interesse%20em%20Venda%20na%20regi%C3%A3o%20de%20Mongagu%C3%A1.%20Quer%20que%20eu%20envie%203%20opç%C3%B5es%20compat%C3%ADveis%20com%20o%20seu%20perfil%3F,2026-07-23,40,medio,24h a 72h,"Mariana Souza, lembrete: temos opções de Venda em Mongaguá alinhadas com sua busca. Quer que eu envie a pré-seleção?"
Bruno Cardoso,5511977778888,São Vicente,Venda,primeiro_contato,"Olá, Bruno Cardoso! Tudo bem? Vi que você tem interesse em Venda na região de São Vicente. Quer que eu envie 3 opções compatíveis com o seu perfil?",https://wa.me/5511977778888?text=Ol%C3%A1%2C%20Bruno%20Cardoso%21%20Tudo%20bem%3F%20Vi%20que%20voc%C3%AA%20tem%20interesse%20em%20Venda%20na%20regi%C3%A3o%20de%20S%C3%A3o%20Vicente.%20Quer%20que%20eu%20envie%203%20opç%C3%B5es%20compat%C3%ADveis%20com%20o%20seu%20perfil%3F,2026-07-23,40,medio,24h a 72h,"Bruno Cardoso, lembrete: temos opções de Venda em São Vicente alinhadas com sua busca. Quer que eu envie a pré-seleção?"
Daniela Almeida,551474529912,São Vicente,Venda,primeiro_contato,"Olá, Daniela Almeida! Tudo bem? Vi que você tem interesse em Venda na região de São Vicente. Quer que eu envie 3 opções compatíveis com o seu perfil?",https://wa.me/551474529912?text=Ol%C3%A1%2C%20Daniela%20Almeida%21%20Tudo%20bem%3F%20Vi%20que%20voc%C3%AA%20tem%20interesse%20em%20Venda%20na%20regi%C3%A3o%20de%20S%C3%A3o%20Vicente.%20Quer%20que%20eu%20envie%203%20opç%C3%B5es%20compat%C3%ADveis%20com%20o%20seu%20perfil%3F,2026-07-23,40,medio,24h a 72h,"Daniela Almeida, lembrete: temos opções de Venda em São Vicente alinhadas com sua busca. Quer que eu envie a pré-seleção?"
Wanessa Almeida,551290586518,São Vicente,Venda,primeiro_contato,"Olá, Wanessa Almeida! Tudo bem? Vi que você tem interesse em Venda na região de São Vicente. Quer que eu envie 3 opções compatíveis com o seu perfil?",https://wa.me/551290586518?text=Ol%C3%A1%2C%20Wanessa%20Almeida%21%20Tudo%20bem%3F%20Vi%20que%20voc%C3%AA%20tem%20interesse%20em%20Venda%20na%20regi%C3%A3o%20de%20S%C3%A3o%20Vicente.%20Quer%20que%20eu%20envie%203%20opç%C3%B5es%20compat%C3%ADveis%20com%20o%20seu%20perfil%3F,2026-07-23,40,medio,24h a 72h,"Wanessa Almeida, lembrete: temos opções de Venda em São Vicente alinhadas com sua busca. Quer que eu envie a pré-seleção?"
Ana Martins,551771657262,São Vicente,Venda,primeiro_contato,"Olá, Ana Martins! Tudo bem? Vi que você tem interesse em Venda na região de São Vicente. Quer que eu envie 3 opções compatíveis com o seu perfil?",https://wa.me/551771657262?text=Ol%C3%A1%2C%20Ana%20Martins%21%20Tudo%20bem%3F%20Vi%20que%20voc%C3%AA%20tem%20interesse%20em%20Venda%20na%20regi%C3%A3o%20de%20S%C3%A3o%20Vicente.%20Quer%20que%20eu%20envie%203%20opç%C3%B5es%20compat%C3%ADveis%20com%20o%20seu%20perfil%3F,2026-07-23,40,medio,24h a 72h,"Ana Martins, lembrete: temos opções de Venda em São Vicente alinhadas com sua busca. Quer que eu envie a pré-seleção?"
Vinicius Lima,551977694531,São Vicente,Venda,primeiro_contato,"Olá, Vinicius Lima! Tudo bem? Vi que você tem interesse em Venda na região de São Vicente. Quer que eu envie 3 opções compatíveis com o seu perfil?",https://wa.me/551977694531?text=Ol%C3%A1%2C%20Vinicius%20Lima%21%20Tudo%20bem%3F%20Vi%20que%20voc%C3%AA%20tem%20interesse%20em%20Venda%20na%20regi%C3%A3o%20de%20S%C3%A3o%20Vicente.%20Quer%20que%20eu%20envie%203%20opç%C3%B5es%20compat%C3%ADveis%20com%20o%20seu%20perfil%3F,2026-07-23,40,medio,24h a 72h,"Vinicius Lima, lembrete: temos opções de Venda em São Vicente alinhadas com sua busca. Quer que eu envie a pré-seleção?"
Pedro Souza,551899650752,São Vicente,Venda,primeiro_contato,"Olá, Pedro Souza! Tudo bem? Vi que você tem interesse em Venda na região de São Vicente. Quer que eu envie 3 opções compatíveis com o seu perfil?",https://wa.me/551899650752?text=Ol%C3%A1%2C%20Pedro%20Souza%21%20Tudo%20bem%3F%20Vi%20que%20voc%C3%AA%20tem%20interesse%20em%20Venda%20na%20regi%C3%A3o%20de%20S%C3%A3o%20Vicente.%20Quer%20que%20eu%20envie%203%20opç%C3%B5es%20compat%C3%ADveis%20com%20o%20seu%20perfil%3F,2026-07-23,40,medio,24h a 72h,"Pedro Souza, lembrete: temos opções de Venda em São Vicente alinhadas com sua busca. Quer que eu envie a pré-seleção?"
Mariana Rocha,551554948083,São Vicente,Venda,primeiro_contato,"Olá, Mariana Rocha! Tudo bem? Vi que você tem interesse em Venda na região de São Vicente. Quer que eu envie 3 opções compatíveis com o seu perfil?",https://wa.me/551554948083?text=Ol%C3%A1%2C%20Mariana%20Rocha%21%20Tudo%20bem%3F%20Vi%20que%20voc%C3%AA%20tem%20interesse%20em%20Venda%20na%20regi%C3%A3o%20de%20S%C3%A3o%20Vicente.%20Quer%20que%20eu%20envie%203%20opç%C3%B5es%20compat%C3%ADveis%20com%20o%20seu%20perfil%3F,2026-07-23,40,medio,24h a 72h,"Mariana Rocha, lembrete: temos opções de Venda em São Vicente alinhadas com sua busca. Quer que eu envie a pré-seleção?"
Olivia Ferreira,551937770143,São Vicente,Venda,primeiro_contato,"Olá, Olivia Ferreira! Tudo bem? Vi que você tem interesse em Venda na região de São Vicente. Quer que eu envie 3 opções compatíveis com o seu perfil?",https://wa.me/551937770143?text=Ol%C3%A1%2C%20Olivia%20Ferreira%21%20Tudo%20bem%3F%20Vi%20que%20voc%C3%AA%20tem%20interesse%20em%20Venda%20na%20regi%C3%A3o%20de%20S%C3%A3o%20Vicente.%20Quer%20que%20eu%20envie%203%20opç%C3%B5es%20compat%C3%ADveis%20com%20o%20seu%20perfil%3F,2026-07-23,40,medio,24h a 72h,"Olivia Ferreira, lembrete: temos opções de Venda em São Vicente alinhadas com sua busca. Quer que eu envie a pré-seleção?"
Helena Lima,551678856855,São Vicente,Venda,primeiro_contato,"Olá, Helena Lima! Tudo bem? Vi que você tem interesse em Venda na região de São Vicente. Quer que eu envie 3 opções compatíveis com o seu perfil?",https://wa.me/551678856855?text=Ol%C3%A1%2C%20Helena%20Lima%21%20Tudo%20bem%3F%20Vi%20que%20voc%C3%AA%20tem%20interesse%20em%20Venda%20na%20regi%C3%A3o%20de%20S%C3%A3o%20Vicente.%20Quer%20que%20eu%20envie%203%20opç%C3%B5es%20compat%C3%ADveis%20com%20o%20seu%20perfil%3F,2026-07-23,40,medio,24h a 72h,"Helena Lima, lembrete: temos opções de Venda em São Vicente alinhadas com sua busca. Quer que eu envie a pré-seleção?"
Mariana Souza,551200330923,Mongaguá,Venda,reengajamento,"Olá, Mariana Souza! Lembrete rápido: a Litoral Prime Imóveis tem novas opções no litoral de SP. Quer que eu envie as melhores oportunidades desta semana?",https://wa.me/551200330923?text=Ol%C3%A1%2C%20Mariana%20Souza%21%20Lembrete%20r%C3%A1pido:%20a%20Litoral%20Prime%20Im%C3%B3veis%20tem%20novas%20opç%C3%B5es%20no%20litoral%20de%20SP.%20Quer%20que%20eu%20envie%20as%20melhores%20oportunidades%20desta%20semana%3F,2026-07-23,40,medio,24h a 72h,"Mariana Souza, sem resposta ainda sobre Venda em Mongaguá. Posso reenviar opções atualizadas?"
Bruno Cardoso,5511977778888,São Vicente,Venda,reengajamento,"Olá, Bruno Cardoso! Lembrete rápido: a Litoral Prime Imóveis tem novas opções no litoral de SP. Quer que eu envie as melhores oportunidades desta semana?",https://wa.me/5511977778888?text=Ol%C3%A1%2C%20Bruno%20Cardoso%21%20Lembrete%20r%C3%A1pido:%20a%20Litoral%20Prime%20Im%C3%B3veis%20tem%20novas%20opç%C3%B5es%20no%20litoral%20de%20SP.%20Quer%20que%20eu%20envie%20as%20melhores%20oportunidades%20desta%20semana%3F,2026-07-23,40,medio,24h a 72h,"Bruno Cardoso, sem resposta ainda sobre Venda em São Vicente. Posso reenviar opções atualizadas?"
Daniela Almeida,551474529912,São Vicente,Venda,reengajamento,"Olá, Daniela Almeida! Lembrete rápido: a Litoral Prime Imóveis tem novas opções no litoral de SP. Quer que eu envie as melhores oportunidades desta semana?",https://wa.me/551474529912?text=Ol%C3%A1%2C%20Daniela%20Almeida%21%20Lembrete%20r%C3%A1pido:%20a%20Litoral%20Prime%20Im%C3%B3veis%20tem%20novas%20opç%C3%B5es%20no%20litoral%20de%20SP.%20Quer%20que%20eu%20envie%20as%20melhores%20oportunidades%20desta%20semana%3F,2026-07-23,40,medio,24h a 72h,"Daniela Almeida, sem resposta ainda sobre Venda em São Vicente. Posso reenviar opções atualizadas?"
Wanessa Almeida,551290586518,São Vicente,Venda,reengajamento,"Olá, Wanessa Almeida! Lembrete rápido: a Litoral Prime Imóveis tem novas opções no litoral de SP. Quer que eu envie as melhores oportunidades desta semana?",https://wa.me/551290586518?text=Ol%C3%A1%2C%20Wanessa%20Almeida%21%20Lembrete%20r%C3%A1pido:%20a%20Litoral%20Prime%20Im%C3%B3veis%20tem%20novas%20opç%C3%B5es%20no%20litoral%20de%20SP.%20Quer%20que%20eu%20envie%20as%20melhores%20oportunidades%20desta%20semana%3F,2026-07-23,40,medio,24h a 72h,"Wanessa Almeida, sem resposta ainda sobre Venda em São Vicente. Posso reenviar opções atualizadas?"
Ana Martins,551771657262,São Vicente,Venda,reengajamento,"Olá, Ana Martins! Lembrete rápido: a Litoral Prime Imóveis tem novas opções no litoral de SP. Quer que eu envie as melhores oportunidades desta semana?",https://wa.me/551771657262?text=Ol%C3%A1%2C%20Ana%20Martins%21%20Lembrete%20r%C3%A1pido:%20a%20Litoral%20Prime%20Im%C3%B3veis%20tem%20novas%20opç%C3%B5es%20no%20litoral%20de%20SP.%20Quer%20que%20eu%20envie%20as%20melhores%20oportunidades%20desta%20semana%3F,2026-07-23,40,medio,24h a 72h,"Ana Martins, sem resposta ainda sobre Venda em São Vicente. Posso reenviar opções atualizadas?"
Vinicius Lima,551977694531,São Vicente,Venda,reengajamento,"Olá, Vinicius Lima! Lembrete rápido: a Litoral Prime Imóveis tem novas opções no litoral de SP. Quer que eu envie as melhores oportunidades desta semana?",https://wa.me/551977694531?text=Ol%C3%A1%2C%20Vinicius%20Lima%21%20Lembrete%20r%C3%A1pido:%20a%20Litoral%20Prime%20Im%C3%B3veis%20tem%20novas%20opç%C3%B5es%20no%20litoral%20de%20SP.%20Quer%20que%20eu%20envie%20as%20melhores%20oportunidades%20desta%20semana%3F,2026-07-23,40,medio,24h a 72h,"Vinicius Lima, sem resposta ainda sobre Venda em São Vicente. Posso reenviar opções atualizadas?"
Pedro Souza,551899650752,São Vicente,Venda,reengajamento,"Olá, Pedro Souza! Lembrete rápido: a Litoral Prime Imóveis tem novas opções no litoral de SP. Quer que eu envie as melhores oportunidades desta semana?",https://wa.me/551899650752?text=Ol%C3%A1%2C%20Pedro%20Souza%21%20Lembrete%20r%C3%A1pido:%20a%20Litoral%20Prime%20Im%C3%B3veis%20tem%20novas%20opç%C3%B5es%20no%20litoral%20de%20SP.%20Quer%20que%20eu%20envie%20as%20melhores%20oportunidades%20desta%20semana%3F,2026-07-23,40,medio,24h a 72h,"Pedro Souza, sem resposta ainda sobre Venda em São Vicente. Posso reenviar opções atualizadas?"
Mariana Rocha,551554948083,São Vicente,Venda,reengajamento,"Olá, Mariana Rocha! Lembrete rápido: a Litoral Prime Imóveis tem novas opções no litoral de SP. Quer que eu envie as melhores oportunidades desta semana?",https://wa.me/551554948083?text=Ol%C3%A1%2C%20Mariana%20Rocha%21%20Lembrete%20r%C3%A1pido:%20a%20Litoral%20Prime%20Im%C3%B3veis%20tem%20novas%20opç%C3%B5es%20no%20litoral%20de%20SP.%20Quer%20que%20eu%20envie%20as%20melhores%20oportunidades%20desta%20semana%3F,2026-07-23,40,medio,24h a 72h,"Mariana Rocha, sem resposta ainda sobre Venda em São Vicente. Posso reenviar opções atualizadas?"
Olivia Ferreira,551937770143,São Vicente,Venda,reengajamento,"Olá, Olivia Ferreira! Lembrete rápido: a Litoral Prime Imóveis tem novas opções no litoral de SP. Quer que eu envie as melhores oportunidades desta semana?",https://wa.me/551937770143?text=Ol%C3%A1%2C%20Olivia%20Ferreira%21%20Lembrete%20r%C3%A1pido:%20a%20Litoral%20Prime%20Im%C3%B3veis%20tem%20novas%20opç%C3%B5es%20no%20litoral%20de%20SP.%20Quer%20que%20eu%20envie%20as%20melhores%20oportunidades%20desta%20semana%3F,2026-07-23,40,medio,24h a 72h,"Olivia Ferreira, sem resposta ainda sobre Venda em São Vicente. Posso reenviar opções atualizadas?"
Helena Lima,551678856855,São Vicente,Venda,reengajamento,"Olá, Helena Lima! Lembrete rápido: a Litoral Prime Imóveis tem novas opções no litoral de SP. Quer que eu envie as melhores oportunidades desta semana?",https://wa.me/551678856855?text=Ol%C3%A1%2C%20Helena%20Lima%21%20Lembrete%20r%C3%A1pido:%20a%20Litoral%20Prime%20Im%C3%B3veis%20tem%20novas%20opç%C3%B5es%20no%20litoral%20de%20SP.%20Quer%20que%20eu%20envie%20as%20melhores%20oportunidades%20desta%20semana%3F,2026-07-23,40,medio,24h a 72h,"Helena Lima, sem resposta ainda sobre Venda em São Vicente. Posso reenviar opções atualizadas?"
Mariana Souza,551200330923,Mongaguá,Venda,oferta,"{nome}, selecionei {tipo_interesse.lower()}s exclusivos em {cidade_interesse}. Se quiser, envio a pré-seleção agora por aqui.",https://wa.me/551200330923?text={nome}%2C%20selecionei%20{tipo_interesse.lower()}s%20exclusivos%20em%20{cidade_interesse}.%20Se%20quiser%2C%20envio%20a%20pr%C3%A9-seleç%C3%A3o%20agora%20por%20aqui.,2026-07-23,40,medio,24h a 72h,"Mariana Souza, seguimos com a pré-seleção de Venda em Mongaguá. Quer agendar uma visita?"
Bruno Cardoso,5511977778888,São Vicente,Venda,oferta,"{nome}, selecionei {tipo_interesse.lower()}s exclusivos em {cidade_interesse}. Se quiser, envio a pré-seleção agora por aqui.",https://wa.me/5511977778888?text={nome}%2C%20selecionei%20{tipo_interesse.lower()}s%20exclusivos%20em%20{cidade_interesse}.%20Se%20quiser%2C%20envio%20a%20pr%C3%A9-seleç%C3%A3o%20agora%20por%20aqui.,2026-07-23,40,medio,24h a 72h,"Bruno Cardoso, seguimos com a pré-seleção de Venda em São Vicente. Quer agendar uma visita?"
Daniela Almeida,551474529912,São Vicente,Venda,oferta,"{nome}, selecionei {tipo_interesse.lower()}s exclusivos em {cidade_interesse}. Se quiser, envio a pré-seleção agora por aqui.",https://wa.me/551474529912?text={nome}%2C%20selecionei%20{tipo_interesse.lower()}s%20exclusivos%20em%20{cidade_interesse}.%20Se%20quiser%2C%20envio%20a%20pr%C3%A9-seleç%C3%A3o%20agora%20por%20aqui.,2026-07-23,40,medio,24h a 72h,"Daniela Almeida, seguimos com a pré-seleção de Venda em São Vicente. Quer agendar uma visita?"
Wanessa Almeida,551290586518,São Vicente,Venda,oferta,"{nome}, selecionei {tipo_interesse.lower()}s exclusivos em {cidade_interesse}. Se quiser, envio a pré-seleção agora por aqui.",https://wa.me/551290586518?text={nome}%2C%20selecionei%20{tipo_interesse.lower()}s%20exclusivos%20em%20{cidade_interesse}.%20Se%20quiser%2C%20envio%20a%20pr%C3%A9-seleç%C3%A3o%20agora%20por%20aqui.,2026-07-23,40,medio,24h a 72h,"Wanessa Almeida, seguimos com a pré-seleção de Venda em São Vicente. Quer agendar uma visita?"
Ana Martins,551771657262,São Vicente,Venda,oferta,"{nome}, selecionei {tipo_interesse.lower()}s exclusivos em {cidade_interesse}. Se quiser, envio a pré-seleção agora por aqui.",https://wa.me/551771657262?text={nome}%2C%20selecionei%20{tipo_interesse.lower()}s%20exclusivos%20em%20{cidade_interesse}.%20Se%20quiser%2C%20envio%20a%20pr%C3%A9-seleç%C3%A3o%20agora%20por%20aqui.,2026-07-23,40,medio,24h a 72h,"Ana Martins, seguimos com a pré-seleção de Venda em São Vicente. Quer agendar uma visita?"
Vinicius Lima,551977694531,São Vicente,Venda,oferta,"{nome}, selecionei {tipo_interesse.lower()}s exclusivos em {cidade_interesse}. Se quiser, envio a pré-seleção agora por aqui.",https://wa.me/551977694531?text={nome}%2C%20selecionei%20{tipo_interesse.lower()}s%20exclusivos%20em%20{cidade_interesse}.%20Se%20quiser%2C%20envio%20a%20pr%C3%A9-seleç%C3%A3o%20agora%20por%20aqui.,2026-07-23,40,medio,24h a 72h,"Vinicius Lima, seguimos com a pré-seleção de Venda em São Vicente. Quer agendar uma visita?"
Pedro Souza,551899650752,São Vicente,Venda,oferta,"{nome}, selecionei {tipo_interesse.lower()}s exclusivos em {cidade_interesse}. Se quiser, envio a pré-seleção agora por aqui.",https://wa.me/551899650752?text={nome}%2C%20selecionei%20{tipo_interesse.lower()}s%20exclusivos%20em%20{cidade_interesse}.%20Se%20quiser%2C%20envio%20a%20pr%C3%A9-seleç%C3%A3o%20agora%20por%20aqui.,2026-07-23,40,medio,24h a 72h,"Pedro Souza, seguimos com a pré-seleção de Venda em São Vicente. Quer agendar uma visita?"
Mariana Rocha,551554948083,São Vicente,Venda,oferta,"{nome}, selecionei {tipo_interesse.lower()}s exclusivos em {cidade_interesse}. Se quiser, envio a pré-seleção agora por aqui.",https://wa.me/551554948083?text={nome}%2C%20selecionei%20{tipo_interesse.lower()}s%20exclusivos%20em%20{cidade_interesse}.%20Se%20quiser%2C%20envio%20a%20pr%C3%A9-seleç%C3%A3o%20agora%20por%20aqui.,2026-07-23,40,medio,24h a 72h,"Mariana Rocha, seguimos com a pré-seleção de Venda em São Vicente. Quer agendar uma visita?"
Olivia Ferreira,551937770143,São Vicente,Venda,oferta,"{nome}, selecionei {tipo_interesse.lower()}s exclusivos em {cidade_interesse}. Se quiser, envio a pré-seleção agora por aqui.",https://wa.me/551937770143?text={nome}%2C%20selecionei%20{tipo_interesse.lower()}s%20exclusivos%20em%20{cidade_interesse}.%20Se%20quiser%2C%20envio%20a%20pr%C3%A9-seleç%C3%A3o%20agora%20por%20aqui.,2026-07-23,40,medio,24h a 72h,"Olivia Ferreira, seguimos com a pré-seleção de Venda em São Vicente. Quer agendar uma visita?"
Helena Lima,551678856855,São Vicente,Venda,oferta,"{nome}, selecionei {tipo_interesse.lower()}s exclusivos em {cidade_interesse}. Se quiser, envio a pré-seleção agora por aqui.",https://wa.me/551678856855?text={nome}%2C%20selecionei%20{tipo_interesse.lower()}s%20exclusivos%20em%20{cidade_interesse}.%20Se%20quiser%2C%20envio%20a%20pr%C3%A9-seleç%C3%A3o%20agora%20por%20aqui.,2026-07-23,40,medio,24h a 72h,"Helena Lima, seguimos com a pré-seleção de Venda em São Vicente. Quer agendar uma visita?"
Mariana Souza,551200330923,Mongaguá,Venda,cross-sell,"Mariana Souza, além de Venda em Mongaguá, temos Avaliação, Captação Digital, Descrição com IA que ajudam a vender/alugar mais rápido. Quer que eu envie detalhes?",https://wa.me/551200330923?text=Mariana%20Souza%2C%20al%C3%A9m%20de%20Venda%20em%20Mongagu%C3%A1%2C%20temos%20Avaliaç%C3%A3o%2C%20Captaç%C3%A3o%20Digital%2C%20Descriç%C3%A3o%20com%20IA%20que%20ajudam%20a%20vender/alugar%20mais%20r%C3%A1pido.%20Quer%20que%20eu%20envie%20detalhes%3F,2026-07-23,40,medio,24h a 72h,"Mariana Souza, sem resposta ainda sobre Venda em Mongaguá. Posso reenviar opções atualizadas?"
Bruno Cardoso,5511977778888,São Vicente,Venda,cross-sell,"Bruno Cardoso, além de Venda em São Vicente, temos Avaliação, Captação Digital, Descrição com IA que ajudam a vender/alugar mais rápido. Quer que eu envie detalhes?",https://wa.me/5511977778888?text=Bruno%20Cardoso%2C%20al%C3%A9m%20de%20Venda%20em%20S%C3%A3o%20Vicente%2C%20temos%20Avaliaç%C3%A3o%2C%20Captaç%C3%A3o%20Digital%2C%20Descriç%C3%A3o%20com%20IA%20que%20ajudam%20a%20vender/alugar%20mais%20r%C3%A1pido.%20Quer%20que%20eu%20envie%20detalhes%3F,2026-07-23,40,medio,24h a 72h,"Bruno Cardoso, sem resposta ainda sobre Venda em São Vicente. Posso reenviar opções atualizadas?"
Daniela Almeida,551474529912,São Vicente,Venda,cross-sell,"Daniela Almeida, além de Venda em São Vicente, temos Avaliação, Captação Digital, Descrição com IA que ajudam a vender/alugar mais rápido. Quer que eu envie detalhes?",https://wa.me/551474529912?text=Daniela%20Almeida%2C%20al%C3%A9m%20de%20Venda%20em%20S%C3%A3o%20Vicente%2C%20temos%20Avaliaç%C3%A3o%2C%20Captaç%C3%A3o%20Digital%2C%20Descriç%C3%A3o%20com%20IA%20que%20ajudam%20a%20vender/alugar%20mais%20r%C3%A1pido.%20Quer%20que%20eu%20envie%20detalhes%3F,2026-07-23,40,medio,24h a 72h,"Daniela Almeida, sem resposta ainda sobre Venda em São Vicente. Posso reenviar opções atualizadas?"
Wanessa Almeida,551290586518,São Vicente,Venda,cross-sell,"Wanessa Almeida, além de Venda em São Vicente, temos Avaliação, Captação Digital, Descrição com IA que ajudam a vender/alugar mais rápido. Quer que eu envie detalhes?",https://wa.me/551290586518?text=Wanessa%20Almeida%2C%20al%C3%A9m%20de%20Venda%20em%20S%C3%A3o%20Vicente%2C%20temos%20Avaliaç%C3%A3o%2C%20Captaç%C3%A3o%20Digital%2C%20Descriç%C3%A3o%20com%20IA%20que%20ajudam%20a%20vender/alugar%20mais%20r%C3%A1pido.%20Quer%20que%20eu%20envie%20detalhes%3F,2026-07-23,40,medio,24h a 72h,"Wanessa Almeida, sem resposta ainda sobre Venda em São Vicente. Posso reenviar opções atualizadas?"
Ana Martins,551771657262,São Vicente,Venda,cross-sell,"Ana Martins, além de Venda em São Vicente, temos Avaliação, Captação Digital, Descrição com IA que ajudam a vender/alugar mais rápido. Quer que eu envie detalhes?",https://wa.me/551771657262?text=Ana%20Martins%2C%20al%C3%A9m%20de%20Venda%20em%20S%C3%A3o%20Vicente%2C%20temos%20Avaliaç%C3%A3o%2C%20Captaç%C3%A3o%20Digital%2C%20Descriç%C3%A3o%20com%20IA%20que%20ajudam%20a%20vender/alugar%20mais%20r%C3%A1pido.%20Quer%20que%20eu%20envie%20detalhes%3F,2026-07-23,40,medio,24h a 72h,"Ana Martins, sem resposta ainda sobre Venda em São Vicente. Posso reenviar opções atualizadas?"
Vinicius Lima,551977694531,São Vicente,Venda,cross-sell,"Vinicius Lima, além de Venda em São Vicente, temos Avaliação, Captação Digital, Descrição com IA que ajudam a vender/alugar mais rápido. Quer que eu envie detalhes?",https://wa.me/551977694531?text=Vinicius%20Lima%2C%20al%C3%A9m%20de%20Venda%20em%20S%C3%A3o%20Vicente%2C%20temos%20Avaliaç%C3%A3o%2C%20Captaç%C3%A3o%20Digital%2C%20Descriç%C3%A3o%20com%20IA%20que%20ajudam%20a%20vender/alugar%20mais%20r%C3%A1pido.%20Quer%20que%20eu%20envie%20detalhes%3F,2026-07-23,40,medio,24h a 72h,"Vinicius Lima, sem resposta ainda sobre Venda em São Vicente. Posso reenviar opções atualizadas?"
Pedro Souza,551899650752,São Vicente,Venda,cross-sell,"Pedro Souza, além de Venda em São Vicente, temos Avaliação, Captação Digital, Descrição com IA que ajudam a vender/alugar mais rápido. Quer que eu envie detalhes?",https://wa.me/551899650752?text=Pedro%20Souza%2C%20al%C3%A9m%20de%20Venda%20em%20S%C3%A3o%20Vicente%2C%20temos%20Avaliaç%C3%A3o%2C%20Captaç%C3%A3o%20Digital%2C%20Descriç%C3%A3o%20com%20IA%20que%20ajudam%20a%20vender/alugar%20mais%20r%C3%A1pido.%20Quer%20que%20eu%20envie%20detalhes%3F,2026-07-23,40,medio,24h a 72h,"Pedro Souza, sem resposta ainda sobre Venda em São Vicente. Posso reenviar opções atualizadas?"
Mariana Rocha,551554948083,São Vicente,Venda,cross-sell,"Mariana Rocha, além de Venda em São Vicente, temos Avaliação, Captação Digital, Descrição com IA que ajudam a vender/alugar mais rápido. Quer que eu envie detalhes?",https://wa.me/551554948083?text=Mariana%20Rocha%2C%20al%C3%A9m%20de%20Venda%20em%20S%C3%A3o%20Vicente%2C%20temos%20Avaliaç%C3%A3o%2C%20Captaç%C3%A3o%20Digital%2C%20Descriç%C3%A3o%20com%20IA%20que%20ajudam%20a%20vender/alugar%20mais%20r%C3%A1pido.%20Quer%20que%20eu%20envie%20detalhes%3F,2026-07-23,40,medio,24h a 72h,"Mariana Rocha, sem resposta ainda sobre Venda em São Vicente. Posso reenviar opções atualizadas?"
Olivia Ferreira,551937770143,São Vicente,Venda,cross-sell,"Olivia Ferreira, além de Venda em São Vicente, temos Avaliação, Captação Digital, Descrição com IA que ajudam a vender/alugar mais rápido. Quer que eu envie detalhes?",https://wa.me/551937770143?text=Olivia%20Ferreira%2C%20al%C3%A9m%20de%20Venda%20em%20S%C3%A3o%20Vicente%2C%20temos%20Avaliaç%C3%A3o%2C%20Captaç%C3%A3o%20Digital%2C%20Descriç%C3%A3o%20com%20IA%20que%20ajudam%20a%20vender/alugar%20mais%20r%C3%A1pido.%20Quer%20que%20eu%20envie%20detalhes%3F,2026-07-23,40,medio,24h a 72h,"Olivia Ferreira, sem resposta ainda sobre Venda em São Vicente. Posso reenviar opções atualizadas?"
Helena Lima,551678856855,São Vicente,Venda,cross-sell,"Helena Lima, além de Venda em São Vicente, temos Avaliação, Captação Digital, Descrição com IA que ajudam a vender/alugar mais rápido. Quer que eu envie detalhes?",https://wa.me/551678856855?text=Helena%20Lima%2C%20al%C3%A9m%20de%20Venda%20em%20S%C3%A3o%20Vicente%2C%20temos%20Avaliaç%C3%A3o%2C%20Captaç%C3%A3o%20Digital%2C%20Descriç%C3%A3o%20com%20IA%20que%20ajudam%20a%20vender/alugar%20mais%20r%C3%A1pido.%20Quer%20que%20eu%20envie%20detalhes%3F,2026-07-23,40,medio,24h a 72h,"Helena Lima, sem resposta ainda sobre Venda em São Vicente. Posso reenviar opções atualizadas?"
Roberto Lima,5511911112222,Santos,Aluguel,primeiro_contato,"Olá, Roberto Lima! Tudo bem? Vi que você tem interesse em Aluguel na região de Santos. Quer que eu envie 3 opções compatíveis com o seu perfil?",https://wa.me/5511911112222?text=Ol%C3%A1%2C%20Roberto%20Lima%21%20Tudo%20bem%3F%20Vi%20que%20voc%C3%AA%20tem%20interesse%20em%20Aluguel%20na%20regi%C3%A3o%20de%20Santos.%20Quer%20que%20eu%20envie%203%20opç%C3%B5es%20compat%C3%ADveis%20com%20o%20seu%20perfil%3F,2026-07-23,30,baixo,7 dias,"Roberto Lima, lembrete: temos opções de Aluguel em Santos alinhadas com sua busca. Quer que eu envie a pré-seleção?"
Vinicius Santos,551143321819,Santos,Aluguel,primeiro_contato,"Olá, Vinicius Santos! Tudo bem? Vi que você tem interesse em Aluguel na região de Santos. Quer que eu envie 3 opções compatíveis com o seu perfil?",https://wa.me/551143321819?text=Ol%C3%A1%2C%20Vinicius%20Santos%21%20Tudo%20bem%3F%20Vi%20que%20voc%C3%AA%20tem%20interesse%20em%20Aluguel%20na%20regi%C3%A3o%20de%20Santos.%20Quer%20que%20eu%20envie%203%20opç%C3%B5es%20compat%C3%ADveis%20com%20o%20seu%20perfil%3F,2026-07-23,30,baixo,7 dias,"Vinicius Santos, lembrete: temos opções de Aluguel em Santos alinhadas com sua busca. Quer que eu envie a pré-seleção?"
Igor Rocha,551126542351,Santos,Compra,primeiro_contato,"Olá, Igor Rocha! Tudo bem? Vi que você tem interesse em Compra na região de Santos. Quer que eu envie 3 opções compatíveis com o seu perfil?",https://wa.me/551126542351?text=Ol%C3%A1%2C%20Igor%20Rocha%21%20Tudo%20bem%3F%20Vi%20que%20voc%C3%AA%20tem%20interesse%20em%20Compra%20na%20regi%C3%A3o%20de%20Santos.%20Quer%20que%20eu%20envie%203%20opç%C3%B5es%20compat%C3%ADveis%20com%20o%20seu%20perfil%3F,2026-07-23,30,baixo,7 dias,"Igor Rocha, lembrete: temos opções de Compra em Santos alinhadas com sua busca. Quer que eu envie a pré-seleção?"
Mariana Martins,551694078161,Santos,Aluguel,primeiro_contato,"Olá, Mariana Martins! Tudo bem? Vi que você tem interesse em Aluguel na região de Santos. Quer que eu envie 3 opções compatíveis com o seu perfil?",https://wa.me/551694078161?text=Ol%C3%A1%2C%20Mariana%20Martins%21%20Tudo%20bem%3F%20Vi%20que%20voc%C3%AA%20tem%20interesse%20em%20Aluguel%20na%20regi%C3%A3o%20de%20Santos.%20Quer%20que%20eu%20envie%203%20opç%C3%B5es%20compat%C3%ADveis%20com%20o%20seu%20perfil%3F,2026-07-23,30,baixo,7 dias,"Mariana Martins, lembrete: temos opções de Aluguel em Santos alinhadas com sua busca. Quer que eu envie a pré-seleção?"
Vinicius Almeida,551693103413,Santos,Aluguel,primeiro_contato,"Olá, Vinicius Almeida! Tudo bem? Vi que você tem interesse em Aluguel na região de Santos. Quer que eu envie 3 opções compatíveis com o seu perfil?",https://wa.me/551693103413?text=Ol%C3%A1%2C%20Vinicius%20Almeida%21%20Tudo%20bem%3F%20Vi%20que%20voc%C3%AA%20tem%20interesse%20em%20Aluguel%20na%20regi%C3%A3o%20de%20Santos.%20Quer%20que%20eu%20envie%203%20opç%C3%B5es%20compat%C3%ADveis%20com%20o%20seu%20perfil%3F,2026-07-23,30,baixo,7 dias,"Vinicius Almeida, lembrete: temos opções de Aluguel em Santos alinhadas com sua busca. Quer que eu envie a pré-seleção?"
Nicholas Lima,551852553419,Santos,Aluguel,primeiro_contato,"Olá, Nicholas Lima! Tudo bem? Vi que você tem interesse em Aluguel na região de Santos. Quer que eu envie 3 opções compatíveis com o seu perfil?",https://wa.me/551852553419?text=Ol%C3%A1%2C%20Nicholas%20Lima%21%20Tudo%20bem%3F%20Vi%20que%20voc%C3%AA%20tem%20interesse%20em%20Aluguel%20na%20regi%C3%A3o%20de%20Santos.%20Quer%20que%20eu%20envie%203%20opç%C3%B5es%20compat%C3%ADveis%20com%20o%20seu%20perfil%3F,2026-07-23,30,baixo,7 dias,"Nicholas Lima, lembrete: temos opções de Aluguel em Santos alinhadas com sua busca. Quer que eu envie a pré-seleção?"
Sofia Araujo,551427648350,Santos,Compra,primeiro_contato,"Olá, Sofia Araujo! Tudo bem? Vi que você tem interesse em Compra na região de Santos. Quer que eu envie 3 opções compatíveis com o seu perfil?",https://wa.me/551427648350?text=Ol%C3%A1%2C%20Sofia%20Araujo%21%20Tudo%20bem%3F%20Vi%20que%20voc%C3%AA%20tem%20interesse%20em%20Compra%20na%20regi%C3%A3o%20de%20Santos.%20Quer%20que%20eu%20envie%203%20opç%C3%B5es%20compat%C3%ADveis%20com%20o%20seu%20perfil%3F,2026-07-23,30,baixo,7 dias,"Sofia Araujo, lembrete: temos opções de Compra em Santos alinhadas com sua busca. Quer que eu envie a pré-seleção?"
Lucas Costa,551513953767,Santos,Compra,primeiro_contato,"Olá, Lucas Costa! Tudo bem? Vi que você tem interesse em Compra na região de Santos. Quer que eu envie 3 opções compatíveis com o seu perfil?",https://wa.me/551513953767?text=Ol%C3%A1%2C%20Lucas%20Costa%21%20Tudo%20bem%3F%20Vi%20que%20voc%C3%AA%20tem%20interesse%20em%20Compra%20na%20regi%C3%A3o%20de%20Santos.%20Quer%20que%20eu%20envie%203%20opç%C3%B5es%20compat%C3%ADveis%20com%20o%20seu%20perfil%3F,2026-07-23,30,baixo,7 dias,"Lucas Costa, lembrete: temos opções de Compra em Santos alinhadas com sua busca. Quer que eu envie a pré-seleção?"
Helena Araujo,551984969653,Santos,Aluguel,primeiro_contato,"Olá, Helena Araujo! Tudo bem? Vi que você tem interesse em Aluguel na região de Santos. Quer que eu envie 3 opções compatíveis com o seu perfil?",https://wa.me/551984969653?text=Ol%C3%A1%2C%20Helena%20Araujo%21%20Tudo%20bem%3F%20Vi%20que%20voc%C3%AA%20tem%20interesse%20em%20Aluguel%20na%20regi%C3%A3o%20de%20Santos.%20Quer%20que%20eu%20envie%203%20opç%C3%B5es%20compat%C3%ADveis%20com%20o%20seu%20perfil%3F,2026-07-23,30,baixo,7 dias,"Helena Araujo, lembrete: temos opções de Aluguel em Santos alinhadas com sua busca. Quer que eu envie a pré-seleção?"
Aline Costa,5513922223333,Guarujá,Compra,primeiro_contato,"Olá, Aline Costa! Tudo bem? Vi que você tem interesse em Compra na região de Guarujá. Quer que eu envie 3 opções compatíveis com o seu perfil?",https://wa.me/5513922223333?text=Ol%C3%A1%2C%20Aline%20Costa%21%20Tudo%20bem%3F%20Vi%20que%20voc%C3%AA%20tem%20interesse%20em%20Compra%20na%20regi%C3%A3o%20de%20Guaruj%C3%A1.%20Quer%20que%20eu%20envie%203%20opç%C3%B5es%20compat%C3%ADveis%20com%20o%20seu%20perfil%3F,2026-07-23,30,baixo,7 dias,"Aline Costa, lembrete: temos opções de Compra em Guarujá alinhadas com sua busca. Quer que eu envie a pré-seleção?"
Eduardo Ribeiro,551810122691,Guarujá,Compra,primeiro_contato,"Olá, Eduardo Ribeiro! Tudo bem? Vi que você tem interesse em Compra na região de Guarujá. Quer que eu envie 3 opções compatíveis com o seu perfil?",https://wa.me/551810122691?text=Ol%C3%A1%2C%20Eduardo%20Ribeiro%21%20Tudo%20bem%3F%20Vi%20que%20voc%C3%AA%20tem%20interesse%20em%20Compra%20na%20regi%C3%A3o%20de%20Guaruj%C3%A1.%20Quer%20que%20eu%20envie%203%20opç%C3%B5es%20compat%C3%ADveis%20com%20o%20seu%20perfil%3F,2026-07-23,30,baixo,7 dias,"Eduardo Ribeiro, lembrete: temos opções de Compra em Guarujá alinhadas com sua busca. Quer que eu envie a pré-seleção?"
Ursula Ferreira,551948018451,Guarujá,Compra,primeiro_contato,"Olá, Ursula Ferreira! Tudo bem? Vi que você tem interesse em Compra na região de Guarujá. Quer que eu envie 3 opções compatíveis com o seu perfil?",https://wa.me/551948018451?text=Ol%C3%A1%2C%20Ursula%20Ferreira%21%20Tudo%20bem%3F%20Vi%20que%20voc%C3%AA%20tem%20interesse%20em%20Compra%20na%20regi%C3%A3o%20de%20Guaruj%C3%A1.%20Quer%20que%20eu%20envie%203%20opç%C3%B5es%20compat%C3%ADveis%20com%20o%20seu%20perfil%3F,2026-07-23,30,baixo,7 dias,"Ursula Ferreira, lembrete: temos opções de Compra em Guarujá alinhadas com sua busca. Quer que eu envie a pré-seleção?"
Fernanda Ferreira,551148281489,Guarujá,Aluguel,primeiro_contato,"Olá, Fernanda Ferreira! Tudo bem? Vi que você tem interesse em Aluguel na região de Guarujá. Quer que eu envie 3 opções compatíveis com o seu perfil?",https://wa.me/551148281489?text=Ol%C3%A1%2C%20Fernanda%20Ferreira%21%20Tudo%20bem%3F%20Vi%20que%20voc%C3%AA%20tem%20interesse%20em%20Aluguel%20na%20regi%C3%A3o%20de%20Guaruj%C3%A1.%20Quer%20que%20eu%20envie%203%20opç%C3%B5es%20compat%C3%ADveis%20com%20o%20seu%20perfil%3F,2026-07-23,30,baixo,7 dias,"Fernanda Ferreira, lembrete: temos opções de Aluguel em Guarujá alinhadas com sua busca. Quer que eu envie a pré-seleção?"
Zeca Oliveira,551980957015,Guarujá,Compra,primeiro_contato,"Olá, Zeca Oliveira! Tudo bem? Vi que você tem interesse em Compra na região de Guarujá. Quer que eu envie 3 opções compatíveis com o seu perfil?",https://wa.me/551980957015?text=Ol%C3%A1%2C%20Zeca%20Oliveira%21%20Tudo%20bem%3F%20Vi%20que%20voc%C3%AA%20tem%20interesse%20em%20Compra%20na%20regi%C3%A3o%20de%20Guaruj%C3%A1.%20Quer%20que%20eu%20envie%203%20opç%C3%B5es%20compat%C3%ADveis%20com%20o%20seu%20perfil%3F,2026-07-23,30,baixo,7 dias,"Zeca Oliveira, lembrete: temos opções de Compra em Guarujá alinhadas com sua busca. Quer que eu envie a pré-seleção?"
Juliana Souza,551139117182,Guarujá,Aluguel,primeiro_contato,"Olá, Juliana Souza! Tudo bem? Vi que você tem interesse em Aluguel na região de Guarujá. Quer que eu envie 3 opções compatíveis com o seu perfil?",https://wa.me/551139117182?text=Ol%C3%A1%2C%20Juliana%20Souza%21%20Tudo%20bem%3F%20Vi%20que%20voc%C3%AA%20tem%20interesse%20em%20Aluguel%20na%20regi%C3%A3o%20de%20Guaruj%C3%A1.%20Quer%20que%20eu%20envie%203%20opç%C3%B5es%20compat%C3%ADveis%20com%20o%20seu%20perfil%3F,2026-07-23,30,baixo,7 dias,"Juliana Souza, lembrete: temos opções de Aluguel em Guarujá alinhadas com sua busca. Quer que eu envie a pré-seleção?"
Sofia Oliveira,551589638346,Guarujá,Compra,primeiro_contato,"Olá, Sofia Oliveira! Tudo bem? Vi que você tem interesse em Compra na região de Guarujá. Quer que eu envie 3 opções compatíveis com o seu perfil?",https://wa.me/551589638346?text=Ol%C3%A1%2C%20Sofia%20Oliveira%21%20Tudo%20bem%3F%20Vi%20que%20voc%C3%AA%20tem%20interesse%20em%20Compra%20na%20regi%C3%A3o%20de%20Guaruj%C3%A1.%20Quer%20que%20eu%20envie%203%20opç%C3%B5es%20compat%C3%ADveis%20com%20o%20seu%20perfil%3F,2026-07-23,30,baixo,7 dias,"Sofia Oliveira, lembrete: temos opções de Compra em Guarujá alinhadas com sua busca. Quer que eu envie a pré-seleção?"
Vinicius Pereira,551887133150,Guarujá,Compra,primeiro_contato,"Olá, Vinicius Pereira! Tudo bem? Vi que você tem interesse em Compra na região de Guarujá. Quer que eu envie 3 opções compatíveis com o seu perfil?",https://wa.me/551887133150?text=Ol%C3%A1%2C%20Vinicius%20Pereira%21%20Tudo%20bem%3F%20Vi%20que%20voc%C3%AA%20tem%20interesse%20em%20Compra%20na%20regi%C3%A3o%20de%20Guaruj%C3%A1.%20Quer%20que%20eu%20envie%203%20opç%C3%B5es%20compat%C3%ADveis%20com%20o%20seu%20perfil%3F,2026-07-23,30,baixo,7 dias,"Vinicius Pereira, lembrete: temos opções de Compra em Guarujá alinhadas com sua busca. Quer que eu envie a pré-seleção?"
Helena Almeida,551401031051,Guarujá,Compra,primeiro_contato,"Olá, Helena Almeida! Tudo bem? Vi que você tem interesse em Compra na região de Guarujá. Quer que eu envie 3 opções compatíveis com o seu perfil?",https://wa.me/551401031051?text=Ol%C3%A1%2C%20Helena%20Almeida%21%20Tudo%20bem%3F%20Vi%20que%20voc%C3%AA%20tem%20interesse%20em%20Compra%20na%20regi%C3%A3o%20de%20Guaruj%C3%A1.%20Quer%20que%20eu%20envie%203%20opç%C3%B5es%20compat%C3%ADveis%20com%20o%20seu%20perfil%3F,2026-07-23,30,baixo,7 dias,"Helena Almeida, lembrete: temos opções de Compra em Guarujá alinhadas com sua busca. Quer que eu envie a pré-seleção?"
Igor Nunes,551838299737,Guarujá,Compra,primeiro_contato,"Olá, Igor Nunes! Tudo bem? Vi que você tem interesse em Compra na região de Guarujá. Quer que eu envie 3 opções compatíveis com o seu perfil?",https://wa.me/551838299737?text=Ol%C3%A1%2C%20Igor%20Nunes%21%20Tudo%20bem%3F%20Vi%20que%20voc%C3%AA%20tem%20interesse%20em%20Compra%20na%20regi%C3%A3o%20de%20Guaruj%C3%A1.%20Quer%20que%20eu%20envie%203%20opç%C3%B5es%20compat%C3%ADveis%20com%20o%20seu%20perfil%3F,2026-07-23,30,baixo,7 dias,"Igor Nunes, lembrete: temos opções de Compra em Guarujá alinhadas com sua busca. Quer que eu envie a pré-seleção?"
Thiago Rocha,5511933334444,Praia Grande,Aluguel,primeiro_contato,"Olá, Thiago Rocha! Tudo bem? Vi que você tem interesse em Aluguel na região de Praia Grande. Quer que eu envie 3 opções compatíveis com o seu perfil?",https://wa.me/5511933334444?text=Ol%C3%A1%2C%20Thiago%20Rocha%21%20Tudo%20bem%3F%20Vi%20que%20voc%C3%AA%20tem%20interesse%20em%20Aluguel%20na%20regi%C3%A3o%20de%20Praia%20Grande.%20Quer%20que%20eu%20envie%203%20opç%C3%B5es%20compat%C3%ADveis%20com%20o%20seu%20perfil%3F,2026-07-23,30,baixo,7 dias,"Thiago Rocha, lembrete: temos opções de Aluguel em Praia Grande alinhadas com sua busca. Quer que eu envie a pré-seleção?"
Gustavo Santos,551265667010,Praia Grande,Aluguel,primeiro_contato,"Olá, Gustavo Santos! Tudo bem? Vi que você tem interesse em Aluguel na região de Praia Grande. Quer que eu envie 3 opções compatíveis com o seu perfil?",https://wa.me/551265667010?text=Ol%C3%A1%2C%20Gustavo%20Santos%21%20Tudo%20bem%3F%20Vi%20que%20voc%C3%AA%20tem%20interesse%20em%20Aluguel%20na%20regi%C3%A3o%20de%20Praia%20Grande.%20Quer%20que%20eu%20envie%203%20opç%C3%B5es%20compat%C3%ADveis%20com%20o%20seu%20perfil%3F,2026-07-23,30,baixo,7 dias,"Gustavo Santos, lembrete: temos opções de Aluguel em Praia Grande alinhadas com sua busca. Quer que eu envie a pré-seleção?"
Lucas Rocha,551233387262,Praia Grande,Aluguel,primeiro_contato,"Olá, Lucas Rocha! Tudo bem? Vi que você tem interesse em Aluguel na região de Praia Grande. Quer que eu envie 3 opções compatíveis com o seu perfil?",https://wa.me/551233387262?text=Ol%C3%A1%2C%20Lucas%20Rocha%21%20Tudo%20bem%3F%20Vi%20que%20voc%C3%AA%20tem%20interesse%20em%20Aluguel%20na%20regi%C3%A3o%20de%20Praia%20Grande.%20Quer%20que%20eu%20envie%203%20opç%C3%B5es%20compat%C3%ADveis%20com%20o%20seu%20perfil%3F,2026-07-23,30,baixo,7 dias,"Lucas Rocha, lembrete: temos opções de Aluguel em Praia Grande alinhadas com sua busca. Quer que eu envie a pré-seleção?"
Helena Martins,551278108013,Praia Grande,Aluguel,primeiro_contato,"Olá, Helena Martins! Tudo bem? Vi que você tem interesse em Aluguel na região de Praia Grande. Quer que eu envie 3 opções compatíveis com o seu perfil?",https://wa.me/551278108013?text=Ol%C3%A1%2C%20Helena%20Martins%21%20Tudo%20bem%3F%20Vi%20que%20voc%C3%AA%20tem%20interesse%20em%20Aluguel%20na%20regi%C3%A3o%20de%20Praia%20Grande.%20Quer%20que%20eu%20envie%203%20opç%C3%B5es%20compat%C3%ADveis%20com%20o%20seu%20perfil%3F,2026-07-23,30,baixo,7 dias,"Helena Martins, lembrete: temos opções de Aluguel em Praia Grande alinhadas com sua busca. Quer que eu envie a pré-seleção?"
Quésia Souza,551702606474,Praia Grande,Aluguel,primeiro_contato,"Olá, Quésia Souza! Tudo bem? Vi que você tem interesse em Aluguel na região de Praia Grande. Quer que eu envie 3 opções compatíveis com o seu perfil?",https://wa.me/551702606474?text=Ol%C3%A1%2C%20Qu%C3%A9sia%20Souza%21%20Tudo%20bem%3F%20Vi%20que%20voc%C3%AA%20tem%20interesse%20em%20Aluguel%20na%20regi%C3%A3o%20de%20Praia%20Grande.%20Quer%20que%20eu%20envie%203%20opç%C3%B5es%20compat%C3%ADveis%20com%20o%20seu%20perfil%3F,2026-07-23,30,baixo,7 dias,"Quésia Souza, lembrete: temos opções de Aluguel em Praia Grande alinhadas com sua busca. Quer que eu envie a pré-seleção?"
Yasmin Rocha,551972343098,Praia Grande,Aluguel,primeiro_contato,"Olá, Yasmin Rocha! Tudo bem? Vi que você tem interesse em Aluguel na região de Praia Grande. Quer que eu envie 3 opções compatíveis com o seu perfil?",https://wa.me/551972343098?text=Ol%C3%A1%2C%20Yasmin%20Rocha%21%20Tudo%20bem%3F%20Vi%20que%20voc%C3%AA%20tem%20interesse%20em%20Aluguel%20na%20regi%C3%A3o%20de%20Praia%20Grande.%20Quer%20que%20eu%20envie%203%20opç%C3%B5es%20compat%C3%ADveis%20com%20o%20seu%20perfil%3F,2026-07-23,30,baixo,7 dias,"Yasmin Rocha, lembrete: temos opções de Aluguel em Praia Grande alinhadas com sua busca. Quer que eu envie a pré-seleção?"
Bruno Silva,551888208121,Praia Grande,Aluguel,primeiro_contato,"Olá, Bruno Silva! Tudo bem? Vi que você tem interesse em Aluguel na região de Praia Grande. Quer que eu envie 3 opções compatíveis com o seu perfil?",https://wa.me/551888208121?text=Ol%C3%A1%2C%20Bruno%20Silva%21%20Tudo%20bem%3F%20Vi%20que%20voc%C3%AA%20tem%20interesse%20em%20Aluguel%20na%20regi%C3%A3o%20de%20Praia%20Grande.%20Quer%20que%20eu%20envie%203%20opç%C3%B5es%20compat%C3%ADveis%20com%20o%20seu%20perfil%3F,2026-07-23,30,baixo,7 dias,"Bruno Silva, lembrete: temos opções de Aluguel em Praia Grande alinhadas com sua busca. Quer que eu envie a pré-seleção?"
Tiago Almeida,551954353462,Praia Grande,Aluguel,primeiro_contato,"Olá, Tiago Almeida! Tudo bem? Vi que você tem interesse em Aluguel na região de Praia Grande. Quer que eu envie 3 opções compatíveis com o seu perfil?",https://wa.me/551954353462?text=Ol%C3%A1%2C%20Tiago%20Almeida%21%20Tudo%20bem%3F%20Vi%20que%20voc%C3%AA%20tem%20interesse%20em%20Aluguel%20na%20regi%C3%A3o%20de%20Praia%20Grande.%20Quer%20que%20eu%20envie%203%20opç%C3%B5es%20compat%C3%ADveis%20com%20o%20seu%20perfil%3F,2026-07-23,30,baixo,7 dias,"Tiago Almeida, lembrete: temos opções de Aluguel em Praia Grande alinhadas com sua busca. Quer que eu envie a pré-seleção?"
Juliana Ferreira,551610799118,Praia Grande,Aluguel,primeiro_contato,"Olá, Juliana Ferreira! Tudo bem? Vi que você tem interesse em Aluguel na região de Praia Grande. Quer que eu envie 3 opções compatíveis com o seu perfil?",https://wa.me/551610799118?text=Ol%C3%A1%2C%20Juliana%20Ferreira%21%20Tudo%20bem%3F%20Vi%20que%20voc%C3%AA%20tem%20interesse%20em%20Aluguel%20na%20regi%C3%A3o%20de%20Praia%20Grande.%20Quer%20que%20eu%20envie%203%20opç%C3%B5es%20compat%C3%ADveis%20com%20o%20seu%20perfil%3F,2026-07-23,30,baixo,7 dias,"Juliana Ferreira, lembrete: temos opções de Aluguel em Praia Grande alinhadas com sua busca. Quer que eu envie a pré-seleção?"
Vinicius Ribeiro,551184124118,Bertioga,Aluguel,primeiro_contato,"Olá, Vinicius Ribeiro! Tudo bem? Vi que você tem interesse em Aluguel na região de Bertioga. Quer que eu envie 3 opções compatíveis com o seu perfil?",https://wa.me/551184124118?text=Ol%C3%A1%2C%20Vinicius%20Ribeiro%21%20Tudo%20bem%3F%20Vi%20que%20voc%C3%AA%20tem%20interesse%20em%20Aluguel%20na%20regi%C3%A3o%20de%20Bertioga.%20Quer%20que%20eu%20envie%203%20opç%C3%B5es%20compat%C3%ADveis%20com%20o%20seu%20perfil%3F,2026-07-23,30,baixo,7 dias,"Vinicius Ribeiro, lembrete: temos opções de Aluguel em Bertioga alinhadas com sua busca. Quer que eu envie a pré-seleção?"
Daniela Costa,551173375433,Bertioga,Compra,primeiro_contato,"Olá, Daniela Costa! Tudo bem? Vi que você tem interesse em Compra na região de Bertioga. Quer que eu envie 3 opções compatíveis com o seu perfil?",https://wa.me/551173375433?text=Ol%C3%A1%2C%20Daniela%20Costa%21%20Tudo%20bem%3F%20Vi%20que%20voc%C3%AA%20tem%20interesse%20em%20Compra%20na%20regi%C3%A3o%20de%20Bertioga.%20Quer%20que%20eu%20envie%203%20opç%C3%B5es%20compat%C3%ADveis%20com%20o%20seu%20perfil%3F,2026-07-23,30,baixo,7 dias,"Daniela Costa, lembrete: temos opções de Compra em Bertioga alinhadas com sua busca. Quer que eu envie a pré-seleção?"
Nicholas Pereira,551514586850,Bertioga,Aluguel,primeiro_contato,"Olá, Nicholas Pereira! Tudo bem? Vi que você tem interesse em Aluguel na região de Bertioga. Quer que eu envie 3 opções compatíveis com o seu perfil?",https://wa.me/551514586850?text=Ol%C3%A1%2C%20Nicholas%20Pereira%21%20Tudo%20bem%3F%20Vi%20que%20voc%C3%AA%20tem%20interesse%20em%20Aluguel%20na%20regi%C3%A3o%20de%20Bertioga.%20Quer%20que%20eu%20envie%203%20opç%C3%B5es%20compat%C3%ADveis%20com%20o%20seu%20perfil%3F,2026-07-23,30,baixo,7 dias,"Nicholas Pereira, lembrete: temos opções de Aluguel em Bertioga alinhadas com sua busca. Quer que eu envie a pré-seleção?"
Roberto Lima,5511911112222,Santos,Aluguel,reengajamento,"Olá, Roberto Lima! Lembrete rápido: a Litoral Prime Imóveis tem novas opções no litoral de SP. Quer que eu envie as melhores oportunidades desta semana?",https://wa.me/5511911112222?text=Ol%C3%A1%2C%20Roberto%20Lima%21%20Lembrete%20r%C3%A1pido:%20a%20Litoral%20Prime%20Im%C3%B3veis%20tem%20novas%20opç%C3%B5es%20no%20litoral%20de%20SP.%20Quer%20que%20eu%20envie%20as%20melhores%20oportunidades%20desta%20semana%3F,2026-07-23,30,baixo,7 dias,"Roberto Lima, sem resposta ainda sobre Aluguel em Santos. Posso reenviar opções atualizadas?"
Vinicius Santos,551143321819,Santos,Aluguel,reengajamento,"Olá, Vinicius Santos! Lembrete rápido: a Litoral Prime Imóveis tem novas opções no litoral de SP. Quer que eu envie as melhores oportunidades desta semana?",https://wa.me/551143321819?text=Ol%C3%A1%2C%20Vinicius%20Santos%21%20Lembrete%20r%C3%A1pido:%20a%20Litoral%20Prime%20Im%C3%B3veis%20tem%20novas%20opç%C3%B5es%20no%20litoral%20de%20SP.%20Quer%20que%20eu%20envie%20as%20melhores%20oportunidades%20desta%20semana%3F,2026-07-23,30,baixo,7 dias,"Vinicius Santos, sem resposta ainda sobre Aluguel em Santos. Posso reenviar opções atualizadas?"
Igor Rocha,551126542351,Santos,Compra,reengajamento,"Olá, Igor Rocha! Lembrete rápido: a Litoral Prime Imóveis tem novas opções no litoral de SP. Quer que eu envie as melhores oportunidades desta semana?",https://wa.me/551126542351?text=Ol%C3%A1%2C%20Igor%20Rocha%21%20Lembrete%20r%C3%A1pido:%20a%20Litoral%20Prime%20Im%C3%B3veis%20tem%20novas%20opç%C3%B5es%20no%20litoral%20de%20SP.%20Quer%20que%20eu%20envie%20as%20melhores%20oportunidades%20desta%20semana%3F,2026-07-23,30,baixo,7 dias,"Igor Rocha, sem resposta ainda sobre Compra em Santos. Posso reenviar opções atualizadas?"
Mariana Martins,551694078161,Santos,Aluguel,reengajamento,"Olá, Mariana Martins! Lembrete rápido: a Litoral Prime Imóveis tem novas opções no litoral de SP. Quer que eu envie as melhores oportunidades desta semana?",https://wa.me/551694078161?text=Ol%C3%A1%2C%20Mariana%20Martins%21%20Lembrete%20r%C3%A1pido:%20a%20Litoral%20Prime%20Im%C3%B3veis%20tem%20novas%20opç%C3%B5es%20no%20litoral%20de%20SP.%20Quer%20que%20eu%20envie%20as%20melhores%20oportunidades%20desta%20semana%3F,2026-07-23,30,baixo,7 dias,"Mariana Martins, sem resposta ainda sobre Aluguel em Santos. Posso reenviar opções atualizadas?"
Vinicius Almeida,551693103413,Santos,Aluguel,reengajamento,"Olá, Vinicius Almeida! Lembrete rápido: a Litoral Prime Imóveis tem novas opções no litoral de SP. Quer que eu envie as melhores oportunidades desta semana?",https://wa.me/551693103413?text=Ol%C3%A1%2C%20Vinicius%20Almeida%21%20Lembrete%20r%C3%A1pido:%20a%20Litoral%20Prime%20Im%C3%B3veis%20tem%20novas%20opç%C3%B5es%20no%20litoral%20de%20SP.%20Quer%20que%20eu%20envie%20as%20melhores%20oportunidades%20desta%20semana%3F,2026-07-23,30,baixo,7 dias,"Vinicius Almeida, sem resposta ainda sobre Aluguel em Santos. Posso reenviar opções atualizadas?"
Nicholas Lima,551852553419,Santos,Aluguel,reengajamento,"Olá, Nicholas Lima! Lembrete rápido: a Litoral Prime Imóveis tem novas opções no litoral de SP. Quer que eu envie as melhores oportunidades desta semana?",https://wa.me/551852553419?text=Ol%C3%A1%2C%20Nicholas%20Lima%21%20Lembrete%20r%C3%A1pido:%20a%20Litoral%20Prime%20Im%C3%B3veis%20tem%20novas%20opç%C3%B5es%20no%20litoral%20de%20SP.%20Quer%20que%20eu%20envie%20as%20melhores%20oportunidades%20desta%20semana%3F,2026-07-23,30,baixo,7 dias,"Nicholas Lima, sem resposta ainda sobre Aluguel em Santos. Posso reenviar opções atualizadas?"
Sofia Araujo,551427648350,Santos,Compra,reengajamento,"Olá, Sofia Araujo! Lembrete rápido: a Litoral Prime Imóveis tem novas opções no litoral de SP. Quer que eu envie as melhores oportunidades desta semana?",https://wa.me/551427648350?text=Ol%C3%A1%2C%20Sofia%20Araujo%21%20Lembrete%20r%C3%A1pido:%20a%20Litoral%20Prime%20Im%C3%B3veis%20tem%20novas%20opç%C3%B5es%20no%20litoral%20de%20SP.%20Quer%20que%20eu%20envie%20as%20melhores%20oportunidades%20desta%20semana%3F,2026-07-23,30,baixo,7 dias,"Sofia Araujo, sem resposta ainda sobre Compra em Santos. Posso reenviar opções atualizadas?"
Lucas Costa,551513953767,Santos,Compra,reengajamento,"Olá, Lucas Costa! Lembrete rápido: a Litoral Prime Imóveis tem novas opções no litoral de SP. Quer que eu envie as melhores oportunidades desta semana?",https://wa.me/551513953767?text=Ol%C3%A1%2C%20Lucas%20Costa%21%20Lembrete%20r%C3%A1pido:%20a%20Litoral%20Prime%20Im%C3%B3veis%20tem%20novas%20opç%C3%B5es%20no%20litoral%20de%20SP.%20Quer%20que%20eu%20envie%20as%20melhores%20oportunidades%20desta%20semana%3F,2026-07-23,30,baixo,7 dias,"Lucas Costa, sem resposta ainda sobre Compra em Santos. Posso reenviar opções atualizadas?"
Helena Araujo,551984969653,Santos,Aluguel,reengajamento,"Olá, Helena Araujo! Lembrete rápido: a Litoral Prime Imóveis tem novas opções no litoral de SP. Quer que eu envie as melhores oportunidades desta semana?",https://wa.me/551984969653?text=Ol%C3%A1%2C%20Helena%20Araujo%21%20Lembrete%20r%C3%A1pido:%20a%20Litoral%20Prime%20Im%C3%B3veis%20tem%20novas%20opç%C3%B5es%20no%20litoral%20de%20SP.%20Quer%20que%20eu%20envie%20as%20melhores%20oportunidades%20desta%20semana%3F,2026-07-23,30,baixo,7 dias,"Helena Araujo, sem resposta ainda sobre Aluguel em Santos. Posso reenviar opções atualizadas?"
Aline Costa,5513922223333,Guarujá,Compra,reengajamento,"Olá, Aline Costa! Lembrete rápido: a Litoral Prime Imóveis tem novas opções no litoral de SP. Quer que eu envie as melhores oportunidades desta semana?",https://wa.me/5513922223333?text=Ol%C3%A1%2C%20Aline%20Costa%21%20Lembrete%20r%C3%A1pido:%20a%20Litoral%20Prime%20Im%C3%B3veis%20tem%20novas%20opç%C3%B5es%20no%20litoral%20de%20SP.%20Quer%20que%20eu%20envie%20as%20melhores%20oportunidades%20desta%20semana%3F,2026-07-23,30,baixo,7 dias,"Aline Costa, sem resposta ainda sobre Compra em Guarujá. Posso reenviar opções atualizadas?"
Eduardo Ribeiro,551810122691,Guarujá,Compra,reengajamento,"Olá, Eduardo Ribeiro! Lembrete rápido: a Litoral Prime Imóveis tem novas opções no litoral de SP. Quer que eu envie as melhores oportunidades desta semana?",https://wa.me/551810122691?text=Ol%C3%A1%2C%20Eduardo%20Ribeiro%21%20Lembrete%20r%C3%A1pido:%20a%20Litoral%20Prime%20Im%C3%B3veis%20tem%20novas%20opç%C3%B5es%20no%20litoral%20de%20SP.%20Quer%20que%20eu%20envie%20as%20melhores%20oportunidades%20desta%20semana%3F,2026-07-23,30,baixo,7 dias,"Eduardo Ribeiro, sem resposta ainda sobre Compra em Guarujá. Posso reenviar opções atualizadas?"
Ursula Ferreira,551948018451,Guarujá,Compra,reengajamento,"Olá, Ursula Ferreira! Lembrete rápido: a Litoral Prime Imóveis tem novas opções no litoral de SP. Quer que eu envie as melhores oportunidades desta semana?",https://wa.me/551948018451?text=Ol%C3%A1%2C%20Ursula%20Ferreira%21%20Lembrete%20r%C3%A1pido:%20a%20Litoral%20Prime%20Im%C3%B3veis%20tem%20novas%20opç%C3%B5es%20no%20litoral%20de%20SP.%20Quer%20que%20eu%20envie%20as%20melhores%20oportunidades%20desta%20semana%3F,2026-07-23,30,baixo,7 dias,"Ursula Ferreira, sem resposta ainda sobre Compra em Guarujá. Posso reenviar opções atualizadas?"
Fernanda Ferreira,551148281489,Guarujá,Aluguel,reengajamento,"Olá, Fernanda Ferreira! Lembrete rápido: a Litoral Prime Imóveis tem novas opções no litoral de SP. Quer que eu envie as melhores oportunidades desta semana?",https://wa.me/551148281489?text=Ol%C3%A1%2C%20Fernanda%20Ferreira%21%20Lembrete%20r%C3%A1pido:%20a%20Litoral%20Prime%20Im%C3%B3veis%20tem%20novas%20opç%C3%B5es%20no%20litoral%20de%20SP.%20Quer%20que%20eu%20envie%20as%20melhores%20oportunidades%20desta%20semana%3F,2026-07-23,30,baixo,7 dias,"Fernanda Ferreira, sem resposta ainda sobre Aluguel em Guarujá. Posso reenviar opções atualizadas?"
Zeca Oliveira,551980957015,Guarujá,Compra,reengajamento,"Olá, Zeca Oliveira! Lembrete rápido: a Litoral Prime Imóveis tem novas opções no litoral de SP. Quer que eu envie as melhores oportunidades desta semana?",https://wa.me/551980957015?text=Ol%C3%A1%2C%20Zeca%20Oliveira%21%20Lembrete%20r%C3%A1pido:%20a%20Litoral%20Prime%20Im%C3%B3veis%20tem%20novas%20opç%C3%B5es%20no%20litoral%20de%20SP.%20Quer%20que%20eu%20envie%20as%20melhores%20oportunidades%20desta%20semana%3F,2026-07-23,30,baixo,7 dias,"Zeca Oliveira, sem resposta ainda sobre Compra em Guarujá. Posso reenviar opções atualizadas?"
Juliana Souza,551139117182,Guarujá,Aluguel,reengajamento,"Olá, Juliana Souza! Lembrete rápido: a Litoral Prime Imóveis tem novas opções no litoral de SP. Quer que eu envie as melhores oportunidades desta semana?",https://wa.me/551139117182?text=Ol%C3%A1%2C%20Juliana%20Souza%21%20Lembrete%20r%C3%A1pido:%20a%20Litoral%20Prime%20Im%C3%B3veis%20tem%20novas%20opç%C3%B5es%20no%20litoral%20de%20SP.%20Quer%20que%20eu%20envie%20as%20melhores%20oportunidades%20desta%20semana%3F,2026-07-23,30,baixo,7 dias,"Juliana Souza, sem resposta ainda sobre Aluguel em Guarujá. Posso reenviar opções atualizadas?"
Sofia Oliveira,551589638346,Guarujá,Compra,reengajamento,"Olá, Sofia Oliveira! Lembrete rápido: a Litoral Prime Imóveis tem novas opções no litoral de SP. Quer que eu envie as melhores oportunidades desta semana?",https://wa.me/551589638346?text=Ol%C3%A1%2C%20Sofia%20Oliveira%21%20Lembrete%20r%C3%A1pido:%20a%20Litoral%20Prime%20Im%C3%B3veis%20tem%20novas%20opç%C3%B5es%20no%20litoral%20de%20SP.%20Quer%20que%20eu%20envie%20as%20melhores%20oportunidades%20desta%20semana%3F,2026-07-23,30,baixo,7 dias,"Sofia Oliveira, sem resposta ainda sobre Compra em Guarujá. Posso reenviar opções atualizadas?"
Vinicius Pereira,551887133150,Guarujá,Compra,reengajamento,"Olá, Vinicius Pereira! Lembrete rápido: a Litoral Prime Imóveis tem novas opções no litoral de SP. Quer que eu envie as melhores oportunidades desta semana?",https://wa.me/551887133150?text=Ol%C3%A1%2C%20Vinicius%20Pereira%21%20Lembrete%20r%C3%A1pido:%20a%20Litoral%20Prime%20Im%C3%B3veis%20tem%20novas%20opç%C3%B5es%20no%20litoral%20de%20SP.%20Quer%20que%20eu%20envie%20as%20melhores%20oportunidades%20desta%20semana%3F,2026-07-23,30,baixo,7 dias,"Vinicius Pereira, sem resposta ainda sobre Compra em Guarujá. Posso reenviar opções atualizadas?"
Helena Almeida,551401031051,Guarujá,Compra,reengajamento,"Olá, Helena Almeida! Lembrete rápido: a Litoral Prime Imóveis tem novas opções no litoral de SP. Quer que eu envie as melhores oportunidades desta semana?",https://wa.me/551401031051?text=Ol%C3%A1%2C%20Helena%20Almeida%21%20Lembrete%20r%C3%A1pido:%20a%20Litoral%20Prime%20Im%C3%B3veis%20tem%20novas%20opç%C3%B5es%20no%20litoral%20de%20SP.%20Quer%20que%20eu%20envie%20as%20melhores%20oportunidades%20desta%20semana%3F,2026-07-23,30,baixo,7 dias,"Helena Almeida, sem resposta ainda sobre Compra em Guarujá. Posso reenviar opções atualizadas?"
Igor Nunes,551838299737,Guarujá,Compra,reengajamento,"Olá, Igor Nunes! Lembrete rápido: a Litoral Prime Imóveis tem novas opções no litoral de SP. Quer que eu envie as melhores oportunidades desta semana?",https://wa.me/551838299737?text=Ol%C3%A1%2C%20Igor%20Nunes%21%20Lembrete%20r%C3%A1pido:%20a%20Litoral%20Prime%20Im%C3%B3veis%20tem%20novas%20opç%C3%B5es%20no%20litoral%20de%20SP.%20Quer%20que%20eu%20envie%20as%20melhores%20oportunidades%20desta%20semana%3F,2026-07-23,30,baixo,7 dias,"Igor Nunes, sem resposta ainda sobre Compra em Guarujá. Posso reenviar opções atualizadas?"
Thiago Rocha,5511933334444,Praia Grande,Aluguel,reengajamento,"Olá, Thiago Rocha! Lembrete rápido: a Litoral Prime Imóveis tem novas opções no litoral de SP. Quer que eu envie as melhores oportunidades desta semana?",https://wa.me/5511933334444?text=Ol%C3%A1%2C%20Thiago%20Rocha%21%20Lembrete%20r%C3%A1pido:%20a%20Litoral%20Prime%20Im%C3%B3veis%20tem%20novas%20opç%C3%B5es%20no%20litoral%20de%20SP.%20Quer%20que%20eu%20envie%20as%20melhores%20oportunidades%20desta%20semana%3F,2026-07-23,30,baixo,7 dias,"Thiago Rocha, sem resposta ainda sobre Aluguel em Praia Grande. Posso reenviar opções atualizadas?"
Gustavo Santos,551265667010,Praia Grande,Aluguel,reengajamento,"Olá, Gustavo Santos! Lembrete rápido: a Litoral Prime Imóveis tem novas opções no litoral de SP. Quer que eu envie as melhores oportunidades desta semana?",https://wa.me/551265667010?text=Ol%C3%A1%2C%20Gustavo%20Santos%21%20Lembrete%20r%C3%A1pido:%20a%20Litoral%20Prime%20Im%C3%B3veis%20tem%20novas%20opç%C3%B5es%20no%20litoral%20de%20SP.%20Quer%20que%20eu%20envie%20as%20melhores%20oportunidades%20desta%20semana%3F,2026-07-23,30,baixo,7 dias,"Gustavo Santos, sem resposta ainda sobre Aluguel em Praia Grande. Posso reenviar opções atualizadas?"
Lucas Rocha,551233387262,Praia Grande,Aluguel,reengajamento,"Olá, Lucas Rocha! Lembrete rápido: a Litoral Prime Imóveis tem novas opções no litoral de SP. Quer que eu envie as melhores oportunidades desta semana?",https://wa.me/551233387262?text=Ol%C3%A1%2C%20Lucas%20Rocha%21%20Lembrete%20r%C3%A1pido:%20a%20Litoral%20Prime%20Im%C3%B3veis%20tem%20novas%20opç%C3%B5es%20no%20litoral%20de%20SP.%20Quer%20que%20eu%20envie%20as%20melhores%20oportunidades%20desta%20semana%3F,2026-07-23,30,baixo,7 dias,"Lucas Rocha, sem resposta ainda sobre Aluguel em Praia Grande. Posso reenviar opções atualizadas?"
Helena Martins,551278108013,Praia Grande,Aluguel,reengajamento,"Olá, Helena Martins! Lembrete rápido: a Litoral Prime Imóveis tem novas opções no litoral de SP. Quer que eu envie as melhores oportunidades desta semana?",https://wa.me/551278108013?text=Ol%C3%A1%2C%20Helena%20Martins%21%20Lembrete%20r%C3%A1pido:%20a%20Litoral%20Prime%20Im%C3%B3veis%20tem%20novas%20opç%C3%B5es%20no%20litoral%20de%20SP.%20Quer%20que%20eu%20envie%20as%20melhores%20oportunidades%20desta%20semana%3F,2026-07-23,30,baixo,7 dias,"Helena Martins, sem resposta ainda sobre Aluguel em Praia Grande. Posso reenviar opções atualizadas?"
Quésia Souza,551702606474,Praia Grande,Aluguel,reengajamento,"Olá, Quésia Souza! Lembrete rápido: a Litoral Prime Imóveis tem novas opções no litoral de SP. Quer que eu envie as melhores oportunidades desta semana?",https://wa.me/551702606474?text=Ol%C3%A1%2C%20Qu%C3%A9sia%20Souza%21%20Lembrete%20r%C3%A1pido:%20a%20Litoral%20Prime%20Im%C3%B3veis%20tem%20novas%20opç%C3%B5es%20no%20litoral%20de%20SP.%20Quer%20que%20eu%20envie%20as%20melhores%20oportunidades%20desta%20semana%3F,2026-07-23,30,baixo,7 dias,"Quésia Souza, sem resposta ainda sobre Aluguel em Praia Grande. Posso reenviar opções atualizadas?"
Yasmin Rocha,551972343098,Praia Grande,Aluguel,reengajamento,"Olá, Yasmin Rocha! Lembrete rápido: a Litoral Prime Imóveis tem novas opções no litoral de SP. Quer que eu envie as melhores oportunidades desta semana?",https://wa.me/551972343098?text=Ol%C3%A1%2C%20Yasmin%20Rocha%21%20Lembrete%20r%C3%A1pido:%20a%20Litoral%20Prime%20Im%C3%B3veis%20tem%20novas%20opç%C3%B5es%20no%20litoral%20de%20SP.%20Quer%20que%20eu%20envie%20as%20melhores%20oportunidades%20desta%20semana%3F,2026-07-23,30,baixo,7 dias,"Yasmin Rocha, sem resposta ainda sobre Aluguel em Praia Grande. Posso reenviar opções atualizadas?"
Bruno Silva,551888208121,Praia Grande,Aluguel,reengajamento,"Olá, Bruno Silva! Lembrete rápido: a Litoral Prime Imóveis tem novas opções no litoral de SP. Quer que eu envie as melhores oportunidades desta semana?",https://wa.me/551888208121?text=Ol%C3%A1%2C%20Bruno%20Silva%21%20Lembrete%20r%C3%A1pido:%20a%20Litoral%20Prime%20Im%C3%B3veis%20tem%20novas%20opç%C3%B5es%20no%20litoral%20de%20SP.%20Quer%20que%20eu%20envie%20as%20melhores%20oportunidades%20desta%20semana%3F,2026-07-23,30,baixo,7 dias,"Bruno Silva, sem resposta ainda sobre Aluguel em Praia Grande. Posso reenviar opções atualizadas?"
Tiago Almeida,551954353462,Praia Grande,Aluguel,reengajamento,"Olá, Tiago Almeida! Lembrete rápido: a Litoral Prime Imóveis tem novas opções no litoral de SP. Quer que eu envie as melhores oportunidades desta semana?",https://wa.me/551954353462?text=Ol%C3%A1%2C%20Tiago%20Almeida%21%20Lembrete%20r%C3%A1pido:%20a%20Litoral%20Prime%20Im%C3%B3veis%20tem%20novas%20opç%C3%B5es%20no%20litoral%20de%20SP.%20Quer%20que%20eu%20envie%20as%20melhores%20oportunidades%20desta%20semana%3F,2026-07-23,30,baixo,7 dias,"Tiago Almeida, sem resposta ainda sobre Aluguel em Praia Grande. Posso reenviar opções atualizadas?"
Juliana Ferreira,551610799118,Praia Grande,Aluguel,reengajamento,"Olá, Juliana Ferreira! Lembrete rápido: a Litoral Prime Imóveis tem novas opções no litoral de SP. Quer que eu envie as melhores oportunidades desta semana?",https://wa.me/551610799118?text=Ol%C3%A1%2C%20Juliana%20Ferreira%21%20Lembrete%20r%C3%A1pido:%20a%20Litoral%20Prime%20Im%C3%B3veis%20tem%20novas%20opç%C3%B5es%20no%20litoral%20de%20SP.%20Quer%20que%20eu%20envie%20as%20melhores%20oportunidades%20desta%20semana%3F,2026-07-23,30,baixo,7 dias,"Juliana Ferreira, sem resposta ainda sobre Aluguel em Praia Grande. Posso reenviar opções atualizadas?"
Vinicius Ribeiro,551184124118,Bertioga,Aluguel,reengajamento,"Olá, Vinicius Ribeiro! Lembrete rápido: a Litoral Prime Imóveis tem novas opções no litoral de SP. Quer que eu envie as melhores oportunidades desta semana?",https://wa.me/551184124118?text=Ol%C3%A1%2C%20Vinicius%20Ribeiro%21%20Lembrete%20r%C3%A1pido:%20a%20Litoral%20Prime%20Im%C3%B3veis%20tem%20novas%20opç%C3%B5es%20no%20litoral%20de%20SP.%20Quer%20que%20eu%20envie%20as%20melhores%20oportunidades%20desta%20semana%3F,2026-07-23,30,baixo,7 dias,"Vinicius Ribeiro, sem resposta ainda sobre Aluguel em Bertioga. Posso reenviar opções atualizadas?"
Daniela Costa,551173375433,Bertioga,Compra,reengajamento,"Olá, Daniela Costa! Lembrete rápido: a Litoral Prime Imóveis tem novas opções no litoral de SP. Quer que eu envie as melhores oportunidades desta semana?",https://wa.me/551173375433?text=Ol%C3%A1%2C%20Daniela%20Costa%21%20Lembrete%20r%C3%A1pido:%20a%20Litoral%20Prime%20Im%C3%B3veis%20tem%20novas%20opç%C3%B5es%20no%20litoral%20de%20SP.%20Quer%20que%20eu%20envie%20as%20melhores%20oportunidades%20desta%20semana%3F,2026-07-23,30,baixo,7 dias,"Daniela Costa, sem resposta ainda sobre Compra em Bertioga. Posso reenviar opções atualizadas?"
Nicholas Pereira,551514586850,Bertioga,Aluguel,reengajamento,"Olá, Nicholas Pereira! Lembrete rápido: a Litoral Prime Imóveis tem novas opções no litoral de SP. Quer que eu envie as melhores oportunidades desta semana?",https://wa.me/551514586850?text=Ol%C3%A1%2C%20Nicholas%20Pereira%21%20Lembrete%20r%C3%A1pido:%20a%20Litoral%20Prime%20Im%C3%B3veis%20tem%20novas%20opç%C3%B5es%20no%20litoral%20de%20SP.%20Quer%20que%20eu%20envie%20as%20melhores%20oportunidades%20desta%20semana%3F,2026-07-23,30,baixo,7 dias,"Nicholas Pereira, sem resposta ainda sobre Aluguel em Bertioga. Posso reenviar opções atualizadas?"
Roberto Lima,5511911112222,Santos,Aluguel,oferta,"{nome}, selecionei {tipo_interesse.lower()}s exclusivos em {cidade_interesse}. Se quiser, envio a pré-seleção agora por aqui.",https://wa.me/5511911112222?text={nome}%2C%20selecionei%20{tipo_interesse.lower()}s%20exclusivos%20em%20{cidade_interesse}.%20Se%20quiser%2C%20envio%20a%20pr%C3%A9-seleç%C3%A3o%20agora%20por%20aqui.,2026-07-23,30,baixo,7 dias,"Roberto Lima, seguimos com a pré-seleção de Aluguel em Santos. Quer agendar uma visita?"
Vinicius Santos,551143321819,Santos,Aluguel,oferta,"{nome}, selecionei {tipo_interesse.lower()}s exclusivos em {cidade_interesse}. Se quiser, envio a pré-seleção agora por aqui.",https://wa.me/551143321819?text={nome}%2C%20selecionei%20{tipo_interesse.lower()}s%20exclusivos%20em%20{cidade_interesse}.%20Se%20quiser%2C%20envio%20a%20pr%C3%A9-seleç%C3%A3o%20agora%20por%20aqui.,2026-07-23,30,baixo,7 dias,"Vinicius Santos, seguimos com a pré-seleção de Aluguel em Santos. Quer agendar uma visita?"
Igor Rocha,551126542351,Santos,Compra,oferta,"{nome}, selecionei {tipo_interesse.lower()}s exclusivos em {cidade_interesse}. Se quiser, envio a pré-seleção agora por aqui.",https://wa.me/551126542351?text={nome}%2C%20selecionei%20{tipo_interesse.lower()}s%20exclusivos%20em%20{cidade_interesse}.%20Se%20quiser%2C%20envio%20a%20pr%C3%A9-seleç%C3%A3o%20agora%20por%20aqui.,2026-07-23,30,baixo,7 dias,"Igor Rocha, seguimos com a pré-seleção de Compra em Santos. Quer agendar uma visita?"
Mariana Martins,551694078161,Santos,Aluguel,oferta,"{nome}, selecionei {tipo_interesse.lower()}s exclusivos em {cidade_interesse}. Se quiser, envio a pré-seleção agora por aqui.",https://wa.me/551694078161?text={nome}%2C%20selecionei%20{tipo_interesse.lower()}s%20exclusivos%20em%20{cidade_interesse}.%20Se%20quiser%2C%20envio%20a%20pr%C3%A9-seleç%C3%A3o%20agora%20por%20aqui.,2026-07-23,30,baixo,7 dias,"Mariana Martins, seguimos com a pré-seleção de Aluguel em Santos. Quer agendar uma visita?"
Vinicius Almeida,551693103413,Santos,Aluguel,oferta,"{nome}, selecionei {tipo_interesse.lower()}s exclusivos em {cidade_interesse}. Se quiser, envio a pré-seleção agora por aqui.",https://wa.me/551693103413?text={nome}%2C%20selecionei%20{tipo_interesse.lower()}s%20exclusivos%20em%20{cidade_interesse}.%20Se%20quiser%2C%20envio%20a%20pr%C3%A9-seleç%C3%A3o%20agora%20por%20aqui.,2026-07-23,30,baixo,7 dias,"Vinicius Almeida, seguimos com a pré-seleção de Aluguel em Santos. Quer agendar uma visita?"
Nicholas Lima,551852553419,Santos,Aluguel,oferta,"{nome}, selecionei {tipo_interesse.lower()}s exclusivos em {cidade_interesse}. Se quiser, envio a pré-seleção agora por aqui.",https://wa.me/551852553419?text={nome}%2C%20selecionei%20{tipo_interesse.lower()}s%20exclusivos%20em%20{cidade_interesse}.%20Se%20quiser%2C%20envio%20a%20pr%C3%A9-seleç%C3%A3o%20agora%20por%20aqui.,2026-07-23,30,baixo,7 dias,"Nicholas Lima, seguimos com a pré-seleção de Aluguel em Santos. Quer agendar uma visita?"
Sofia Araujo,551427648350,Santos,Compra,oferta,"{nome}, selecionei {tipo_interesse.lower()}s exclusivos em {cidade_interesse}. Se quiser, envio a pré-seleção agora por aqui.",https://wa.me/551427648350?text={nome}%2C%20selecionei%20{tipo_interesse.lower()}s%20exclusivos%20em%20{cidade_interesse}.%20Se%20quiser%2C%20envio%20a%20pr%C3%A9-seleç%C3%A3o%20agora%20por%20aqui.,2026-07-23,30,baixo,7 dias,"Sofia Araujo, seguimos com a pré-seleção de Compra em Santos. Quer agendar uma visita?"
Lucas Costa,551513953767,Santos,Compra,oferta,"{nome}, selecionei {tipo_interesse.lower()}s exclusivos em {cidade_interesse}. Se quiser, envio a pré-seleção agora por aqui.",https://wa.me/551513953767?text={nome}%2C%20selecionei%20{tipo_interesse.lower()}s%20exclusivos%20em%20{cidade_interesse}.%20Se%20quiser%2C%20envio%20a%20pr%C3%A9-seleç%C3%A3o%20agora%20por%20aqui.,2026-07-23,30,baixo,7 dias,"Lucas Costa, seguimos com a pré-seleção de Compra em Santos. Quer agendar uma visita?"
Helena Araujo,551984969653,Santos,Aluguel,oferta,"{nome}, selecionei {tipo_interesse.lower()}s exclusivos em {cidade_interesse}. Se quiser, envio a pré-seleção agora por aqui.",https://wa.me/551984969653?text={nome}%2C%20selecionei%20{tipo_interesse.lower()}s%20exclusivos%20em%20{cidade_interesse}.%20Se%20quiser%2C%20envio%20a%20pr%C3%A9-seleç%C3%A3o%20agora%20por%20aqui.,2026-07-23,30,baixo,7 dias,"Helena Araujo, seguimos com a pré-seleção de Aluguel em Santos. Quer agendar uma visita?"
Aline Costa,5513922223333,Guarujá,Compra,oferta,"{nome}, selecionei {tipo_interesse.lower()}s exclusivos em {cidade_interesse}. Se quiser, envio a pré-seleção agora por aqui.",https://wa.me/5513922223333?text={nome}%2C%20selecionei%20{tipo_interesse.lower()}s%20exclusivos%20em%20{cidade_interesse}.%20Se%20quiser%2C%20envio%20a%20pr%C3%A9-seleç%C3%A3o%20agora%20por%20aqui.,2026-07-23,30,baixo,7 dias,"Aline Costa, seguimos com a pré-seleção de Compra em Guarujá. Quer agendar uma visita?"
Eduardo Ribeiro,551810122691,Guarujá,Compra,oferta,"{nome}, selecionei {tipo_interesse.lower()}s exclusivos em {cidade_interesse}. Se quiser, envio a pré-seleção agora por aqui.",https://wa.me/551810122691?text={nome}%2C%20selecionei%20{tipo_interesse.lower()}s%20exclusivos%20em%20{cidade_interesse}.%20Se%20quiser%2C%20envio%20a%20pr%C3%A9-seleç%C3%A3o%20agora%20por%20aqui.,2026-07-23,30,baixo,7 dias,"Eduardo Ribeiro, seguimos com a pré-seleção de Compra em Guarujá. Quer agendar uma visita?"
Ursula Ferreira,551948018451,Guarujá,Compra,oferta,"{nome}, selecionei {tipo_interesse.lower()}s exclusivos em {cidade_interesse}. Se quiser, envio a pré-seleção agora por aqui.",https://wa.me/551948018451?text={nome}%2C%20selecionei%20{tipo_interesse.lower()}s%20exclusivos%20em%20{cidade_interesse}.%20Se%20quiser%2C%20envio%20a%20pr%C3%A9-seleç%C3%A3o%20agora%20por%20aqui.,2026-07-23,30,baixo,7 dias,"Ursula Ferreira, seguimos com a pré-seleção de Compra em Guarujá. Quer agendar uma visita?"
Fernanda Ferreira,551148281489,Guarujá,Aluguel,oferta,"{nome}, selecionei {tipo_interesse.lower()}s exclusivos em {cidade_interesse}. Se quiser, envio a pré-seleção agora por aqui.",https://wa.me/551148281489?text={nome}%2C%20selecionei%20{tipo_interesse.lower()}s%20exclusivos%20em%20{cidade_interesse}.%20Se%20quiser%2C%20envio%20a%20pr%C3%A9-seleç%C3%A3o%20agora%20por%20aqui.,2026-07-23,30,baixo,7 dias,"Fernanda Ferreira, seguimos com a pré-seleção de Aluguel em Guarujá. Quer agendar uma visita?"
Zeca Oliveira,551980957015,Guarujá,Compra,oferta,"{nome}, selecionei {tipo_interesse.lower()}s exclusivos em {cidade_interesse}. Se quiser, envio a pré-seleção agora por aqui.",https://wa.me/551980957015?text={nome}%2C%20selecionei%20{tipo_interesse.lower()}s%20exclusivos%20em%20{cidade_interesse}.%20Se%20quiser%2C%20envio%20a%20pr%C3%A9-seleç%C3%A3o%20agora%20por%20aqui.,2026-07-23,30,baixo,7 dias,"Zeca Oliveira, seguimos com a pré-seleção de Compra em Guarujá. Quer agendar uma visita?"
Juliana Souza,551139117182,Guarujá,Aluguel,oferta,"{nome}, selecionei {tipo_interesse.lower()}s exclusivos em {cidade_interesse}. Se quiser, envio a pré-seleção agora por aqui.",https://wa.me/551139117182?text={nome}%2C%20selecionei%20{tipo_interesse.lower()}s%20exclusivos%20em%20{cidade_interesse}.%20Se%20quiser%2C%20envio%20a%20pr%C3%A9-seleç%C3%A3o%20agora%20por%20aqui.,2026-07-23,30,baixo,7 dias,"Juliana Souza, seguimos com a pré-seleção de Aluguel em Guarujá. Quer agendar uma visita?"
Sofia Oliveira,551589638346,Guarujá,Compra,oferta,"{nome}, selecionei {tipo_interesse.lower()}s exclusivos em {cidade_interesse}. Se quiser, envio a pré-seleção agora por aqui.",https://wa.me/551589638346?text={nome}%2C%20selecionei%20{tipo_interesse.lower()}s%20exclusivos%20em%20{cidade_interesse}.%20Se%20quiser%2C%20envio%20a%20pr%C3%A9-seleç%C3%A3o%20agora%20por%20aqui.,2026-07-23,30,baixo,7 dias,"Sofia Oliveira, seguimos com a pré-seleção de Compra em Guarujá. Quer agendar uma visita?"
Vinicius Pereira,551887133150,Guarujá,Compra,oferta,"{nome}, selecionei {tipo_interesse.lower()}s exclusivos em {cidade_interesse}. Se quiser, envio a pré-seleção agora por aqui.",https://wa.me/551887133150?text={nome}%2C%20selecionei%20{tipo_interesse.lower()}s%20exclusivos%20em%20{cidade_interesse}.%20Se%20quiser%2C%20envio%20a%20pr%C3%A9-seleç%C3%A3o%20agora%20por%20aqui.,2026-07-23,30,baixo,7 dias,"Vinicius Pereira, seguimos com a pré-seleção de Compra em Guarujá. Quer agendar uma visita?"
Helena Almeida,551401031051,Guarujá,Compra,oferta,"{nome}, selecionei {tipo_interesse.lower()}s exclusivos em {cidade_interesse}. Se quiser, envio a pré-seleção agora por aqui.",https://wa.me/551401031051?text={nome}%2C%20selecionei%20{tipo_interesse.lower()}s%20exclusivos%20em%20{cidade_interesse}.%20Se%20quiser%2C%20envio%20a%20pr%C3%A9-seleç%C3%A3o%20agora%20por%20aqui.,2026-07-23,30,baixo,7 dias,"Helena Almeida, seguimos com a pré-seleção de Compra em Guarujá. Quer agendar uma visita?"
Igor Nunes,551838299737,Guarujá,Compra,oferta,"{nome}, selecionei {tipo_interesse.lower()}s exclusivos em {cidade_interesse}. Se quiser, envio a pré-seleção agora por aqui.",https://wa.me/551838299737?text={nome}%2C%20selecionei%20{tipo_interesse.lower()}s%20exclusivos%20em%20{cidade_interesse}.%20Se%20quiser%2C%20envio%20a%20pr%C3%A9-seleç%C3%A3o%20agora%20por%20aqui.,2026-07-23,30,baixo,7 dias,"Igor Nunes, seguimos com a pré-seleção de Compra em Guarujá. Quer agendar uma visita?"
Thiago Rocha,5511933334444,Praia Grande,Aluguel,oferta,"{nome}, selecionei {tipo_interesse.lower()}s exclusivos em {cidade_interesse}. Se quiser, envio a pré-seleção agora por aqui.",https://wa.me/5511933334444?text={nome}%2C%20selecionei%20{tipo_interesse.lower()}s%20exclusivos%20em%20{cidade_interesse}.%20Se%20quiser%2C%20envio%20a%20pr%C3%A9-seleç%C3%A3o%20agora%20por%20aqui.,2026-07-23,30,baixo,7 dias,"Thiago Rocha, seguimos com a pré-seleção de Aluguel em Praia Grande. Quer agendar uma visita?"
Gustavo Santos,551265667010,Praia Grande,Aluguel,oferta,"{nome}, selecionei {tipo_interesse.lower()}s exclusivos em {cidade_interesse}. Se quiser, envio a pré-seleção agora por aqui.",https://wa.me/551265667010?text={nome}%2C%20selecionei%20{tipo_interesse.lower()}s%20exclusivos%20em%20{cidade_interesse}.%20Se%20quiser%2C%20envio%20a%20pr%C3%A9-seleç%C3%A3o%20agora%20por%20aqui.,2026-07-23,30,baixo,7 dias,"Gustavo Santos, seguimos com a pré-seleção de Aluguel em Praia Grande. Quer agendar uma visita?"
Lucas Rocha,551233387262,Praia Grande,Aluguel,oferta,"{nome}, selecionei {tipo_interesse.lower()}s exclusivos em {cidade_interesse}. Se quiser, envio a pré-seleção agora por aqui.",https://wa.me/551233387262?text={nome}%2C%20selecionei%20{tipo_interesse.lower()}s%20exclusivos%20em%20{cidade_interesse}.%20Se%20quiser%2C%20envio%20a%20pr%C3%A9-seleç%C3%A3o%20agora%20por%20aqui.,2026-07-23,30,baixo,7 dias,"Lucas Rocha, seguimos com a pré-seleção de Aluguel em Praia Grande. Quer agendar uma visita?"
Helena Martins,551278108013,Praia Grande,Aluguel,oferta,"{nome}, selecionei {tipo_interesse.lower()}s exclusivos em {cidade_interesse}. Se quiser, envio a pré-seleção agora por aqui.",https://wa.me/551278108013?text={nome}%2C%20selecionei%20{tipo_interesse.lower()}s%20exclusivos%20em%20{cidade_interesse}.%20Se%20quiser%2C%20envio%20a%20pr%C3%A9-seleç%C3%A3o%20agora%20por%20aqui.,2026-07-23,30,baixo,7 dias,"Helena Martins, seguimos com a pré-seleção de Aluguel em Praia Grande. Quer agendar uma visita?"
Quésia Souza,551702606474,Praia Grande,Aluguel,oferta,"{nome}, selecionei {tipo_interesse.lower()}s exclusivos em {cidade_interesse}. Se quiser, envio a pré-seleção agora por aqui.",https://wa.me/551702606474?text={nome}%2C%20selecionei%20{tipo_interesse.lower()}s%20exclusivos%20em%20{cidade_interesse}.%20Se%20quiser%2C%20envio%20a%20pr%C3%A9-seleç%C3%A3o%20agora%20por%20aqui.,2026-07-23,30,baixo,7 dias,"Quésia Souza, seguimos com a pré-seleção de Aluguel em Praia Grande. Quer agendar uma visita?"
Yasmin Rocha,551972343098,Praia Grande,Aluguel,oferta,"{nome}, selecionei {tipo_interesse.lower()}s exclusivos em {cidade_interesse}. Se quiser, envio a pré-seleção agora por aqui.",https://wa.me/551972343098?text={nome}%2C%20selecionei%20{tipo_interesse.lower()}s%20exclusivos%20em%20{cidade_interesse}.%20Se%20quiser%2C%20envio%20a%20pr%C3%A9-seleç%C3%A3o%20agora%20por%20aqui.,2026-07-23,30,baixo,7 dias,"Yasmin Rocha, seguimos com a pré-seleção de Aluguel em Praia Grande. Quer agendar uma visita?"
Bruno Silva,551888208121,Praia Grande,Aluguel,oferta,"{nome}, selecionei {tipo_interesse.lower()}s exclusivos em {cidade_interesse}. Se quiser, envio a pré-seleção agora por aqui.",https://wa.me/551888208121?text={nome}%2C%20selecionei%20{tipo_interesse.lower()}s%20exclusivos%20em%20{cidade_interesse}.%20Se%20quiser%2C%20envio%20a%20pr%C3%A9-seleç%C3%A3o%20agora%20por%20aqui.,2026-07-23,30,baixo,7 dias,"Bruno Silva, seguimos com a pré-seleção de Aluguel em Praia Grande. Quer agendar uma visita?"
Tiago Almeida,551954353462,Praia Grande,Aluguel,oferta,"{nome}, selecionei {tipo_interesse.lower()}s exclusivos em {cidade_interesse}. Se quiser, envio a pré-seleção agora por aqui.",https://wa.me/551954353462?text={nome}%2C%20selecionei%20{tipo_interesse.lower()}s%20exclusivos%20em%20{cidade_interesse}.%20Se%20quiser%2C%20envio%20a%20pr%C3%A9-seleç%C3%A3o%20agora%20por%20aqui.,2026-07-23,30,baixo,7 dias,"Tiago Almeida, seguimos com a pré-seleção de Aluguel em Praia Grande. Quer agendar uma visita?"
Juliana Ferreira,551610799118,Praia Grande,Aluguel,oferta,"{nome}, selecionei {tipo_interesse.lower()}s exclusivos em {cidade_interesse}. Se quiser, envio a pré-seleção agora por aqui.",https://wa.me/551610799118?text={nome}%2C%20selecionei%20{tipo_interesse.lower()}s%20exclusivos%20em%20{cidade_interesse}.%20Se%20quiser%2C%20envio%20a%20pr%C3%A9-seleç%C3%A3o%20agora%20por%20aqui.,2026-07-23,30,baixo,7 dias,"Juliana Ferreira, seguimos com a pré-seleção de Aluguel em Praia Grande. Quer agendar uma visita?"
Vinicius Ribeiro,551184124118,Bertioga,Aluguel,oferta,"{nome}, selecionei {tipo_interesse.lower()}s exclusivos em {cidade_interesse}. Se quiser, envio a pré-seleção agora por aqui.",https://wa.me/551184124118?text={nome}%2C%20selecionei%20{tipo_interesse.lower()}s%20exclusivos%20em%20{cidade_interesse}.%20Se%20quiser%2C%20envio%20a%20pr%C3%A9-seleç%C3%A3o%20agora%20por%20aqui.,2026-07-23,30,baixo,7 dias,"Vinicius Ribeiro, seguimos com a pré-seleção de Aluguel em Bertioga. Quer agendar uma visita?"
Daniela Costa,551173375433,Bertioga,Compra,oferta,"{nome}, selecionei {tipo_interesse.lower()}s exclusivos em {cidade_interesse}. Se quiser, envio a pré-seleção agora por aqui.",https://wa.me/551173375433?text={nome}%2C%20selecionei%20{tipo_interesse.lower()}s%20exclusivos%20em%20{cidade_interesse}.%20Se%20quiser%2C%20envio%20a%20pr%C3%A9-seleç%C3%A3o%20agora%20por%20aqui.,2026-07-23,30,baixo,7 dias,"Daniela Costa, seguimos com a pré-seleção de Compra em Bertioga. Quer agendar uma visita?"
Nicholas Pereira,551514586850,Bertioga,Aluguel,oferta,"{nome}, selecionei {tipo_interesse.lower()}s exclusivos em {cidade_interesse}. Se quiser, envio a pré-seleção agora por aqui.",https://wa.me/551514586850?text={nome}%2C%20selecionei%20{tipo_interesse.lower()}s%20exclusivos%20em%20{cidade_interesse}.%20Se%20quiser%2C%20envio%20a%20pr%C3%A9-seleç%C3%A3o%20agora%20por%20aqui.,2026-07-23,30,baixo,7 dias,"Nicholas Pereira, seguimos com a pré-seleção de Aluguel em Bertioga. Quer agendar uma visita?"
Roberto Lima,5511911112222,Santos,Aluguel,cross-sell,"Roberto Lima, além de Aluguel em Santos, temos Captação Digital, Automação, SEO Local que ajudam a vender/alugar mais rápido. Quer que eu envie detalhes?",https://wa.me/5511911112222?text=Roberto%20Lima%2C%20al%C3%A9m%20de%20Aluguel%20em%20Santos%2C%20temos%20Captaç%C3%A3o%20Digital%2C%20Automaç%C3%A3o%2C%20SEO%20Local%20que%20ajudam%20a%20vender/alugar%20mais%20r%C3%A1pido.%20Quer%20que%20eu%20envie%20detalhes%3F,2026-07-23,30,baixo,7 dias,"Roberto Lima, sem resposta ainda sobre Aluguel em Santos. Posso reenviar opções atualizadas?"
Vinicius Santos,551143321819,Santos,Aluguel,cross-sell,"Vinicius Santos, além de Aluguel em Santos, temos Captação Digital, Automação, SEO Local que ajudam a vender/alugar mais rápido. Quer que eu envie detalhes?",https://wa.me/551143321819?text=Vinicius%20Santos%2C%20al%C3%A9m%20de%20Aluguel%20em%20Santos%2C%20temos%20Captaç%C3%A3o%20Digital%2C%20Automaç%C3%A3o%2C%20SEO%20Local%20que%20ajudam%20a%20vender/alugar%20mais%20r%C3%A1pido.%20Quer%20que%20eu%20envie%20detalhes%3F,2026-07-23,30,baixo,7 dias,"Vinicius Santos, sem resposta ainda sobre Aluguel em Santos. Posso reenviar opções atualizadas?"
Igor Rocha,551126542351,Santos,Compra,cross-sell,"Igor Rocha, além de Compra em Santos, temos Avaliação, Descrição com IA, Consultoria Proptech que ajudam a vender/alugar mais rápido. Quer que eu envie detalhes?",https://wa.me/551126542351?text=Igor%20Rocha%2C%20al%C3%A9m%20de%20Compra%20em%20Santos%2C%20temos%20Avaliaç%C3%A3o%2C%20Descriç%C3%A3o%20com%20IA%2C%20Consultoria%20Proptech%20que%20ajudam%20a%20vender/alugar%20mais%20r%C3%A1pido.%20Quer%20que%20eu%20envie%20detalhes%3F,2026-07-23,30,baixo,7 dias,"Igor Rocha, sem resposta ainda sobre Compra em Santos. Posso reenviar opções atualizadas?"
Mariana Martins,551694078161,Santos,Aluguel,cross-sell,"Mariana Martins, além de Aluguel em Santos, temos Captação Digital, Automação, SEO Local que ajudam a vender/alugar mais rápido. Quer que eu envie detalhes?",https://wa.me/551694078161?text=Mariana%20Martins%2C%20al%C3%A9m%20de%20Aluguel%20em%20Santos%2C%20temos%20Captaç%C3%A3o%20Digital%2C%20Automaç%C3%A3o%2C%20SEO%20Local%20que%20ajudam%20a%20vender/alugar%20mais%20r%C3%A1pido.%20Quer%20que%20eu%20envie%20detalhes%3F,2026-07-23,30,baixo,7 dias,"Mariana Martins, sem resposta ainda sobre Aluguel em Santos. Posso reenviar opções atualizadas?"
Vinicius Almeida,551693103413,Santos,Aluguel,cross-sell,"Vinicius Almeida, além de Aluguel em Santos, temos Captação Digital, Automação, SEO Local que ajudam a vender/alugar mais rápido. Quer que eu envie detalhes?",https://wa.me/551693103413?text=Vinicius%20Almeida%2C%20al%C3%A9m%20de%20Aluguel%20em%20Santos%2C%20temos%20Captaç%C3%A3o%20Digital%2C%20Automaç%C3%A3o%2C%20SEO%20Local%20que%20ajudam%20a%20vender/alugar%20mais%20r%C3%A1pido.%20Quer%20que%20eu%20envie%20detalhes%3F,2026-07-23,30,baixo,7 dias,"Vinicius Almeida, sem resposta ainda sobre Aluguel em Santos. Posso reenviar opções atualizadas?"
Nicholas Lima,551852553419,Santos,Aluguel,cross-sell,"Nicholas Lima, além de Aluguel em Santos, temos Captação Digital, Automação, SEO Local que ajudam a vender/alugar mais rápido. Quer que eu envie detalhes?",https://wa.me/551852553419?text=Nicholas%20Lima%2C%20al%C3%A9m%20de%20Aluguel%20em%20Santos%2C%20temos%20Captaç%C3%A3o%20Digital%2C%20Automaç%C3%A3o%2C%20SEO%20Local%20que%20ajudam%20a%20vender/alugar%20mais%20r%C3%A1pido.%20Quer%20que%20eu%20envie%20detalhes%3F,2026-07-23,30,baixo,7 dias,"Nicholas Lima, sem resposta ainda sobre Aluguel em Santos. Posso reenviar opções atualizadas?"
Sofia Araujo,551427648350,Santos,Compra,cross-sell,"Sofia Araujo, além de Compra em Santos, temos Avaliação, Descrição com IA, Consultoria Proptech que ajudam a vender/alugar mais rápido. Quer que eu envie detalhes?",https://wa.me/551427648350?text=Sofia%20Araujo%2C%20al%C3%A9m%20de%20Compra%20em%20Santos%2C%20temos%20Avaliaç%C3%A3o%2C%20Descriç%C3%A3o%20com%20IA%2C%20Consultoria%20Proptech%20que%20ajudam%20a%20vender/alugar%20mais%20r%C3%A1pido.%20Quer%20que%20eu%20envie%20detalhes%3F,2026-07-23,30,baixo,7 dias,"Sofia Araujo, sem resposta ainda sobre Compra em Santos. Posso reenviar opções atualizadas?"
Lucas Costa,551513953767,Santos,Compra,cross-sell,"Lucas Costa, além de Compra em Santos, temos Avaliação, Descrição com IA, Consultoria Proptech que ajudam a vender/alugar mais rápido. Quer que eu envie detalhes?",https://wa.me/551513953767?text=Lucas%20Costa%2C%20al%C3%A9m%20de%20Compra%20em%20Santos%2C%20temos%20Avaliaç%C3%A3o%2C%20Descriç%C3%A3o%20com%20IA%2C%20Consultoria%20Proptech%20que%20ajudam%20a%20vender/alugar%20mais%20r%C3%A1pido.%20Quer%20que%20eu%20envie%20detalhes%3F,2026-07-23,30,baixo,7 dias,"Lucas Costa, sem resposta ainda sobre Compra em Santos. Posso reenviar opções atualizadas?"
Helena Araujo,551984969653,Santos,Aluguel,cross-sell,"Helena Araujo, além de Aluguel em Santos, temos Captação Digital, Automação, SEO Local que ajudam a vender/alugar mais rápido. Quer que eu envie detalhes?",https://wa.me/551984969653?text=Helena%20Araujo%2C%20al%C3%A9m%20de%20Aluguel%20em%20Santos%2C%20temos%20Captaç%C3%A3o%20Digital%2C%20Automaç%C3%A3o%2C%20SEO%20Local%20que%20ajudam%20a%20vender/alugar%20mais%20r%C3%A1pido.%20Quer%20que%20eu%20envie%20detalhes%3F,2026-07-23,30,baixo,7 dias,"Helena Araujo, sem resposta ainda sobre Aluguel em Santos. Posso reenviar opções atualizadas?"
Aline Costa,5513922223333,Guarujá,Compra,cross-sell,"Aline Costa, além de Compra em Guarujá, temos Avaliação, Descrição com IA, Consultoria Proptech que ajudam a vender/alugar mais rápido. Quer que eu envie detalhes?",https://wa.me/5513922223333?text=Aline%20Costa%2C%20al%C3%A9m%20de%20Compra%20em%20Guaruj%C3%A1%2C%20temos%20Avaliaç%C3%A3o%2C%20Descriç%C3%A3o%20com%20IA%2C%20Consultoria%20Proptech%20que%20ajudam%20a%20vender/alugar%20mais%20r%C3%A1pido.%20Quer%20que%20eu%20envie%20detalhes%3F,2026-07-23,30,baixo,7 dias,"Aline Costa, sem resposta ainda sobre Compra em Guarujá. Posso reenviar opções atualizadas?"
Eduardo Ribeiro,551810122691,Guarujá,Compra,cross-sell,"Eduardo Ribeiro, além de Compra em Guarujá, temos Avaliação, Descrição com IA, Consultoria Proptech que ajudam a vender/alugar mais rápido. Quer que eu envie detalhes?",https://wa.me/551810122691?text=Eduardo%20Ribeiro%2C%20al%C3%A9m%20de%20Compra%20em%20Guaruj%C3%A1%2C%20temos%20Avaliaç%C3%A3o%2C%20Descriç%C3%A3o%20com%20IA%2C%20Consultoria%20Proptech%20que%20ajudam%20a%20vender/alugar%20mais%20r%C3%A1pido.%20Quer%20que%20eu%20envie%20detalhes%3F,2026-07-23,30,baixo,7 dias,"Eduardo Ribeiro, sem resposta ainda sobre Compra em Guarujá. Posso reenviar opções atualizadas?"
Ursula Ferreira,551948018451,Guarujá,Compra,cross-sell,"Ursula Ferreira, além de Compra em Guarujá, temos Avaliação, Descrição com IA, Consultoria Proptech que ajudam a vender/alugar mais rápido. Quer que eu envie detalhes?",https://wa.me/551948018451?text=Ursula%20Ferreira%2C%20al%C3%A9m%20de%20Compra%20em%20Guaruj%C3%A1%2C%20temos%20Avaliaç%C3%A3o%2C%20Descriç%C3%A3o%20com%20IA%2C%20Consultoria%20Proptech%20que%20ajudam%20a%20vender/alugar%20mais%20r%C3%A1pido.%20Quer%20que%20eu%20envie%20detalhes%3F,2026-07-23,30,baixo,7 dias,"Ursula Ferreira, sem resposta ainda sobre Compra em Guarujá. Posso reenviar opções atualizadas?"
Fernanda Ferreira,551148281489,Guarujá,Aluguel,cross-sell,"Fernanda Ferreira, além de Aluguel em Guarujá, temos Captação Digital, Automação, SEO Local que ajudam a vender/alugar mais rápido. Quer que eu envie detalhes?",https://wa.me/551148281489?text=Fernanda%20Ferreira%2C%20al%C3%A9m%20de%20Aluguel%20em%20Guaruj%C3%A1%2C%20temos%20Captaç%C3%A3o%20Digital%2C%20Automaç%C3%A3o%2C%20SEO%20Local%20que%20ajudam%20a%20vender/alugar%20mais%20r%C3%A1pido.%20Quer%20que%20eu%20envie%20detalhes%3F,2026-07-23,30,baixo,7 dias,"Fernanda Ferreira, sem resposta ainda sobre Aluguel em Guarujá. Posso reenviar opções atualizadas?"
Zeca Oliveira,551980957015,Guarujá,Compra,cross-sell,"Zeca Oliveira, além de Compra em Guarujá, temos Avaliação, Descrição com IA, Consultoria Proptech que ajudam a vender/alugar mais rápido. Quer que eu envie detalhes?",https://wa.me/551980957015?text=Zeca%20Oliveira%2C%20al%C3%A9m%20de%20Compra%20em%20Guaruj%C3%A1%2C%20temos%20Avaliaç%C3%A3o%2C%20Descriç%C3%A3o%20com%20IA%2C%20Consultoria%20Proptech%20que%20ajudam%20a%20vender/alugar%20mais%20r%C3%A1pido.%20Quer%20que%20eu%20envie%20detalhes%3F,2026-07-23,30,baixo,7 dias,"Zeca Oliveira, sem resposta ainda sobre Compra em Guarujá. Posso reenviar opções atualizadas?"
Juliana Souza,551139117182,Guarujá,Aluguel,cross-sell,"Juliana Souza, além de Aluguel em Guarujá, temos Captação Digital, Automação, SEO Local que ajudam a vender/alugar mais rápido. Quer que eu envie detalhes?",https://wa.me/551139117182?text=Juliana%20Souza%2C%20al%C3%A9m%20de%20Aluguel%20em%20Guaruj%C3%A1%2C%20temos%20Captaç%C3%A3o%20Digital%2C%20Automaç%C3%A3o%2C%20SEO%20Local%20que%20ajudam%20a%20vender/alugar%20mais%20r%C3%A1pido.%20Quer%20que%20eu%20envie%20detalhes%3F,2026-07-23,30,baixo,7 dias,"Juliana Souza, sem resposta ainda sobre Aluguel em Guarujá. Posso reenviar opções atualizadas?"
Sofia Oliveira,551589638346,Guarujá,Compra,cross-sell,"Sofia Oliveira, além de Compra em Guarujá, temos Avaliação, Descrição com IA, Consultoria Proptech que ajudam a vender/alugar mais rápido. Quer que eu envie detalhes?",https://wa.me/551589638346?text=Sofia%20Oliveira%2C%20al%C3%A9m%20de%20Compra%20em%20Guaruj%C3%A1%2C%20temos%20Avaliaç%C3%A3o%2C%20Descriç%C3%A3o%20com%20IA%2C%20Consultoria%20Proptech%20que%20ajudam%20a%20vender/alugar%20mais%20r%C3%A1pido.%20Quer%20que%20eu%20envie%20detalhes%3F,2026-07-23,30,baixo,7 dias,"Sofia Oliveira, sem resposta ainda sobre Compra em Guarujá. Posso reenviar opções atualizadas?"
Vinicius Pereira,551887133150,Guarujá,Compra,cross-sell,"Vinicius Pereira, além de Compra em Guarujá, temos Avaliação, Descrição com IA, Consultoria Proptech que ajudam a vender/alugar mais rápido. Quer que eu envie detalhes?",https://wa.me/551887133150?text=Vinicius%20Pereira%2C%20al%C3%A9m%20de%20Compra%20em%20Guaruj%C3%A1%2C%20temos%20Avaliaç%C3%A3o%2C%20Descriç%C3%A3o%20com%20IA%2C%20Consultoria%20Proptech%20que%20ajudam%20a%20vender/alugar%20mais%20r%C3%A1pido.%20Quer%20que%20eu%20envie%20detalhes%3F,2026-07-23,30,baixo,7 dias,"Vinicius Pereira, sem resposta ainda sobre Compra em Guarujá. Posso reenviar opções atualizadas?"
Helena Almeida,551401031051,Guarujá,Compra,cross-sell,"Helena Almeida, além de Compra em Guarujá, temos Avaliação, Descrição com IA, Consultoria Proptech que ajudam a vender/alugar mais rápido. Quer que eu envie detalhes?",https://wa.me/551401031051?text=Helena%20Almeida%2C%20al%C3%A9m%20de%20Compra%20em%20Guaruj%C3%A1%2C%20temos%20Avaliaç%C3%A3o%2C%20Descriç%C3%A3o%20com%20IA%2C%20Consultoria%20Proptech%20que%20ajudam%20a%20vender/alugar%20mais%20r%C3%A1pido.%20Quer%20que%20eu%20envie%20detalhes%3F,2026-07-23,30,baixo,7 dias,"Helena Almeida, sem resposta ainda sobre Compra em Guarujá. Posso reenviar opções atualizadas?"
Igor Nunes,551838299737,Guarujá,Compra,cross-sell,"Igor Nunes, além de Compra em Guarujá, temos Avaliação, Descrição com IA, Consultoria Proptech que ajudam a vender/alugar mais rápido. Quer que eu envie detalhes?",https://wa.me/551838299737?text=Igor%20Nunes%2C%20al%C3%A9m%20de%20Compra%20em%20Guaruj%C3%A1%2C%20temos%20Avaliaç%C3%A3o%2C%20Descriç%C3%A3o%20com%20IA%2C%20Consultoria%20Proptech%20que%20ajudam%20a%20vender/alugar%20mais%20r%C3%A1pido.%20Quer%20que%20eu%20envie%20detalhes%3F,2026-07-23,30,baixo,7 dias,"Igor Nunes, sem resposta ainda sobre Compra em Guarujá. Posso reenviar opções atualizadas?"
Thiago Rocha,5511933334444,Praia Grande,Aluguel,cross-sell,"Thiago Rocha, além de Aluguel em Praia Grande, temos Captação Digital, Automação, SEO Local que ajudam a vender/alugar mais rápido. Quer que eu envie detalhes?",https://wa.me/5511933334444?text=Thiago%20Rocha%2C%20al%C3%A9m%20de%20Aluguel%20em%20Praia%20Grande%2C%20temos%20Captaç%C3%A3o%20Digital%2C%20Automaç%C3%A3o%2C%20SEO%20Local%20que%20ajudam%20a%20vender/alugar%20mais%20r%C3%A1pido.%20Quer%20que%20eu%20envie%20detalhes%3F,2026-07-23,30,baixo,7 dias,"Thiago Rocha, sem resposta ainda sobre Aluguel em Praia Grande. Posso reenviar opções atualizadas?"
Gustavo Santos,551265667010,Praia Grande,Aluguel,cross-sell,"Gustavo Santos, além de Aluguel em Praia Grande, temos Captação Digital, Automação, SEO Local que ajudam a vender/alugar mais rápido. Quer que eu envie detalhes?",https://wa.me/551265667010?text=Gustavo%20Santos%2C%20al%C3%A9m%20de%20Aluguel%20em%20Praia%20Grande%2C%20temos%20Captaç%C3%A3o%20Digital%2C%20Automaç%C3%A3o%2C%20SEO%20Local%20que%20ajudam%20a%20vender/alugar%20mais%20r%C3%A1pido.%20Quer%20que%20eu%20envie%20detalhes%3F,2026-07-23,30,baixo,7 dias,"Gustavo Santos, sem resposta ainda sobre Aluguel em Praia Grande. Posso reenviar opções atualizadas?"
Lucas Rocha,551233387262,Praia Grande,Aluguel,cross-sell,"Lucas Rocha, além de Aluguel em Praia Grande, temos Captação Digital, Automação, SEO Local que ajudam a vender/alugar mais rápido. Quer que eu envie detalhes?",https://wa.me/551233387262?text=Lucas%20Rocha%2C%20al%C3%A9m%20de%20Aluguel%20em%20Praia%20Grande%2C%20temos%20Captaç%C3%A3o%20Digital%2C%20Automaç%C3%A3o%2C%20SEO%20Local%20que%20ajudam%20a%20vender/alugar%20mais%20r%C3%A1pido.%20Quer%20que%20eu%20envie%20detalhes%3F,2026-07-23,30,baixo,7 dias,"Lucas Rocha, sem resposta ainda sobre Aluguel em Praia Grande. Posso reenviar opções atualizadas?"
Helena Martins,551278108013,Praia Grande,Aluguel,cross-sell,"Helena Martins, além de Aluguel em Praia Grande, temos Captação Digital, Automação, SEO Local que ajudam a vender/alugar mais rápido. Quer que eu envie detalhes?",https://wa.me/551278108013?text=Helena%20Martins%2C%20al%C3%A9m%20de%20Aluguel%20em%20Praia%20Grande%2C%20temos%20Captaç%C3%A3o%20Digital%2C%20Automaç%C3%A3o%2C%20SEO%20Local%20que%20ajudam%20a%20vender/alugar%20mais%20r%C3%A1pido.%20Quer%20que%20eu%20envie%20detalhes%3F,2026-07-23,30,baixo,7 dias,"Helena Martins, sem resposta ainda sobre Aluguel em Praia Grande. Posso reenviar opções atualizadas?"
Quésia Souza,551702606474,Praia Grande,Aluguel,cross-sell,"Quésia Souza, além de Aluguel em Praia Grande, temos Captação Digital, Automação, SEO Local que ajudam a vender/alugar mais rápido. Quer que eu envie detalhes?",https://wa.me/551702606474?text=Qu%C3%A9sia%20Souza%2C%20al%C3%A9m%20de%20Aluguel%20em%20Praia%20Grande%2C%20temos%20Captaç%C3%A3o%20Digital%2C%20Automaç%C3%A3o%2C%20SEO%20Local%20que%20ajudam%20a%20vender/alugar%20mais%20r%C3%A1pido.%20Quer%20que%20eu%20envie%20detalhes%3F,2026-07-23,30,baixo,7 dias,"Quésia Souza, sem resposta ainda sobre Aluguel em Praia Grande. Posso reenviar opções atualizadas?"
Yasmin Rocha,551972343098,Praia Grande,Aluguel,cross-sell,"Yasmin Rocha, além de Aluguel em Praia Grande, temos Captação Digital, Automação, SEO Local que ajudam a vender/alugar mais rápido. Quer que eu envie detalhes?",https://wa.me/551972343098?text=Yasmin%20Rocha%2C%20al%C3%A9m%20de%20Aluguel%20em%20Praia%20Grande%2C%20temos%20Captaç%C3%A3o%20Digital%2C%20Automaç%C3%A3o%2C%20SEO%20Local%20que%20ajudam%20a%20vender/alugar%20mais%20r%C3%A1pido.%20Quer%20que%20eu%20envie%20detalhes%3F,2026-07-23,30,baixo,7 dias,"Yasmin Rocha, sem resposta ainda sobre Aluguel em Praia Grande. Posso reenviar opções atualizadas?"
Bruno Silva,551888208121,Praia Grande,Aluguel,cross-sell,"Bruno Silva, além de Aluguel em Praia Grande, temos Captação Digital, Automação, SEO Local que ajudam a vender/alugar mais rápido. Quer que eu envie detalhes?",https://wa.me/551888208121?text=Bruno%20Silva%2C%20al%C3%A9m%20de%20Aluguel%20em%20Praia%20Grande%2C%20temos%20Captaç%C3%A3o%20Digital%2C%20Automaç%C3%A3o%2C%20SEO%20Local%20que%20ajudam%20a%20vender/alugar%20mais%20r%C3%A1pido.%20Quer%20que%20eu%20envie%20detalhes%3F,2026-07-23,30,baixo,7 dias,"Bruno Silva, sem resposta ainda sobre Aluguel em Praia Grande. Posso reenviar opções atualizadas?"
Tiago Almeida,551954353462,Praia Grande,Aluguel,cross-sell,"Tiago Almeida, além de Aluguel em Praia Grande, temos Captação Digital, Automação, SEO Local que ajudam a vender/alugar mais rápido. Quer que eu envie detalhes?",https://wa.me/551954353462?text=Tiago%20Almeida%2C%20al%C3%A9m%20de%20Aluguel%20em%20Praia%20Grande%2C%20temos%20Captaç%C3%A3o%20Digital%2C%20Automaç%C3%A3o%2C%20SEO%20Local%20que%20ajudam%20a%20vender/alugar%20mais%20r%C3%A1pido.%20Quer%20que%20eu%20envie%20detalhes%3F,2026-07-23,30,baixo,7 dias,"Tiago Almeida, sem resposta ainda sobre Aluguel em Praia Grande. Posso reenviar opções atualizadas?"
Juliana Ferreira,551610799118,Praia Grande,Aluguel,cross-sell,"Juliana Ferreira, além de Aluguel em Praia Grande, temos Captação Digital, Automação, SEO Local que ajudam a vender/alugar mais rápido. Quer que eu envie detalhes?",https://wa.me/551610799118?text=Juliana%20Ferreira%2C%20al%C3%A9m%20de%20Aluguel%20em%20Praia%20Grande%2C%20temos%20Captaç%C3%A3o%20Digital%2C%20Automaç%C3%A3o%2C%20SEO%20Local%20que%20ajudam%20a%20vender/alugar%20mais%20r%C3%A1pido.%20Quer%20que%20eu%20envie%20detalhes%3F,2026-07-23,30,baixo,7 dias,"Juliana Ferreira, sem resposta ainda sobre Aluguel em Praia Grande. Posso reenviar opções atualizadas?"
Vinicius Ribeiro,551184124118,Bertioga,Aluguel,cross-sell,"Vinicius Ribeiro, além de Aluguel em Bertioga, temos Captação Digital, Automação, SEO Local que ajudam a vender/alugar mais rápido. Quer que eu envie detalhes?",https://wa.me/551184124118?text=Vinicius%20Ribeiro%2C%20al%C3%A9m%20de%20Aluguel%20em%20Bertioga%2C%20temos%20Captaç%C3%A3o%20Digital%2C%20Automaç%C3%A3o%2C%20SEO%20Local%20que%20ajudam%20a%20vender/alugar%20mais%20r%C3%A1pido.%20Quer%20que%20eu%20envie%20detalhes%3F,2026-07-23,30,baixo,7 dias,"Vinicius Ribeiro, sem resposta ainda sobre Aluguel em Bertioga. Posso reenviar opções atualizadas?"
Daniela Costa,551173375433,Bertioga,Compra,cross-sell,"Daniela Costa, além de Compra em Bertioga, temos Avaliação, Descrição com IA, Consultoria Proptech que ajudam a vender/alugar mais rápido. Quer que eu envie detalhes?",https://wa.me/551173375433?text=Daniela%20Costa%2C%20al%C3%A9m%20de%20Compra%20em%20Bertioga%2C%20temos%20Avaliaç%C3%A3o%2C%20Descriç%C3%A3o%20com%20IA%2C%20Consultoria%20Proptech%20que%20ajudam%20a%20vender/alugar%20mais%20r%C3%A1pido.%20Quer%20que%20eu%20envie%20detalhes%3F,2026-07-23,30,baixo,7 dias,"Daniela Costa, sem resposta ainda sobre Compra em Bertioga. Posso reenviar opções atualizadas?"
Nicholas Pereira,551514586850,Bertioga,Aluguel,cross-sell,"Nicholas Pereira, além de Aluguel em Bertioga, temos Captação Digital, Automação, SEO Local que ajudam a vender/alugar mais rápido. Quer que eu envie detalhes?",https://wa.me/551514586850?text=Nicholas%20Pereira%2C%20al%C3%A9m%20de%20Aluguel%20em%20Bertioga%2C%20temos%20Captaç%C3%A3o%20Digital%2C%20Automaç%C3%A3o%2C%20SEO%20Local%20que%20ajudam%20a%20vender/alugar%20mais%20r%C3%A1pido.%20Quer%20que%20eu%20envie%20detalhes%3F,2026-07-23,30,baixo,7 dias,"Nicholas Pereira, sem resposta ainda sobre Aluguel em Bertioga. Posso reenviar opções atualizadas?"
Felipe Araujo,5511955556666,Itanhaém,Compra,primeiro_contato,"Olá, Felipe Araujo! Tudo bem? Vi que você tem interesse em Compra na região de Itanhaém. Quer que eu envie 3 opções compatíveis com o seu perfil?",https://wa.me/5511955556666?text=Ol%C3%A1%2C%20Felipe%20Araujo%21%20Tudo%20bem%3F%20Vi%20que%20voc%C3%AA%20tem%20interesse%20em%20Compra%20na%20regi%C3%A3o%20de%20Itanha%C3%A9m.%20Quer%20que%20eu%20envie%203%20opç%C3%B5es%20compat%C3%ADveis%20com%20o%20seu%20perfil%3F,2026-07-23,10,baixo,7 dias,"Felipe Araujo, lembrete: temos opções de Compra em Itanhaém alinhadas com sua busca. Quer que eu envie a pré-seleção?"
Fernanda Almeida,551501965569,Itanhaém,Compra,primeiro_contato,"Olá, Fernanda Almeida! Tudo bem? Vi que você tem interesse em Compra na região de Itanhaém. Quer que eu envie 3 opções compatíveis com o seu perfil?",https://wa.me/551501965569?text=Ol%C3%A1%2C%20Fernanda%20Almeida%21%20Tudo%20bem%3F%20Vi%20que%20voc%C3%AA%20tem%20interesse%20em%20Compra%20na%20regi%C3%A3o%20de%20Itanha%C3%A9m.%20Quer%20que%20eu%20envie%203%20opç%C3%B5es%20compat%C3%ADveis%20com%20o%20seu%20perfil%3F,2026-07-23,10,baixo,7 dias,"Fernanda Almeida, lembrete: temos opções de Compra em Itanhaém alinhadas com sua busca. Quer que eu envie a pré-seleção?"
Daniela Costa,551440608835,Itanhaém,Compra,primeiro_contato,"Olá, Daniela Costa! Tudo bem? Vi que você tem interesse em Compra na região de Itanhaém. Quer que eu envie 3 opções compatíveis com o seu perfil?",https://wa.me/551440608835?text=Ol%C3%A1%2C%20Daniela%20Costa%21%20Tudo%20bem%3F%20Vi%20que%20voc%C3%AA%20tem%20interesse%20em%20Compra%20na%20regi%C3%A3o%20de%20Itanha%C3%A9m.%20Quer%20que%20eu%20envie%203%20opç%C3%B5es%20compat%C3%ADveis%20com%20o%20seu%20perfil%3F,2026-07-23,10,baixo,7 dias,"Daniela Costa, lembrete: temos opções de Compra em Itanhaém alinhadas com sua busca. Quer que eu envie a pré-seleção?"
Wanessa Mendes,551695148465,Itanhaém,Compra,primeiro_contato,"Olá, Wanessa Mendes! Tudo bem? Vi que você tem interesse em Compra na região de Itanhaém. Quer que eu envie 3 opções compatíveis com o seu perfil?",https://wa.me/551695148465?text=Ol%C3%A1%2C%20Wanessa%20Mendes%21%20Tudo%20bem%3F%20Vi%20que%20voc%C3%AA%20tem%20interesse%20em%20Compra%20na%20regi%C3%A3o%20de%20Itanha%C3%A9m.%20Quer%20que%20eu%20envie%203%20opç%C3%B5es%20compat%C3%ADveis%20com%20o%20seu%20perfil%3F,2026-07-23,10,baixo,7 dias,"Wanessa Mendes, lembrete: temos opções de Compra em Itanhaém alinhadas com sua busca. Quer que eu envie a pré-seleção?"
Juliana Ribeiro,551336629946,Itanhaém,Compra,primeiro_contato,"Olá, Juliana Ribeiro! Tudo bem? Vi que você tem interesse em Compra na região de Itanhaém. Quer que eu envie 3 opções compatíveis com o seu perfil?",https://wa.me/551336629946?text=Ol%C3%A1%2C%20Juliana%20Ribeiro%21%20Tudo%20bem%3F%20Vi%20que%20voc%C3%AA%20tem%20interesse%20em%20Compra%20na%20regi%C3%A3o%20de%20Itanha%C3%A9m.%20Quer%20que%20eu%20envie%203%20opç%C3%B5es%20compat%C3%ADveis%20com%20o%20seu%20perfil%3F,2026-07-23,10,baixo,7 dias,"Juliana Ribeiro, lembrete: temos opções de Compra em Itanhaém alinhadas com sua busca. Quer que eu envie a pré-seleção?"
Ana Lima,551536995777,Itanhaém,Compra,primeiro_contato,"Olá, Ana Lima! Tudo bem? Vi que você tem interesse em Compra na região de Itanhaém. Quer que eu envie 3 opções compatíveis com o seu perfil?",https://wa.me/551536995777?text=Ol%C3%A1%2C%20Ana%20Lima%21%20Tudo%20bem%3F%20Vi%20que%20voc%C3%AA%20tem%20interesse%20em%20Compra%20na%20regi%C3%A3o%20de%20Itanha%C3%A9m.%20Quer%20que%20eu%20envie%203%20opç%C3%B5es%20compat%C3%ADveis%20com%20o%20seu%20perfil%3F,2026-07-23,10,baixo,7 dias,"Ana Lima, lembrete: temos opções de Compra em Itanhaém alinhadas com sua busca. Quer que eu envie a pré-seleção?"
Rafael Ferreira,551314895134,Itanhaém,Compra,primeiro_contato,"Olá, Rafael Ferreira! Tudo bem? Vi que você tem interesse em Compra na região de Itanhaém. Quer que eu envie 3 opções compatíveis com o seu perfil?",https://wa.me/551314895134?text=Ol%C3%A1%2C%20Rafael%20Ferreira%21%20Tudo%20bem%3F%20Vi%20que%20voc%C3%AA%20tem%20interesse%20em%20Compra%20na%20regi%C3%A3o%20de%20Itanha%C3%A9m.%20Quer%20que%20eu%20envie%203%20opç%C3%B5es%20compat%C3%ADveis%20com%20o%20seu%20perfil%3F,2026-07-23,10,baixo,7 dias,"Rafael Ferreira, lembrete: temos opções de Compra em Itanhaém alinhadas com sua busca. Quer que eu envie a pré-seleção?"
Eduardo Silva,551137917693,Itanhaém,Compra,primeiro_contato,"Olá, Eduardo Silva! Tudo bem? Vi que você tem interesse em Compra na região de Itanhaém. Quer que eu envie 3 opções compatíveis com o seu perfil?",https://wa.me/551137917693?text=Ol%C3%A1%2C%20Eduardo%20Silva%21%20Tudo%20bem%3F%20Vi%20que%20voc%C3%AA%20tem%20interesse%20em%20Compra%20na%20regi%C3%A3o%20de%20Itanha%C3%A9m.%20Quer%20que%20eu%20envie%203%20opç%C3%B5es%20compat%C3%ADveis%20com%20o%20seu%20perfil%3F,2026-07-23,10,baixo,7 dias,"Eduardo Silva, lembrete: temos opções de Compra em Itanhaém alinhadas com sua busca. Quer que eu envie a pré-seleção?"
Nicholas Ferreira,551732016328,Itanhaém,Compra,primeiro_contato,"Olá, Nicholas Ferreira! Tudo bem? Vi que você tem interesse em Compra na região de Itanhaém. Quer que eu envie 3 opções compatíveis com o seu perfil?",https://wa.me/551732016328?text=Ol%C3%A1%2C%20Nicholas%20Ferreira%21%20Tudo%20bem%3F%20Vi%20que%20voc%C3%AA%20tem%20interesse%20em%20Compra%20na%20regi%C3%A3o%20de%20Itanha%C3%A9m.%20Quer%20que%20eu%20envie%203%20opç%C3%B5es%20compat%C3%ADveis%20com%20o%20seu%20perfil%3F,2026-07-23,10,baixo,7 dias,"Nicholas Ferreira, lembrete: temos opções de Compra em Itanhaém alinhadas com sua busca. Quer que eu envie a pré-seleção?"
Sofia Souza,551272788957,Itanhaém,Compra,primeiro_contato,"Olá, Sofia Souza! Tudo bem? Vi que você tem interesse em Compra na região de Itanhaém. Quer que eu envie 3 opções compatíveis com o seu perfil?",https://wa.me/551272788957?text=Ol%C3%A1%2C%20Sofia%20Souza%21%20Tudo%20bem%3F%20Vi%20que%20voc%C3%AA%20tem%20interesse%20em%20Compra%20na%20regi%C3%A3o%20de%20Itanha%C3%A9m.%20Quer%20que%20eu%20envie%203%20opç%C3%B5es%20compat%C3%ADveis%20com%20o%20seu%20perfil%3F,2026-07-23,10,baixo,7 dias,"Sofia Souza, lembrete: temos opções de Compra em Itanhaém alinhadas com sua busca. Quer que eu envie a pré-seleção?"
Camila Ribeiro,5513966667777,Mongaguá,Aluguel,primeiro_contato,"Olá, Camila Ribeiro! Tudo bem? Vi que você tem interesse em Aluguel na região de Mongaguá. Quer que eu envie 3 opções compatíveis com o seu perfil?",https://wa.me/5513966667777?text=Ol%C3%A1%2C%20Camila%20Ribeiro%21%20Tudo%20bem%3F%20Vi%20que%20voc%C3%AA%20tem%20interesse%20em%20Aluguel%20na%20regi%C3%A3o%20de%20Mongagu%C3%A1.%20Quer%20que%20eu%20envie%203%20opç%C3%B5es%20compat%C3%ADveis%20com%20o%20seu%20perfil%3F,2026-07-23,10,baixo,7 dias,"Camila Ribeiro, lembrete: temos opções de Aluguel em Mongaguá alinhadas com sua busca. Quer que eu envie a pré-seleção?"
Yasmin Mendes,551968727743,Mongaguá,Aluguel,primeiro_contato,"Olá, Yasmin Mendes! Tudo bem? Vi que você tem interesse em Aluguel na região de Mongaguá. Quer que eu envie 3 opções compatíveis com o seu perfil?",https://wa.me/551968727743?text=Ol%C3%A1%2C%20Yasmin%20Mendes%21%20Tudo%20bem%3F%20Vi%20que%20voc%C3%AA%20tem%20interesse%20em%20Aluguel%20na%20regi%C3%A3o%20de%20Mongagu%C3%A1.%20Quer%20que%20eu%20envie%203%20opç%C3%B5es%20compat%C3%ADveis%20com%20o%20seu%20perfil%3F,2026-07-23,10,baixo,7 dias,"Yasmin Mendes, lembrete: temos opções de Aluguel em Mongaguá alinhadas com sua busca. Quer que eu envie a pré-seleção?"
Igor Rocha,551973471434,Mongaguá,Aluguel,primeiro_contato,"Olá, Igor Rocha! Tudo bem? Vi que você tem interesse em Aluguel na região de Mongaguá. Quer que eu envie 3 opções compatíveis com o seu perfil?",https://wa.me/551973471434?text=Ol%C3%A1%2C%20Igor%20Rocha%21%20Tudo%20bem%3F%20Vi%20que%20voc%C3%AA%20tem%20interesse%20em%20Aluguel%20na%20regi%C3%A3o%20de%20Mongagu%C3%A1.%20Quer%20que%20eu%20envie%203%20opç%C3%B5es%20compat%C3%ADveis%20com%20o%20seu%20perfil%3F,2026-07-23,10,baixo,7 dias,"Igor Rocha, lembrete: temos opções de Aluguel em Mongaguá alinhadas com sua busca. Quer que eu envie a pré-seleção?"
Sofia Santos,551323623166,Mongaguá,Aluguel,primeiro_contato,"Olá, Sofia Santos! Tudo bem? Vi que você tem interesse em Aluguel na região de Mongaguá. Quer que eu envie 3 opções compatíveis com o seu perfil?",https://wa.me/551323623166?text=Ol%C3%A1%2C%20Sofia%20Santos%21%20Tudo%20bem%3F%20Vi%20que%20voc%C3%AA%20tem%20interesse%20em%20Aluguel%20na%20regi%C3%A3o%20de%20Mongagu%C3%A1.%20Quer%20que%20eu%20envie%203%20opç%C3%B5es%20compat%C3%ADveis%20com%20o%20seu%20perfil%3F,2026-07-23,10,baixo,7 dias,"Sofia Santos, lembrete: temos opções de Aluguel em Mongaguá alinhadas com sua busca. Quer que eu envie a pré-seleção?"
Pedro Costa,551136690967,Mongaguá,Aluguel,primeiro_contato,"Olá, Pedro Costa! Tudo bem? Vi que você tem interesse em Aluguel na região de Mongaguá. Quer que eu envie 3 opções compatíveis com o seu perfil?",https://wa.me/551136690967?text=Ol%C3%A1%2C%20Pedro%20Costa%21%20Tudo%20bem%3F%20Vi%20que%20voc%C3%AA%20tem%20interesse%20em%20Aluguel%20na%20regi%C3%A3o%20de%20Mongagu%C3%A1.%20Quer%20que%20eu%20envie%203%20opç%C3%B5es%20compat%C3%ADveis%20com%20o%20seu%20perfil%3F,2026-07-23,10,baixo,7 dias,"Pedro Costa, lembrete: temos opções de Aluguel em Mongaguá alinhadas com sua busca. Quer que eu envie a pré-seleção?"
Juliana Rocha,551768893734,Mongaguá,Aluguel,primeiro_contato,"Olá, Juliana Rocha! Tudo bem? Vi que você tem interesse em Aluguel na região de Mongaguá. Quer que eu envie 3 opções compatíveis com o seu perfil?",https://wa.me/551768893734?text=Ol%C3%A1%2C%20Juliana%20Rocha%21%20Tudo%20bem%3F%20Vi%20que%20voc%C3%AA%20tem%20interesse%20em%20Aluguel%20na%20regi%C3%A3o%20de%20Mongagu%C3%A1.%20Quer%20que%20eu%20envie%203%20opç%C3%B5es%20compat%C3%ADveis%20com%20o%20seu%20perfil%3F,2026-07-23,10,baixo,7 dias,"Juliana Rocha, lembrete: temos opções de Aluguel em Mongaguá alinhadas com sua busca. Quer que eu envie a pré-seleção?"
Ana Costa,551662729806,Mongaguá,Aluguel,primeiro_contato,"Olá, Ana Costa! Tudo bem? Vi que você tem interesse em Aluguel na região de Mongaguá. Quer que eu envie 3 opções compatíveis com o seu perfil?",https://wa.me/551662729806?text=Ol%C3%A1%2C%20Ana%20Costa%21%20Tudo%20bem%3F%20Vi%20que%20voc%C3%AA%20tem%20interesse%20em%20Aluguel%20na%20regi%C3%A3o%20de%20Mongagu%C3%A1.%20Quer%20que%20eu%20envie%203%20opç%C3%B5es%20compat%C3%ADveis%20com%20o%20seu%20perfil%3F,2026-07-23,10,baixo,7 dias,"Ana Costa, lembrete: temos opções de Aluguel em Mongaguá alinhadas com sua busca. Quer que eu envie a pré-seleção?"
Wanessa Silva,551262720465,Mongaguá,Aluguel,primeiro_contato,"Olá, Wanessa Silva! Tudo bem? Vi que você tem interesse em Aluguel na região de Mongaguá. Quer que eu envie 3 opções compatíveis com o seu perfil?",https://wa.me/551262720465?text=Ol%C3%A1%2C%20Wanessa%20Silva%21%20Tudo%20bem%3F%20Vi%20que%20voc%C3%AA%20tem%20interesse%20em%20Aluguel%20na%20regi%C3%A3o%20de%20Mongagu%C3%A1.%20Quer%20que%20eu%20envie%203%20opç%C3%B5es%20compat%C3%ADveis%20com%20o%20seu%20perfil%3F,2026-07-23,10,baixo,7 dias,"Wanessa Silva, lembrete: temos opções de Aluguel em Mongaguá alinhadas com sua busca. Quer que eu envie a pré-seleção?"
Lucas Rocha,551746417080,Mongaguá,Aluguel,primeiro_contato,"Olá, Lucas Rocha! Tudo bem? Vi que você tem interesse em Aluguel na região de Mongaguá. Quer que eu envie 3 opções compatíveis com o seu perfil?",https://wa.me/551746417080?text=Ol%C3%A1%2C%20Lucas%20Rocha%21%20Tudo%20bem%3F%20Vi%20que%20voc%C3%AA%20tem%20interesse%20em%20Aluguel%20na%20regi%C3%A3o%20de%20Mongagu%C3%A1.%20Quer%20que%20eu%20envie%203%20opç%C3%B5es%20compat%C3%ADveis%20com%20o%20seu%20perfil%3F,2026-07-23,10,baixo,7 dias,"Lucas Rocha, lembrete: temos opções de Aluguel em Mongaguá alinhadas com sua busca. Quer que eu envie a pré-seleção?"
Daniela Almeida,551149663193,São Vicente,Aluguel,primeiro_contato,"Olá, Daniela Almeida! Tudo bem? Vi que você tem interesse em Aluguel na região de São Vicente. Quer que eu envie 3 opções compatíveis com o seu perfil?",https://wa.me/551149663193?text=Ol%C3%A1%2C%20Daniela%20Almeida%21%20Tudo%20bem%3F%20Vi%20que%20voc%C3%AA%20tem%20interesse%20em%20Aluguel%20na%20regi%C3%A3o%20de%20S%C3%A3o%20Vicente.%20Quer%20que%20eu%20envie%203%20opç%C3%B5es%20compat%C3%ADveis%20com%20o%20seu%20perfil%3F,2026-07-23,10,baixo,7 dias,"Daniela Almeida, lembrete: temos opções de Aluguel em São Vicente alinhadas com sua busca. Quer que eu envie a pré-seleção?"
Juliana Martins,5513988889999,Peruíbe,Compra,primeiro_contato,"Olá, Juliana Martins! Tudo bem? Vi que você tem interesse em Compra na região de Peruíbe. Quer que eu envie 3 opções compatíveis com o seu perfil?",https://wa.me/5513988889999?text=Ol%C3%A1%2C%20Juliana%20Martins%21%20Tudo%20bem%3F%20Vi%20que%20voc%C3%AA%20tem%20interesse%20em%20Compra%20na%20regi%C3%A3o%20de%20Peru%C3%ADbe.%20Quer%20que%20eu%20envie%203%20opç%C3%B5es%20compat%C3%ADveis%20com%20o%20seu%20perfil%3F,2026-07-23,10,baixo,7 dias,"Juliana Martins, lembrete: temos opções de Compra em Peruíbe alinhadas com sua busca. Quer que eu envie a pré-seleção?"
Igor Lima,551531351823,Peruíbe,Aluguel,primeiro_contato,"Olá, Igor Lima! Tudo bem? Vi que você tem interesse em Aluguel na região de Peruíbe. Quer que eu envie 3 opções compatíveis com o seu perfil?",https://wa.me/551531351823?text=Ol%C3%A1%2C%20Igor%20Lima%21%20Tudo%20bem%3F%20Vi%20que%20voc%C3%AA%20tem%20interesse%20em%20Aluguel%20na%20regi%C3%A3o%20de%20Peru%C3%ADbe.%20Quer%20que%20eu%20envie%203%20opç%C3%B5es%20compat%C3%ADveis%20com%20o%20seu%20perfil%3F,2026-07-23,10,baixo,7 dias,"Igor Lima, lembrete: temos opções de Aluguel em Peruíbe alinhadas com sua busca. Quer que eu envie a pré-seleção?"
Igor Araujo,551994134352,Peruíbe,Compra,primeiro_contato,"Olá, Igor Araujo! Tudo bem? Vi que você tem interesse em Compra na região de Peruíbe. Quer que eu envie 3 opções compatíveis com o seu perfil?",https://wa.me/551994134352?text=Ol%C3%A1%2C%20Igor%20Araujo%21%20Tudo%20bem%3F%20Vi%20que%20voc%C3%AA%20tem%20interesse%20em%20Compra%20na%20regi%C3%A3o%20de%20Peru%C3%ADbe.%20Quer%20que%20eu%20envie%203%20opç%C3%B5es%20compat%C3%ADveis%20com%20o%20seu%20perfil%3F,2026-07-23,10,baixo,7 dias,"Igor Araujo, lembrete: temos opções de Compra em Peruíbe alinhadas com sua busca. Quer que eu envie a pré-seleção?"
Xavier Ribeiro,551340084271,Peruíbe,Compra,primeiro_contato,"Olá, Xavier Ribeiro! Tudo bem? Vi que você tem interesse em Compra na região de Peruíbe. Quer que eu envie 3 opções compatíveis com o seu perfil?",https://wa.me/551340084271?text=Ol%C3%A1%2C%20Xavier%20Ribeiro%21%20Tudo%20bem%3F%20Vi%20que%20voc%C3%AA%20tem%20interesse%20em%20Compra%20na%20regi%C3%A3o%20de%20Peru%C3%ADbe.%20Quer%20que%20eu%20envie%203%20opç%C3%B5es%20compat%C3%ADveis%20com%20o%20seu%20perfil%3F,2026-07-23,10,baixo,7 dias,"Xavier Ribeiro, lembrete: temos opções de Compra em Peruíbe alinhadas com sua busca. Quer que eu envie a pré-seleção?"
Tiago Lima,551877520471,Peruíbe,Compra,primeiro_contato,"Olá, Tiago Lima! Tudo bem? Vi que você tem interesse em Compra na região de Peruíbe. Quer que eu envie 3 opções compatíveis com o seu perfil?",https://wa.me/551877520471?text=Ol%C3%A1%2C%20Tiago%20Lima%21%20Tudo%20bem%3F%20Vi%20que%20voc%C3%AA%20tem%20interesse%20em%20Compra%20na%20regi%C3%A3o%20de%20Peru%C3%ADbe.%20Quer%20que%20eu%20envie%203%20opç%C3%B5es%20compat%C3%ADveis%20com%20o%20seu%20perfil%3F,2026-07-23,10,baixo,7 dias,"Tiago Lima, lembrete: temos opções de Compra em Peruíbe alinhadas com sua busca. Quer que eu envie a pré-seleção?"
Nicholas Ferreira,551290229413,Peruíbe,Aluguel,primeiro_contato,"Olá, Nicholas Ferreira! Tudo bem? Vi que você tem interesse em Aluguel na região de Peruíbe. Quer que eu envie 3 opções compatíveis com o seu perfil?",https://wa.me/551290229413?text=Ol%C3%A1%2C%20Nicholas%20Ferreira%21%20Tudo%20bem%3F%20Vi%20que%20voc%C3%AA%20tem%20interesse%20em%20Aluguel%20na%20regi%C3%A3o%20de%20Peru%C3%ADbe.%20Quer%20que%20eu%20envie%203%20opç%C3%B5es%20compat%C3%ADveis%20com%20o%20seu%20perfil%3F,2026-07-23,10,baixo,7 dias,"Nicholas Ferreira, lembrete: temos opções de Aluguel em Peruíbe alinhadas com sua busca. Quer que eu envie a pré-seleção?"
Ursula Almeida,551486774964,Peruíbe,Compra,primeiro_contato,"Olá, Ursula Almeida! Tudo bem? Vi que você tem interesse em Compra na região de Peruíbe. Quer que eu envie 3 opções compatíveis com o seu perfil?",https://wa.me/551486774964?text=Ol%C3%A1%2C%20Ursula%20Almeida%21%20Tudo%20bem%3F%20Vi%20que%20voc%C3%AA%20tem%20interesse%20em%20Compra%20na%20regi%C3%A3o%20de%20Peru%C3%ADbe.%20Quer%20que%20eu%20envie%203%20opç%C3%B5es%20compat%C3%ADveis%20com%20o%20seu%20perfil%3F,2026-07-23,10,baixo,7 dias,"Ursula Almeida, lembrete: temos opções de Compra em Peruíbe alinhadas com sua busca. Quer que eu envie a pré-seleção?"
Bruno Almeida,551233412328,Peruíbe,Compra,primeiro_contato,"Olá, Bruno Almeida! Tudo bem? Vi que você tem interesse em Compra na região de Peruíbe. Quer que eu envie 3 opções compatíveis com o seu perfil?",https://wa.me/551233412328?text=Ol%C3%A1%2C%20Bruno%20Almeida%21%20Tudo%20bem%3F%20Vi%20que%20voc%C3%AA%20tem%20interesse%20em%20Compra%20na%20regi%C3%A3o%20de%20Peru%C3%ADbe.%20Quer%20que%20eu%20envie%203%20opç%C3%B5es%20compat%C3%ADveis%20com%20o%20seu%20perfil%3F,2026-07-23,10,baixo,7 dias,"Bruno Almeida, lembrete: temos opções de Compra em Peruíbe alinhadas com sua busca. Quer que eu envie a pré-seleção?"
Olivia Ferreira,551840344713,Peruíbe,Compra,primeiro_contato,"Olá, Olivia Ferreira! Tudo bem? Vi que você tem interesse em Compra na região de Peruíbe. Quer que eu envie 3 opções compatíveis com o seu perfil?",https://wa.me/551840344713?text=Ol%C3%A1%2C%20Olivia%20Ferreira%21%20Tudo%20bem%3F%20Vi%20que%20voc%C3%AA%20tem%20interesse%20em%20Compra%20na%20regi%C3%A3o%20de%20Peru%C3%ADbe.%20Quer%20que%20eu%20envie%203%20opç%C3%B5es%20compat%C3%ADveis%20com%20o%20seu%20perfil%3F,2026-07-23,10,baixo,7 dias,"Olivia Ferreira, lembrete: temos opções de Compra em Peruíbe alinhadas com sua busca. Quer que eu envie a pré-seleção?"
Vinicius Almeida,551461832421,Peruíbe,Aluguel,primeiro_contato,"Olá, Vinicius Almeida! Tudo bem? Vi que você tem interesse em Aluguel na região de Peruíbe. Quer que eu envie 3 opções compatíveis com o seu perfil?",https://wa.me/551461832421?text=Ol%C3%A1%2C%20Vinicius%20Almeida%21%20Tudo%20bem%3F%20Vi%20que%20voc%C3%AA%20tem%20interesse%20em%20Aluguel%20na%20regi%C3%A3o%20de%20Peru%C3%ADbe.%20Quer%20que%20eu%20envie%203%20opç%C3%B5es%20compat%C3%ADveis%20com%20o%20seu%20perfil%3F,2026-07-23,10,baixo,7 dias,"Vinicius Almeida, lembrete: temos opções de Aluguel em Peruíbe alinhadas com sua busca. Quer que eu envie a pré-seleção?"
Felipe Araujo,5511955556666,Itanhaém,Compra,reengajamento,"Olá, Felipe Araujo! Lembrete rápido: a Litoral Prime Imóveis tem novas opções no litoral de SP. Quer que eu envie as melhores oportunidades desta semana?",https://wa.me/5511955556666?text=Ol%C3%A1%2C%20Felipe%20Araujo%21%20Lembrete%20r%C3%A1pido:%20a%20Litoral%20Prime%20Im%C3%B3veis%20tem%20novas%20opç%C3%B5es%20no%20litoral%20de%20SP.%20Quer%20que%20eu%20envie%20as%20melhores%20oportunidades%20desta%20semana%3F,2026-07-23,10,baixo,7 dias,"Felipe Araujo, sem resposta ainda sobre Compra em Itanhaém. Posso reenviar opções atualizadas?"
Fernanda Almeida,551501965569,Itanhaém,Compra,reengajamento,"Olá, Fernanda Almeida! Lembrete rápido: a Litoral Prime Imóveis tem novas opções no litoral de SP. Quer que eu envie as melhores oportunidades desta semana?",https://wa.me/551501965569?text=Ol%C3%A1%2C%20Fernanda%20Almeida%21%20Lembrete%20r%C3%A1pido:%20a%20Litoral%20Prime%20Im%C3%B3veis%20tem%20novas%20opç%C3%B5es%20no%20litoral%20de%20SP.%20Quer%20que%20eu%20envie%20as%20melhores%20oportunidades%20desta%20semana%3F,2026-07-23,10,baixo,7 dias,"Fernanda Almeida, sem resposta ainda sobre Compra em Itanhaém. Posso reenviar opções atualizadas?"
Daniela Costa,551440608835,Itanhaém,Compra,reengajamento,"Olá, Daniela Costa! Lembrete rápido: a Litoral Prime Imóveis tem novas opções no litoral de SP. Quer que eu envie as melhores oportunidades desta semana?",https://wa.me/551440608835?text=Ol%C3%A1%2C%20Daniela%20Costa%21%20Lembrete%20r%C3%A1pido:%20a%20Litoral%20Prime%20Im%C3%B3veis%20tem%20novas%20opç%C3%B5es%20no%20litoral%20de%20SP.%20Quer%20que%20eu%20envie%20as%20melhores%20oportunidades%20desta%20semana%3F,2026-07-23,10,baixo,7 dias,"Daniela Costa, sem resposta ainda sobre Compra em Itanhaém. Posso reenviar opções atualizadas?"
Wanessa Mendes,551695148465,Itanhaém,Compra,reengajamento,"Olá, Wanessa Mendes! Lembrete rápido: a Litoral Prime Imóveis tem novas opções no litoral de SP. Quer que eu envie as melhores oportunidades desta semana?",https://wa.me/551695148465?text=Ol%C3%A1%2C%20Wanessa%20Mendes%21%20Lembrete%20r%C3%A1pido:%20a%20Litoral%20Prime%20Im%C3%B3veis%20tem%20novas%20opç%C3%B5es%20no%20litoral%20de%20SP.%20Quer%20que%20eu%20envie%20as%20melhores%20oportunidades%20desta%20semana%3F,2026-07-23,10,baixo,7 dias,"Wanessa Mendes, sem resposta ainda sobre Compra em Itanhaém. Posso reenviar opções atualizadas?"
Juliana Ribeiro,551336629946,Itanhaém,Compra,reengajamento,"Olá, Juliana Ribeiro! Lembrete rápido: a Litoral Prime Imóveis tem novas opções no litoral de SP. Quer que eu envie as melhores oportunidades desta semana?",https://wa.me/551336629946?text=Ol%C3%A1%2C%20Juliana%20Ribeiro%21%20Lembrete%20r%C3%A1pido:%20a%20Litoral%20Prime%20Im%C3%B3veis%20tem%20novas%20opç%C3%B5es%20no%20litoral%20de%20SP.%20Quer%20que%20eu%20envie%20as%20melhores%20oportunidades%20desta%20semana%3F,2026-07-23,10,baixo,7 dias,"Juliana Ribeiro, sem resposta ainda sobre Compra em Itanhaém. Posso reenviar opções atualizadas?"
Ana Lima,551536995777,Itanhaém,Compra,reengajamento,"Olá, Ana Lima! Lembrete rápido: a Litoral Prime Imóveis tem novas opções no litoral de SP. Quer que eu envie as melhores oportunidades desta semana?",https://wa.me/551536995777?text=Ol%C3%A1%2C%20Ana%20Lima%21%20Lembrete%20r%C3%A1pido:%20a%20Litoral%20Prime%20Im%C3%B3veis%20tem%20novas%20opç%C3%B5es%20no%20litoral%20de%20SP.%20Quer%20que%20eu%20envie%20as%20melhores%20oportunidades%20desta%20semana%3F,2026-07-23,10,baixo,7 dias,"Ana Lima, sem resposta ainda sobre Compra em Itanhaém. Posso reenviar opções atualizadas?"
Rafael Ferreira,551314895134,Itanhaém,Compra,reengajamento,"Olá, Rafael Ferreira! Lembrete rápido: a Litoral Prime Imóveis tem novas opções no litoral de SP. Quer que eu envie as melhores oportunidades desta semana?",https://wa.me/551314895134?text=Ol%C3%A1%2C%20Rafael%20Ferreira%21%20Lembrete%20r%C3%A1pido:%20a%20Litoral%20Prime%20Im%C3%B3veis%20tem%20novas%20opç%C3%B5es%20no%20litoral%20de%20SP.%20Quer%20que%20eu%20envie%20as%20melhores%20oportunidades%20desta%20semana%3F,2026-07-23,10,baixo,7 dias,"Rafael Ferreira, sem resposta ainda sobre Compra em Itanhaém. Posso reenviar opções atualizadas?"
Eduardo Silva,551137917693,Itanhaém,Compra,reengajamento,"Olá, Eduardo Silva! Lembrete rápido: a Litoral Prime Imóveis tem novas opções no litoral de SP. Quer que eu envie as melhores oportunidades desta semana?",https://wa.me/551137917693?text=Ol%C3%A1%2C%20Eduardo%20Silva%21%20Lembrete%20r%C3%A1pido:%20a%20Litoral%20Prime%20Im%C3%B3veis%20tem%20novas%20opç%C3%B5es%20no%20litoral%20de%20SP.%20Quer%20que%20eu%20envie%20as%20melhores%20oportunidades%20desta%20semana%3F,2026-07-23,10,baixo,7 dias,"Eduardo Silva, sem resposta ainda sobre Compra em Itanhaém. Posso reenviar opções atualizadas?"
Nicholas Ferreira,551732016328,Itanhaém,Compra,reengajamento,"Olá, Nicholas Ferreira! Lembrete rápido: a Litoral Prime Imóveis tem novas opções no litoral de SP. Quer que eu envie as melhores oportunidades desta semana?",https://wa.me/551732016328?text=Ol%C3%A1%2C%20Nicholas%20Ferreira%21%20Lembrete%20r%C3%A1pido:%20a%20Litoral%20Prime%20Im%C3%B3veis%20tem%20novas%20opç%C3%B5es%20no%20litoral%20de%20SP.%20Quer%20que%20eu%20envie%20as%20melhores%20oportunidades%20desta%20semana%3F,2026-07-23,10,baixo,7 dias,"Nicholas Ferreira, sem resposta ainda sobre Compra em Itanhaém. Posso reenviar opções atualizadas?"
Sofia Souza,551272788957,Itanhaém,Compra,reengajamento,"Olá, Sofia Souza! Lembrete rápido: a Litoral Prime Imóveis tem novas opções no litoral de SP. Quer que eu envie as melhores oportunidades desta semana?",https://wa.me/551272788957?text=Ol%C3%A1%2C%20Sofia%20Souza%21%20Lembrete%20r%C3%A1pido:%20a%20Litoral%20Prime%20Im%C3%B3veis%20tem%20novas%20opç%C3%B5es%20no%20litoral%20de%20SP.%20Quer%20que%20eu%20envie%20as%20melhores%20oportunidades%20desta%20semana%3F,2026-07-23,10,baixo,7 dias,"Sofia Souza, sem resposta ainda sobre Compra em Itanhaém. Posso reenviar opções atualizadas?"
Camila Ribeiro,5513966667777,Mongaguá,Aluguel,reengajamento,"Olá, Camila Ribeiro! Lembrete rápido: a Litoral Prime Imóveis tem novas opções no litoral de SP. Quer que eu envie as melhores oportunidades desta semana?",https://wa.me/5513966667777?text=Ol%C3%A1%2C%20Camila%20Ribeiro%21%20Lembrete%20r%C3%A1pido:%20a%20Litoral%20Prime%20Im%C3%B3veis%20tem%20novas%20opç%C3%B5es%20no%20litoral%20de%20SP.%20Quer%20que%20eu%20envie%20as%20melhores%20oportunidades%20desta%20semana%3F,2026-07-23,10,baixo,7 dias,"Camila Ribeiro, sem resposta ainda sobre Aluguel em Mongaguá. Posso reenviar opções atualizadas?"
Yasmin Mendes,551968727743,Mongaguá,Aluguel,reengajamento,"Olá, Yasmin Mendes! Lembrete rápido: a Litoral Prime Imóveis tem novas opções no litoral de SP. Quer que eu envie as melhores oportunidades desta semana?",https://wa.me/551968727743?text=Ol%C3%A1%2C%20Yasmin%20Mendes%21%20Lembrete%20r%C3%A1pido:%20a%20Litoral%20Prime%20Im%C3%B3veis%20tem%20novas%20opç%C3%B5es%20no%20litoral%20de%20SP.%20Quer%20que%20eu%20envie%20as%20melhores%20oportunidades%20desta%20semana%3F,2026-07-23,10,baixo,7 dias,"Yasmin Mendes, sem resposta ainda sobre Aluguel em Mongaguá. Posso reenviar opções atualizadas?"
Igor Rocha,551973471434,Mongaguá,Aluguel,reengajamento,"Olá, Igor Rocha! Lembrete rápido: a Litoral Prime Imóveis tem novas opções no litoral de SP. Quer que eu envie as melhores oportunidades desta semana?",https://wa.me/551973471434?text=Ol%C3%A1%2C%20Igor%20Rocha%21%20Lembrete%20r%C3%A1pido:%20a%20Litoral%20Prime%20Im%C3%B3veis%20tem%20novas%20opç%C3%B5es%20no%20litoral%20de%20SP.%20Quer%20que%20eu%20envie%20as%20melhores%20oportunidades%20desta%20semana%3F,2026-07-23,10,baixo,7 dias,"Igor Rocha, sem resposta ainda sobre Aluguel em Mongaguá. Posso reenviar opções atualizadas?"
Sofia Santos,551323623166,Mongaguá,Aluguel,reengajamento,"Olá, Sofia Santos! Lembrete rápido: a Litoral Prime Imóveis tem novas opções no litoral de SP. Quer que eu envie as melhores oportunidades desta semana?",https://wa.me/551323623166?text=Ol%C3%A1%2C%20Sofia%20Santos%21%20Lembrete%20r%C3%A1pido:%20a%20Litoral%20Prime%20Im%C3%B3veis%20tem%20novas%20opç%C3%B5es%20no%20litoral%20de%20SP.%20Quer%20que%20eu%20envie%20as%20melhores%20oportunidades%20desta%20semana%3F,2026-07-23,10,baixo,7 dias,"Sofia Santos, sem resposta ainda sobre Aluguel em Mongaguá. Posso reenviar opções atualizadas?"
Pedro Costa,551136690967,Mongaguá,Aluguel,reengajamento,"Olá, Pedro Costa! Lembrete rápido: a Litoral Prime Imóveis tem novas opções no litoral de SP. Quer que eu envie as melhores oportunidades desta semana?",https://wa.me/551136690967?text=Ol%C3%A1%2C%20Pedro%20Costa%21%20Lembrete%20r%C3%A1pido:%20a%20Litoral%20Prime%20Im%C3%B3veis%20tem%20novas%20opç%C3%B5es%20no%20litoral%20de%20SP.%20Quer%20que%20eu%20envie%20as%20melhores%20oportunidades%20desta%20semana%3F,2026-07-23,10,baixo,7 dias,"Pedro Costa, sem resposta ainda sobre Aluguel em Mongaguá. Posso reenviar opções atualizadas?"
Juliana Rocha,551768893734,Mongaguá,Aluguel,reengajamento,"Olá, Juliana Rocha! Lembrete rápido: a Litoral Prime Imóveis tem novas opções no litoral de SP. Quer que eu envie as melhores oportunidades desta semana?",https://wa.me/551768893734?text=Ol%C3%A1%2C%20Juliana%20Rocha%21%20Lembrete%20r%C3%A1pido:%20a%20Litoral%20Prime%20Im%C3%B3veis%20tem%20novas%20opç%C3%B5es%20no%20litoral%20de%20SP.%20Quer%20que%20eu%20envie%20as%20melhores%20oportunidades%20desta%20semana%3F,2026-07-23,10,baixo,7 dias,"Juliana Rocha, sem resposta ainda sobre Aluguel em Mongaguá. Posso reenviar opções atualizadas?"
Ana Costa,551662729806,Mongaguá,Aluguel,reengajamento,"Olá, Ana Costa! Lembrete rápido: a Litoral Prime Imóveis tem novas opções no litoral de SP. Quer que eu envie as melhores oportunidades desta semana?",https://wa.me/551662729806?text=Ol%C3%A1%2C%20Ana%20Costa%21%20Lembrete%20r%C3%A1pido:%20a%20Litoral%20Prime%20Im%C3%B3veis%20tem%20novas%20opç%C3%B5es%20no%20litoral%20de%20SP.%20Quer%20que%20eu%20envie%20as%20melhores%20oportunidades%20desta%20semana%3F,2026-07-23,10,baixo,7 dias,"Ana Costa, sem resposta ainda sobre Aluguel em Mongaguá. Posso reenviar opções atualizadas?"
Wanessa Silva,551262720465,Mongaguá,Aluguel,reengajamento,"Olá, Wanessa Silva! Lembrete rápido: a Litoral Prime Imóveis tem novas opções no litoral de SP. Quer que eu envie as melhores oportunidades desta semana?",https://wa.me/551262720465?text=Ol%C3%A1%2C%20Wanessa%20Silva%21%20Lembrete%20r%C3%A1pido:%20a%20Litoral%20Prime%20Im%C3%B3veis%20tem%20novas%20opç%C3%B5es%20no%20litoral%20de%20SP.%20Quer%20que%20eu%20envie%20as%20melhores%20oportunidades%20desta%20semana%3F,2026-07-23,10,baixo,7 dias,"Wanessa Silva, sem resposta ainda sobre Aluguel em Mongaguá. Posso reenviar opções atualizadas?"
Lucas Rocha,551746417080,Mongaguá,Aluguel,reengajamento,"Olá, Lucas Rocha! Lembrete rápido: a Litoral Prime Imóveis tem novas opções no litoral de SP. Quer que eu envie as melhores oportunidades desta semana?",https://wa.me/551746417080?text=Ol%C3%A1%2C%20Lucas%20Rocha%21%20Lembrete%20r%C3%A1pido:%20a%20Litoral%20Prime%20Im%C3%B3veis%20tem%20novas%20opç%C3%B5es%20no%20litoral%20de%20SP.%20Quer%20que%20eu%20envie%20as%20melhores%20oportunidades%20desta%20semana%3F,2026-07-23,10,baixo,7 dias,"Lucas Rocha, sem resposta ainda sobre Aluguel em Mongaguá. Posso reenviar opções atualizadas?"
Daniela Almeida,551149663193,São Vicente,Aluguel,reengajamento,"Olá, Daniela Almeida! Lembrete rápido: a Litoral Prime Imóveis tem novas opções no litoral de SP. Quer que eu envie as melhores oportunidades desta semana?",https://wa.me/551149663193?text=Ol%C3%A1%2C%20Daniela%20Almeida%21%20Lembrete%20r%C3%A1pido:%20a%20Litoral%20Prime%20Im%C3%B3veis%20tem%20novas%20opç%C3%B5es%20no%20litoral%20de%20SP.%20Quer%20que%20eu%20envie%20as%20melhores%20oportunidades%20desta%20semana%3F,2026-07-23,10,baixo,7 dias,"Daniela Almeida, sem resposta ainda sobre Aluguel em São Vicente. Posso reenviar opções atualizadas?"
Juliana Martins,5513988889999,Peruíbe,Compra,reengajamento,"Olá, Juliana Martins! Lembrete rápido: a Litoral Prime Imóveis tem novas opções no litoral de SP. Quer que eu envie as melhores oportunidades desta semana?",https://wa.me/5513988889999?text=Ol%C3%A1%2C%20Juliana%20Martins%21%20Lembrete%20r%C3%A1pido:%20a%20Litoral%20Prime%20Im%C3%B3veis%20tem%20novas%20opç%C3%B5es%20no%20litoral%20de%20SP.%20Quer%20que%20eu%20envie%20as%20melhores%20oportunidades%20desta%20semana%3F,2026-07-23,10,baixo,7 dias,"Juliana Martins, sem resposta ainda sobre Compra em Peruíbe. Posso reenviar opções atualizadas?"
Igor Lima,551531351823,Peruíbe,Aluguel,reengajamento,"Olá, Igor Lima! Lembrete rápido: a Litoral Prime Imóveis tem novas opções no litoral de SP. Quer que eu envie as melhores oportunidades desta semana?",https://wa.me/551531351823?text=Ol%C3%A1%2C%20Igor%20Lima%21%20Lembrete%20r%C3%A1pido:%20a%20Litoral%20Prime%20Im%C3%B3veis%20tem%20novas%20opç%C3%B5es%20no%20litoral%20de%20SP.%20Quer%20que%20eu%20envie%20as%20melhores%20oportunidades%20desta%20semana%3F,2026-07-23,10,baixo,7 dias,"Igor Lima, sem resposta ainda sobre Aluguel em Peruíbe. Posso reenviar opções atualizadas?"
Igor Araujo,551994134352,Peruíbe,Compra,reengajamento,"Olá, Igor Araujo! Lembrete rápido: a Litoral Prime Imóveis tem novas opções no litoral de SP. Quer que eu envie as melhores oportunidades desta semana?",https://wa.me/551994134352?text=Ol%C3%A1%2C%20Igor%20Araujo%21%20Lembrete%20r%C3%A1pido:%20a%20Litoral%20Prime%20Im%C3%B3veis%20tem%20novas%20opç%C3%B5es%20no%20litoral%20de%20SP.%20Quer%20que%20eu%20envie%20as%20melhores%20oportunidades%20desta%20semana%3F,2026-07-23,10,baixo,7 dias,"Igor Araujo, sem resposta ainda sobre Compra em Peruíbe. Posso reenviar opções atualizadas?"
Xavier Ribeiro,551340084271,Peruíbe,Compra,reengajamento,"Olá, Xavier Ribeiro! Lembrete rápido: a Litoral Prime Imóveis tem novas opções no litoral de SP. Quer que eu envie as melhores oportunidades desta semana?",https://wa.me/551340084271?text=Ol%C3%A1%2C%20Xavier%20Ribeiro%21%20Lembrete%20r%C3%A1pido:%20a%20Litoral%20Prime%20Im%C3%B3veis%20tem%20novas%20opç%C3%B5es%20no%20litoral%20de%20SP.%20Quer%20que%20eu%20envie%20as%20melhores%20oportunidades%20desta%20semana%3F,2026-07-23,10,baixo,7 dias,"Xavier Ribeiro, sem resposta ainda sobre Compra em Peruíbe. Posso reenviar opções atualizadas?"
Tiago Lima,551877520471,Peruíbe,Compra,reengajamento,"Olá, Tiago Lima! Lembrete rápido: a Litoral Prime Imóveis tem novas opções no litoral de SP. Quer que eu envie as melhores oportunidades desta semana?",https://wa.me/551877520471?text=Ol%C3%A1%2C%20Tiago%20Lima%21%20Lembrete%20r%C3%A1pido:%20a%20Litoral%20Prime%20Im%C3%B3veis%20tem%20novas%20opç%C3%B5es%20no%20litoral%20de%20SP.%20Quer%20que%20eu%20envie%20as%20melhores%20oportunidades%20desta%20semana%3F,2026-07-23,10,baixo,7 dias,"Tiago Lima, sem resposta ainda sobre Compra em Peruíbe. Posso reenviar opções atualizadas?"
Nicholas Ferreira,551290229413,Peruíbe,Aluguel,reengajamento,"Olá, Nicholas Ferreira! Lembrete rápido: a Litoral Prime Imóveis tem novas opções no litoral de SP. Quer que eu envie as melhores oportunidades desta semana?",https://wa.me/551290229413?text=Ol%C3%A1%2C%20Nicholas%20Ferreira%21%20Lembrete%20r%C3%A1pido:%20a%20Litoral%20Prime%20Im%C3%B3veis%20tem%20novas%20opç%C3%B5es%20no%20litoral%20de%20SP.%20Quer%20que%20eu%20envie%20as%20melhores%20oportunidades%20desta%20semana%3F,2026-07-23,10,baixo,7 dias,"Nicholas Ferreira, sem resposta ainda sobre Aluguel em Peruíbe. Posso reenviar opções atualizadas?"
Ursula Almeida,551486774964,Peruíbe,Compra,reengajamento,"Olá, Ursula Almeida! Lembrete rápido: a Litoral Prime Imóveis tem novas opções no litoral de SP. Quer que eu envie as melhores oportunidades desta semana?",https://wa.me/551486774964?text=Ol%C3%A1%2C%20Ursula%20Almeida%21%20Lembrete%20r%C3%A1pido:%20a%20Litoral%20Prime%20Im%C3%B3veis%20tem%20novas%20opç%C3%B5es%20no%20litoral%20de%20SP.%20Quer%20que%20eu%20envie%20as%20melhores%20oportunidades%20desta%20semana%3F,2026-07-23,10,baixo,7 dias,"Ursula Almeida, sem resposta ainda sobre Compra em Peruíbe. Posso reenviar opções atualizadas?"
Bruno Almeida,551233412328,Peruíbe,Compra,reengajamento,"Olá, Bruno Almeida! Lembrete rápido: a Litoral Prime Imóveis tem novas opções no litoral de SP. Quer que eu envie as melhores oportunidades desta semana?",https://wa.me/551233412328?text=Ol%C3%A1%2C%20Bruno%20Almeida%21%20Lembrete%20r%C3%A1pido:%20a%20Litoral%20Prime%20Im%C3%B3veis%20tem%20novas%20opç%C3%B5es%20no%20litoral%20de%20SP.%20Quer%20que%20eu%20envie%20as%20melhores%20oportunidades%20desta%20semana%3F,2026-07-23,10,baixo,7 dias,"Bruno Almeida, sem resposta ainda sobre Compra em Peruíbe. Posso reenviar opções atualizadas?"
Olivia Ferreira,551840344713,Peruíbe,Compra,reengajamento,"Olá, Olivia Ferreira! Lembrete rápido: a Litoral Prime Imóveis tem novas opções no litoral de SP. Quer que eu envie as melhores oportunidades desta semana?",https://wa.me/551840344713?text=Ol%C3%A1%2C%20Olivia%20Ferreira%21%20Lembrete%20r%C3%A1pido:%20a%20Litoral%20Prime%20Im%C3%B3veis%20tem%20novas%20opç%C3%B5es%20no%20litoral%20de%20SP.%20Quer%20que%20eu%20envie%20as%20melhores%20oportunidades%20desta%20semana%3F,2026-07-23,10,baixo,7 dias,"Olivia Ferreira, sem resposta ainda sobre Compra em Peruíbe. Posso reenviar opções atualizadas?"
Vinicius Almeida,551461832421,Peruíbe,Aluguel,reengajamento,"Olá, Vinicius Almeida! Lembrete rápido: a Litoral Prime Imóveis tem novas opções no litoral de SP. Quer que eu envie as melhores oportunidades desta semana?",https://wa.me/551461832421?text=Ol%C3%A1%2C%20Vinicius%20Almeida%21%20Lembrete%20r%C3%A1pido:%20a%20Litoral%20Prime%20Im%C3%B3veis%20tem%20novas%20opç%C3%B5es%20no%20litoral%20de%20SP.%20Quer%20que%20eu%20envie%20as%20melhores%20oportunidades%20desta%20semana%3F,2026-07-23,10,baixo,7 dias,"Vinicius Almeida, sem resposta ainda sobre Aluguel em Peruíbe. Posso reenviar opções atualizadas?"
Felipe Araujo,5511955556666,Itanhaém,Compra,oferta,"{nome}, selecionei {tipo_interesse.lower()}s exclusivos em {cidade_interesse}. Se quiser, envio a pré-seleção agora por aqui.",https://wa.me/5511955556666?text={nome}%2C%20selecionei%20{tipo_interesse.lower()}s%20exclusivos%20em%20{cidade_interesse}.%20Se%20quiser%2C%20envio%20a%20pr%C3%A9-seleç%C3%A3o%20agora%20por%20aqui.,2026-07-23,10,baixo,7 dias,"Felipe Araujo, seguimos com a pré-seleção de Compra em Itanhaém. Quer agendar uma visita?"
Fernanda Almeida,551501965569,Itanhaém,Compra,oferta,"{nome}, selecionei {tipo_interesse.lower()}s exclusivos em {cidade_interesse}. Se quiser, envio a pré-seleção agora por aqui.",https://wa.me/551501965569?text={nome}%2C%20selecionei%20{tipo_interesse.lower()}s%20exclusivos%20em%20{cidade_interesse}.%20Se%20quiser%2C%20envio%20a%20pr%C3%A9-seleç%C3%A3o%20agora%20por%20aqui.,2026-07-23,10,baixo,7 dias,"Fernanda Almeida, seguimos com a pré-seleção de Compra em Itanhaém. Quer agendar uma visita?"
Daniela Costa,551440608835,Itanhaém,Compra,oferta,"{nome}, selecionei {tipo_interesse.lower()}s exclusivos em {cidade_interesse}. Se quiser, envio a pré-seleção agora por aqui.",https://wa.me/551440608835?text={nome}%2C%20selecionei%20{tipo_interesse.lower()}s%20exclusivos%20em%20{cidade_interesse}.%20Se%20quiser%2C%20envio%20a%20pr%C3%A9-seleç%C3%A3o%20agora%20por%20aqui.,2026-07-23,10,baixo,7 dias,"Daniela Costa, seguimos com a pré-seleção de Compra em Itanhaém. Quer agendar uma visita?"
Wanessa Mendes,551695148465,Itanhaém,Compra,oferta,"{nome}, selecionei {tipo_interesse.lower()}s exclusivos em {cidade_interesse}. Se quiser, envio a pré-seleção agora por aqui.",https://wa.me/551695148465?text={nome}%2C%20selecionei%20{tipo_interesse.lower()}s%20exclusivos%20em%20{cidade_interesse}.%20Se%20quiser%2C%20envio%20a%20pr%C3%A9-seleç%C3%A3o%20agora%20por%20aqui.,2026-07-23,10,baixo,7 dias,"Wanessa Mendes, seguimos com a pré-seleção de Compra em Itanhaém. Quer agendar uma visita?"
Juliana Ribeiro,551336629946,Itanhaém,Compra,oferta,"{nome}, selecionei {tipo_interesse.lower()}s exclusivos em {cidade_interesse}. Se quiser, envio a pré-seleção agora por aqui.",https://wa.me/551336629946?text={nome}%2C%20selecionei%20{tipo_interesse.lower()}s%20exclusivos%20em%20{cidade_interesse}.%20Se%20quiser%2C%20envio%20a%20pr%C3%A9-seleç%C3%A3o%20agora%20por%20aqui.,2026-07-23,10,baixo,7 dias,"Juliana Ribeiro, seguimos com a pré-seleção de Compra em Itanhaém. Quer agendar uma visita?"
Ana Lima,551536995777,Itanhaém,Compra,oferta,"{nome}, selecionei {tipo_interesse.lower()}s exclusivos em {cidade_interesse}. Se quiser, envio a pré-seleção agora por aqui.",https://wa.me/551536995777?text={nome}%2C%20selecionei%20{tipo_interesse.lower()}s%20exclusivos%20em%20{cidade_interesse}.%20Se%20quiser%2C%20envio%20a%20pr%C3%A9-seleç%C3%A3o%20agora%20por%20aqui.,2026-07-23,10,baixo,7 dias,"Ana Lima, seguimos com a pré-seleção de Compra em Itanhaém. Quer agendar uma visita?"
Rafael Ferreira,551314895134,Itanhaém,Compra,oferta,"{nome}, selecionei {tipo_interesse.lower()}s exclusivos em {cidade_interesse}. Se quiser, envio a pré-seleção agora por aqui.",https://wa.me/551314895134?text={nome}%2C%20selecionei%20{tipo_interesse.lower()}s%20exclusivos%20em%20{cidade_interesse}.%20Se%20quiser%2C%20envio%20a%20pr%C3%A9-seleç%C3%A3o%20agora%20por%20aqui.,2026-07-23,10,baixo,7 dias,"Rafael Ferreira, seguimos com a pré-seleção de Compra em Itanhaém. Quer agendar uma visita?"
Eduardo Silva,551137917693,Itanhaém,Compra,oferta,"{nome}, selecionei {tipo_interesse.lower()}s exclusivos em {cidade_interesse}. Se quiser, envio a pré-seleção agora por aqui.",https://wa.me/551137917693?text={nome}%2C%20selecionei%20{tipo_interesse.lower()}s%20exclusivos%20em%20{cidade_interesse}.%20Se%20quiser%2C%20envio%20a%20pr%C3%A9-seleç%C3%A3o%20agora%20por%20aqui.,2026-07-23,10,baixo,7 dias,"Eduardo Silva, seguimos com a pré-seleção de Compra em Itanhaém. Quer agendar uma visita?"
Nicholas Ferreira,551732016328,Itanhaém,Compra,oferta,"{nome}, selecionei {tipo_interesse.lower()}s exclusivos em {cidade_interesse}. Se quiser, envio a pré-seleção agora por aqui.",https://wa.me/551732016328?text={nome}%2C%20selecionei%20{tipo_interesse.lower()}s%20exclusivos%20em%20{cidade_interesse}.%20Se%20quiser%2C%20envio%20a%20pr%C3%A9-seleç%C3%A3o%20agora%20por%20aqui.,2026-07-23,10,baixo,7 dias,"Nicholas Ferreira, seguimos com a pré-seleção de Compra em Itanhaém. Quer agendar uma visita?"
Sofia Souza,551272788957,Itanhaém,Compra,oferta,"{nome}, selecionei {tipo_interesse.lower()}s exclusivos em {cidade_interesse}. Se quiser, envio a pré-seleção agora por aqui.",https://wa.me/551272788957?text={nome}%2C%20selecionei%20{tipo_interesse.lower()}s%20exclusivos%20em%20{cidade_interesse}.%20Se%20quiser%2C%20envio%20a%20pr%C3%A9-seleç%C3%A3o%20agora%20por%20aqui.,2026-07-23,10,baixo,7 dias,"Sofia Souza, seguimos com a pré-seleção de Compra em Itanhaém. Quer agendar uma visita?"
Camila Ribeiro,5513966667777,Mongaguá,Aluguel,oferta,"{nome}, selecionei {tipo_interesse.lower()}s exclusivos em {cidade_interesse}. Se quiser, envio a pré-seleção agora por aqui.",https://wa.me/5513966667777?text={nome}%2C%20selecionei%20{tipo_interesse.lower()}s%20exclusivos%20em%20{cidade_interesse}.%20Se%20quiser%2C%20envio%20a%20pr%C3%A9-seleç%C3%A3o%20agora%20por%20aqui.,2026-07-23,10,baixo,7 dias,"Camila Ribeiro, seguimos com a pré-seleção de Aluguel em Mongaguá. Quer agendar uma visita?"
Yasmin Mendes,551968727743,Mongaguá,Aluguel,oferta,"{nome}, selecionei {tipo_interesse.lower()}s exclusivos em {cidade_interesse}. Se quiser, envio a pré-seleção agora por aqui.",https://wa.me/551968727743?text={nome}%2C%20selecionei%20{tipo_interesse.lower()}s%20exclusivos%20em%20{cidade_interesse}.%20Se%20quiser%2C%20envio%20a%20pr%C3%A9-seleç%C3%A3o%20agora%20por%20aqui.,2026-07-23,10,baixo,7 dias,"Yasmin Mendes, seguimos com a pré-seleção de Aluguel em Mongaguá. Quer agendar uma visita?"
Igor Rocha,551973471434,Mongaguá,Aluguel,oferta,"{nome}, selecionei {tipo_interesse.lower()}s exclusivos em {cidade_interesse}. Se quiser, envio a pré-seleção agora por aqui.",https://wa.me/551973471434?text={nome}%2C%20selecionei%20{tipo_interesse.lower()}s%20exclusivos%20em%20{cidade_interesse}.%20Se%20quiser%2C%20envio%20a%20pr%C3%A9-seleç%C3%A3o%20agora%20por%20aqui.,2026-07-23,10,baixo,7 dias,"Igor Rocha, seguimos com a pré-seleção de Aluguel em Mongaguá. Quer agendar uma visita?"
Sofia Santos,551323623166,Mongaguá,Aluguel,oferta,"{nome}, selecionei {tipo_interesse.lower()}s exclusivos em {cidade_interesse}. Se quiser, envio a pré-seleção agora por aqui.",https://wa.me/551323623166?text={nome}%2C%20selecionei%20{tipo_interesse.lower()}s%20exclusivos%20em%20{cidade_interesse}.%20Se%20quiser%2C%20envio%20a%20pr%C3%A9-seleç%C3%A3o%20agora%20por%20aqui.,2026-07-23,10,baixo,7 dias,"Sofia Santos, seguimos com a pré-seleção de Aluguel em Mongaguá. Quer agendar uma visita?"
Pedro Costa,551136690967,Mongaguá,Aluguel,oferta,"{nome}, selecionei {tipo_interesse.lower()}s exclusivos em {cidade_interesse}. Se quiser, envio a pré-seleção agora por aqui.",https://wa.me/551136690967?text={nome}%2C%20selecionei%20{tipo_interesse.lower()}s%20exclusivos%20em%20{cidade_interesse}.%20Se%20quiser%2C%20envio%20a%20pr%C3%A9-seleç%C3%A3o%20agora%20por%20aqui.,2026-07-23,10,baixo,7 dias,"Pedro Costa, seguimos com a pré-seleção de Aluguel em Mongaguá. Quer agendar uma visita?"
Juliana Rocha,551768893734,Mongaguá,Aluguel,oferta,"{nome}, selecionei {tipo_interesse.lower()}s exclusivos em {cidade_interesse}. Se quiser, envio a pré-seleção agora por aqui.",https://wa.me/551768893734?text={nome}%2C%20selecionei%20{tipo_interesse.lower()}s%20exclusivos%20em%20{cidade_interesse}.%20Se%20quiser%2C%20envio%20a%20pr%C3%A9-seleç%C3%A3o%20agora%20por%20aqui.,2026-07-23,10,baixo,7 dias,"Juliana Rocha, seguimos com a pré-seleção de Aluguel em Mongaguá. Quer agendar uma visita?"
Ana Costa,551662729806,Mongaguá,Aluguel,oferta,"{nome}, selecionei {tipo_interesse.lower()}s exclusivos em {cidade_interesse}. Se quiser, envio a pré-seleção agora por aqui.",https://wa.me/551662729806?text={nome}%2C%20selecionei%20{tipo_interesse.lower()}s%20exclusivos%20em%20{cidade_interesse}.%20Se%20quiser%2C%20envio%20a%20pr%C3%A9-seleç%C3%A3o%20agora%20por%20aqui.,2026-07-23,10,baixo,7 dias,"Ana Costa, seguimos com a pré-seleção de Aluguel em Mongaguá. Quer agendar uma visita?"
Wanessa Silva,551262720465,Mongaguá,Aluguel,oferta,"{nome}, selecionei {tipo_interesse.lower()}s exclusivos em {cidade_interesse}. Se quiser, envio a pré-seleção agora por aqui.",https://wa.me/551262720465?text={nome}%2C%20selecionei%20{tipo_interesse.lower()}s%20exclusivos%20em%20{cidade_interesse}.%20Se%20quiser%2C%20envio%20a%20pr%C3%A9-seleç%C3%A3o%20agora%20por%20aqui.,2026-07-23,10,baixo,7 dias,"Wanessa Silva, seguimos com a pré-seleção de Aluguel em Mongaguá. Quer agendar uma visita?"
Lucas Rocha,551746417080,Mongaguá,Aluguel,oferta,"{nome}, selecionei {tipo_interesse.lower()}s exclusivos em {cidade_interesse}. Se quiser, envio a pré-seleção agora por aqui.",https://wa.me/551746417080?text={nome}%2C%20selecionei%20{tipo_interesse.lower()}s%20exclusivos%20em%20{cidade_interesse}.%20Se%20quiser%2C%20envio%20a%20pr%C3%A9-seleç%C3%A3o%20agora%20por%20aqui.,2026-07-23,10,baixo,7 dias,"Lucas Rocha, seguimos com a pré-seleção de Aluguel em Mongaguá. Quer agendar uma visita?"
Daniela Almeida,551149663193,São Vicente,Aluguel,oferta,"{nome}, selecionei {tipo_interesse.lower()}s exclusivos em {cidade_interesse}. Se quiser, envio a pré-seleção agora por aqui.",https://wa.me/551149663193?text={nome}%2C%20selecionei%20{tipo_interesse.lower()}s%20exclusivos%20em%20{cidade_interesse}.%20Se%20quiser%2C%20envio%20a%20pr%C3%A9-seleç%C3%A3o%20agora%20por%20aqui.,2026-07-23,10,baixo,7 dias,"Daniela Almeida, seguimos com a pré-seleção de Aluguel em São Vicente. Quer agendar uma visita?"
Juliana Martins,5513988889999,Peruíbe,Compra,oferta,"{nome}, selecionei {tipo_interesse.lower()}s exclusivos em {cidade_interesse}. Se quiser, envio a pré-seleção agora por aqui.",https://wa.me/5513988889999?text={nome}%2C%20selecionei%20{tipo_interesse.lower()}s%20exclusivos%20em%20{cidade_interesse}.%20Se%20quiser%2C%20envio%20a%20pr%C3%A9-seleç%C3%A3o%20agora%20por%20aqui.,2026-07-23,10,baixo,7 dias,"Juliana Martins, seguimos com a pré-seleção de Compra em Peruíbe. Quer agendar uma visita?"
Igor Lima,551531351823,Peruíbe,Aluguel,oferta,"{nome}, selecionei {tipo_interesse.lower()}s exclusivos em {cidade_interesse}. Se quiser, envio a pré-seleção agora por aqui.",https://wa.me/551531351823?text={nome}%2C%20selecionei%20{tipo_interesse.lower()}s%20exclusivos%20em%20{cidade_interesse}.%20Se%20quiser%2C%20envio%20a%20pr%C3%A9-seleç%C3%A3o%20agora%20por%20aqui.,2026-07-23,10,baixo,7 dias,"Igor Lima, seguimos com a pré-seleção de Aluguel em Peruíbe. Quer agendar uma visita?"
Igor Araujo,551994134352,Peruíbe,Compra,oferta,"{nome}, selecionei {tipo_interesse.lower()}s exclusivos em {cidade_interesse}. Se quiser, envio a pré-seleção agora por aqui.",https://wa.me/551994134352?text={nome}%2C%20selecionei%20{tipo_interesse.lower()}s%20exclusivos%20em%20{cidade_interesse}.%20Se%20quiser%2C%20envio%20a%20pr%C3%A9-seleç%C3%A3o%20agora%20por%20aqui.,2026-07-23,10,baixo,7 dias,"Igor Araujo, seguimos com a pré-seleção de Compra em Peruíbe. Quer agendar uma visita?"
Xavier Ribeiro,551340084271,Peruíbe,Compra,oferta,"{nome}, selecionei {tipo_interesse.lower()}s exclusivos em {cidade_interesse}. Se quiser, envio a pré-seleção agora por aqui.",https://wa.me/551340084271?text={nome}%2C%20selecionei%20{tipo_interesse.lower()}s%20exclusivos%20em%20{cidade_interesse}.%20Se%20quiser%2C%20envio%20a%20pr%C3%A9-seleç%C3%A3o%20agora%20por%20aqui.,2026-07-23,10,baixo,7 dias,"Xavier Ribeiro, seguimos com a pré-seleção de Compra em Peruíbe. Quer agendar uma visita?"
Tiago Lima,551877520471,Peruíbe,Compra,oferta,"{nome}, selecionei {tipo_interesse.lower()}s exclusivos em {cidade_interesse}. Se quiser, envio a pré-seleção agora por aqui.",https://wa.me/551877520471?text={nome}%2C%20selecionei%20{tipo_interesse.lower()}s%20exclusivos%20em%20{cidade_interesse}.%20Se%20quiser%2C%20envio%20a%20pr%C3%A9-seleç%C3%A3o%20agora%20por%20aqui.,2026-07-23,10,baixo,7 dias,"Tiago Lima, seguimos com a pré-seleção de Compra em Peruíbe. Quer agendar uma visita?"
Nicholas Ferreira,551290229413,Peruíbe,Aluguel,oferta,"{nome}, selecionei {tipo_interesse.lower()}s exclusivos em {cidade_interesse}. Se quiser, envio a pré-seleção agora por aqui.",https://wa.me/551290229413?text={nome}%2C%20selecionei%20{tipo_interesse.lower()}s%20exclusivos%20em%20{cidade_interesse}.%20Se%20quiser%2C%20envio%20a%20pr%C3%A9-seleç%C3%A3o%20agora%20por%20aqui.,2026-07-23,10,baixo,7 dias,"Nicholas Ferreira, seguimos com a pré-seleção de Aluguel em Peruíbe. Quer agendar uma visita?"
Ursula Almeida,551486774964,Peruíbe,Compra,oferta,"{nome}, selecionei {tipo_interesse.lower()}s exclusivos em {cidade_interesse}. Se quiser, envio a pré-seleção agora por aqui.",https://wa.me/551486774964?text={nome}%2C%20selecionei%20{tipo_interesse.lower()}s%20exclusivos%20em%20{cidade_interesse}.%20Se%20quiser%2C%20envio%20a%20pr%C3%A9-seleç%C3%A3o%20agora%20por%20aqui.,2026-07-23,10,baixo,7 dias,"Ursula Almeida, seguimos com a pré-seleção de Compra em Peruíbe. Quer agendar uma visita?"
Bruno Almeida,551233412328,Peruíbe,Compra,oferta,"{nome}, selecionei {tipo_interesse.lower()}s exclusivos em {cidade_interesse}. Se quiser, envio a pré-seleção agora por aqui.",https://wa.me/551233412328?text={nome}%2C%20selecionei%20{tipo_interesse.lower()}s%20exclusivos%20em%20{cidade_interesse}.%20Se%20quiser%2C%20envio%20a%20pr%C3%A9-seleç%C3%A3o%20agora%20por%20aqui.,2026-07-23,10,baixo,7 dias,"Bruno Almeida, seguimos com a pré-seleção de Compra em Peruíbe. Quer agendar uma visita?"
Olivia Ferreira,551840344713,Peruíbe,Compra,oferta,"{nome}, selecionei {tipo_interesse.lower()}s exclusivos em {cidade_interesse}. Se quiser, envio a pré-seleção agora por aqui.",https://wa.me/551840344713?text={nome}%2C%20selecionei%20{tipo_interesse.lower()}s%20exclusivos%20em%20{cidade_interesse}.%20Se%20quiser%2C%20envio%20a%20pr%C3%A9-seleç%C3%A3o%20agora%20por%20aqui.,2026-07-23,10,baixo,7 dias,"Olivia Ferreira, seguimos com a pré-seleção de Compra em Peruíbe. Quer agendar uma visita?"
Vinicius Almeida,551461832421,Peruíbe,Aluguel,oferta,"{nome}, selecionei {tipo_interesse.lower()}s exclusivos em {cidade_interesse}. Se quiser, envio a pré-seleção agora por aqui.",https://wa.me/551461832421?text={nome}%2C%20selecionei%20{tipo_interesse.lower()}s%20exclusivos%20em%20{cidade_interesse}.%20Se%20quiser%2C%20envio%20a%20pr%C3%A9-seleç%C3%A3o%20agora%20por%20aqui.,2026-07-23,10,baixo,7 dias,"Vinicius Almeida, seguimos com a pré-seleção de Aluguel em Peruíbe. Quer agendar uma visita?"
Felipe Araujo,5511955556666,Itanhaém,Compra,cross-sell,"Felipe Araujo, além de Compra em Itanhaém, temos Avaliação, Descrição com IA, Consultoria Proptech que ajudam a vender/alugar mais rápido. Quer que eu envie detalhes?",https://wa.me/5511955556666?text=Felipe%20Araujo%2C%20al%C3%A9m%20de%20Compra%20em%20Itanha%C3%A9m%2C%20temos%20Avaliaç%C3%A3o%2C%20Descriç%C3%A3o%20com%20IA%2C%20Consultoria%20Proptech%20que%20ajudam%20a%20vender/alugar%20mais%20r%C3%A1pido.%20Quer%20que%20eu%20envie%20detalhes%3F,2026-07-23,10,baixo,7 dias,"Felipe Araujo, sem resposta ainda sobre Compra em Itanhaém. Posso reenviar opções atualizadas?"
Fernanda Almeida,551501965569,Itanhaém,Compra,cross-sell,"Fernanda Almeida, além de Compra em Itanhaém, temos Avaliação, Descrição com IA, Consultoria Proptech que ajudam a vender/alugar mais rápido. Quer que eu envie detalhes?",https://wa.me/551501965569?text=Fernanda%20Almeida%2C%20al%C3%A9m%20de%20Compra%20em%20Itanha%C3%A9m%2C%20temos%20Avaliaç%C3%A3o%2C%20Descriç%C3%A3o%20com%20IA%2C%20Consultoria%20Proptech%20que%20ajudam%20a%20vender/alugar%20mais%20r%C3%A1pido.%20Quer%20que%20eu%20envie%20detalhes%3F,2026-07-23,10,baixo,7 dias,"Fernanda Almeida, sem resposta ainda sobre Compra em Itanhaém. Posso reenviar opções atualizadas?"
Daniela Costa,551440608835,Itanhaém,Compra,cross-sell,"Daniela Costa, além de Compra em Itanhaém, temos Avaliação, Descrição com IA, Consultoria Proptech que ajudam a vender/alugar mais rápido. Quer que eu envie detalhes?",https://wa.me/551440608835?text=Daniela%20Costa%2C%20al%C3%A9m%20de%20Compra%20em%20Itanha%C3%A9m%2C%20temos%20Avaliaç%C3%A3o%2C%20Descriç%C3%A3o%20com%20IA%2C%20Consultoria%20Proptech%20que%20ajudam%20a%20vender/alugar%20mais%20r%C3%A1pido.%20Quer%20que%20eu%20envie%20detalhes%3F,2026-07-23,10,baixo,7 dias,"Daniela Costa, sem resposta ainda sobre Compra em Itanhaém. Posso reenviar opções atualizadas?"
Wanessa Mendes,551695148465,Itanhaém,Compra,cross-sell,"Wanessa Mendes, além de Compra em Itanhaém, temos Avaliação, Descrição com IA, Consultoria Proptech que ajudam a vender/alugar mais rápido. Quer que eu envie detalhes?",https://wa.me/551695148465?text=Wanessa%20Mendes%2C%20al%C3%A9m%20de%20Compra%20em%20Itanha%C3%A9m%2C%20temos%20Avaliaç%C3%A3o%2C%20Descriç%C3%A3o%20com%20IA%2C%20Consultoria%20Proptech%20que%20ajudam%20a%20vender/alugar%20mais%20r%C3%A1pido.%20Quer%20que%20eu%20envie%20detalhes%3F,2026-07-23,10,baixo,7 dias,"Wanessa Mendes, sem resposta ainda sobre Compra em Itanhaém. Posso reenviar opções atualizadas?"
Juliana Ribeiro,551336629946,Itanhaém,Compra,cross-sell,"Juliana Ribeiro, além de Compra em Itanhaém, temos Avaliação, Descrição com IA, Consultoria Proptech que ajudam a vender/alugar mais rápido. Quer que eu envie detalhes?",https://wa.me/551336629946?text=Juliana%20Ribeiro%2C%20al%C3%A9m%20de%20Compra%20em%20Itanha%C3%A9m%2C%20temos%20Avaliaç%C3%A3o%2C%20Descriç%C3%A3o%20com%20IA%2C%20Consultoria%20Proptech%20que%20ajudam%20a%20vender/alugar%20mais%20r%C3%A1pido.%20Quer%20que%20eu%20envie%20detalhes%3F,2026-07-23,10,baixo,7 dias,"Juliana Ribeiro, sem resposta ainda sobre Compra em Itanhaém. Posso reenviar opções atualizadas?"
Ana Lima,551536995777,Itanhaém,Compra,cross-sell,"Ana Lima, além de Compra em Itanhaém, temos Avaliação, Descrição com IA, Consultoria Proptech que ajudam a vender/alugar mais rápido. Quer que eu envie detalhes?",https://wa.me/551536995777?text=Ana%20Lima%2C%20al%C3%A9m%20de%20Compra%20em%20Itanha%C3%A9m%2C%20temos%20Avaliaç%C3%A3o%2C%20Descriç%C3%A3o%20com%20IA%2C%20Consultoria%20Proptech%20que%20ajudam%20a%20vender/alugar%20mais%20r%C3%A1pido.%20Quer%20que%20eu%20envie%20detalhes%3F,2026-07-23,10,baixo,7 dias,"Ana Lima, sem resposta ainda sobre Compra em Itanhaém. Posso reenviar opções atualizadas?"
Rafael Ferreira,551314895134,Itanhaém,Compra,cross-sell,"Rafael Ferreira, além de Compra em Itanhaém, temos Avaliação, Descrição com IA, Consultoria Proptech que ajudam a vender/alugar mais rápido. Quer que eu envie detalhes?",https://wa.me/551314895134?text=Rafael%20Ferreira%2C%20al%C3%A9m%20de%20Compra%20em%20Itanha%C3%A9m%2C%20temos%20Avaliaç%C3%A3o%2C%20Descriç%C3%A3o%20com%20IA%2C%20Consultoria%20Proptech%20que%20ajudam%20a%20vender/alugar%20mais%20r%C3%A1pido.%20Quer%20que%20eu%20envie%20detalhes%3F,2026-07-23,10,baixo,7 dias,"Rafael Ferreira, sem resposta ainda sobre Compra em Itanhaém. Posso reenviar opções atualizadas?"
Eduardo Silva,551137917693,Itanhaém,Compra,cross-sell,"Eduardo Silva, além de Compra em Itanhaém, temos Avaliação, Descrição com IA, Consultoria Proptech que ajudam a vender/alugar mais rápido. Quer que eu envie detalhes?",https://wa.me/551137917693?text=Eduardo%20Silva%2C%20al%C3%A9m%20de%20Compra%20em%20Itanha%C3%A9m%2C%20temos%20Avaliaç%C3%A3o%2C%20Descriç%C3%A3o%20com%20IA%2C%20Consultoria%20Proptech%20que%20ajudam%20a%20vender/alugar%20mais%20r%C3%A1pido.%20Quer%20que%20eu%20envie%20detalhes%3F,2026-07-23,10,baixo,7 dias,"Eduardo Silva, sem resposta ainda sobre Compra em Itanhaém. Posso reenviar opções atualizadas?"
Nicholas Ferreira,551732016328,Itanhaém,Compra,cross-sell,"Nicholas Ferreira, além de Compra em Itanhaém, temos Avaliação, Descrição com IA, Consultoria Proptech que ajudam a vender/alugar mais rápido. Quer que eu envie detalhes?",https://wa.me/551732016328?text=Nicholas%20Ferreira%2C%20al%C3%A9m%20de%20Compra%20em%20Itanha%C3%A9m%2C%20temos%20Avaliaç%C3%A3o%2C%20Descriç%C3%A3o%20com%20IA%2C%20Consultoria%20Proptech%20que%20ajudam%20a%20vender/alugar%20mais%20r%C3%A1pido.%20Quer%20que%20eu%20envie%20detalhes%3F,2026-07-23,10,baixo,7 dias,"Nicholas Ferreira, sem resposta ainda sobre Compra em Itanhaém. Posso reenviar opções atualizadas?"
Sofia Souza,551272788957,Itanhaém,Compra,cross-sell,"Sofia Souza, além de Compra em Itanhaém, temos Avaliação, Descrição com IA, Consultoria Proptech que ajudam a vender/alugar mais rápido. Quer que eu envie detalhes?",https://wa.me/551272788957?text=Sofia%20Souza%2C%20al%C3%A9m%20de%20Compra%20em%20Itanha%C3%A9m%2C%20temos%20Avaliaç%C3%A3o%2C%20Descriç%C3%A3o%20com%20IA%2C%20Consultoria%20Proptech%20que%20ajudam%20a%20vender/alugar%20mais%20r%C3%A1pido.%20Quer%20que%20eu%20envie%20detalhes%3F,2026-07-23,10,baixo,7 dias,"Sofia Souza, sem resposta ainda sobre Compra em Itanhaém. Posso reenviar opções atualizadas?"
Camila Ribeiro,5513966667777,Mongaguá,Aluguel,cross-sell,"Camila Ribeiro, além de Aluguel em Mongaguá, temos Captação Digital, Automação, SEO Local que ajudam a vender/alugar mais rápido. Quer que eu envie detalhes?",https://wa.me/5513966667777?text=Camila%20Ribeiro%2C%20al%C3%A9m%20de%20Aluguel%20em%20Mongagu%C3%A1%2C%20temos%20Captaç%C3%A3o%20Digital%2C%20Automaç%C3%A3o%2C%20SEO%20Local%20que%20ajudam%20a%20vender/alugar%20mais%20r%C3%A1pido.%20Quer%20que%20eu%20envie%20detalhes%3F,2026-07-23,10,baixo,7 dias,"Camila Ribeiro, sem resposta ainda sobre Aluguel em Mongaguá. Posso reenviar opções atualizadas?"
Yasmin Mendes,551968727743,Mongaguá,Aluguel,cross-sell,"Yasmin Mendes, além de Aluguel em Mongaguá, temos Captação Digital, Automação, SEO Local que ajudam a vender/alugar mais rápido. Quer que eu envie detalhes?",https://wa.me/551968727743?text=Yasmin%20Mendes%2C%20al%C3%A9m%20de%20Aluguel%20em%20Mongagu%C3%A1%2C%20temos%20Captaç%C3%A3o%20Digital%2C%20Automaç%C3%A3o%2C%20SEO%20Local%20que%20ajudam%20a%20vender/alugar%20mais%20r%C3%A1pido.%20Quer%20que%20eu%20envie%20detalhes%3F,2026-07-23,10,baixo,7 dias,"Yasmin Mendes, sem resposta ainda sobre Aluguel em Mongaguá. Posso reenviar opções atualizadas?"
Igor Rocha,551973471434,Mongaguá,Aluguel,cross-sell,"Igor Rocha, além de Aluguel em Mongaguá, temos Captação Digital, Automação, SEO Local que ajudam a vender/alugar mais rápido. Quer que eu envie detalhes?",https://wa.me/551973471434?text=Igor%20Rocha%2C%20al%C3%A9m%20de%20Aluguel%20em%20Mongagu%C3%A1%2C%20temos%20Captaç%C3%A3o%20Digital%2C%20Automaç%C3%A3o%2C%20SEO%20Local%20que%20ajudam%20a%20vender/alugar%20mais%20r%C3%A1pido.%20Quer%20que%20eu%20envie%20detalhes%3F,2026-07-23,10,baixo,7 dias,"Igor Rocha, sem resposta ainda sobre Aluguel em Mongaguá. Posso reenviar opções atualizadas?"
Sofia Santos,551323623166,Mongaguá,Aluguel,cross-sell,"Sofia Santos, além de Aluguel em Mongaguá, temos Captação Digital, Automação, SEO Local que ajudam a vender/alugar mais rápido. Quer que eu envie detalhes?",https://wa.me/551323623166?text=Sofia%20Santos%2C%20al%C3%A9m%20de%20Aluguel%20em%20Mongagu%C3%A1%2C%20temos%20Captaç%C3%A3o%20Digital%2C%20Automaç%C3%A3o%2C%20SEO%20Local%20que%20ajudam%20a%20vender/alugar%20mais%20r%C3%A1pido.%20Quer%20que%20eu%20envie%20detalhes%3F,2026-07-23,10,baixo,7 dias,"Sofia Santos, sem resposta ainda sobre Aluguel em Mongaguá. Posso reenviar opções atualizadas?"
Pedro Costa,551136690967,Mongaguá,Aluguel,cross-sell,"Pedro Costa, além de Aluguel em Mongaguá, temos Captação Digital, Automação, SEO Local que ajudam a vender/alugar mais rápido. Quer que eu envie detalhes?",https://wa.me/551136690967?text=Pedro%20Costa%2C%20al%C3%A9m%20de%20Aluguel%20em%20Mongagu%C3%A1%2C%20temos%20Captaç%C3%A3o%20Digital%2C%20Automaç%C3%A3o%2C%20SEO%20Local%20que%20ajudam%20a%20vender/alugar%20mais%20r%C3%A1pido.%20Quer%20que%20eu%20envie%20detalhes%3F,2026-07-23,10,baixo,7 dias,"Pedro Costa, sem resposta ainda sobre Aluguel em Mongaguá. Posso reenviar opções atualizadas?"
Juliana Rocha,551768893734,Mongaguá,Aluguel,cross-sell,"Juliana Rocha, além de Aluguel em Mongaguá, temos Captação Digital, Automação, SEO Local que ajudam a vender/alugar mais rápido. Quer que eu envie detalhes?",https://wa.me/551768893734?text=Juliana%20Rocha%2C%20al%C3%A9m%20de%20Aluguel%20em%20Mongagu%C3%A1%2C%20temos%20Captaç%C3%A3o%20Digital%2C%20Automaç%C3%A3o%2C%20SEO%20Local%20que%20ajudam%20a%20vender/alugar%20mais%20r%C3%A1pido.%20Quer%20que%20eu%20envie%20detalhes%3F,2026-07-23,10,baixo,7 dias,"Juliana Rocha, sem resposta ainda sobre Aluguel em Mongaguá. Posso reenviar opções atualizadas?"
Ana Costa,551662729806,Mongaguá,Aluguel,cross-sell,"Ana Costa, além de Aluguel em Mongaguá, temos Captação Digital, Automação, SEO Local que ajudam a vender/alugar mais rápido. Quer que eu envie detalhes?",https://wa.me/551662729806?text=Ana%20Costa%2C%20al%C3%A9m%20de%20Aluguel%20em%20Mongagu%C3%A1%2C%20temos%20Captaç%C3%A3o%20Digital%2C%20Automaç%C3%A3o%2C%20SEO%20Local%20que%20ajudam%20a%20vender/alugar%20mais%20r%C3%A1pido.%20Quer%20que%20eu%20envie%20detalhes%3F,2026-07-23,10,baixo,7 dias,"Ana Costa, sem resposta ainda sobre Aluguel em Mongaguá. Posso reenviar opções atualizadas?"
Wanessa Silva,551262720465,Mongaguá,Aluguel,cross-sell,"Wanessa Silva, além de Aluguel em Mongaguá, temos Captação Digital, Automação, SEO Local que ajudam a vender/alugar mais rápido. Quer que eu envie detalhes?",https://wa.me/551262720465?text=Wanessa%20Silva%2C%20al%C3%A9m%20de%20Aluguel%20em%20Mongagu%C3%A1%2C%20temos%20Captaç%C3%A3o%20Digital%2C%20Automaç%C3%A3o%2C%20SEO%20Local%20que%20ajudam%20a%20vender/alugar%20mais%20r%C3%A1pido.%20Quer%20que%20eu%20envie%20detalhes%3F,2026-07-23,10,baixo,7 dias,"Wanessa Silva, sem resposta ainda sobre Aluguel em Mongaguá. Posso reenviar opções atualizadas?"
Lucas Rocha,551746417080,Mongaguá,Aluguel,cross-sell,"Lucas Rocha, além de Aluguel em Mongaguá, temos Captação Digital, Automação, SEO Local que ajudam a vender/alugar mais rápido. Quer que eu envie detalhes?",https://wa.me/551746417080?text=Lucas%20Rocha%2C%20al%C3%A9m%20de%20Aluguel%20em%20Mongagu%C3%A1%2C%20temos%20Captaç%C3%A3o%20Digital%2C%20Automaç%C3%A3o%2C%20SEO%20Local%20que%20ajudam%20a%20vender/alugar%20mais%20r%C3%A1pido.%20Quer%20que%20eu%20envie%20detalhes%3F,2026-07-23,10,baixo,7 dias,"Lucas Rocha, sem resposta ainda sobre Aluguel em Mongaguá. Posso reenviar opções atualizadas?"
Daniela Almeida,551149663193,São Vicente,Aluguel,cross-sell,"Daniela Almeida, além de Aluguel em São Vicente, temos Captação Digital, Automação, SEO Local que ajudam a vender/alugar mais rápido. Quer que eu envie detalhes?",https://wa.me/551149663193?text=Daniela%20Almeida%2C%20al%C3%A9m%20de%20Aluguel%20em%20S%C3%A3o%20Vicente%2C%20temos%20Captaç%C3%A3o%20Digital%2C%20Automaç%C3%A3o%2C%20SEO%20Local%20que%20ajudam%20a%20vender/alugar%20mais%20r%C3%A1pido.%20Quer%20que%20eu%20envie%20detalhes%3F,2026-07-23,10,baixo,7 dias,"Daniela Almeida, sem resposta ainda sobre Aluguel em São Vicente. Posso reenviar opções atualizadas?"
Juliana Martins,5513988889999,Peruíbe,Compra,cross-sell,"Juliana Martins, além de Compra em Peruíbe, temos Avaliação, Descrição com IA, Consultoria Proptech que ajudam a vender/alugar mais rápido. Quer que eu envie detalhes?",https://wa.me/5513988889999?text=Juliana%20Martins%2C%20al%C3%A9m%20de%20Compra%20em%20Peru%C3%ADbe%2C%20temos%20Avaliaç%C3%A3o%2C%20Descriç%C3%A3o%20com%20IA%2C%20Consultoria%20Proptech%20que%20ajudam%20a%20vender/alugar%20mais%20r%C3%A1pido.%20Quer%20que%20eu%20envie%20detalhes%3F,2026-07-23,10,baixo,7 dias,"Juliana Martins, sem resposta ainda sobre Compra em Peruíbe. Posso reenviar opções atualizadas?"
Igor Lima,551531351823,Peruíbe,Aluguel,cross-sell,"Igor Lima, além de Aluguel em Peruíbe, temos Captação Digital, Automação, SEO Local que ajudam a vender/alugar mais rápido. Quer que eu envie detalhes?",https://wa.me/551531351823?text=Igor%20Lima%2C%20al%C3%A9m%20de%20Aluguel%20em%20Peru%C3%ADbe%2C%20temos%20Captaç%C3%A3o%20Digital%2C%20Automaç%C3%A3o%2C%20SEO%20Local%20que%20ajudam%20a%20vender/alugar%20mais%20r%C3%A1pido.%20Quer%20que%20eu%20envie%20detalhes%3F,2026-07-23,10,baixo,7 dias,"Igor Lima, sem resposta ainda sobre Aluguel em Peruíbe. Posso reenviar opções atualizadas?"
Igor Araujo,551994134352,Peruíbe,Compra,cross-sell,"Igor Araujo, além de Compra em Peruíbe, temos Avaliação, Descrição com IA, Consultoria Proptech que ajudam a vender/alugar mais rápido. Quer que eu envie detalhes?",https://wa.me/551994134352?text=Igor%20Araujo%2C%20al%C3%A9m%20de%20Compra%20em%20Peru%C3%ADbe%2C%20temos%20Avaliaç%C3%A3o%2C%20Descriç%C3%A3o%20com%20IA%2C%20Consultoria%20Proptech%20que%20ajudam%20a%20vender/alugar%20mais%20r%C3%A1pido.%20Quer%20que%20eu%20envie%20detalhes%3F,2026-07-23,10,baixo,7 dias,"Igor Araujo, sem resposta ainda sobre Compra em Peruíbe. Posso reenviar opções atualizadas?"
Xavier Ribeiro,551340084271,Peruíbe,Compra,cross-sell,"Xavier Ribeiro, além de Compra em Peruíbe, temos Avaliação, Descrição com IA, Consultoria Proptech que ajudam a vender/alugar mais rápido. Quer que eu envie detalhes?",https://wa.me/551340084271?text=Xavier%20Ribeiro%2C%20al%C3%A9m%20de%20Compra%20em%20Peru%C3%ADbe%2C%20temos%20Avaliaç%C3%A3o%2C%20Descriç%C3%A3o%20com%20IA%2C%20Consultoria%20Proptech%20que%20ajudam%20a%20vender/alugar%20mais%20r%C3%A1pido.%20Quer%20que%20eu%20envie%20detalhes%3F,2026-07-23,10,baixo,7 dias,"Xavier Ribeiro, sem resposta ainda sobre Compra em Peruíbe. Posso reenviar opções atualizadas?"
Tiago Lima,551877520471,Peruíbe,Compra,cross-sell,"Tiago Lima, além de Compra em Peruíbe, temos Avaliação, Descrição com IA, Consultoria Proptech que ajudam a vender/alugar mais rápido. Quer que eu envie detalhes?",https://wa.me/551877520471?text=Tiago%20Lima%2C%20al%C3%A9m%20de%20Compra%20em%20Peru%C3%ADbe%2C%20temos%20Avaliaç%C3%A3o%2C%20Descriç%C3%A3o%20com%20IA%2C%20Consultoria%20Proptech%20que%20ajudam%20a%20vender/alugar%20mais%20r%C3%A1pido.%20Quer%20que%20eu%20envie%20detalhes%3F,2026-07-23,10,baixo,7 dias,"Tiago Lima, sem resposta ainda sobre Compra em Peruíbe. Posso reenviar opções atualizadas?"
Nicholas Ferreira,551290229413,Peruíbe,Aluguel,cross-sell,"Nicholas Ferreira, além de Aluguel em Peruíbe, temos Captação Digital, Automação, SEO Local que ajudam a vender/alugar mais rápido. Quer que eu envie detalhes?",https://wa.me/551290229413?text=Nicholas%20Ferreira%2C%20al%C3%A9m%20de%20Aluguel%20em%20Peru%C3%ADbe%2C%20temos%20Captaç%C3%A3o%20Digital%2C%20Automaç%C3%A3o%2C%20SEO%20Local%20que%20ajudam%20a%20vender/alugar%20mais%20r%C3%A1pido.%20Quer%20que%20eu%20envie%20detalhes%3F,2026-07-23,10,baixo,7 dias,"Nicholas Ferreira, sem resposta ainda sobre Aluguel em Peruíbe. Posso reenviar opções atualizadas?"
Ursula Almeida,551486774964,Peruíbe,Compra,cross-sell,"Ursula Almeida, além de Compra em Peruíbe, temos Avaliação, Descrição com IA, Consultoria Proptech que ajudam a vender/alugar mais rápido. Quer que eu envie detalhes?",https://wa.me/551486774964?text=Ursula%20Almeida%2C%20al%C3%A9m%20de%20Compra%20em%20Peru%C3%ADbe%2C%20temos%20Avaliaç%C3%A3o%2C%20Descriç%C3%A3o%20com%20IA%2C%20Consultoria%20Proptech%20que%20ajudam%20a%20vender/alugar%20mais%20r%C3%A1pido.%20Quer%20que%20eu%20envie%20detalhes%3F,2026-07-23,10,baixo,7 dias,"Ursula Almeida, sem resposta ainda sobre Compra em Peruíbe. Posso reenviar opções atualizadas?"
Bruno Almeida,551233412328,Peruíbe,Compra,cross-sell,"Bruno Almeida, além de Compra em Peruíbe, temos Avaliação, Descrição com IA, Consultoria Proptech que ajudam a vender/alugar mais rápido. Quer que eu envie detalhes?",https://wa.me/551233412328?text=Bruno%20Almeida%2C%20al%C3%A9m%20de%20Compra%20em%20Peru%C3%ADbe%2C%20temos%20Avaliaç%C3%A3o%2C%20Descriç%C3%A3o%20com%20IA%2C%20Consultoria%20Proptech%20que%20ajudam%20a%20vender/alugar%20mais%20r%C3%A1pido.%20Quer%20que%20eu%20envie%20detalhes%3F,2026-07-23,10,baixo,7 dias,"Bruno Almeida, sem resposta ainda sobre Compra em Peruíbe. Posso reenviar opções atualizadas?"
Olivia Ferreira,551840344713,Peruíbe,Compra,cross-sell,"Olivia Ferreira, além de Compra em Peruíbe, temos Avaliação, Descrição com IA, Consultoria Proptech que ajudam a vender/alugar mais rápido. Quer que eu envie detalhes?",https://wa.me/551840344713?text=Olivia%20Ferreira%2C%20al%C3%A9m%20de%20Compra%20em%20Peru%C3%ADbe%2C%20temos%20Avaliaç%C3%A3o%2C%20Descriç%C3%A3o%20com%20IA%2C%20Consultoria%20Proptech%20que%20ajudam%20a%20vender/alugar%20mais%20r%C3%A1pido.%20Quer%20que%20eu%20envie%20detalhes%3F,2026-07-23,10,baixo,7 dias,"Olivia Ferreira, sem resposta ainda sobre Compra em Peruíbe. Posso reenviar opções atualizadas?"
Vinicius Almeida,551461832421,Peruíbe,Aluguel,cross-sell,"Vinicius Almeida, além de Aluguel em Peruíbe, temos Captação Digital, Automação, SEO Local que ajudam a vender/alugar mais rápido. Quer que eu envie detalhes?",https://wa.me/551461832421?text=Vinicius%20Almeida%2C%20al%C3%A9m%20de%20Aluguel%20em%20Peru%C3%ADbe%2C%20temos%20Captaç%C3%A3o%20Digital%2C%20Automaç%C3%A3o%2C%20SEO%20Local%20que%20ajudam%20a%20vender/alugar%20mais%20r%C3%A1pido.%20Quer%20que%20eu%20envie%20detalhes%3F,2026-07-23,10,baixo,7 dias,"Vinicius Almeida, sem resposta ainda sobre Aluguel em Peruíbe. Posso reenviar opções atualizadas?"
