URL,CLUSTER,SCHEMA,EXPECTED_SCHEMA,STATUS,EVIDENCE
imoveis/apartamento-1-quartos-bertioga.html,imoveis,"RealEstateListing,Article,FAQPage,BreadcrumbList",RealEstateListing,SCHEMA_OK,valid
imoveis/apartamento-1-quartos-guaruja.html,imoveis,"RealEstateListing,Article,FAQPage,BreadcrumbList",RealEstateListing,SCHEMA_OK,valid
imoveis/apartamento-1-quartos-itanhaem.html,imoveis,"RealEstateListing,Article,FAQPage,BreadcrumbList",RealEstateListing,SCHEMA_OK,valid
imoveis/apartamento-1-quartos-mongagua.html,imoveis,"RealEstateListing,Article,FAQPage,BreadcrumbList",RealEstateListing,SCHEMA_OK,valid
imoveis/apartamento-1-quartos-peruibe.html,imoveis,"RealEstateListing,Article,FAQPage,BreadcrumbList",RealEstateListing,SCHEMA_OK,valid
imoveis/apartamento-1-quartos-praia-grande.html,imoveis,"RealEstateListing,Article,FAQPage,BreadcrumbList",RealEstateListing,SCHEMA_OK,valid
imoveis/apartamento-1-quartos-santos.html,imoveis,"RealEstateListing,Article,FAQPage,BreadcrumbList",RealEstateListing,SCHEMA_OK,valid
imoveis/apartamento-1-quartos-sao-vicente.html,imoveis,"RealEstateListing,Article,FAQPage,BreadcrumbList",RealEstateListing,SCHEMA_OK,valid
imoveis/apartamento-2-quartos-bertioga.html,imoveis,"RealEstateListing,Article,FAQPage,BreadcrumbList",RealEstateListing,SCHEMA_OK,valid
imoveis/apartamento-2-quartos-guaruja.html,imoveis,"RealEstateListing,Article,FAQPage,BreadcrumbList",RealEstateListing,SCHEMA_OK,valid
imoveis/apartamento-2-quartos-itanhaem.html,imoveis,"RealEstateListing,Article,FAQPage,BreadcrumbList",RealEstateListing,SCHEMA_OK,valid
imoveis/apartamento-2-quartos-mongagua.html,imoveis,"RealEstateListing,Article,FAQPage,BreadcrumbList",RealEstateListing,SCHEMA_OK,valid
imoveis/apartamento-2-quartos-peruibe.html,imoveis,"RealEstateListing,Article,FAQPage,BreadcrumbList",RealEstateListing,SCHEMA_OK,valid
imoveis/apartamento-2-quartos-praia-grande.html,imoveis,"RealEstateListing,Article,FAQPage,BreadcrumbList",RealEstateListing,SCHEMA_OK,valid
imoveis/apartamento-2-quartos-santos.html,imoveis,"RealEstateListing,Article,FAQPage,BreadcrumbList",RealEstateListing,SCHEMA_OK,valid
imoveis/apartamento-2-quartos-sao-vicente.html,imoveis,"RealEstateListing,Article,FAQPage,BreadcrumbList",RealEstateListing,SCHEMA_OK,valid
imoveis/apartamento-3-quartos-bertioga.html,imoveis,"RealEstateListing,Article,FAQPage,BreadcrumbList",RealEstateListing,SCHEMA_OK,valid
imoveis/apartamento-3-quartos-guaruja.html,imoveis,"RealEstateListing,Article,FAQPage,BreadcrumbList",RealEstateListing,SCHEMA_OK,valid
imoveis/apartamento-3-quartos-itanhaem.html,imoveis,"RealEstateListing,Article,FAQPage,BreadcrumbList",RealEstateListing,SCHEMA_OK,valid
imoveis/apartamento-3-quartos-mongagua.html,imoveis,"RealEstateListing,Article,FAQPage,BreadcrumbList",RealEstateListing,SCHEMA_OK,valid
imoveis/apartamento-3-quartos-peruibe.html,imoveis,"RealEstateListing,Article,FAQPage,BreadcrumbList",RealEstateListing,SCHEMA_OK,valid
imoveis/apartamento-3-quartos-praia-grande.html,imoveis,"RealEstateListing,Article,FAQPage,BreadcrumbList",RealEstateListing,SCHEMA_OK,valid
imoveis/apartamento-3-quartos-sao-vicente.html,imoveis,"RealEstateListing,Article,FAQPage,BreadcrumbList",RealEstateListing,SCHEMA_OK,valid
imoveis/apartamento-3-quartos-suite-santos.html,imoveis,"RealEstateListing,Article,FAQPage,BreadcrumbList",RealEstateListing,SCHEMA_OK,valid
imoveis/apartamento-bertioga.html,imoveis,"RealEstateListing,Article,FAQPage,BreadcrumbList",RealEstateListing,SCHEMA_OK,valid
imoveis/apartamento-caraguatatuba.html,imoveis,"RealEstateListing,Article,FAQPage,BreadcrumbList",RealEstateListing,SCHEMA_OK,valid
imoveis/apartamento-cobertura-sao-vicente.html,imoveis,"RealEstateListing,Article,FAQPage,BreadcrumbList",RealEstateListing,SCHEMA_OK,valid
imoveis/apartamento-duplex-bertioga.html,imoveis,"RealEstateListing,Article,FAQPage,BreadcrumbList",RealEstateListing,SCHEMA_OK,valid
imoveis/apartamento-duplex-caraguatatuba.html,imoveis,"RealEstateListing,Article,FAQPage,BreadcrumbList",RealEstateListing,SCHEMA_OK,valid
imoveis/apartamento-duplex-mongagua.html,imoveis,"RealEstateListing,Article,FAQPage,BreadcrumbList",RealEstateListing,SCHEMA_OK,valid
imoveis/apartamento-duplex-santos.html,imoveis,"RealEstateListing,Article,FAQPage,BreadcrumbList",RealEstateListing,SCHEMA_OK,valid
imoveis/apartamento-frente-mar-bertioga.html,imoveis,"RealEstateListing,Article,FAQPage,BreadcrumbList",RealEstateListing,SCHEMA_OK,valid
imoveis/apartamento-frente-mar-caraguatatuba.html,imoveis,"RealEstateListing,Article,FAQPage,BreadcrumbList",RealEstateListing,SCHEMA_OK,valid
imoveis/apartamento-frente-mar-guaruja.html,imoveis,"RealEstateListing,Article,FAQPage,BreadcrumbList",RealEstateListing,SCHEMA_OK,valid
imoveis/apartamento-frente-mar-peruibe.html,imoveis,"RealEstateListing,Article,FAQPage,BreadcrumbList",RealEstateListing,SCHEMA_OK,valid
imoveis/apartamento-frente-mar-praia-grande.html,imoveis,"RealEstateListing,Article,FAQPage,BreadcrumbList",RealEstateListing,SCHEMA_OK,valid
imoveis/apartamento-frente-mar-santos.html,imoveis,"RealEstateListing,Article,FAQPage,BreadcrumbList",RealEstateListing,SCHEMA_OK,valid
imoveis/apartamento-frente-mar-sao-vicente.html,imoveis,"RealEstateListing,Article,FAQPage,BreadcrumbList",RealEstateListing,SCHEMA_OK,valid
imoveis/apartamento-garden-santos.html,imoveis,"RealEstateListing,Article,FAQPage,BreadcrumbList",RealEstateListing,SCHEMA_OK,valid
imoveis/apartamento-guaruja.html,imoveis,"RealEstateListing,Article,FAQPage,BreadcrumbList",RealEstateListing,SCHEMA_OK,valid
imoveis/apartamento-ilhabela.html,imoveis,"RealEstateListing,Article,FAQPage,BreadcrumbList",RealEstateListing,SCHEMA_OK,valid
imoveis/apartamento-itanhaem.html,imoveis,"RealEstateListing,Article,FAQPage,BreadcrumbList",RealEstateListing,SCHEMA_OK,valid
imoveis/apartamento-mobiliado-guaruja.html,imoveis,"RealEstateListing,Article,FAQPage,BreadcrumbList",RealEstateListing,SCHEMA_OK,valid
imoveis/apartamento-mobiliado-mongagua.html,imoveis,"RealEstateListing,Article,FAQPage,BreadcrumbList",RealEstateListing,SCHEMA_OK,valid
imoveis/apartamento-mobiliado-santos.html,imoveis,"RealEstateListing,Article,FAQPage,BreadcrumbList",RealEstateListing,SCHEMA_OK,valid
imoveis/apartamento-mongagua.html,imoveis,"RealEstateListing,Article,FAQPage,BreadcrumbList",RealEstateListing,SCHEMA_OK,valid
imoveis/apartamento-peruibe.html,imoveis,"RealEstateListing,Article,FAQPage,BreadcrumbList",RealEstateListing,SCHEMA_OK,valid
imoveis/apartamento-praia-grande.html,imoveis,"RealEstateListing,Article,FAQPage,BreadcrumbList",RealEstateListing,SCHEMA_OK,valid
imoveis/apartamento-santos.html,imoveis,"RealEstateListing,Article,FAQPage,BreadcrumbList",RealEstateListing,SCHEMA_OK,valid
imoveis/apartamento-sao-vicente.html,imoveis,"RealEstateListing,Article,FAQPage,BreadcrumbList",RealEstateListing,SCHEMA_OK,valid
imoveis/apartamento-suite-vista-mar-bertioga.html,imoveis,"RealEstateListing,Article,FAQPage,BreadcrumbList",RealEstateListing,SCHEMA_OK,valid
imoveis/apartamento-suite-vista-mar-guaruja.html,imoveis,"RealEstateListing,Article,FAQPage,BreadcrumbList",RealEstateListing,SCHEMA_OK,valid
imoveis/apartamento-suite-vista-mar-itanhaem.html,imoveis,"RealEstateListing,Article,FAQPage,BreadcrumbList",RealEstateListing,SCHEMA_OK,valid
imoveis/apartamento-suite-vista-mar-peruibe.html,imoveis,"RealEstateListing,Article,FAQPage,BreadcrumbList",RealEstateListing,SCHEMA_OK,valid
imoveis/apartamento-suite-vista-mar-praia-grande.html,imoveis,"RealEstateListing,Article,FAQPage,BreadcrumbList",RealEstateListing,SCHEMA_OK,valid
imoveis/apartamento-suite-vista-mar-sao-vicente.html,imoveis,"RealEstateListing,Article,FAQPage,BreadcrumbList",RealEstateListing,SCHEMA_OK,valid
imoveis/apartamento-temporada-bertioga.html,imoveis,"RealEstateListing,Article,FAQPage,BreadcrumbList",RealEstateListing,SCHEMA_OK,valid
imoveis/apartamento-temporada-caraguatatuba.html,imoveis,"RealEstateListing,Article,FAQPage,BreadcrumbList",RealEstateListing,SCHEMA_OK,valid
imoveis/apartamento-temporada-mongagua.html,imoveis,"RealEstateListing,Article,FAQPage,BreadcrumbList",RealEstateListing,SCHEMA_OK,valid
imoveis/apartamento-temporada-praia-grande.html,imoveis,"RealEstateListing,Article,FAQPage,BreadcrumbList",RealEstateListing,SCHEMA_OK,valid
imoveis/apartamento-temporada-ubatuba.html,imoveis,"RealEstateListing,Article,FAQPage,BreadcrumbList",RealEstateListing,SCHEMA_OK,valid
imoveis/apartamento-ubatuba.html,imoveis,"RealEstateListing,Article,FAQPage,BreadcrumbList",RealEstateListing,SCHEMA_OK,valid
imoveis/apartamento-vista-mar-santos.html,imoveis,"RealEstateListing,Article,FAQPage,BreadcrumbList",RealEstateListing,SCHEMA_OK,valid
imoveis/bertioga-bertioga-aluguel.html,imoveis,"BreadcrumbList,RealEstateListing",RealEstateListing,SCHEMA_OK,valid
imoveis/bertioga-centro-lançamento.html,imoveis,"BreadcrumbList,RealEstateListing",RealEstateListing,SCHEMA_OK,valid
imoveis/bertioga-mata-atlântica-venda.html,imoveis,"BreadcrumbList,RealEstateListing",RealEstateListing,SCHEMA_OK,valid
imoveis/bertioga-riviera-venda.html,imoveis,"BreadcrumbList,RealEstateListing",RealEstateListing,SCHEMA_OK,valid
imoveis/bertioga-sao-lourenço-aluguel.html,imoveis,"BreadcrumbList,RealEstateListing",RealEstateListing,SCHEMA_OK,valid
imoveis/bertioga.html,imoveis,"RealEstateListing,Article,FAQPage,BreadcrumbList",RealEstateListing,SCHEMA_OK,valid
imoveis/casa-bertioga.html,imoveis,"RealEstateListing,Article,FAQPage,BreadcrumbList",RealEstateListing,SCHEMA_OK,valid
imoveis/casa-caraguatatuba.html,imoveis,"RealEstateListing,Article,FAQPage,BreadcrumbList",RealEstateListing,SCHEMA_OK,valid
imoveis/casa-condominio-bertioga.html,imoveis,"RealEstateListing,Article,FAQPage,BreadcrumbList",RealEstateListing,SCHEMA_OK,valid
imoveis/casa-condominio-fechado-caraguatatuba.html,imoveis,"RealEstateListing,Article,FAQPage,BreadcrumbList",RealEstateListing,SCHEMA_OK,valid
imoveis/casa-condominio-fechado-guaruja.html,imoveis,"RealEstateListing,Article,FAQPage,BreadcrumbList",RealEstateListing,SCHEMA_OK,valid
imoveis/casa-condominio-fechado-peruibe.html,imoveis,"RealEstateListing,Article,FAQPage,BreadcrumbList",RealEstateListing,SCHEMA_OK,valid
imoveis/casa-condominio-fechado-praia-grande.html,imoveis,"RealEstateListing,Article,FAQPage,BreadcrumbList",RealEstateListing,SCHEMA_OK,valid
imoveis/casa-condominio-fechado-santos.html,imoveis,"RealEstateListing,Article,FAQPage,BreadcrumbList",RealEstateListing,SCHEMA_OK,valid
imoveis/casa-condominio-fechado-sao-vicente.html,imoveis,"RealEstateListing,Article,FAQPage,BreadcrumbList",RealEstateListing,SCHEMA_OK,valid
imoveis/casa-condominio-guaruja.html,imoveis,"RealEstateListing,Article,FAQPage,BreadcrumbList",RealEstateListing,SCHEMA_OK,valid
imoveis/casa-condominio-itanhaem.html,imoveis,"RealEstateListing,Article,FAQPage,BreadcrumbList",RealEstateListing,SCHEMA_OK,valid
imoveis/casa-condominio-mongagua.html,imoveis,"RealEstateListing,Article,FAQPage,BreadcrumbList",RealEstateListing,SCHEMA_OK,valid
imoveis/casa-condominio-peruibe.html,imoveis,"RealEstateListing,Article,FAQPage,BreadcrumbList",RealEstateListing,SCHEMA_OK,valid
imoveis/casa-condominio-praia-grande.html,imoveis,"RealEstateListing,Article,FAQPage,BreadcrumbList",RealEstateListing,SCHEMA_OK,valid
imoveis/casa-condominio-santos.html,imoveis,"RealEstateListing,Article,FAQPage,BreadcrumbList",RealEstateListing,SCHEMA_OK,valid
imoveis/casa-condominio-sao-vicente.html,imoveis,"RealEstateListing,Article,FAQPage,BreadcrumbList",RealEstateListing,SCHEMA_OK,valid
imoveis/casa-guaruja.html,imoveis,"RealEstateListing,Article,FAQPage,BreadcrumbList",RealEstateListing,SCHEMA_OK,valid
imoveis/casa-ilhabela.html,imoveis,"RealEstateListing,Article,FAQPage,BreadcrumbList",RealEstateListing,SCHEMA_OK,valid
imoveis/casa-ita-encontro-aguas.html,imoveis,"RealEstateListing,Article,FAQPage,BreadcrumbList",RealEstateListing,SCHEMA_OK,valid
imoveis/casa-itanhaem.html,imoveis,"RealEstateListing,Article,FAQPage,BreadcrumbList",RealEstateListing,SCHEMA_OK,valid
imoveis/casa-mongagua.html,imoveis,"RealEstateListing,Article,FAQPage,BreadcrumbList",RealEstateListing,SCHEMA_OK,valid
imoveis/casa-pe-na-areia-guaruja.html,imoveis,"RealEstateListing,Article,FAQPage,BreadcrumbList",RealEstateListing,SCHEMA_OK,valid
imoveis/casa-pe-na-areia-peruibe.html,imoveis,"RealEstateListing,Article,FAQPage,BreadcrumbList",RealEstateListing,SCHEMA_OK,valid
imoveis/casa-peruibe.html,imoveis,"RealEstateListing,Article,FAQPage,BreadcrumbList",RealEstateListing,SCHEMA_OK,valid
imoveis/casa-praia-grande.html,imoveis,"RealEstateListing,Article,FAQPage,BreadcrumbList",RealEstateListing,SCHEMA_OK,valid
imoveis/casa-santos.html,imoveis,"RealEstateListing,Article,FAQPage,BreadcrumbList",RealEstateListing,SCHEMA_OK,valid
imoveis/casa-sao-vicente.html,imoveis,"RealEstateListing,Article,FAQPage,BreadcrumbList",RealEstateListing,SCHEMA_OK,valid
imoveis/casa-terrea-bertioga.html,imoveis,"RealEstateListing,Article,FAQPage,BreadcrumbList",RealEstateListing,SCHEMA_OK,valid
imoveis/casa-terrea-guaruja.html,imoveis,"RealEstateListing,Article,FAQPage,BreadcrumbList",RealEstateListing,SCHEMA_OK,valid
imoveis/casa-terrea-itanhaem.html,imoveis,"RealEstateListing,Article,FAQPage,BreadcrumbList",RealEstateListing,SCHEMA_OK,valid
imoveis/casa-terrea-mongagua.html,imoveis,"RealEstateListing,Article,FAQPage,BreadcrumbList",RealEstateListing,SCHEMA_OK,valid
imoveis/casa-terrea-peruibe.html,imoveis,"RealEstateListing,Article,FAQPage,BreadcrumbList",RealEstateListing,SCHEMA_OK,valid
imoveis/casa-terrea-praia-grande.html,imoveis,"RealEstateListing,Article,FAQPage,BreadcrumbList",RealEstateListing,SCHEMA_OK,valid
imoveis/casa-terrea-santos.html,imoveis,"RealEstateListing,Article,FAQPage,BreadcrumbList",RealEstateListing,SCHEMA_OK,valid
imoveis/casa-terrea-sao-vicente.html,imoveis,"RealEstateListing,Article,FAQPage,BreadcrumbList",RealEstateListing,SCHEMA_OK,valid
imoveis/casa-ubatuba.html,imoveis,"RealEstateListing,Article,FAQPage,BreadcrumbList",RealEstateListing,SCHEMA_OK,valid
imoveis/casa-vila-caraguatatuba.html,imoveis,"RealEstateListing,Article,FAQPage,BreadcrumbList",RealEstateListing,SCHEMA_OK,valid
imoveis/casa-vila-mongagua.html,imoveis,"RealEstateListing,Article,FAQPage,BreadcrumbList",RealEstateListing,SCHEMA_OK,valid
imoveis/casa-vila-peruibe.html,imoveis,"RealEstateListing,Article,FAQPage,BreadcrumbList",RealEstateListing,SCHEMA_OK,valid
imoveis/casa-vila-santos.html,imoveis,"RealEstateListing,Article,FAQPage,BreadcrumbList",RealEstateListing,SCHEMA_OK,valid
imoveis/casa-vila-ubatuba.html,imoveis,"RealEstateListing,Article,FAQPage,BreadcrumbList",RealEstateListing,SCHEMA_OK,valid
imoveis/chale-bertioga.html,imoveis,"RealEstateListing,Article,FAQPage,BreadcrumbList",RealEstateListing,SCHEMA_OK,valid
imoveis/chale-caraguatatuba.html,imoveis,"RealEstateListing,Article,FAQPage,BreadcrumbList",RealEstateListing,SCHEMA_OK,valid
imoveis/chale-centro-bertioga.html,imoveis,"RealEstateListing,Article,FAQPage,BreadcrumbList",RealEstateListing,SCHEMA_OK,valid
imoveis/chale-centro-ilhabela.html,imoveis,"RealEstateListing,Article,FAQPage,BreadcrumbList",RealEstateListing,SCHEMA_OK,valid
imoveis/chale-guaruja.html,imoveis,"RealEstateListing,Article,FAQPage,BreadcrumbList",RealEstateListing,SCHEMA_OK,valid
imoveis/chale-ilhabela.html,imoveis,"RealEstateListing,Article,FAQPage,BreadcrumbList",RealEstateListing,SCHEMA_OK,valid
imoveis/chale-itanhaem.html,imoveis,"RealEstateListing,Article,FAQPage,BreadcrumbList",RealEstateListing,SCHEMA_OK,valid
imoveis/chale-mongagua.html,imoveis,"RealEstateListing,Article,FAQPage,BreadcrumbList",RealEstateListing,SCHEMA_OK,valid
imoveis/chale-pe-na-areia-bertioga.html,imoveis,"RealEstateListing,Article,FAQPage,BreadcrumbList",RealEstateListing,SCHEMA_OK,valid
imoveis/chale-pe-na-areia-guaruja.html,imoveis,"RealEstateListing,Article,FAQPage,BreadcrumbList",RealEstateListing,SCHEMA_OK,valid
imoveis/chale-pe-na-areia-peruibe.html,imoveis,"RealEstateListing,Article,FAQPage,BreadcrumbList",RealEstateListing,SCHEMA_OK,valid
imoveis/chale-peruibe.html,imoveis,"RealEstateListing,Article,FAQPage,BreadcrumbList",RealEstateListing,SCHEMA_OK,valid
imoveis/chale-praia-grande.html,imoveis,"RealEstateListing,Article,FAQPage,BreadcrumbList",RealEstateListing,SCHEMA_OK,valid
imoveis/chale-santos.html,imoveis,"RealEstateListing,Article,FAQPage,BreadcrumbList",RealEstateListing,SCHEMA_OK,valid
imoveis/chale-sao-vicente.html,imoveis,"RealEstateListing,Article,FAQPage,BreadcrumbList",RealEstateListing,SCHEMA_OK,valid
imoveis/chale-ubatuba.html,imoveis,"RealEstateListing,Article,FAQPage,BreadcrumbList",RealEstateListing,SCHEMA_OK,valid
imoveis/cobertura-bertioga.html,imoveis,"RealEstateListing,Article,FAQPage,BreadcrumbList",RealEstateListing,SCHEMA_OK,valid
imoveis/cobertura-caraguatatuba.html,imoveis,"RealEstateListing,Article,FAQPage,BreadcrumbList",RealEstateListing,SCHEMA_OK,valid
imoveis/cobertura-duplex-guaruja.html,imoveis,"RealEstateListing,Article,FAQPage,BreadcrumbList",RealEstateListing,SCHEMA_OK,valid
imoveis/cobertura-duplex-santos.html,imoveis,"RealEstateListing,Article,FAQPage,BreadcrumbList",RealEstateListing,SCHEMA_OK,valid
imoveis/cobertura-duplex-ubatuba.html,imoveis,"RealEstateListing,Article,FAQPage,BreadcrumbList",RealEstateListing,SCHEMA_OK,valid
imoveis/cobertura-guaruja.html,imoveis,"RealEstateListing,Article,FAQPage,BreadcrumbList",RealEstateListing,SCHEMA_OK,valid
imoveis/cobertura-ilhabela.html,imoveis,"RealEstateListing,Article,FAQPage,BreadcrumbList",RealEstateListing,SCHEMA_OK,valid
imoveis/cobertura-itanhaem.html,imoveis,"RealEstateListing,Article,FAQPage,BreadcrumbList",RealEstateListing,SCHEMA_OK,valid
imoveis/cobertura-mongagua.html,imoveis,"RealEstateListing,Article,FAQPage,BreadcrumbList",RealEstateListing,SCHEMA_OK,valid
imoveis/cobertura-penthouse-guaruja.html,imoveis,"RealEstateListing,Article,FAQPage,BreadcrumbList",RealEstateListing,SCHEMA_OK,valid
imoveis/cobertura-peruibe.html,imoveis,"RealEstateListing,Article,FAQPage,BreadcrumbList",RealEstateListing,SCHEMA_OK,valid
imoveis/cobertura-praia-grande.html,imoveis,"RealEstateListing,Article,FAQPage,BreadcrumbList",RealEstateListing,SCHEMA_OK,valid
imoveis/cobertura-santos.html,imoveis,"RealEstateListing,Article,FAQPage,BreadcrumbList",RealEstateListing,SCHEMA_OK,valid
imoveis/cobertura-sao-vicente.html,imoveis,"RealEstateListing,Article,FAQPage,BreadcrumbList",RealEstateListing,SCHEMA_OK,valid
imoveis/cobertura-ubatuba.html,imoveis,"RealEstateListing,Article,FAQPage,BreadcrumbList",RealEstateListing,SCHEMA_OK,valid
imoveis/cobertura-vista-mar-bertioga.html,imoveis,"RealEstateListing,Article,FAQPage,BreadcrumbList",RealEstateListing,SCHEMA_OK,valid
imoveis/cobertura-vista-mar-caraguatatuba.html,imoveis,"RealEstateListing,Article,FAQPage,BreadcrumbList",RealEstateListing,SCHEMA_OK,valid
imoveis/cobertura-vista-mar-guaruja.html,imoveis,"RealEstateListing,Article,FAQPage,BreadcrumbList",RealEstateListing,SCHEMA_OK,valid
imoveis/cobertura-vista-mar-itanhaem.html,imoveis,"RealEstateListing,Article,FAQPage,BreadcrumbList",RealEstateListing,SCHEMA_OK,valid
imoveis/cobertura-vista-mar-mongagua.html,imoveis,"RealEstateListing,Article,FAQPage,BreadcrumbList",RealEstateListing,SCHEMA_OK,valid
imoveis/cobertura-vista-mar-peruibe.html,imoveis,"RealEstateListing,Article,FAQPage,BreadcrumbList",RealEstateListing,SCHEMA_OK,valid
imoveis/cobertura-vista-mar-praia-grande.html,imoveis,"RealEstateListing,Article,FAQPage,BreadcrumbList",RealEstateListing,SCHEMA_OK,valid
imoveis/cobertura-vista-mar-santos.html,imoveis,"RealEstateListing,Article,FAQPage,BreadcrumbList",RealEstateListing,SCHEMA_OK,valid
imoveis/cobertura-vista-mar-sao-vicente.html,imoveis,"RealEstateListing,Article,FAQPage,BreadcrumbList",RealEstateListing,SCHEMA_OK,valid
imoveis/flat-bertioga.html,imoveis,"RealEstateListing,Article,FAQPage,BreadcrumbList",RealEstateListing,SCHEMA_OK,valid
imoveis/flat-caraguatatuba.html,imoveis,"RealEstateListing,Article,FAQPage,BreadcrumbList",RealEstateListing,SCHEMA_OK,valid
imoveis/flat-centro-bertioga.html,imoveis,"RealEstateListing,Article,FAQPage,BreadcrumbList",RealEstateListing,SCHEMA_OK,valid
imoveis/flat-centro-guaruja.html,imoveis,"RealEstateListing,Article,FAQPage,BreadcrumbList",RealEstateListing,SCHEMA_OK,valid
imoveis/flat-centro-santos.html,imoveis,"RealEstateListing,Article,FAQPage,BreadcrumbList",RealEstateListing,SCHEMA_OK,valid
imoveis/flat-guaruja.html,imoveis,"RealEstateListing,Article,FAQPage,BreadcrumbList",RealEstateListing,SCHEMA_OK,valid
imoveis/flat-ilhabela.html,imoveis,"RealEstateListing,Article,FAQPage,BreadcrumbList",RealEstateListing,SCHEMA_OK,valid
imoveis/flat-itanhaem.html,imoveis,"RealEstateListing,Article,FAQPage,BreadcrumbList",RealEstateListing,SCHEMA_OK,valid
imoveis/flat-mongagua.html,imoveis,"RealEstateListing,Article,FAQPage,BreadcrumbList",RealEstateListing,SCHEMA_OK,valid
imoveis/flat-peruibe.html,imoveis,"RealEstateListing,Article,FAQPage,BreadcrumbList",RealEstateListing,SCHEMA_OK,valid
imoveis/flat-praia-grande.html,imoveis,"RealEstateListing,Article,FAQPage,BreadcrumbList",RealEstateListing,SCHEMA_OK,valid
imoveis/flat-santos.html,imoveis,"RealEstateListing,Article,FAQPage,BreadcrumbList",RealEstateListing,SCHEMA_OK,valid
imoveis/flat-sao-vicente.html,imoveis,"RealEstateListing,Article,FAQPage,BreadcrumbList",RealEstateListing,SCHEMA_OK,valid
imoveis/flat-ubatuba.html,imoveis,"RealEstateListing,Article,FAQPage,BreadcrumbList",RealEstateListing,SCHEMA_OK,valid
imoveis/frente-mar-bertioga.html,imoveis,"RealEstateListing,Article,FAQPage,BreadcrumbList",RealEstateListing,SCHEMA_OK,valid
imoveis/frente-mar-guaruja.html,imoveis,"RealEstateListing,Article,FAQPage,BreadcrumbList",RealEstateListing,SCHEMA_OK,valid
imoveis/frente-mar-itanhaem.html,imoveis,"RealEstateListing,Article,FAQPage,BreadcrumbList",RealEstateListing,SCHEMA_OK,valid
imoveis/frente-mar-mongagua.html,imoveis,"RealEstateListing,Article,FAQPage,BreadcrumbList",RealEstateListing,SCHEMA_OK,valid
imoveis/frente-mar-peruibe.html,imoveis,"RealEstateListing,Article,FAQPage,BreadcrumbList",RealEstateListing,SCHEMA_OK,valid
imoveis/frente-mar-praia-grande.html,imoveis,"RealEstateListing,Article,FAQPage,BreadcrumbList",RealEstateListing,SCHEMA_OK,valid
imoveis/frente-mar-santos.html,imoveis,"RealEstateListing,Article,FAQPage,BreadcrumbList",RealEstateListing,SCHEMA_OK,valid
imoveis/frente-mar-sao-vicente.html,imoveis,"RealEstateListing,Article,FAQPage,BreadcrumbList",RealEstateListing,SCHEMA_OK,valid
imoveis/guaruja-enseada-lançamento.html,imoveis,"BreadcrumbList,RealEstateListing",RealEstateListing,SCHEMA_OK,valid
imoveis/guaruja-guaruja-aluguel.html,imoveis,"BreadcrumbList,RealEstateListing",RealEstateListing,SCHEMA_OK,valid
imoveis/guaruja-jardim-acapulco-venda.html,imoveis,"BreadcrumbList,RealEstateListing",RealEstateListing,SCHEMA_OK,valid
imoveis/guaruja-pernambuco-venda.html,imoveis,"BreadcrumbList,RealEstateListing",RealEstateListing,SCHEMA_OK,valid
imoveis/guaruja-vila-julia-aluguel.html,imoveis,"BreadcrumbList,RealEstateListing",RealEstateListing,SCHEMA_OK,valid
imoveis/imovel-001-santos-gonzaga-2026.html,imoveis,"RealEstateListing,Article,FAQPage,BreadcrumbList",RealEstateListing,SCHEMA_OK,valid
imoveis/imovel-002-santos-gonzaga-2026.html,imoveis,"RealEstateListing,Article,FAQPage,BreadcrumbList",RealEstateListing,SCHEMA_OK,valid
imoveis/imovel-003-santos-gonzaga-2026.html,imoveis,"RealEstateListing,Article,FAQPage,BreadcrumbList",RealEstateListing,SCHEMA_OK,valid
imoveis/imovel-004-santos-gonzaga-2026.html,imoveis,"RealEstateListing,Article,FAQPage,BreadcrumbList",RealEstateListing,SCHEMA_OK,valid
imoveis/imovel-005-santos-gonzaga-2026.html,imoveis,"RealEstateListing,Article,FAQPage,BreadcrumbList",RealEstateListing,SCHEMA_OK,valid
imoveis/imovel-006-santos-gonzaga-2026.html,imoveis,"RealEstateListing,Article,FAQPage,BreadcrumbList",RealEstateListing,SCHEMA_OK,valid
imoveis/imovel-007-santos-gonzaga-2026.html,imoveis,"RealEstateListing,Article,FAQPage,BreadcrumbList",RealEstateListing,SCHEMA_OK,valid
imoveis/imovel-008-santos-gonzaga-2026.html,imoveis,"RealEstateListing,Article,FAQPage,BreadcrumbList",RealEstateListing,SCHEMA_OK,valid
imoveis/imovel-009-santos-gonzaga-2026.html,imoveis,"RealEstateListing,Article,FAQPage,BreadcrumbList",RealEstateListing,SCHEMA_OK,valid
imoveis/imovel-010-santos-gonzaga-2026.html,imoveis,"RealEstateListing,Article,FAQPage,BreadcrumbList",RealEstateListing,SCHEMA_OK,valid
imoveis/imovel-011-santos-gonzaga-2026.html,imoveis,"RealEstateListing,Article,FAQPage,BreadcrumbList",RealEstateListing,SCHEMA_OK,valid
imoveis/imovel-012-santos-gonzaga-2026.html,imoveis,"RealEstateListing,Article,FAQPage,BreadcrumbList",RealEstateListing,SCHEMA_OK,valid
imoveis/imovel-013-santos-gonzaga-2026.html,imoveis,"RealEstateListing,Article,FAQPage,BreadcrumbList",RealEstateListing,SCHEMA_OK,valid
imoveis/imovel-014-santos-gonzaga-2026.html,imoveis,"RealEstateListing,Article,FAQPage,BreadcrumbList",RealEstateListing,SCHEMA_OK,valid
imoveis/imovel-015-santos-gonzaga-2026.html,imoveis,"RealEstateListing,Article,FAQPage,BreadcrumbList",RealEstateListing,SCHEMA_OK,valid
imoveis/imovel-016-santos-boqueirão-2026.html,imoveis,"RealEstateListing,Article,FAQPage,BreadcrumbList",RealEstateListing,SCHEMA_OK,valid
imoveis/imovel-017-santos-boqueirão-2026.html,imoveis,"RealEstateListing,Article,FAQPage,BreadcrumbList",RealEstateListing,SCHEMA_OK,valid
imoveis/imovel-018-santos-boqueirão-2026.html,imoveis,"RealEstateListing,Article,FAQPage,BreadcrumbList",RealEstateListing,SCHEMA_OK,valid
imoveis/imovel-019-santos-boqueirão-2026.html,imoveis,"RealEstateListing,Article,FAQPage,BreadcrumbList",RealEstateListing,SCHEMA_OK,valid
imoveis/imovel-020-santos-boqueirão-2026.html,imoveis,"RealEstateListing,Article,FAQPage,BreadcrumbList",RealEstateListing,SCHEMA_OK,valid
imoveis/imovel-021-santos-boqueirão-2026.html,imoveis,"RealEstateListing,Article,FAQPage,BreadcrumbList",RealEstateListing,SCHEMA_OK,valid
imoveis/imovel-022-santos-boqueirão-2026.html,imoveis,"RealEstateListing,Article,FAQPage,BreadcrumbList",RealEstateListing,SCHEMA_OK,valid
imoveis/imovel-023-santos-boqueirão-2026.html,imoveis,"RealEstateListing,Article,FAQPage,BreadcrumbList",RealEstateListing,SCHEMA_OK,valid
imoveis/imovel-024-santos-boqueirão-2026.html,imoveis,"RealEstateListing,Article,FAQPage,BreadcrumbList",RealEstateListing,SCHEMA_OK,valid
imoveis/imovel-025-santos-boqueirão-2026.html,imoveis,"RealEstateListing,Article,FAQPage,BreadcrumbList",RealEstateListing,SCHEMA_OK,valid
imoveis/imovel-0250.html,imoveis,"RealEstateListing,Article,FAQPage,BreadcrumbList",RealEstateListing,SCHEMA_OK,valid
imoveis/imovel-0251.html,imoveis,"RealEstateListing,Article,FAQPage,BreadcrumbList",RealEstateListing,SCHEMA_OK,valid
imoveis/imovel-0252.html,imoveis,"RealEstateListing,Article,FAQPage,BreadcrumbList",RealEstateListing,SCHEMA_OK,valid
imoveis/imovel-0253.html,imoveis,"RealEstateListing,Article,FAQPage,BreadcrumbList",RealEstateListing,SCHEMA_OK,valid
imoveis/imovel-0254.html,imoveis,"RealEstateListing,Article,FAQPage,BreadcrumbList",RealEstateListing,SCHEMA_OK,valid
imoveis/imovel-0255.html,imoveis,"RealEstateListing,Article,FAQPage,BreadcrumbList",RealEstateListing,SCHEMA_OK,valid
imoveis/imovel-0256.html,imoveis,"RealEstateListing,Article,FAQPage,BreadcrumbList",RealEstateListing,SCHEMA_OK,valid
imoveis/imovel-0257.html,imoveis,"RealEstateListing,Article,FAQPage,BreadcrumbList",RealEstateListing,SCHEMA_OK,valid
imoveis/imovel-0258.html,imoveis,"RealEstateListing,Article,FAQPage,BreadcrumbList",RealEstateListing,SCHEMA_OK,valid
imoveis/imovel-0259.html,imoveis,"RealEstateListing,Article,FAQPage,BreadcrumbList",RealEstateListing,SCHEMA_OK,valid
imoveis/imovel-026-santos-boqueirão-2026.html,imoveis,"RealEstateListing,Article,FAQPage,BreadcrumbList",RealEstateListing,SCHEMA_OK,valid
imoveis/imovel-027-santos-boqueirão-2026.html,imoveis,"RealEstateListing,Article,FAQPage,BreadcrumbList",RealEstateListing,SCHEMA_OK,valid
imoveis/imovel-028-santos-boqueirão-2026.html,imoveis,"RealEstateListing,Article,FAQPage,BreadcrumbList",RealEstateListing,SCHEMA_OK,valid
imoveis/imovel-0288.html,imoveis,"RealEstateListing,Article,FAQPage,BreadcrumbList",RealEstateListing,SCHEMA_OK,valid
imoveis/imovel-0289.html,imoveis,"RealEstateListing,Article,FAQPage,BreadcrumbList",RealEstateListing,SCHEMA_OK,valid
imoveis/imovel-029-santos-boqueirão-2026.html,imoveis,"RealEstateListing,Article,FAQPage,BreadcrumbList",RealEstateListing,SCHEMA_OK,valid
imoveis/imovel-0290.html,imoveis,"RealEstateListing,Article,FAQPage,BreadcrumbList",RealEstateListing,SCHEMA_OK,valid
imoveis/imovel-0291.html,imoveis,"RealEstateListing,Article,FAQPage,BreadcrumbList",RealEstateListing,SCHEMA_OK,valid
imoveis/imovel-030-santos-boqueirão-2026.html,imoveis,"RealEstateListing,Article,FAQPage,BreadcrumbList",RealEstateListing,SCHEMA_OK,valid
imoveis/imovel-031-santos-embaré-2026.html,imoveis,"RealEstateListing,Article,FAQPage,BreadcrumbList",RealEstateListing,SCHEMA_OK,valid
imoveis/imovel-032-santos-embaré-2026.html,imoveis,"RealEstateListing,Article,FAQPage,BreadcrumbList",RealEstateListing,SCHEMA_OK,valid
imoveis/imovel-033-santos-embaré-2026.html,imoveis,"RealEstateListing,Article,FAQPage,BreadcrumbList",RealEstateListing,SCHEMA_OK,valid
imoveis/imovel-034-santos-embaré-2026.html,imoveis,"RealEstateListing,Article,FAQPage,BreadcrumbList",RealEstateListing,SCHEMA_OK,valid
imoveis/imovel-035-santos-embaré-2026.html,imoveis,"RealEstateListing,Article,FAQPage,BreadcrumbList",RealEstateListing,SCHEMA_OK,valid
imoveis/imovel-036-santos-embaré-2026.html,imoveis,"RealEstateListing,Article,FAQPage,BreadcrumbList",RealEstateListing,SCHEMA_OK,valid
imoveis/imovel-037-santos-embaré-2026.html,imoveis,"RealEstateListing,Article,FAQPage,BreadcrumbList",RealEstateListing,SCHEMA_OK,valid
imoveis/imovel-038-santos-embaré-2026.html,imoveis,"RealEstateListing,Article,FAQPage,BreadcrumbList",RealEstateListing,SCHEMA_OK,valid
imoveis/imovel-039-santos-embaré-2026.html,imoveis,"RealEstateListing,Article,FAQPage,BreadcrumbList",RealEstateListing,SCHEMA_OK,valid
imoveis/imovel-040-santos-embaré-2026.html,imoveis,"RealEstateListing,Article,FAQPage,BreadcrumbList",RealEstateListing,SCHEMA_OK,valid
imoveis/imovel-041-santos-embaré-2026.html,imoveis,"RealEstateListing,Article,FAQPage,BreadcrumbList",RealEstateListing,SCHEMA_OK,valid
imoveis/imovel-042-santos-embaré-2026.html,imoveis,"RealEstateListing,Article,FAQPage,BreadcrumbList",RealEstateListing,SCHEMA_OK,valid
imoveis/imovel-043-santos-embaré-2026.html,imoveis,"RealEstateListing,Article,FAQPage,BreadcrumbList",RealEstateListing,SCHEMA_OK,valid
imoveis/imovel-044-santos-embaré-2026.html,imoveis,"RealEstateListing,Article,FAQPage,BreadcrumbList",RealEstateListing,SCHEMA_OK,valid
imoveis/imovel-045-santos-embaré-2026.html,imoveis,"RealEstateListing,Article,FAQPage,BreadcrumbList",RealEstateListing,SCHEMA_OK,valid
imoveis/imovel-046-santos-josé-menino-2026.html,imoveis,"RealEstateListing,Article,FAQPage,BreadcrumbList",RealEstateListing,SCHEMA_OK,valid
imoveis/imovel-047-santos-josé-menino-2026.html,imoveis,"RealEstateListing,Article,FAQPage,BreadcrumbList",RealEstateListing,SCHEMA_OK,valid
imoveis/imovel-048-santos-josé-menino-2026.html,imoveis,"RealEstateListing,Article,FAQPage,BreadcrumbList",RealEstateListing,SCHEMA_OK,valid
imoveis/imovel-049-santos-josé-menino-2026.html,imoveis,"RealEstateListing,Article,FAQPage,BreadcrumbList",RealEstateListing,SCHEMA_OK,valid
imoveis/imovel-050-santos-josé-menino-2026.html,imoveis,"RealEstateListing,Article,FAQPage,BreadcrumbList",RealEstateListing,SCHEMA_OK,valid
imoveis/imovel-1000.html,imoveis,"RealEstateListing,Article,FAQPage,BreadcrumbList",RealEstateListing,SCHEMA_OK,valid
imoveis/imovel-1001.html,imoveis,"RealEstateListing,Article,FAQPage,BreadcrumbList",RealEstateListing,SCHEMA_OK,valid
imoveis/imovel-1002.html,imoveis,"RealEstateListing,Article,FAQPage,BreadcrumbList",RealEstateListing,SCHEMA_OK,valid
imoveis/imovel-1003.html,imoveis,"RealEstateListing,Article,FAQPage,BreadcrumbList",RealEstateListing,SCHEMA_OK,valid
imoveis/imovel-1004.html,imoveis,"RealEstateListing,Article,FAQPage,BreadcrumbList",RealEstateListing,SCHEMA_OK,valid
imoveis/imovel-1005.html,imoveis,"RealEstateListing,Article,FAQPage,BreadcrumbList",RealEstateListing,SCHEMA_OK,valid
imoveis/imovel-1006.html,imoveis,"RealEstateListing,Article,FAQPage,BreadcrumbList",RealEstateListing,SCHEMA_OK,valid
imoveis/imovel-1007.html,imoveis,"RealEstateListing,Article,FAQPage,BreadcrumbList",RealEstateListing,SCHEMA_OK,valid
imoveis/imovel-1008.html,imoveis,"RealEstateListing,Article,FAQPage,BreadcrumbList",RealEstateListing,SCHEMA_OK,valid
imoveis/imovel-1009.html,imoveis,"RealEstateListing,Article,FAQPage,BreadcrumbList",RealEstateListing,SCHEMA_OK,valid
imoveis/imovel-1010.html,imoveis,"RealEstateListing,Article,FAQPage,BreadcrumbList",RealEstateListing,SCHEMA_OK,valid
imoveis/imovel-1011.html,imoveis,"RealEstateListing,Article,FAQPage,BreadcrumbList",RealEstateListing,SCHEMA_OK,valid
imoveis/imovel-1012.html,imoveis,"RealEstateListing,Article,FAQPage,BreadcrumbList",RealEstateListing,SCHEMA_OK,valid
imoveis/imovel-1013.html,imoveis,"RealEstateListing,Article,FAQPage,BreadcrumbList",RealEstateListing,SCHEMA_OK,valid
imoveis/imovel-1014.html,imoveis,"RealEstateListing,Article,FAQPage,BreadcrumbList",RealEstateListing,SCHEMA_OK,valid
imoveis/imovel-1015.html,imoveis,"RealEstateListing,Article,FAQPage,BreadcrumbList",RealEstateListing,SCHEMA_OK,valid
imoveis/imovel-1016.html,imoveis,"RealEstateListing,Article,FAQPage,BreadcrumbList",RealEstateListing,SCHEMA_OK,valid
imoveis/imovel-1017.html,imoveis,"RealEstateListing,Article,FAQPage,BreadcrumbList",RealEstateListing,SCHEMA_OK,valid
imoveis/imovel-1018.html,imoveis,"RealEstateListing,Article,FAQPage,BreadcrumbList",RealEstateListing,SCHEMA_OK,valid
imoveis/imovel-1019.html,imoveis,"RealEstateListing,Article,FAQPage,BreadcrumbList",RealEstateListing,SCHEMA_OK,valid
imoveis/imovel-1020.html,imoveis,"RealEstateListing,Article,FAQPage,BreadcrumbList",RealEstateListing,SCHEMA_OK,valid
imoveis/imovel-1021.html,imoveis,"RealEstateListing,Article,FAQPage,BreadcrumbList",RealEstateListing,SCHEMA_OK,valid
imoveis/imovel-1022.html,imoveis,"RealEstateListing,Article,FAQPage,BreadcrumbList",RealEstateListing,SCHEMA_OK,valid
imoveis/imovel-1023.html,imoveis,"RealEstateListing,Article,FAQPage,BreadcrumbList",RealEstateListing,SCHEMA_OK,valid
imoveis/imovel-1024.html,imoveis,"RealEstateListing,Article,FAQPage,BreadcrumbList",RealEstateListing,SCHEMA_OK,valid
imoveis/imovel-1025.html,imoveis,"RealEstateListing,Article,FAQPage,BreadcrumbList",RealEstateListing,SCHEMA_OK,valid
imoveis/imovel-1026.html,imoveis,"RealEstateListing,Article,FAQPage,BreadcrumbList",RealEstateListing,SCHEMA_OK,valid
imoveis/imovel-1027.html,imoveis,"RealEstateListing,Article,FAQPage,BreadcrumbList",RealEstateListing,SCHEMA_OK,valid
imoveis/imovel-1028.html,imoveis,"RealEstateListing,Article,FAQPage,BreadcrumbList",RealEstateListing,SCHEMA_OK,valid
imoveis/imovel-1029.html,imoveis,"RealEstateListing,Article,FAQPage,BreadcrumbList",RealEstateListing,SCHEMA_OK,valid
imoveis/imovel-1030.html,imoveis,"RealEstateListing,Article,FAQPage,BreadcrumbList",RealEstateListing,SCHEMA_OK,valid
imoveis/imovel-1031.html,imoveis,"RealEstateListing,Article,FAQPage,BreadcrumbList",RealEstateListing,SCHEMA_OK,valid
imoveis/imovel-1032.html,imoveis,"RealEstateListing,Article,FAQPage,BreadcrumbList",RealEstateListing,SCHEMA_OK,valid
imoveis/imovel-1033.html,imoveis,"RealEstateListing,Article,FAQPage,BreadcrumbList",RealEstateListing,SCHEMA_OK,valid
imoveis/imovel-1034.html,imoveis,"RealEstateListing,Article,FAQPage,BreadcrumbList",RealEstateListing,SCHEMA_OK,valid
imoveis/imovel-1035.html,imoveis,"RealEstateListing,Article,FAQPage,BreadcrumbList",RealEstateListing,SCHEMA_OK,valid
imoveis/imovel-1036.html,imoveis,"RealEstateListing,Article,FAQPage,BreadcrumbList",RealEstateListing,SCHEMA_OK,valid
imoveis/imovel-1037.html,imoveis,"RealEstateListing,Article,FAQPage,BreadcrumbList",RealEstateListing,SCHEMA_OK,valid
imoveis/imovel-1038.html,imoveis,"RealEstateListing,Article,FAQPage,BreadcrumbList",RealEstateListing,SCHEMA_OK,valid
imoveis/imovel-1039.html,imoveis,"RealEstateListing,Article,FAQPage,BreadcrumbList",RealEstateListing,SCHEMA_OK,valid
imoveis/imovel-1040.html,imoveis,"RealEstateListing,Article,FAQPage,BreadcrumbList",RealEstateListing,SCHEMA_OK,valid
imoveis/imovel-1041.html,imoveis,"RealEstateListing,Article,FAQPage,BreadcrumbList",RealEstateListing,SCHEMA_OK,valid
imoveis/imovel-1042.html,imoveis,"RealEstateListing,Article,FAQPage,BreadcrumbList",RealEstateListing,SCHEMA_OK,valid
imoveis/imovel-1043.html,imoveis,"RealEstateListing,Article,FAQPage,BreadcrumbList",RealEstateListing,SCHEMA_OK,valid
imoveis/imovel-1044.html,imoveis,"RealEstateListing,Article,FAQPage,BreadcrumbList",RealEstateListing,SCHEMA_OK,valid
imoveis/imovel-1045.html,imoveis,"RealEstateListing,Article,FAQPage,BreadcrumbList",RealEstateListing,SCHEMA_OK,valid
imoveis/imovel-1046.html,imoveis,"RealEstateListing,Article,FAQPage,BreadcrumbList",RealEstateListing,SCHEMA_OK,valid
imoveis/imovel-1047.html,imoveis,"RealEstateListing,Article,FAQPage,BreadcrumbList",RealEstateListing,SCHEMA_OK,valid
imoveis/imovel-1048.html,imoveis,"RealEstateListing,Article,FAQPage,BreadcrumbList",RealEstateListing,SCHEMA_OK,valid
imoveis/imovel-1049.html,imoveis,"RealEstateListing,Article,FAQPage,BreadcrumbList",RealEstateListing,SCHEMA_OK,valid
imoveis/imovel-1050.html,imoveis,"RealEstateListing,Article,FAQPage,BreadcrumbList",RealEstateListing,SCHEMA_OK,valid
imoveis/imovel-1051.html,imoveis,"RealEstateListing,Article,FAQPage,BreadcrumbList",RealEstateListing,SCHEMA_OK,valid
imoveis/imovel-1052.html,imoveis,"RealEstateListing,Article,FAQPage,BreadcrumbList",RealEstateListing,SCHEMA_OK,valid
imoveis/imovel-1053.html,imoveis,"RealEstateListing,Article,FAQPage,BreadcrumbList",RealEstateListing,SCHEMA_OK,valid
imoveis/imovel-1054.html,imoveis,"RealEstateListing,Article,FAQPage,BreadcrumbList",RealEstateListing,SCHEMA_OK,valid
imoveis/imovel-1055.html,imoveis,"RealEstateListing,Article,FAQPage,BreadcrumbList",RealEstateListing,SCHEMA_OK,valid
imoveis/imovel-1056.html,imoveis,"RealEstateListing,Article,FAQPage,BreadcrumbList",RealEstateListing,SCHEMA_OK,valid
imoveis/imovel-1057.html,imoveis,"RealEstateListing,Article,FAQPage,BreadcrumbList",RealEstateListing,SCHEMA_OK,valid
imoveis/imovel-1058.html,imoveis,"RealEstateListing,Article,FAQPage,BreadcrumbList",RealEstateListing,SCHEMA_OK,valid
imoveis/imovel-1059.html,imoveis,"RealEstateListing,Article,FAQPage,BreadcrumbList",RealEstateListing,SCHEMA_OK,valid
imoveis/imovel-1060.html,imoveis,"RealEstateListing,Article,FAQPage,BreadcrumbList",RealEstateListing,SCHEMA_OK,valid
imoveis/imovel-1061.html,imoveis,"RealEstateListing,Article,FAQPage,BreadcrumbList",RealEstateListing,SCHEMA_OK,valid
imoveis/imovel-1062.html,imoveis,"RealEstateListing,Article,FAQPage,BreadcrumbList",RealEstateListing,SCHEMA_OK,valid
imoveis/imovel-1063.html,imoveis,"RealEstateListing,Article,FAQPage,BreadcrumbList",RealEstateListing,SCHEMA_OK,valid
imoveis/imovel-1064.html,imoveis,"RealEstateListing,Article,FAQPage,BreadcrumbList",RealEstateListing,SCHEMA_OK,valid
imoveis/imovel-1065.html,imoveis,"RealEstateListing,Article,FAQPage,BreadcrumbList",RealEstateListing,SCHEMA_OK,valid
imoveis/imovel-1066.html,imoveis,"RealEstateListing,Article,FAQPage,BreadcrumbList",RealEstateListing,SCHEMA_OK,valid
imoveis/imovel-1067.html,imoveis,"RealEstateListing,Article,FAQPage,BreadcrumbList",RealEstateListing,SCHEMA_OK,valid
imoveis/imovel-1068.html,imoveis,"RealEstateListing,Article,FAQPage,BreadcrumbList",RealEstateListing,SCHEMA_OK,valid
imoveis/imovel-1069.html,imoveis,"RealEstateListing,Article,FAQPage,BreadcrumbList",RealEstateListing,SCHEMA_OK,valid
imoveis/imovel-1070.html,imoveis,"RealEstateListing,Article,FAQPage,BreadcrumbList",RealEstateListing,SCHEMA_OK,valid
imoveis/imovel-1071.html,imoveis,"RealEstateListing,Article,FAQPage,BreadcrumbList",RealEstateListing,SCHEMA_OK,valid
imoveis/imovel-1072.html,imoveis,"RealEstateListing,Article,FAQPage,BreadcrumbList",RealEstateListing,SCHEMA_OK,valid
imoveis/imovel-1073.html,imoveis,"RealEstateListing,Article,FAQPage,BreadcrumbList",RealEstateListing,SCHEMA_OK,valid
imoveis/imovel-1074.html,imoveis,"RealEstateListing,Article,FAQPage,BreadcrumbList",RealEstateListing,SCHEMA_OK,valid
imoveis/imovel-1075.html,imoveis,"RealEstateListing,Article,FAQPage,BreadcrumbList",RealEstateListing,SCHEMA_OK,valid
imoveis/imovel-1076.html,imoveis,"RealEstateListing,Article,FAQPage,BreadcrumbList",RealEstateListing,SCHEMA_OK,valid
imoveis/imovel-1077.html,imoveis,"RealEstateListing,Article,FAQPage,BreadcrumbList",RealEstateListing,SCHEMA_OK,valid
imoveis/imovel-1078.html,imoveis,"RealEstateListing,Article,FAQPage,BreadcrumbList",RealEstateListing,SCHEMA_OK,valid
imoveis/imovel-1079.html,imoveis,"RealEstateListing,Article,FAQPage,BreadcrumbList",RealEstateListing,SCHEMA_OK,valid
imoveis/imovel-1080.html,imoveis,"RealEstateListing,Article,FAQPage,BreadcrumbList",RealEstateListing,SCHEMA_OK,valid
imoveis/imovel-1081.html,imoveis,"RealEstateListing,Article,FAQPage,BreadcrumbList",RealEstateListing,SCHEMA_OK,valid
imoveis/imovel-1082.html,imoveis,"RealEstateListing,Article,FAQPage,BreadcrumbList",RealEstateListing,SCHEMA_OK,valid
imoveis/imovel-1083.html,imoveis,"RealEstateListing,Article,FAQPage,BreadcrumbList",RealEstateListing,SCHEMA_OK,valid
imoveis/imovel-1084.html,imoveis,"RealEstateListing,Article,FAQPage,BreadcrumbList",RealEstateListing,SCHEMA_OK,valid
imoveis/imovel-1085.html,imoveis,"RealEstateListing,Article,FAQPage,BreadcrumbList",RealEstateListing,SCHEMA_OK,valid
imoveis/imovel-1086.html,imoveis,"RealEstateListing,Article,FAQPage,BreadcrumbList",RealEstateListing,SCHEMA_OK,valid
imoveis/imovel-1087.html,imoveis,"RealEstateListing,Article,FAQPage,BreadcrumbList",RealEstateListing,SCHEMA_OK,valid
imoveis/imovel-1088.html,imoveis,"RealEstateListing,Article,FAQPage,BreadcrumbList",RealEstateListing,SCHEMA_OK,valid
imoveis/imovel-1089.html,imoveis,"RealEstateListing,Article,FAQPage,BreadcrumbList",RealEstateListing,SCHEMA_OK,valid
imoveis/imovel-1090.html,imoveis,"RealEstateListing,Article,FAQPage,BreadcrumbList",RealEstateListing,SCHEMA_OK,valid
imoveis/imovel-1091.html,imoveis,"RealEstateListing,Article,FAQPage,BreadcrumbList",RealEstateListing,SCHEMA_OK,valid
imoveis/imovel-1092.html,imoveis,"RealEstateListing,Article,FAQPage,BreadcrumbList",RealEstateListing,SCHEMA_OK,valid
imoveis/imovel-1093.html,imoveis,"RealEstateListing,Article,FAQPage,BreadcrumbList",RealEstateListing,SCHEMA_OK,valid
imoveis/imovel-1094.html,imoveis,"RealEstateListing,Article,FAQPage,BreadcrumbList",RealEstateListing,SCHEMA_OK,valid
imoveis/imovel-1095.html,imoveis,"RealEstateListing,Article,FAQPage,BreadcrumbList",RealEstateListing,SCHEMA_OK,valid
imoveis/imovel-1096.html,imoveis,"RealEstateListing,Article,FAQPage,BreadcrumbList",RealEstateListing,SCHEMA_OK,valid
imoveis/imovel-1097.html,imoveis,"RealEstateListing,Article,FAQPage,BreadcrumbList",RealEstateListing,SCHEMA_OK,valid
imoveis/imovel-1098.html,imoveis,"RealEstateListing,Article,FAQPage,BreadcrumbList",RealEstateListing,SCHEMA_OK,valid
imoveis/imovel-1099.html,imoveis,"RealEstateListing,Article,FAQPage,BreadcrumbList",RealEstateListing,SCHEMA_OK,valid
imoveis/imovel-1100.html,imoveis,"RealEstateListing,Article,FAQPage,BreadcrumbList",RealEstateListing,SCHEMA_OK,valid
imoveis/imovel-1101.html,imoveis,"RealEstateListing,Article,FAQPage,BreadcrumbList",RealEstateListing,SCHEMA_OK,valid
imoveis/imovel-1102.html,imoveis,"RealEstateListing,Article,FAQPage,BreadcrumbList",RealEstateListing,SCHEMA_OK,valid
imoveis/imovel-1103.html,imoveis,"RealEstateListing,Article,FAQPage,BreadcrumbList",RealEstateListing,SCHEMA_OK,valid
imoveis/imovel-1104.html,imoveis,"RealEstateListing,Article,FAQPage,BreadcrumbList",RealEstateListing,SCHEMA_OK,valid
imoveis/imovel-1105.html,imoveis,"RealEstateListing,Article,FAQPage,BreadcrumbList",RealEstateListing,SCHEMA_OK,valid
imoveis/imovel-1106.html,imoveis,"RealEstateListing,Article,FAQPage,BreadcrumbList",RealEstateListing,SCHEMA_OK,valid
imoveis/imovel-1107.html,imoveis,"RealEstateListing,Article,FAQPage,BreadcrumbList",RealEstateListing,SCHEMA_OK,valid
imoveis/imovel-1108.html,imoveis,"RealEstateListing,Article,FAQPage,BreadcrumbList",RealEstateListing,SCHEMA_OK,valid
imoveis/imovel-1109.html,imoveis,"RealEstateListing,Article,FAQPage,BreadcrumbList",RealEstateListing,SCHEMA_OK,valid
imoveis/imovel-1110.html,imoveis,"RealEstateListing,Article,FAQPage,BreadcrumbList",RealEstateListing,SCHEMA_OK,valid
imoveis/imovel-1111.html,imoveis,"RealEstateListing,Article,FAQPage,BreadcrumbList",RealEstateListing,SCHEMA_OK,valid
imoveis/imovel-1112.html,imoveis,"RealEstateListing,Article,FAQPage,BreadcrumbList",RealEstateListing,SCHEMA_OK,valid
imoveis/imovel-1113.html,imoveis,"RealEstateListing,Article,FAQPage,BreadcrumbList",RealEstateListing,SCHEMA_OK,valid
imoveis/imovel-1114.html,imoveis,"RealEstateListing,Article,FAQPage,BreadcrumbList",RealEstateListing,SCHEMA_OK,valid
imoveis/imovel-1115.html,imoveis,"RealEstateListing,Article,FAQPage,BreadcrumbList",RealEstateListing,SCHEMA_OK,valid
imoveis/imovel-1116.html,imoveis,"RealEstateListing,Article,FAQPage,BreadcrumbList",RealEstateListing,SCHEMA_OK,valid
imoveis/imovel-1117.html,imoveis,"RealEstateListing,Article,FAQPage,BreadcrumbList",RealEstateListing,SCHEMA_OK,valid
imoveis/imovel-1118.html,imoveis,"RealEstateListing,Article,FAQPage,BreadcrumbList",RealEstateListing,SCHEMA_OK,valid
imoveis/imovel-1119.html,imoveis,"RealEstateListing,Article,FAQPage,BreadcrumbList",RealEstateListing,SCHEMA_OK,valid
imoveis/imovel-1120.html,imoveis,"RealEstateListing,Article,FAQPage,BreadcrumbList",RealEstateListing,SCHEMA_OK,valid
imoveis/imovel-1121.html,imoveis,"RealEstateListing,Article,FAQPage,BreadcrumbList",RealEstateListing,SCHEMA_OK,valid
imoveis/imovel-1122.html,imoveis,"RealEstateListing,Article,FAQPage,BreadcrumbList",RealEstateListing,SCHEMA_OK,valid
imoveis/imovel-1123.html,imoveis,"RealEstateListing,Article,FAQPage,BreadcrumbList",RealEstateListing,SCHEMA_OK,valid
imoveis/imovel-1124.html,imoveis,"RealEstateListing,Article,FAQPage,BreadcrumbList",RealEstateListing,SCHEMA_OK,valid
imoveis/imovel-1125.html,imoveis,"RealEstateListing,Article,FAQPage,BreadcrumbList",RealEstateListing,SCHEMA_OK,valid
imoveis/imovel-1126.html,imoveis,"RealEstateListing,Article,FAQPage,BreadcrumbList",RealEstateListing,SCHEMA_OK,valid
imoveis/imovel-1127.html,imoveis,"RealEstateListing,Article,FAQPage,BreadcrumbList",RealEstateListing,SCHEMA_OK,valid
imoveis/imovel-1128.html,imoveis,"RealEstateListing,Article,FAQPage,BreadcrumbList",RealEstateListing,SCHEMA_OK,valid
imoveis/imovel-1129.html,imoveis,"RealEstateListing,Article,FAQPage,BreadcrumbList",RealEstateListing,SCHEMA_OK,valid
imoveis/imovel-1130.html,imoveis,"RealEstateListing,Article,FAQPage,BreadcrumbList",RealEstateListing,SCHEMA_OK,valid
imoveis/imovel-1131.html,imoveis,"RealEstateListing,Article,FAQPage,BreadcrumbList",RealEstateListing,SCHEMA_OK,valid
imoveis/imovel-1132.html,imoveis,"RealEstateListing,Article,FAQPage,BreadcrumbList",RealEstateListing,SCHEMA_OK,valid
imoveis/imovel-1133.html,imoveis,"RealEstateListing,Article,FAQPage,BreadcrumbList",RealEstateListing,SCHEMA_OK,valid
imoveis/imovel-1134.html,imoveis,"RealEstateListing,Article,FAQPage,BreadcrumbList",RealEstateListing,SCHEMA_OK,valid
imoveis/imovel-1135.html,imoveis,"RealEstateListing,Article,FAQPage,BreadcrumbList",RealEstateListing,SCHEMA_OK,valid
imoveis/imovel-1136.html,imoveis,"RealEstateListing,Article,FAQPage,BreadcrumbList",RealEstateListing,SCHEMA_OK,valid
imoveis/imovel-1137.html,imoveis,"RealEstateListing,Article,FAQPage,BreadcrumbList",RealEstateListing,SCHEMA_OK,valid
imoveis/imovel-1138.html,imoveis,"RealEstateListing,Article,FAQPage,BreadcrumbList",RealEstateListing,SCHEMA_OK,valid
imoveis/imovel-1139.html,imoveis,"RealEstateListing,Article,FAQPage,BreadcrumbList",RealEstateListing,SCHEMA_OK,valid
imoveis/imovel-1140.html,imoveis,"RealEstateListing,Article,FAQPage,BreadcrumbList",RealEstateListing,SCHEMA_OK,valid
imoveis/imovel-1141.html,imoveis,"RealEstateListing,Article,FAQPage,BreadcrumbList",RealEstateListing,SCHEMA_OK,valid
imoveis/imovel-1142.html,imoveis,"RealEstateListing,Article,FAQPage,BreadcrumbList",RealEstateListing,SCHEMA_OK,valid
imoveis/imovel-1143.html,imoveis,"RealEstateListing,Article,FAQPage,BreadcrumbList",RealEstateListing,SCHEMA_OK,valid
imoveis/imovel-1144.html,imoveis,"RealEstateListing,Article,FAQPage,BreadcrumbList",RealEstateListing,SCHEMA_OK,valid
imoveis/imovel-1145.html,imoveis,"RealEstateListing,Article,FAQPage,BreadcrumbList",RealEstateListing,SCHEMA_OK,valid
imoveis/imovel-1146.html,imoveis,"RealEstateListing,Article,FAQPage,BreadcrumbList",RealEstateListing,SCHEMA_OK,valid
imoveis/imovel-1147.html,imoveis,"RealEstateListing,Article,FAQPage,BreadcrumbList",RealEstateListing,SCHEMA_OK,valid
imoveis/imovel-1148.html,imoveis,"RealEstateListing,Article,FAQPage,BreadcrumbList",RealEstateListing,SCHEMA_OK,valid
imoveis/imovel-1149.html,imoveis,"RealEstateListing,Article,FAQPage,BreadcrumbList",RealEstateListing,SCHEMA_OK,valid
imoveis/imovel-1150.html,imoveis,"RealEstateListing,Article,FAQPage,BreadcrumbList",RealEstateListing,SCHEMA_OK,valid
imoveis/imovel-1151.html,imoveis,"RealEstateListing,Article,FAQPage,BreadcrumbList",RealEstateListing,SCHEMA_OK,valid
imoveis/imovel-1152.html,imoveis,"RealEstateListing,Article,FAQPage,BreadcrumbList",RealEstateListing,SCHEMA_OK,valid
imoveis/imovel-1153.html,imoveis,"RealEstateListing,Article,FAQPage,BreadcrumbList",RealEstateListing,SCHEMA_OK,valid
imoveis/imovel-1154.html,imoveis,"RealEstateListing,Article,FAQPage,BreadcrumbList",RealEstateListing,SCHEMA_OK,valid
imoveis/imovel-1155.html,imoveis,"RealEstateListing,Article,FAQPage,BreadcrumbList",RealEstateListing,SCHEMA_OK,valid
imoveis/imovel-1156.html,imoveis,"RealEstateListing,Article,FAQPage,BreadcrumbList",RealEstateListing,SCHEMA_OK,valid
imoveis/imovel-1157.html,imoveis,"RealEstateListing,Article,FAQPage,BreadcrumbList",RealEstateListing,SCHEMA_OK,valid
imoveis/imovel-1158.html,imoveis,"RealEstateListing,Article,FAQPage,BreadcrumbList",RealEstateListing,SCHEMA_OK,valid
imoveis/imovel-1159.html,imoveis,"RealEstateListing,Article,FAQPage,BreadcrumbList",RealEstateListing,SCHEMA_OK,valid
imoveis/imovel-1160.html,imoveis,"RealEstateListing,Article,FAQPage,BreadcrumbList",RealEstateListing,SCHEMA_OK,valid
imoveis/imovel-1161.html,imoveis,"RealEstateListing,Article,FAQPage,BreadcrumbList",RealEstateListing,SCHEMA_OK,valid
imoveis/imovel-1162.html,imoveis,"RealEstateListing,Article,FAQPage,BreadcrumbList",RealEstateListing,SCHEMA_OK,valid
imoveis/imovel-1163.html,imoveis,"RealEstateListing,Article,FAQPage,BreadcrumbList",RealEstateListing,SCHEMA_OK,valid
imoveis/imovel-1164.html,imoveis,"RealEstateListing,Article,FAQPage,BreadcrumbList",RealEstateListing,SCHEMA_OK,valid
imoveis/imovel-1165.html,imoveis,"RealEstateListing,Article,FAQPage,BreadcrumbList",RealEstateListing,SCHEMA_OK,valid
imoveis/imovel-1166.html,imoveis,"RealEstateListing,Article,FAQPage,BreadcrumbList",RealEstateListing,SCHEMA_OK,valid
imoveis/imovel-1167.html,imoveis,"RealEstateListing,Article,FAQPage,BreadcrumbList",RealEstateListing,SCHEMA_OK,valid
imoveis/imovel-1168.html,imoveis,"RealEstateListing,Article,FAQPage,BreadcrumbList",RealEstateListing,SCHEMA_OK,valid
imoveis/imovel-1169.html,imoveis,"RealEstateListing,Article,FAQPage,BreadcrumbList",RealEstateListing,SCHEMA_OK,valid
imoveis/imovel-1170.html,imoveis,"RealEstateListing,Article,FAQPage,BreadcrumbList",RealEstateListing,SCHEMA_OK,valid
imoveis/imovel-1171.html,imoveis,"RealEstateListing,Article,FAQPage,BreadcrumbList",RealEstateListing,SCHEMA_OK,valid
imoveis/imovel-1172.html,imoveis,"RealEstateListing,Article,FAQPage,BreadcrumbList",RealEstateListing,SCHEMA_OK,valid
imoveis/imovel-1173.html,imoveis,"RealEstateListing,Article,FAQPage,BreadcrumbList",RealEstateListing,SCHEMA_OK,valid
imoveis/imovel-1174.html,imoveis,"RealEstateListing,Article,FAQPage,BreadcrumbList",RealEstateListing,SCHEMA_OK,valid
imoveis/imovel-1175.html,imoveis,"RealEstateListing,Article,FAQPage,BreadcrumbList",RealEstateListing,SCHEMA_OK,valid
imoveis/imovel-1176.html,imoveis,"RealEstateListing,Article,FAQPage,BreadcrumbList",RealEstateListing,SCHEMA_OK,valid
imoveis/imovel-1177.html,imoveis,"RealEstateListing,Article,FAQPage,BreadcrumbList",RealEstateListing,SCHEMA_OK,valid
imoveis/imovel-1178.html,imoveis,"RealEstateListing,Article,FAQPage,BreadcrumbList",RealEstateListing,SCHEMA_OK,valid
imoveis/imovel-1179.html,imoveis,"RealEstateListing,Article,FAQPage,BreadcrumbList",RealEstateListing,SCHEMA_OK,valid
imoveis/imovel-1180.html,imoveis,"RealEstateListing,Article,FAQPage,BreadcrumbList",RealEstateListing,SCHEMA_OK,valid
imoveis/imovel-1181.html,imoveis,"RealEstateListing,Article,FAQPage,BreadcrumbList",RealEstateListing,SCHEMA_OK,valid
imoveis/imovel-1182.html,imoveis,"RealEstateListing,Article,FAQPage,BreadcrumbList",RealEstateListing,SCHEMA_OK,valid
imoveis/imovel-1183.html,imoveis,"RealEstateListing,Article,FAQPage,BreadcrumbList",RealEstateListing,SCHEMA_OK,valid
imoveis/imovel-1184.html,imoveis,"RealEstateListing,Article,FAQPage,BreadcrumbList",RealEstateListing,SCHEMA_OK,valid
imoveis/imovel-1185.html,imoveis,"RealEstateListing,Article,FAQPage,BreadcrumbList",RealEstateListing,SCHEMA_OK,valid
imoveis/imovel-1186.html,imoveis,"RealEstateListing,Article,FAQPage,BreadcrumbList",RealEstateListing,SCHEMA_OK,valid
imoveis/imovel-1187.html,imoveis,"RealEstateListing,Article,FAQPage,BreadcrumbList",RealEstateListing,SCHEMA_OK,valid
imoveis/imovel-1188.html,imoveis,"RealEstateListing,Article,FAQPage,BreadcrumbList",RealEstateListing,SCHEMA_OK,valid
imoveis/imovel-1189.html,imoveis,"RealEstateListing,Article,FAQPage,BreadcrumbList",RealEstateListing,SCHEMA_OK,valid
imoveis/imovel-1190.html,imoveis,"RealEstateListing,Article,FAQPage,BreadcrumbList",RealEstateListing,SCHEMA_OK,valid
imoveis/imovel-1191.html,imoveis,"RealEstateListing,Article,FAQPage,BreadcrumbList",RealEstateListing,SCHEMA_OK,valid
imoveis/imovel-1192.html,imoveis,"RealEstateListing,Article,FAQPage,BreadcrumbList",RealEstateListing,SCHEMA_OK,valid
imoveis/imovel-1193.html,imoveis,"RealEstateListing,Article,FAQPage,BreadcrumbList",RealEstateListing,SCHEMA_OK,valid
imoveis/imovel-1194.html,imoveis,"RealEstateListing,Article,FAQPage,BreadcrumbList",RealEstateListing,SCHEMA_OK,valid
imoveis/imovel-1195.html,imoveis,"RealEstateListing,Article,FAQPage,BreadcrumbList",RealEstateListing,SCHEMA_OK,valid
imoveis/imovel-1196.html,imoveis,"RealEstateListing,Article,FAQPage,BreadcrumbList",RealEstateListing,SCHEMA_OK,valid
imoveis/imovel-1197.html,imoveis,"RealEstateListing,Article,FAQPage,BreadcrumbList",RealEstateListing,SCHEMA_OK,valid
imoveis/imovel-1198.html,imoveis,"RealEstateListing,Article,FAQPage,BreadcrumbList",RealEstateListing,SCHEMA_OK,valid
imoveis/imovel-1199.html,imoveis,"RealEstateListing,Article,FAQPage,BreadcrumbList",RealEstateListing,SCHEMA_OK,valid
imoveis/imovel-1200.html,imoveis,"RealEstateListing,Article,FAQPage,BreadcrumbList",RealEstateListing,SCHEMA_OK,valid
imoveis/imovel-1201.html,imoveis,"RealEstateListing,Article,FAQPage,BreadcrumbList",RealEstateListing,SCHEMA_OK,valid
imoveis/imovel-1202.html,imoveis,"RealEstateListing,Article,FAQPage,BreadcrumbList",RealEstateListing,SCHEMA_OK,valid
imoveis/imovel-1203.html,imoveis,"RealEstateListing,Article,FAQPage,BreadcrumbList",RealEstateListing,SCHEMA_OK,valid
imoveis/imovel-1204.html,imoveis,"RealEstateListing,Article,FAQPage,BreadcrumbList",RealEstateListing,SCHEMA_OK,valid
imoveis/imovel-1205.html,imoveis,"RealEstateListing,Article,FAQPage,BreadcrumbList",RealEstateListing,SCHEMA_OK,valid
imoveis/imovel-1206.html,imoveis,"RealEstateListing,Article,FAQPage,BreadcrumbList",RealEstateListing,SCHEMA_OK,valid
imoveis/imovel-1207.html,imoveis,"RealEstateListing,Article,FAQPage,BreadcrumbList",RealEstateListing,SCHEMA_OK,valid
imoveis/imovel-1208.html,imoveis,"RealEstateListing,Article,FAQPage,BreadcrumbList",RealEstateListing,SCHEMA_OK,valid
imoveis/imovel-1209.html,imoveis,"RealEstateListing,Article,FAQPage,BreadcrumbList",RealEstateListing,SCHEMA_OK,valid
imoveis/imovel-1210.html,imoveis,"RealEstateListing,Article,FAQPage,BreadcrumbList",RealEstateListing,SCHEMA_OK,valid
imoveis/imovel-1211.html,imoveis,"RealEstateListing,Article,FAQPage,BreadcrumbList",RealEstateListing,SCHEMA_OK,valid
imoveis/imovel-1212.html,imoveis,"RealEstateListing,Article,FAQPage,BreadcrumbList",RealEstateListing,SCHEMA_OK,valid
imoveis/imovel-1213.html,imoveis,"RealEstateListing,Article,FAQPage,BreadcrumbList",RealEstateListing,SCHEMA_OK,valid
imoveis/imovel-1214.html,imoveis,"RealEstateListing,Article,FAQPage,BreadcrumbList",RealEstateListing,SCHEMA_OK,valid
imoveis/imovel-1215.html,imoveis,"RealEstateListing,Article,FAQPage,BreadcrumbList",RealEstateListing,SCHEMA_OK,valid
imoveis/imovel-1216.html,imoveis,"RealEstateListing,Article,FAQPage,BreadcrumbList",RealEstateListing,SCHEMA_OK,valid
imoveis/imovel-1217.html,imoveis,"RealEstateListing,Article,FAQPage,BreadcrumbList",RealEstateListing,SCHEMA_OK,valid
imoveis/imovel-1218.html,imoveis,"RealEstateListing,Article,FAQPage,BreadcrumbList",RealEstateListing,SCHEMA_OK,valid
imoveis/imovel-1219.html,imoveis,"RealEstateListing,Article,FAQPage,BreadcrumbList",RealEstateListing,SCHEMA_OK,valid
imoveis/imovel-1220.html,imoveis,"RealEstateListing,Article,FAQPage,BreadcrumbList",RealEstateListing,SCHEMA_OK,valid
imoveis/imovel-1221.html,imoveis,"RealEstateListing,Article,FAQPage,BreadcrumbList",RealEstateListing,SCHEMA_OK,valid
imoveis/imovel-1222.html,imoveis,"RealEstateListing,Article,FAQPage,BreadcrumbList",RealEstateListing,SCHEMA_OK,valid
imoveis/imovel-1223.html,imoveis,"RealEstateListing,Article,FAQPage,BreadcrumbList",RealEstateListing,SCHEMA_OK,valid
imoveis/imovel-1224.html,imoveis,"RealEstateListing,Article,FAQPage,BreadcrumbList",RealEstateListing,SCHEMA_OK,valid
imoveis/imovel-1225.html,imoveis,"RealEstateListing,Article,FAQPage,BreadcrumbList",RealEstateListing,SCHEMA_OK,valid
imoveis/imovel-1226.html,imoveis,"RealEstateListing,Article,FAQPage,BreadcrumbList",RealEstateListing,SCHEMA_OK,valid
imoveis/imovel-1227.html,imoveis,"RealEstateListing,Article,FAQPage,BreadcrumbList",RealEstateListing,SCHEMA_OK,valid
imoveis/imovel-1228.html,imoveis,"RealEstateListing,Article,FAQPage,BreadcrumbList",RealEstateListing,SCHEMA_OK,valid
imoveis/imovel-1229.html,imoveis,"RealEstateListing,Article,FAQPage,BreadcrumbList",RealEstateListing,SCHEMA_OK,valid
imoveis/imovel-1230.html,imoveis,"RealEstateListing,Article,FAQPage,BreadcrumbList",RealEstateListing,SCHEMA_OK,valid
imoveis/imovel-1231.html,imoveis,"RealEstateListing,Article,FAQPage,BreadcrumbList",RealEstateListing,SCHEMA_OK,valid
imoveis/imovel-1232.html,imoveis,"RealEstateListing,Article,FAQPage,BreadcrumbList",RealEstateListing,SCHEMA_OK,valid
imoveis/imovel-1233.html,imoveis,"RealEstateListing,Article,FAQPage,BreadcrumbList",RealEstateListing,SCHEMA_OK,valid
imoveis/imovel-1235-chalé-barra-guarujá-1-quartos.html,imoveis,"RealEstateListing,Article,FAQPage,BreadcrumbList",RealEstateListing,SCHEMA_OK,valid
imoveis/imovel-1236-flat-enseada-mongaguá-1-quartos.html,imoveis,"RealEstateListing,Article,FAQPage,BreadcrumbList",RealEstateListing,SCHEMA_OK,valid
imoveis/imovel-1237-apartamento-maré-praia-grande-4-quartos.html,imoveis,"RealEstateListing,Article,FAQPage,BreadcrumbList",RealEstateListing,SCHEMA_OK,valid
imoveis/imovel-1238-cobertura-maré-caraguatatuba-3-quartos.html,imoveis,"RealEstateListing,Article,FAQPage,BreadcrumbList",RealEstateListing,SCHEMA_OK,valid
imoveis/imovel-1239-chalé-gonzaga-ilhabela-4-quartos.html,imoveis,"RealEstateListing,Article,FAQPage,BreadcrumbList",RealEstateListing,SCHEMA_OK,valid
imoveis/imovel-1240-chalé-oeste-guarujá-2-quartos.html,imoveis,"RealEstateListing,Article,FAQPage,BreadcrumbList",RealEstateListing,SCHEMA_OK,valid
imoveis/imovel-1241-flat-barra-praia-grande-4-quartos.html,imoveis,"RealEstateListing,Article,FAQPage,BreadcrumbList",RealEstateListing,SCHEMA_OK,valid
imoveis/imovel-1242-casa-barra-peruíbe-1-quartos.html,imoveis,"RealEstateListing,Article,FAQPage,BreadcrumbList",RealEstateListing,SCHEMA_OK,valid
imoveis/imovel-1243-casa-jardim-itanhaém-1-quartos.html,imoveis,"RealEstateListing,Article,FAQPage,BreadcrumbList",RealEstateListing,SCHEMA_OK,valid
imoveis/imovel-1244-chalé-leste-itanhaém-2-quartos.html,imoveis,"RealEstateListing,Article,FAQPage,BreadcrumbList",RealEstateListing,SCHEMA_OK,valid
imoveis/imovel-1245-casa-oeste-praia-grande-3-quartos.html,imoveis,"RealEstateListing,Article,FAQPage,BreadcrumbList",RealEstateListing,SCHEMA_OK,valid
imoveis/imovel-1246-cobertura-marina-santos-2-quartos.html,imoveis,"RealEstateListing,Article,FAQPage,BreadcrumbList",RealEstateListing,SCHEMA_OK,valid
imoveis/imovel-1247-chalé-oeste-santos-1-quartos.html,imoveis,"RealEstateListing,Article,FAQPage,BreadcrumbList",RealEstateListing,SCHEMA_OK,valid
imoveis/imovel-1248-cobertura-barra-santos-1-quartos.html,imoveis,"RealEstateListing,Article,FAQPage,BreadcrumbList",RealEstateListing,SCHEMA_OK,valid
imoveis/imovel-1249-cobertura-gonzaga-guarujá-1-quartos.html,imoveis,"RealEstateListing,Article,FAQPage,BreadcrumbList",RealEstateListing,SCHEMA_OK,valid
imoveis/imovel-1250-apartamento-gonzaga-guarujá-4-quartos.html,imoveis,"RealEstateListing,Article,FAQPage,BreadcrumbList",RealEstateListing,SCHEMA_OK,valid
imoveis/imovel-1251-casa-gonzaga-praia-grande-2-quartos.html,imoveis,"RealEstateListing,Article,FAQPage,BreadcrumbList",RealEstateListing,SCHEMA_OK,valid
imoveis/imovel-1252-chalé-itapua-bertioga-3-quartos.html,imoveis,"RealEstateListing,Article,FAQPage,BreadcrumbList",RealEstateListing,SCHEMA_OK,valid
imoveis/imovel-1253-apartamento-jardim-peruíbe-2-quartos.html,imoveis,"RealEstateListing,Article,FAQPage,BreadcrumbList",RealEstateListing,SCHEMA_OK,valid
imoveis/imovel-1254-apartamento-marina-praia-grande-3-quartos.html,imoveis,"RealEstateListing,Article,FAQPage,BreadcrumbList",RealEstateListing,SCHEMA_OK,valid
imoveis/imovel-1255-casa-oeste-ubatuba-3-quartos.html,imoveis,"RealEstateListing,Article,FAQPage,BreadcrumbList",RealEstateListing,SCHEMA_OK,valid
imoveis/imovel-1256-cobertura-maré-ilhabela-2-quartos.html,imoveis,"RealEstateListing,Article,FAQPage,BreadcrumbList",RealEstateListing,SCHEMA_OK,valid
imoveis/imovel-1257-apartamento-alfa-praia-grande-4-quartos.html,imoveis,"RealEstateListing,Article,FAQPage,BreadcrumbList",RealEstateListing,SCHEMA_OK,valid
imoveis/imovel-1258-cobertura-boqueirão-santos-3-quartos.html,imoveis,"RealEstateListing,Article,FAQPage,BreadcrumbList",RealEstateListing,SCHEMA_OK,valid
imoveis/imovel-1259-cobertura-camburi-mongaguá-4-quartos.html,imoveis,"RealEstateListing,Article,FAQPage,BreadcrumbList",RealEstateListing,SCHEMA_OK,valid
imoveis/imovel-1260-casa-itapua-itanhaém-3-quartos.html,imoveis,"RealEstateListing,Article,FAQPage,BreadcrumbList",RealEstateListing,SCHEMA_OK,valid
imoveis/imovel-1261-apartamento-maré-são-vicente-2-quartos.html,imoveis,"RealEstateListing,Article,FAQPage,BreadcrumbList",RealEstateListing,SCHEMA_OK,valid
imoveis/imovel-1262-apartamento-gonzaga-santos-1-quartos.html,imoveis,"RealEstateListing,Article,FAQPage,BreadcrumbList",RealEstateListing,SCHEMA_OK,valid
imoveis/imovel-1263-cobertura-oeste-peruíbe-4-quartos.html,imoveis,"RealEstateListing,Article,FAQPage,BreadcrumbList",RealEstateListing,SCHEMA_OK,valid
imoveis/imovel-1264-apartamento-barra-itanhaém-4-quartos.html,imoveis,"RealEstateListing,Article,FAQPage,BreadcrumbList",RealEstateListing,SCHEMA_OK,valid
imoveis/imovel-1265-apartamento-alfa-guarujá-3-quartos.html,imoveis,"RealEstateListing,Article,FAQPage,BreadcrumbList",RealEstateListing,SCHEMA_OK,valid
imoveis/imovel-1266-chalé-barra-santos-3-quartos.html,imoveis,"RealEstateListing,Article,FAQPage,BreadcrumbList",RealEstateListing,SCHEMA_OK,valid
imoveis/imovel-1267-apartamento-boqueirão-guarujá-4-quartos.html,imoveis,"RealEstateListing,Article,FAQPage,BreadcrumbList",RealEstateListing,SCHEMA_OK,valid
imoveis/imovel-1268-chalé-alfa-peruíbe-3-quartos.html,imoveis,"RealEstateListing,Article,FAQPage,BreadcrumbList",RealEstateListing,SCHEMA_OK,valid
imoveis/imovel-1269-chalé-jardim-itanhaém-3-quartos.html,imoveis,"RealEstateListing,Article,FAQPage,BreadcrumbList",RealEstateListing,SCHEMA_OK,valid
imoveis/imovel-1270-cobertura-maré-são-vicente-1-quartos.html,imoveis,"RealEstateListing,Article,FAQPage,BreadcrumbList",RealEstateListing,SCHEMA_OK,valid
imoveis/imovel-1271-apartamento-gonzaga-bertioga-4-quartos.html,imoveis,"RealEstateListing,Article,FAQPage,BreadcrumbList",RealEstateListing,SCHEMA_OK,valid
imoveis/imovel-1272-flat-barra-santos-3-quartos.html,imoveis,"RealEstateListing,Article,FAQPage,BreadcrumbList",RealEstateListing,SCHEMA_OK,valid
imoveis/imovel-1273-chalé-centro-bertioga-4-quartos.html,imoveis,"RealEstateListing,Article,FAQPage,BreadcrumbList",RealEstateListing,SCHEMA_OK,valid
imoveis/imovel-1274-apartamento-oeste-bertioga-3-quartos.html,imoveis,"RealEstateListing,Article,FAQPage,BreadcrumbList",RealEstateListing,SCHEMA_OK,valid
imoveis/imovel-1275-casa-norte-santos-3-quartos.html,imoveis,"RealEstateListing,Article,FAQPage,BreadcrumbList",RealEstateListing,SCHEMA_OK,valid
imoveis/imovel-1276-flat-enseada-ilhabela-3-quartos.html,imoveis,"RealEstateListing,Article,FAQPage,BreadcrumbList",RealEstateListing,SCHEMA_OK,valid
imoveis/imovel-1277-apartamento-leste-itanhaém-1-quartos.html,imoveis,"RealEstateListing,Article,FAQPage,BreadcrumbList",RealEstateListing,SCHEMA_OK,valid
imoveis/imovel-1278-apartamento-centro-praia-grande-4-quartos.html,imoveis,"RealEstateListing,Article,FAQPage,BreadcrumbList",RealEstateListing,SCHEMA_OK,valid
imoveis/imovel-1279-apartamento-boqueirão-santos-3-quartos.html,imoveis,"RealEstateListing,Article,FAQPage,BreadcrumbList",RealEstateListing,SCHEMA_OK,valid
imoveis/imovel-1280-chalé-sul-são-vicente-2-quartos.html,imoveis,"RealEstateListing,Article,FAQPage,BreadcrumbList",RealEstateListing,SCHEMA_OK,valid
imoveis/imovel-1281-casa-centro-praia-grande-2-quartos.html,imoveis,"RealEstateListing,Article,FAQPage,BreadcrumbList",RealEstateListing,SCHEMA_OK,valid
imoveis/imovel-1282-casa-itapua-itanhaém-3-quartos.html,imoveis,"RealEstateListing,Article,FAQPage,BreadcrumbList",RealEstateListing,SCHEMA_OK,valid
imoveis/imovel-1283-chalé-marina-peruíbe-4-quartos.html,imoveis,"RealEstateListing,Article,FAQPage,BreadcrumbList",RealEstateListing,SCHEMA_OK,valid
imoveis/imovel-1284-casa-barra-praia-grande-1-quartos.html,imoveis,"RealEstateListing,Article,FAQPage,BreadcrumbList",RealEstateListing,SCHEMA_OK,valid
imoveis/imovel-370.html,imoveis,"RealEstateListing,Article,FAQPage,BreadcrumbList",RealEstateListing,SCHEMA_OK,valid
imoveis/imovel-371.html,imoveis,"RealEstateListing,Article,FAQPage,BreadcrumbList",RealEstateListing,SCHEMA_OK,valid
imoveis/imovel-372.html,imoveis,"RealEstateListing,Article,FAQPage,BreadcrumbList",RealEstateListing,SCHEMA_OK,valid
imoveis/imovel-373.html,imoveis,"RealEstateListing,Article,FAQPage,BreadcrumbList",RealEstateListing,SCHEMA_OK,valid
imoveis/imovel-374.html,imoveis,"RealEstateListing,Article,FAQPage,BreadcrumbList",RealEstateListing,SCHEMA_OK,valid
imoveis/imovel-375.html,imoveis,"RealEstateListing,Article,FAQPage,BreadcrumbList",RealEstateListing,SCHEMA_OK,valid
imoveis/imovel-376.html,imoveis,"RealEstateListing,Article,FAQPage,BreadcrumbList",RealEstateListing,SCHEMA_OK,valid
imoveis/imovel-377.html,imoveis,"RealEstateListing,Article,FAQPage,BreadcrumbList",RealEstateListing,SCHEMA_OK,valid
imoveis/imovel-378.html,imoveis,"RealEstateListing,Article,FAQPage,BreadcrumbList",RealEstateListing,SCHEMA_OK,valid
imoveis/imovel-379.html,imoveis,"RealEstateListing,Article,FAQPage,BreadcrumbList",RealEstateListing,SCHEMA_OK,valid
imoveis/imovel-380.html,imoveis,"RealEstateListing,Article,FAQPage,BreadcrumbList",RealEstateListing,SCHEMA_OK,valid
imoveis/imovel-381.html,imoveis,"RealEstateListing,Article,FAQPage,BreadcrumbList",RealEstateListing,SCHEMA_OK,valid
imoveis/imovel-382.html,imoveis,"RealEstateListing,Article,FAQPage,BreadcrumbList",RealEstateListing,SCHEMA_OK,valid
imoveis/imovel-383.html,imoveis,"RealEstateListing,Article,FAQPage,BreadcrumbList",RealEstateListing,SCHEMA_OK,valid
imoveis/imovel-384.html,imoveis,"RealEstateListing,Article,FAQPage,BreadcrumbList",RealEstateListing,SCHEMA_OK,valid
imoveis/imovel-385.html,imoveis,"RealEstateListing,Article,FAQPage,BreadcrumbList",RealEstateListing,SCHEMA_OK,valid
imoveis/imovel-386.html,imoveis,"RealEstateListing,Article,FAQPage,BreadcrumbList",RealEstateListing,SCHEMA_OK,valid
imoveis/imovel-387.html,imoveis,"RealEstateListing,Article,FAQPage,BreadcrumbList",RealEstateListing,SCHEMA_OK,valid
imoveis/imovel-388.html,imoveis,"RealEstateListing,Article,FAQPage,BreadcrumbList",RealEstateListing,SCHEMA_OK,valid
imoveis/imovel-389.html,imoveis,"RealEstateListing,Article,FAQPage,BreadcrumbList",RealEstateListing,SCHEMA_OK,valid
imoveis/index.html,imoveis,"BreadcrumbList,ItemList",RealEstateListing,SCHEMA_MISMATCH,valid
imoveis/itanhaem-centro-venda.html,imoveis,"BreadcrumbList,RealEstateListing",RealEstateListing,SCHEMA_OK,valid
imoveis/itanhaem-cibratel-aluguel.html,imoveis,"BreadcrumbList,RealEstateListing",RealEstateListing,SCHEMA_OK,valid
imoveis/itanhaem-gaivota-venda.html,imoveis,"BreadcrumbList,RealEstateListing",RealEstateListing,SCHEMA_OK,valid
imoveis/itanhaem-itanhaem-aluguel.html,imoveis,"BreadcrumbList,RealEstateListing",RealEstateListing,SCHEMA_OK,valid
imoveis/itanhaem-jardim-grandesp-lançamento.html,imoveis,"BreadcrumbList,RealEstateListing",RealEstateListing,SCHEMA_OK,valid
imoveis/lote-0360-0369.html,imoveis,"RealEstateListing,Article,FAQPage,BreadcrumbList",RealEstateListing,SCHEMA_OK,valid
imoveis/mongagua-balneario-lançamento.html,imoveis,"BreadcrumbList,RealEstateListing",RealEstateListing,SCHEMA_OK,valid
imoveis/mongagua-centro-aluguel.html,imoveis,"BreadcrumbList,RealEstateListing",RealEstateListing,SCHEMA_OK,valid
imoveis/mongagua-mongagua-venda.html,imoveis,"BreadcrumbList,RealEstateListing",RealEstateListing,SCHEMA_OK,valid
imoveis/mongagua-parque-turistico-aluguel.html,imoveis,"BreadcrumbList,RealEstateListing",RealEstateListing,SCHEMA_OK,valid
imoveis/mongagua-vila-virginia-venda.html,imoveis,"BreadcrumbList,RealEstateListing",RealEstateListing,SCHEMA_OK,valid
imoveis/parcerias-litoral-paulista.html,imoveis,"RealEstateListing,Article,FAQPage,BreadcrumbList",RealEstateListing,SCHEMA_OK,valid
imoveis/peruibe-centro-venda.html,imoveis,"BreadcrumbList,RealEstateListing",RealEstateListing,SCHEMA_OK,valid
imoveis/peruibe-costao-aluguel.html,imoveis,"BreadcrumbList,RealEstateListing",RealEstateListing,SCHEMA_OK,valid
imoveis/peruibe-peruibe-lançamento.html,imoveis,"BreadcrumbList,RealEstateListing",RealEstateListing,SCHEMA_OK,valid
imoveis/peruibe-rio-preto-venda.html,imoveis,"BreadcrumbList,RealEstateListing",RealEstateListing,SCHEMA_OK,valid
imoveis/peruibe-vila-sao-paulo-aluguel.html,imoveis,"BreadcrumbList,RealEstateListing",RealEstateListing,SCHEMA_OK,valid
imoveis/praia grande-boqueirao-venda.html,imoveis,"BreadcrumbList,RealEstateListing",RealEstateListing,SCHEMA_OK,valid
imoveis/praia grande-caiçara-lançamento.html,imoveis,"BreadcrumbList,RealEstateListing",RealEstateListing,SCHEMA_OK,valid
imoveis/praia grande-ocian-venda.html,imoveis,"BreadcrumbList,RealEstateListing",RealEstateListing,SCHEMA_OK,valid
imoveis/praia grande-real-aluguel.html,imoveis,"BreadcrumbList,RealEstateListing",RealEstateListing,SCHEMA_OK,valid
imoveis/praia grande-vila-tupi-aluguel.html,imoveis,"BreadcrumbList,RealEstateListing",RealEstateListing,SCHEMA_OK,valid
imoveis/santos-aparecida-aluguel.html,imoveis,"BreadcrumbList,RealEstateListing",RealEstateListing,SCHEMA_OK,valid
imoveis/santos-embare-venda.html,imoveis,"BreadcrumbList,RealEstateListing",RealEstateListing,SCHEMA_OK,valid
imoveis/santos-gonzaga-aluguel.html,imoveis,"BreadcrumbList,RealEstateListing",RealEstateListing,SCHEMA_OK,valid
imoveis/santos-ponta-da-praia-lançamento.html,imoveis,"BreadcrumbList,RealEstateListing",RealEstateListing,SCHEMA_OK,valid
imoveis/santos-vila-nova-venda.html,imoveis,"BreadcrumbList,RealEstateListing",RealEstateListing,SCHEMA_OK,valid
imoveis/sao vicente-centro-lançamento.html,imoveis,"BreadcrumbList,RealEstateListing",RealEstateListing,SCHEMA_OK,valid
imoveis/sao vicente-gonzaguinha-venda.html,imoveis,"BreadcrumbList,RealEstateListing",RealEstateListing,SCHEMA_OK,valid
imoveis/sao vicente-itarare-venda.html,imoveis,"BreadcrumbList,RealEstateListing",RealEstateListing,SCHEMA_OK,valid
imoveis/sao vicente-sao-vicente-aluguel.html,imoveis,"BreadcrumbList,RealEstateListing",RealEstateListing,SCHEMA_OK,valid
imoveis/sao vicente-vila-margarida-aluguel.html,imoveis,"BreadcrumbList,RealEstateListing",RealEstateListing,SCHEMA_OK,valid
imoveis/sobrado-3-dormitorios-mongagua.html,imoveis,"RealEstateListing,Article,FAQPage,BreadcrumbList",RealEstateListing,SCHEMA_OK,valid
imoveis/sobrado-3-quartos-bertioga.html,imoveis,"RealEstateListing,Article,FAQPage,BreadcrumbList",RealEstateListing,SCHEMA_OK,valid
imoveis/sobrado-3-quartos-guaruja.html,imoveis,"RealEstateListing,Article,FAQPage,BreadcrumbList",RealEstateListing,SCHEMA_OK,valid
imoveis/sobrado-3-quartos-praia-grande.html,imoveis,"RealEstateListing,Article,FAQPage,BreadcrumbList",RealEstateListing,SCHEMA_OK,valid
imoveis/sobrado-3-quartos-santos.html,imoveis,"RealEstateListing,Article,FAQPage,BreadcrumbList",RealEstateListing,SCHEMA_OK,valid
imoveis/sobrado-3-quartos-sao-vicente.html,imoveis,"RealEstateListing,Article,FAQPage,BreadcrumbList",RealEstateListing,SCHEMA_OK,valid
imoveis/sobrado-bertioga.html,imoveis,"RealEstateListing,Article,FAQPage,BreadcrumbList",RealEstateListing,SCHEMA_OK,valid
imoveis/sobrado-caraguatatuba.html,imoveis,"RealEstateListing,Article,FAQPage,BreadcrumbList",RealEstateListing,SCHEMA_OK,valid
imoveis/sobrado-condominio-guaruja.html,imoveis,"RealEstateListing,Article,FAQPage,BreadcrumbList",RealEstateListing,SCHEMA_OK,valid
imoveis/sobrado-condominio-ilhabela.html,imoveis,"RealEstateListing,Article,FAQPage,BreadcrumbList",RealEstateListing,SCHEMA_OK,valid
imoveis/sobrado-condominio-itanhaem.html,imoveis,"RealEstateListing,Article,FAQPage,BreadcrumbList",RealEstateListing,SCHEMA_OK,valid
imoveis/sobrado-condominio-mongagua.html,imoveis,"RealEstateListing,Article,FAQPage,BreadcrumbList",RealEstateListing,SCHEMA_OK,valid
imoveis/sobrado-condominio-peruibe.html,imoveis,"RealEstateListing,Article,FAQPage,BreadcrumbList",RealEstateListing,SCHEMA_OK,valid
imoveis/sobrado-condominio-praia-grande.html,imoveis,"RealEstateListing,Article,FAQPage,BreadcrumbList",RealEstateListing,SCHEMA_OK,valid
imoveis/sobrado-condominio-santos.html,imoveis,"RealEstateListing,Article,FAQPage,BreadcrumbList",RealEstateListing,SCHEMA_OK,valid
imoveis/sobrado-condominio-sao-vicente.html,imoveis,"RealEstateListing,Article,FAQPage,BreadcrumbList",RealEstateListing,SCHEMA_OK,valid
imoveis/sobrado-condominio-ubatuba.html,imoveis,"RealEstateListing,Article,FAQPage,BreadcrumbList",RealEstateListing,SCHEMA_OK,valid
imoveis/sobrado-guaruja.html,imoveis,"RealEstateListing,Article,FAQPage,BreadcrumbList",RealEstateListing,SCHEMA_OK,valid
imoveis/sobrado-ilhabela.html,imoveis,"RealEstateListing,Article,FAQPage,BreadcrumbList",RealEstateListing,SCHEMA_OK,valid
imoveis/sobrado-itanhaem.html,imoveis,"RealEstateListing,Article,FAQPage,BreadcrumbList",RealEstateListing,SCHEMA_OK,valid
imoveis/sobrado-mongagua.html,imoveis,"RealEstateListing,Article,FAQPage,BreadcrumbList",RealEstateListing,SCHEMA_OK,valid
imoveis/sobrado-peruibe.html,imoveis,"RealEstateListing,Article,FAQPage,BreadcrumbList",RealEstateListing,SCHEMA_OK,valid
imoveis/sobrado-praia-grande.html,imoveis,"RealEstateListing,Article,FAQPage,BreadcrumbList",RealEstateListing,SCHEMA_OK,valid
imoveis/sobrado-santos.html,imoveis,"RealEstateListing,Article,FAQPage,BreadcrumbList",RealEstateListing,SCHEMA_OK,valid
imoveis/sobrado-sao-vicente.html,imoveis,"RealEstateListing,Article,FAQPage,BreadcrumbList",RealEstateListing,SCHEMA_OK,valid
imoveis/sobrado-ubatuba.html,imoveis,"RealEstateListing,Article,FAQPage,BreadcrumbList",RealEstateListing,SCHEMA_OK,valid
imoveis/studio-bertioga.html,imoveis,"RealEstateListing,Article,FAQPage,BreadcrumbList",RealEstateListing,SCHEMA_OK,valid
imoveis/studio-caraguatatuba.html,imoveis,"RealEstateListing,Article,FAQPage,BreadcrumbList",RealEstateListing,SCHEMA_OK,valid
imoveis/studio-guaruja.html,imoveis,"RealEstateListing,Article,FAQPage,BreadcrumbList",RealEstateListing,SCHEMA_OK,valid
imoveis/studio-ilhabela.html,imoveis,"RealEstateListing,Article,FAQPage,BreadcrumbList",RealEstateListing,SCHEMA_OK,valid
imoveis/studio-investimento-bertioga.html,imoveis,"RealEstateListing,Article,FAQPage,BreadcrumbList",RealEstateListing,SCHEMA_OK,valid
imoveis/studio-investimento-guaruja.html,imoveis,"RealEstateListing,Article,FAQPage,BreadcrumbList",RealEstateListing,SCHEMA_OK,valid
imoveis/studio-investimento-mongagua.html,imoveis,"RealEstateListing,Article,FAQPage,BreadcrumbList",RealEstateListing,SCHEMA_OK,valid
imoveis/studio-investimento-praia-grande.html,imoveis,"RealEstateListing,Article,FAQPage,BreadcrumbList",RealEstateListing,SCHEMA_OK,valid
imoveis/studio-investimento-santos.html,imoveis,"RealEstateListing,Article,FAQPage,BreadcrumbList",RealEstateListing,SCHEMA_OK,valid
imoveis/studio-itanhaem.html,imoveis,"RealEstateListing,Article,FAQPage,BreadcrumbList",RealEstateListing,SCHEMA_OK,valid
imoveis/studio-mongagua.html,imoveis,"RealEstateListing,Article,FAQPage,BreadcrumbList",RealEstateListing,SCHEMA_OK,valid
imoveis/studio-peruibe.html,imoveis,"RealEstateListing,Article,FAQPage,BreadcrumbList",RealEstateListing,SCHEMA_OK,valid
imoveis/studio-praia-grande.html,imoveis,"RealEstateListing,Article,FAQPage,BreadcrumbList",RealEstateListing,SCHEMA_OK,valid
imoveis/studio-santos.html,imoveis,"RealEstateListing,Article,FAQPage,BreadcrumbList",RealEstateListing,SCHEMA_OK,valid
imoveis/studio-sao-vicente.html,imoveis,"RealEstateListing,Article,FAQPage,BreadcrumbList",RealEstateListing,SCHEMA_OK,valid
imoveis/studio-temporada-itanhaem.html,imoveis,"RealEstateListing,Article,FAQPage,BreadcrumbList",RealEstateListing,SCHEMA_OK,valid
imoveis/studio-ubatuba.html,imoveis,"RealEstateListing,Article,FAQPage,BreadcrumbList",RealEstateListing,SCHEMA_OK,valid
imoveis/template-landing.html,imoveis,"RealEstateListing,Article,FAQPage,BreadcrumbList",RealEstateListing,SCHEMA_OK,valid
imoveis/terreno-bertioga.html,imoveis,"RealEstateListing,Article,FAQPage,BreadcrumbList",RealEstateListing,SCHEMA_OK,valid
imoveis/terreno-caraguatatuba.html,imoveis,"RealEstateListing,Article,FAQPage,BreadcrumbList",RealEstateListing,SCHEMA_OK,valid
imoveis/terreno-guaruja.html,imoveis,"RealEstateListing,Article,FAQPage,BreadcrumbList",RealEstateListing,SCHEMA_OK,valid
imoveis/terreno-ilhabela.html,imoveis,"RealEstateListing,Article,FAQPage,BreadcrumbList",RealEstateListing,SCHEMA_OK,valid
imoveis/terreno-itanhaem.html,imoveis,"RealEstateListing,Article,FAQPage,BreadcrumbList",RealEstateListing,SCHEMA_OK,valid
imoveis/terreno-loteamento-bertioga.html,imoveis,"RealEstateListing,Article,FAQPage,BreadcrumbList",RealEstateListing,SCHEMA_OK,valid
imoveis/terreno-loteamento-caraguatatuba.html,imoveis,"RealEstateListing,Article,FAQPage,BreadcrumbList",RealEstateListing,SCHEMA_OK,valid
imoveis/terreno-loteamento-guaruja.html,imoveis,"RealEstateListing,Article,FAQPage,BreadcrumbList",RealEstateListing,SCHEMA_OK,valid
imoveis/terreno-loteamento-ilhabela.html,imoveis,"RealEstateListing,Article,FAQPage,BreadcrumbList",RealEstateListing,SCHEMA_OK,valid
imoveis/terreno-loteamento-itanhaem.html,imoveis,"RealEstateListing,Article,FAQPage,BreadcrumbList",RealEstateListing,SCHEMA_OK,valid
imoveis/terreno-loteamento-mongagua.html,imoveis,"RealEstateListing,Article,FAQPage,BreadcrumbList",RealEstateListing,SCHEMA_OK,valid
imoveis/terreno-loteamento-peruibe.html,imoveis,"RealEstateListing,Article,FAQPage,BreadcrumbList",RealEstateListing,SCHEMA_OK,valid
imoveis/terreno-loteamento-praia-grande.html,imoveis,"RealEstateListing,Article,FAQPage,BreadcrumbList",RealEstateListing,SCHEMA_OK,valid
imoveis/terreno-loteamento-santos.html,imoveis,"RealEstateListing,Article,FAQPage,BreadcrumbList",RealEstateListing,SCHEMA_OK,valid
imoveis/terreno-mongagua.html,imoveis,"RealEstateListing,Article,FAQPage,BreadcrumbList",RealEstateListing,SCHEMA_OK,valid
imoveis/terreno-peruibe.html,imoveis,"RealEstateListing,Article,FAQPage,BreadcrumbList",RealEstateListing,SCHEMA_OK,valid
imoveis/terreno-plano-peruibe.html,imoveis,"RealEstateListing,Article,FAQPage,BreadcrumbList",RealEstateListing,SCHEMA_OK,valid
imoveis/terreno-plano-santos.html,imoveis,"RealEstateListing,Article,FAQPage,BreadcrumbList",RealEstateListing,SCHEMA_OK,valid
imoveis/terreno-praia-grande.html,imoveis,"RealEstateListing,Article,FAQPage,BreadcrumbList",RealEstateListing,SCHEMA_OK,valid
imoveis/terreno-santos.html,imoveis,"RealEstateListing,Article,FAQPage,BreadcrumbList",RealEstateListing,SCHEMA_OK,valid
imoveis/terreno-sao-vicente.html,imoveis,"RealEstateListing,Article,FAQPage,BreadcrumbList",RealEstateListing,SCHEMA_OK,valid
imoveis/terreno-ubatuba.html,imoveis,"RealEstateListing,Article,FAQPage,BreadcrumbList",RealEstateListing,SCHEMA_OK,valid
bairros/guaruja-enseada.html,bairros,NONE,Place,SCHEMA_MISSING,valid
bairros/index.html,bairros,"BreadcrumbList,ItemList",Place,SCHEMA_MISMATCH,valid
bairros/praia-grande-ocian.html,bairros,NONE,Place,SCHEMA_MISSING,valid
bairros/praia-grande-solemar.html,bairros,NONE,Place,SCHEMA_MISSING,valid
bairros/santos-boqueirao.html,bairros,NONE,Place,SCHEMA_MISSING,valid
bairros/saovicente-gonzaguinha.html,bairros,NONE,Place,SCHEMA_MISSING,valid
hub/bertioga.html,hub,"BreadcrumbList,Article,FAQPage,Organization",WebPage,SCHEMA_MISMATCH,valid
hub/guaruja.html,hub,"BreadcrumbList,Article,FAQPage,Organization",WebPage,SCHEMA_MISMATCH,valid
hub/index.html,hub,"BreadcrumbList,Article,FAQPage,Organization",WebPage,SCHEMA_MISMATCH,valid
hub/itanhaem.html,hub,"BreadcrumbList,Article,FAQPage,Organization",WebPage,SCHEMA_MISMATCH,valid
hub/mongagua.html,hub,"BreadcrumbList,Article,FAQPage,Organization",WebPage,SCHEMA_MISMATCH,valid
hub/peruibe.html,hub,"BreadcrumbList,Article,FAQPage,Organization",WebPage,SCHEMA_MISMATCH,valid
hub/praia-grande.html,hub,"BreadcrumbList,Article,FAQPage,Organization",WebPage,SCHEMA_MISMATCH,valid
hub/santos.html,hub,"BreadcrumbList,Article,FAQPage,Organization",WebPage,SCHEMA_MISMATCH,valid
hub/sao-vicente.html,hub,"BreadcrumbList,Article,FAQPage,Organization",WebPage,SCHEMA_MISMATCH,valid
blog/10-artigos-seo-litoral-paulista-2026.html,blog,"FAQPage,BreadcrumbList,BlogPosting,Article",BlogPosting,SCHEMA_OK,valid
blog/3-erros-que-matam-vendas-de-temporada-no-litoral-lote-2026-08-03-23.html,blog,"BlogPosting,BreadcrumbList,FAQPage",BlogPosting,SCHEMA_OK,valid
blog/5-sinais-imovel-subvalorizado-litoral-2026-08-05.html,blog,"FAQPage,BreadcrumbList,BlogPosting,Article",BlogPosting,SCHEMA_OK,valid
blog/5-táticas-infalíveis-para-captação-imobiliária-no-litoral-paulista-lote-2026-08-03-2.html,blog,"BlogPosting,BreadcrumbList,FAQPage",BlogPosting,SCHEMA_OK,valid
blog/ab-testing-anuncios-imobiliarios-locais-litoral-2026.html,blog,BlogPosting,BlogPosting,SCHEMA_OK,valid
blog/abordagem-captacao-imoveis-alto-padrao-litoral-2026.html,blog,"FAQPage,BreadcrumbList,BlogPosting,Article",BlogPosting,SCHEMA_OK,valid
blog/abordagem-proprietarios-whatsapp-litoral-2026.html,blog,"BlogPosting,BreadcrumbList,FAQPage",BlogPosting,SCHEMA_OK,valid
blog/acelerar-fechamento-vendas-litoral-paulista-2026.html,blog,"BlogPosting,BreadcrumbList,FAQPage",BlogPosting,SCHEMA_OK,valid
blog/acidente-imovel-litoral-responsabilidade-proprietario-2026.html,blog,BlogPosting,BlogPosting,SCHEMA_OK,valid
blog/acoes-locais-imobiliarias-litoral-2026.html,blog,"BlogPosting,BreadcrumbList,FAQPage",BlogPosting,SCHEMA_OK,valid
blog/acordo-imovel-praia-2026.html,blog,"FAQPage,BreadcrumbList,BlogPosting,Article",BlogPosting,SCHEMA_OK,valid
blog/administracao-imoveis-longe-litoral-paulista-2026.html,blog,"BreadcrumbList,FAQPage,BlogPosting",BlogPosting,SCHEMA_OK,valid
blog/agencia-ia-imobiliaria-litoral.html,blog,"FAQPage,BreadcrumbList,BlogPosting,Article",BlogPosting,SCHEMA_OK,valid
blog/agenda-previsivel-corretores-litoral-2026.html,blog,"BlogPosting,BreadcrumbList,FAQPage",BlogPosting,SCHEMA_OK,valid
blog/agendamento-visita-call-to-action-litoral-2026.html,blog,"FAQPage,BreadcrumbList,BlogPosting,Article",BlogPosting,SCHEMA_OK,valid
blog/agente-digital-corretores-imoveis-litoral-2026.html,blog,"FAQPage,BreadcrumbList,BlogPosting,Article",BlogPosting,SCHEMA_OK,valid
blog/agentes-internacionais-imoveis-litoral-paulista-2026.html,blog,"FAQPage,BreadcrumbList,BlogPosting,Article",BlogPosting,SCHEMA_OK,valid
blog/airbnb-boa-paginao-primeiro-mes-litoral-2026.html,blog,NONE,BlogPosting,SCHEMA_MISSING,invalid_json: Expecting property name enclosed in double quotes: line 7 column 7 (char 315)
blog/airbnb-corporativo-litoral.html,blog,"BlogPosting,BreadcrumbList,FAQPage",BlogPosting,SCHEMA_OK,valid
blog/airbnb-ou-aluguel-anual-2026.html,blog,"FAQPage,BreadcrumbList,BlogPosting,Article",BlogPosting,SCHEMA_OK,valid
blog/airbnb-vs-booking-litoral-sp.html,blog,"BlogPosting,BreadcrumbList,FAQPage",BlogPosting,SCHEMA_OK,valid
blog/alta-temporada-2026-imobiliaria-litoral.html,blog,"FAQPage,BreadcrumbList,BlogPosting,Article",BlogPosting,SCHEMA_OK,valid
blog/alta-temporada-litoral-checklist-corretores-2026-07-25.html,blog,"FAQPage,BreadcrumbList,BlogPosting,Article",BlogPosting,SCHEMA_OK,valid
blog/alugar-apartamento-verao-santos-em-santos-2026-07-13.html,blog,"FAQPage,BreadcrumbList,BlogPosting,Article",BlogPosting,SCHEMA_OK,valid
blog/alugar-imovel-litoral-2026.html,blog,"FAQPage,BreadcrumbList,BlogPosting,Article",BlogPosting,SCHEMA_OK,valid
blog/alugar-imovel-temporada-guia-proprietario-litoral-2026.html,blog,"FAQPage,BreadcrumbList,BlogPosting,Article",BlogPosting,SCHEMA_OK,valid
blog/alugar-imovel-temporada-verao-2026.html,blog,"FAQPage,BreadcrumbList,BlogPosting,Article",BlogPosting,SCHEMA_OK,valid
blog/alugar-ou-comprar-imovel-litoral-decisao-2026.html,blog,BlogPosting,BlogPosting,SCHEMA_OK,valid
blog/alugar-ou-comprar-imovel-litoral-paulista-2026.html,blog,"BlogPosting,BreadcrumbList,FAQPage",BlogPosting,SCHEMA_OK,valid
blog/alugar-temporada-barato-litoral-paulista-2026.html,blog,"FAQPage,BreadcrumbList,BlogPosting,Article",BlogPosting,SCHEMA_OK,valid
blog/alugar-temporada-litoral-guia-2026.html,blog,"BlogPosting,BreadcrumbList,FAQPage",BlogPosting,SCHEMA_OK,valid
blog/alugar-vender-imovel-litoral-2026.html,blog,"FAQPage,BreadcrumbList,BlogPosting,Article",BlogPosting,SCHEMA_OK,valid
blog/aluguel-por-temporada-dicas-proprietarios-2026.html,blog,"FAQPage,BreadcrumbList,BlogPosting,Article",BlogPosting,SCHEMA_OK,valid
blog/aluguel-temporada-bertioga.html,blog,"FAQPage,BreadcrumbList,BlogPosting,Article",BlogPosting,SCHEMA_OK,valid
blog/aluguel-temporada-casa-vs-apartamento-litoral-2026.html,blog,BlogPosting,BlogPosting,SCHEMA_OK,valid
blog/aluguel-temporada-checkin-checkout-2026.html,blog,BlogPosting,BlogPosting,SCHEMA_OK,valid
blog/aluguel-temporada-conformidade-fiscal-tributaria-proprietarios-litoral-2026.html,blog,BlogPosting,BlogPosting,SCHEMA_OK,valid
blog/aluguel-temporada-definir-preco-disponibilidade-sem-conflitos-litoral-2026.html,blog,BlogPosting,BlogPosting,SCHEMA_OK,valid
blog/aluguel-temporada-honorarios-corretor-como-calcular-2026.html,blog,BlogPosting,BlogPosting,SCHEMA_OK,valid
blog/aluguel-temporada-ia-litoral.html,blog,"FAQPage,BreadcrumbList,BlogPosting,Article",BlogPosting,SCHEMA_OK,valid
blog/aluguel-temporada-imoveis-luxo-litoral-2026.html,blog,"FAQPage,BreadcrumbList,BlogPosting,Article",BlogPosting,SCHEMA_OK,valid
blog/aluguel-temporada-legalidade-documentos-2026.html,blog,BlogPosting,BlogPosting,SCHEMA_OK,valid
blog/aluguel-temporada-litoral-acordo-multa-dano-reserva-2026.html,blog,BlogPosting,BlogPosting,SCHEMA_OK,valid
blog/aluguel-temporada-litoral-calendario-reservas-organizacao-2026.html,blog,BlogPosting,BlogPosting,SCHEMA_OK,valid
blog/aluguel-temporada-litoral-calor-casa-dicas-2026.html,blog,BlogPosting,BlogPosting,SCHEMA_OK,valid
blog/aluguel-temporada-litoral-cancelamento-flexivel-comunicacao-2026.html,blog,BlogPosting,BlogPosting,SCHEMA_OK,valid
blog/aluguel-temporada-litoral-cancelamento-flexivel-penalidade-2026.html,blog,BlogPosting,BlogPosting,SCHEMA_OK,valid
blog/aluguel-temporada-litoral-cancelamento-flexivel-rapido-2026.html,blog,BlogPosting,BlogPosting,SCHEMA_OK,valid
blog/aluguel-temporada-litoral-cancelamento-flexivel-reembolso-2026.html,blog,BlogPosting,BlogPosting,SCHEMA_OK,valid
blog/aluguel-temporada-litoral-cancelamento-flexivel-termos-2026.html,blog,BlogPosting,BlogPosting,SCHEMA_OK,valid
blog/aluguel-temporada-litoral-cancelamento-hospede-direitos-2026.html,blog,BlogPosting,BlogPosting,SCHEMA_OK,valid
blog/aluguel-temporada-litoral-checkin-autonomo-vantagens-2026.html,blog,BlogPosting,BlogPosting,SCHEMA_OK,valid
blog/aluguel-temporada-litoral-checkout-atrasado-checklist-2026.html,blog,BlogPosting,BlogPosting,SCHEMA_OK,valid
blog/aluguel-temporada-litoral-checkout-atrasado-comunicacao-2026.html,blog,BlogPosting,BlogPosting,SCHEMA_OK,valid
blog/aluguel-temporada-litoral-checkout-atrasado-gestao-2026.html,blog,BlogPosting,BlogPosting,SCHEMA_OK,valid
blog/aluguel-temporada-litoral-checkout-atrasado-prejuizo-2026.html,blog,BlogPosting,BlogPosting,SCHEMA_OK,valid
blog/aluguel-temporada-litoral-checkout-atrasado-prevencao-2026.html,blog,BlogPosting,BlogPosting,SCHEMA_OK,valid
blog/aluguel-temporada-litoral-checkout-atrasado-rapido-2026.html,blog,BlogPosting,BlogPosting,SCHEMA_OK,valid
blog/aluguel-temporada-litoral-checkout-rapido-organizacao-2026.html,blog,BlogPosting,BlogPosting,SCHEMA_OK,valid
blog/aluguel-temporada-litoral-contrato-modelo-pronto-2026.html,blog,BlogPosting,BlogPosting,SCHEMA_OK,valid
blog/aluguel-temporada-litoral-entrega-chave-limpeza-2026.html,blog,BlogPosting,BlogPosting,SCHEMA_OK,valid
blog/aluguel-temporada-litoral-entrega-chave-posse-2026.html,blog,BlogPosting,BlogPosting,SCHEMA_OK,valid
blog/aluguel-temporada-litoral-experiencia-hospede-diferencial-2026.html,blog,BlogPosting,BlogPosting,SCHEMA_OK,valid
blog/aluguel-temporada-litoral-feedback-hospede-avaliacao-2026.html,blog,BlogPosting,BlogPosting,SCHEMA_OK,valid
blog/aluguel-temporada-litoral-guia-2026.html,blog,BlogPosting,BlogPosting,SCHEMA_OK,valid
blog/aluguel-temporada-litoral-guia-completo.html,blog,"FAQPage,BreadcrumbList,BlogPosting,Article",BlogPosting,SCHEMA_OK,valid
blog/aluguel-temporada-litoral-honorarios-sucumbencia-2026.html,blog,BlogPosting,BlogPosting,SCHEMA_OK,valid
blog/aluguel-temporada-litoral-hospede-frequente-fidelidade-2026.html,blog,BlogPosting,BlogPosting,SCHEMA_OK,valid
blog/aluguel-temporada-litoral-hospede-problema-regras-2026.html,blog,BlogPosting,BlogPosting,SCHEMA_OK,valid
blog/aluguel-temporada-litoral-interrupcao-fornecimento-2026.html,blog,BlogPosting,BlogPosting,SCHEMA_OK,valid
blog/aluguel-temporada-litoral-limpeza-profundidade-checklist-2026.html,blog,BlogPosting,BlogPosting,SCHEMA_OK,valid
blog/aluguel-temporada-litoral-limpeza-rapida-primeira-locacao-2026.html,blog,BlogPosting,BlogPosting,SCHEMA_OK,valid
blog/aluguel-temporada-litoral-manutencao-piscina-2026.html,blog,"BlogPosting,BreadcrumbList",BlogPosting,SCHEMA_OK,valid
blog/aluguel-temporada-litoral-manutencao-preventiva-checklist-2026.html,blog,BlogPosting,BlogPosting,SCHEMA_OK,valid
blog/aluguel-temporada-litoral-multa-rescisao-contrato-2026.html,blog,BlogPosting,BlogPosting,SCHEMA_OK,valid
blog/aluguel-temporada-litoral-notificacao-multa-fiscal-2026.html,blog,BlogPosting,BlogPosting,SCHEMA_OK,valid
blog/aluguel-temporada-litoral-paulista-dicas-2026.html,blog,"FAQPage,BreadcrumbList,BlogPosting,Article",BlogPosting,SCHEMA_OK,valid
blog/aluguel-temporada-litoral-politica-cancelamento-flexivel-2026.html,blog,BlogPosting,BlogPosting,SCHEMA_OK,valid
blog/aluguel-temporada-litoral-promocao-baixa-temporada-2026.html,blog,BlogPosting,BlogPosting,SCHEMA_OK,valid
blog/aluguel-temporada-litoral-reforma-rapida-dicas-2026.html,blog,"BlogPosting,BreadcrumbList",BlogPosting,SCHEMA_OK,valid
blog/aluguel-temporada-litoral-reserva-antecedencia-vantagens-2026.html,blog,BlogPosting,BlogPosting,SCHEMA_OK,valid
blog/aluguel-temporada-litoral-reserva-cancelamento-2026.html,blog,BlogPosting,BlogPosting,SCHEMA_OK,valid
blog/aluguel-temporada-litoral-reserva-criancas-pet-2026.html,blog,BlogPosting,BlogPosting,SCHEMA_OK,valid
blog/aluguel-temporada-litoral-reserva-grupo-grande-2026.html,blog,BlogPosting,BlogPosting,SCHEMA_OK,valid
blog/aluguel-temporada-litoral-reserva-grupo-grande-condicoes-2026.html,blog,BlogPosting,BlogPosting,SCHEMA_OK,valid
blog/aluguel-temporada-litoral-reserva-grupo-grande-contrato-2026.html,blog,BlogPosting,BlogPosting,SCHEMA_OK,valid
blog/aluguel-temporada-litoral-reserva-grupo-grande-dicas-2026.html,blog,BlogPosting,BlogPosting,SCHEMA_OK,valid
blog/aluguel-temporada-litoral-reserva-grupo-grande-guia-2026.html,blog,BlogPosting,BlogPosting,SCHEMA_OK,valid
blog/aluguel-temporada-litoral-reserva-grupo-grande-organizacao-2026.html,blog,BlogPosting,BlogPosting,SCHEMA_OK,valid
blog/aluguel-temporada-litoral-reserva-grupo-grande-rapida-2026.html,blog,BlogPosting,BlogPosting,SCHEMA_OK,valid
blog/aluguel-temporada-litoral-reserva-grupo-grande-regras-2026.html,blog,BlogPosting,BlogPosting,SCHEMA_OK,valid
blog/aluguel-temporada-litoral-reserva-grupo-grande-simples-2026.html,blog,BlogPosting,BlogPosting,SCHEMA_OK,valid
blog/aluguel-temporada-litoral-reserva-ultima-hora-impacto-2026.html,blog,BlogPosting,BlogPosting,SCHEMA_OK,valid
blog/aluguel-temporada-litoral-sazonalidade-estrategia-2026.html,blog,BlogPosting,BlogPosting,SCHEMA_OK,valid
blog/aluguel-temporada-litoral-sinal-reserva-confirmacao-2026.html,blog,BlogPosting,BlogPosting,SCHEMA_OK,valid
blog/aluguel-temporada-litoral-trafego-area-compartilhada-2026.html,blog,BlogPosting,BlogPosting,SCHEMA_OK,valid
blog/aluguel-temporada-litoral-turismo-escola-ruido-2026.html,blog,BlogPosting,BlogPosting,SCHEMA_OK,valid
blog/aluguel-temporada-litoral-verificacao-disponibilidade-calendario-2026.html,blog,BlogPosting,BlogPosting,SCHEMA_OK,valid
blog/aluguel-temporada-manutencao-custo-2026.html,blog,BlogPosting,BlogPosting,SCHEMA_OK,valid
blog/aluguel-temporada-melhoria-imovel-aumentar-lucratividade-litoral-2026.html,blog,BlogPosting,BlogPosting,SCHEMA_OK,valid
blog/aluguel-temporada-reforma-imposto-renda-2026.html,blog,BlogPosting,BlogPosting,SCHEMA_OK,valid
blog/aluguel-tradicional-vs-temporada-litoral-lucrativo-2026.html,blog,BlogPosting,BlogPosting,SCHEMA_OK,valid
blog/analise-comparativa-mercado-imobiliario-cidades-litoral-2026.html,blog,BlogPosting,BlogPosting,SCHEMA_OK,valid
blog/analise-concorrencia-imobiliaria-litoral-paulista-2026.html,blog,"BlogPosting,BreadcrumbList,FAQPage",BlogPosting,SCHEMA_OK,valid
blog/analise-concorrencia-imobiliarias-litoral-paulista-2026.html,blog,"BlogPosting,BreadcrumbList,FAQPage",BlogPosting,SCHEMA_OK,valid
blog/analise-dados-imobiliarias-litoral-pratico-2026.html,blog,BlogPosting,BlogPosting,SCHEMA_OK,valid
blog/analise-litoral-paulista-investidores-2026.html,blog,"BreadcrumbList,Article",BlogPosting,SCHEMA_MISMATCH,valid
blog/analise-mercado-imobiliario-litoral-2026.html,blog,"BlogPosting,BreadcrumbList,FAQPage",BlogPosting,SCHEMA_OK,valid
blog/analise-mercado-imobiliario-litoral-indicadores-decisao-compra-2026.html,blog,BlogPosting,BlogPosting,SCHEMA_OK,valid
blog/analise-mercado-imobiliario-litoral-paulista-2026.html,blog,"BlogPosting,BreadcrumbList,FAQPage",BlogPosting,SCHEMA_OK,valid
blog/analise-risco-imoveis-planta-litoral-proteger-investimento-2026.html,blog,BlogPosting,BlogPosting,SCHEMA_OK,valid
blog/analise-roi-imoveis-litoral-temporada-2026.html,blog,BlogPosting,BlogPosting,SCHEMA_OK,valid
blog/analise-roi-imoveis-temporada-litoral-metricas-2026.html,blog,BlogPosting,BlogPosting,SCHEMA_OK,valid
blog/analise-seo-imobiliarias-litoral-oportunidades-2026.html,blog,"FAQPage,BreadcrumbList,BlogPosting,Article",BlogPosting,SCHEMA_OK,valid
blog/analise-viabilidade-comprar-morar-investir-litoral-2026.html,blog,"BlogPosting,BreadcrumbList,FAQPage",BlogPosting,SCHEMA_OK,valid
blog/angra-dos-reis-ilha-grande-2026-sp-2026-07-14.html,blog,"FAQPage,BreadcrumbList,BlogPosting,Article",BlogPosting,SCHEMA_OK,valid
blog/antecipar-venda-imovel-litoral-preparar-2026.html,blog,BlogPosting,BlogPosting,SCHEMA_OK,valid
blog/antes-procurar-imovel-litoral-passos-2026.html,blog,BlogPosting,BlogPosting,SCHEMA_OK,valid
blog/anunciar-imoveis-google-litoral-paulista-2026.html,blog,"BlogPosting,BreadcrumbList,FAQPage",BlogPosting,SCHEMA_OK,valid
blog/anunciar-imoveis-litoral-sem-anuncios-pagos-2026.html,blog,"FAQPage,BreadcrumbList,BlogPosting,Article",BlogPosting,SCHEMA_OK,valid
blog/anuncio-imovel-bairro-nobre-sem-generico-2026-08-06.html,blog,"FAQPage,BreadcrumbList,BlogPosting,Article",BlogPosting,SCHEMA_OK,valid
blog/anuncios-facebook-instagram-imoveis-litoral-2026.html,blog,"BlogPosting,BreadcrumbList,FAQPage",BlogPosting,SCHEMA_OK,valid
blog/anuncios-imoveis-litoral-paulista-2026.html,blog,"BlogPosting,BreadcrumbList,FAQPage",BlogPosting,SCHEMA_OK,valid
blog/anuncios-imoveis-vendem-litoral-paulista-2026.html,blog,"BlogPosting,BreadcrumbList,FAQPage",BlogPosting,SCHEMA_OK,valid
blog/anuncios-locais-instagram-imobiliarias-litoral-2026.html,blog,"BlogPosting,BreadcrumbList,FAQPage",BlogPosting,SCHEMA_OK,valid
blog/apartamento-barra-norte-2026.html,blog,"BlogPosting,BreadcrumbList,BreadcrumbList,BlogPosting",BlogPosting,SCHEMA_INVALID,"invalid_json: Expecting ',' delimiter: line 12 column 1 (char 678)"
blog/apartamento-centro-historico-2026.html,blog,"FAQPage,BreadcrumbList,BlogPosting,Article",BlogPosting,SCHEMA_OK,valid
blog/apartamento-centro-historico-investimento-2026.html,blog,"BlogPosting,BreadcrumbList,BreadcrumbList,BlogPosting",BlogPosting,SCHEMA_INVALID,"invalid_json: Expecting ',' delimiter: line 12 column 1 (char 697)"
blog/apartamento-costa-verde-2026.html,blog,"FAQPage,BreadcrumbList,BlogPosting,Article",BlogPosting,SCHEMA_OK,valid
blog/apartamento-costa-verde-luxo-2026.html,blog,"FAQPage,BreadcrumbList,BlogPosting,Article",BlogPosting,SCHEMA_OK,valid
blog/apartamento-litoral-norte-2026.html,blog,"FAQPage,BreadcrumbList,BlogPosting,Article",BlogPosting,SCHEMA_OK,valid
blog/apartamento-porto-da-lua-investimento-2026.html,blog,"FAQPage,BreadcrumbList,BlogPosting,Article",BlogPosting,SCHEMA_OK,valid
blog/apartamento-venda-santos-ia.html,blog,"FAQPage,BreadcrumbList,BlogPosting,Article",BlogPosting,SCHEMA_OK,valid
blog/apartamentos-venda-na-praia-2026.html,blog,"FAQPage,BreadcrumbList,BlogPosting,Article",BlogPosting,SCHEMA_OK,valid
blog/aposentado-bertioga-ia.html,blog,"FAQPage,BreadcrumbList,BlogPosting,Article",BlogPosting,SCHEMA_OK,valid
blog/aposentado-mongagua-ia.html,blog,"FAQPage,BreadcrumbList,BlogPosting,Article",BlogPosting,SCHEMA_OK,valid
blog/apresentacao-video-imoveis-vender-mais-2026.html,blog,"BlogPosting,BreadcrumbList,FAQPage",BlogPosting,SCHEMA_OK,valid
blog/apresentar-case-sucesso-imobiliaria-parceira-2026.html,blog,"BlogPosting,BreadcrumbList,FAQPage",BlogPosting,SCHEMA_OK,valid
blog/apresentar-dados-retorno-proprietarios-litoral-2026.html,blog,"BlogPosting,BreadcrumbList,FAQPage",BlogPosting,SCHEMA_OK,valid
blog/apto-aposentado-sao-vicente-ia.html,blog,"FAQPage,BreadcrumbList,BlogPosting,Article",BlogPosting,SCHEMA_OK,valid
blog/apto-familia-zona-norte-santos-ia.html,blog,"FAQPage,BreadcrumbList,BlogPosting,Article",BlogPosting,SCHEMA_OK,valid
blog/apto-frente-mar-santos-ia.html,blog,"FAQPage,BreadcrumbList,BlogPosting,Article",BlogPosting,SCHEMA_OK,valid
blog/apto-investidor-guaruja-zona-leste-ia.html,blog,"FAQPage,BreadcrumbList,BlogPosting,Article",BlogPosting,SCHEMA_OK,valid
blog/area-exclusiva-imobiliarias-litoral.html,blog,"BlogPosting,BreadcrumbList,FAQPage",BlogPosting,SCHEMA_OK,valid
blog/arraial-do-cabo-mergulho-2026-sp-2026-07-14.html,blog,"FAQPage,BreadcrumbList,BlogPosting,Article",BlogPosting,SCHEMA_OK,valid
blog/assinatura-digital-imobiliarias-pequenas-2026.html,blog,"BlogPosting,BreadcrumbList,FAQPage",BlogPosting,SCHEMA_OK,valid
blog/assinatura-profissional-corretores-litoral-2026.html,blog,"FAQPage,BreadcrumbList,BlogPosting,Article",BlogPosting,SCHEMA_OK,valid
blog/assinatura-profissional-corretores-litoral-quando-vale-2026.html,blog,"FAQPage,BreadcrumbList,BlogPosting,Article",BlogPosting,SCHEMA_OK,valid
blog/assistente-financiamento-imoveis-2026.html,blog,"BlogPosting,BreadcrumbList,FAQPage",BlogPosting,SCHEMA_OK,valid
blog/assistente-virtual-atender-leads-imoveis-litoral-2026.html,blog,"BlogPosting,BreadcrumbList,FAQPage",BlogPosting,SCHEMA_OK,valid
blog/assistente-virtual-compradores-fluxo-2026-07-23.html,blog,"FAQPage,BreadcrumbList,BlogPosting,Article",BlogPosting,SCHEMA_OK,valid
blog/assistente-virtual-compradores-litoral-2026.html,blog,"BlogPosting,BreadcrumbList,FAQPage",BlogPosting,SCHEMA_OK,valid
blog/assistente-virtual-imobiliaria-litoral-2026.html,blog,"FAQPage,BreadcrumbList,BlogPosting,Article",BlogPosting,SCHEMA_OK,valid
blog/assistente-virtual-imoveis-litoral-implementar-2026.html,blog,"FAQPage,BreadcrumbList,BlogPosting,Article",BlogPosting,SCHEMA_OK,valid
blog/atender-clientes-internacionais-litoral-paulista-2026.html,blog,"BlogPosting,BreadcrumbList,FAQPage",BlogPosting,SCHEMA_OK,valid
blog/atender-clientes-internacionais-litoral-paulista-guia-2026.html,blog,"BlogPosting,BreadcrumbList,FAQPage",BlogPosting,SCHEMA_OK,valid
blog/atender-clientes-vip-litoral-paulista-2026.html,blog,"BlogPosting,BreadcrumbList,FAQPage",BlogPosting,SCHEMA_OK,valid
blog/atendimento-automático-para-imobiliárias-quando-usar-e-quando-evitar-2026-07-12-praia-digital.html,blog,"BlogPosting,BreadcrumbList,FAQPage",BlogPosting,SCHEMA_OK,valid
blog/atendimento-cliente-imobiliarias-litoral-2026.html,blog,"BlogPosting,BreadcrumbList,FAQPage",BlogPosting,SCHEMA_OK,valid
blog/atendimento-cliente-imoveis-litoral-2026.html,blog,"BlogPosting,BreadcrumbList,FAQPage",BlogPosting,SCHEMA_OK,valid
blog/atendimento-compradores-estrangeiros-litoral-2026.html,blog,"BlogPosting,BreadcrumbList,FAQPage",BlogPosting,SCHEMA_OK,valid
blog/atendimento-compradores-temporada-ia.html,blog,"BlogPosting,BreadcrumbList,FAQPage",BlogPosting,SCHEMA_OK,valid
blog/atendimento-digital-inverno-litoral-2026.html,blog,"BlogPosting,BreadcrumbList,FAQPage",BlogPosting,SCHEMA_OK,valid
blog/atendimento-multicanal-imobiliarias-litoral-2026.html,blog,"BlogPosting,BreadcrumbList,FAQPage",BlogPosting,SCHEMA_OK,valid
blog/atendimento-rapido-imobiliaria-litoral-sem-equipe-grande-2026.html,blog,"BlogPosting,BreadcrumbList,FAQPage",BlogPosting,SCHEMA_OK,valid
blog/atendimento-tempo-real-clientes-litoral-2026.html,blog,"BlogPosting,BreadcrumbList,FAQPage",BlogPosting,SCHEMA_OK,valid
blog/atrair-compradores-estrangeiros-litoral-paulista-2026.html,blog,"BlogPosting,BreadcrumbList,FAQPage",BlogPosting,SCHEMA_OK,valid
blog/aumentar-aluguel-temporada-ia-litoral.html,blog,"BlogPosting,BreadcrumbList,FAQPage",BlogPosting,SCHEMA_OK,valid
blog/aumentar-valor-imovel-praia-2026.html,blog,"BlogPosting,BreadcrumbList,FAQPage",BlogPosting,SCHEMA_OK,valid
blog/aumentar-vendas-imoveis-litoral-paulista-2026.html,blog,"BlogPosting,BreadcrumbList,FAQPage",BlogPosting,SCHEMA_OK,valid
blog/automacao-2026-corretores-vendas-2026-08-19.html,blog,BlogPosting,BlogPosting,SCHEMA_OK,valid
blog/automacao-2026-leads-visitas-2026-08-17.html,blog,BlogPosting,BlogPosting,SCHEMA_OK,valid
blog/automacao-2026-visitas-corretores-2026-07-16.html,blog,"BlogPosting,BreadcrumbList,FAQPage",BlogPosting,SCHEMA_OK,valid
blog/automacao-2026-visitas-vendas-2026-07-16.html,blog,"BlogPosting,BreadcrumbList,FAQPage",BlogPosting,SCHEMA_OK,valid
blog/automacao-agenda-corretores-litoral-2026.html,blog,"BlogPosting,BreadcrumbList,FAQPage",BlogPosting,SCHEMA_OK,valid
blog/automacao-agendamento-visitas-corretores-2026.html,blog,"FAQPage,BreadcrumbList,BlogPosting,Article",BlogPosting,SCHEMA_OK,valid
blog/automacao-agendamento-visitas-litoral-2026.html,blog,"FAQPage,BreadcrumbList,BlogPosting,Article",BlogPosting,SCHEMA_OK,valid
blog/automacao-agendamento-visitas-litoral-paulista-2026.html,blog,"FAQPage,BreadcrumbList,BlogPosting,Article",BlogPosting,SCHEMA_OK,valid
blog/automacao-alugueis-temporada-ia.html,blog,"FAQPage,BreadcrumbList,BlogPosting,Article",BlogPosting,SCHEMA_OK,valid
blog/automacao-aluguel-temporada-litoral.html,blog,"FAQPage,BreadcrumbList,BlogPosting,Article",BlogPosting,SCHEMA_OK,valid
blog/automacao-captacao-imoveis-custo-zero-2026.html,blog,"FAQPage,BreadcrumbList,BlogPosting,Article",BlogPosting,SCHEMA_OK,valid
blog/automacao-captacao-imoveis-litoral-2026.html,blog,"FAQPage,BreadcrumbList,BlogPosting,Article",BlogPosting,SCHEMA_OK,valid
blog/automacao-captacao-imoveis-litoral-passos.html,blog,"BlogPosting,BreadcrumbList,FAQPage",BlogPosting,SCHEMA_OK,valid
blog/automacao-captacao-temporada-2026.html,blog,"FAQPage,BreadcrumbList,BlogPosting,Article",BlogPosting,SCHEMA_OK,valid
blog/automacao-contratos-aluguel-temporada-litoral-paulista-2026.html,blog,"FAQPage,BreadcrumbList,BlogPosting,Article",BlogPosting,SCHEMA_OK,valid
blog/automacao-corretores-imobiliária-2026-2026-08-14.html,blog,BlogPosting,BlogPosting,SCHEMA_OK,valid
blog/automacao-corretores-litoral-passo-passo-2026.html,blog,"FAQPage,BreadcrumbList,BlogPosting,Article",BlogPosting,SCHEMA_OK,valid
blog/automacao-corretores-vendas-2026-2026-08-09.html,blog,BlogPosting,BlogPosting,SCHEMA_OK,valid
blog/automacao-follow-up-corretores-litoral-2026.html,blog,"FAQPage,BreadcrumbList,BlogPosting,Article",BlogPosting,SCHEMA_OK,valid
blog/automacao-followup-corretores-litoral-2026.html,blog,"FAQPage,BreadcrumbList,BlogPosting,Article",BlogPosting,SCHEMA_OK,valid
blog/automacao-followup-post-visita-litoral-2026.html,blog,"FAQPage,BreadcrumbList,BlogPosting,Article",BlogPosting,SCHEMA_OK,valid
blog/automacao-imobiliaria-pequena-por-onde-comecar-2026-08-03.html,blog,"FAQPage,BreadcrumbList,BlogPosting,Article",BlogPosting,SCHEMA_OK,valid
blog/automacao-imobiliarias-pequenas-litoral-2026.html,blog,"FAQPage,BreadcrumbList,BlogPosting,Article",BlogPosting,SCHEMA_OK,valid
blog/automacao-imobiliária-2026-vendas-2026-07-22.html,blog,"FAQPage,BreadcrumbList,BlogPosting,Article",BlogPosting,SCHEMA_OK,valid
blog/automacao-imoveis-litoral-reducao-custos-2026.html,blog,"FAQPage,BreadcrumbList,BlogPosting,Article",BlogPosting,SCHEMA_OK,valid
blog/automacao-imoveis-litoral-sem-rebuild.html,blog,"FAQPage,BreadcrumbList,BlogPosting,Article",BlogPosting,SCHEMA_OK,valid
blog/automacao-leads-2026-vendas-2026-08-04.html,blog,"BreadcrumbList,BlogPosting",BlogPosting,SCHEMA_OK,valid
blog/automacao-leads-visitas-2026-2026-08-05.html,blog,BreadcrumbList,BlogPosting,SCHEMA_MISMATCH,valid
blog/automacao-orcamento-anuncios-imobiliarias-pequenas-litoral-2026.html,blog,BlogPosting,BlogPosting,SCHEMA_OK,valid
blog/automacao-pre-qualificacao-leads-imobiliaria-2026.html,blog,"FAQPage,BreadcrumbList,BlogPosting,Article",BlogPosting,SCHEMA_OK,valid
blog/automacao-pre-venda-lancamentos-imobiliarios-2026.html,blog,"FAQPage,BreadcrumbList,BlogPosting,Article",BlogPosting,SCHEMA_OK,valid
blog/automacao-vendas-leads-2026-2026-07-21.html,blog,"FAQPage,BreadcrumbList,BlogPosting,Article",BlogPosting,SCHEMA_OK,valid
blog/automacao-visitas-2026-imobiliária-2026-07-10.html,blog,"FAQPage,BreadcrumbList,BlogPosting,Article",BlogPosting,SCHEMA_OK,valid
blog/automacao-visitas-corretores-2026-2026-08-02.html,blog,"BreadcrumbList,Article,FAQPage,BlogPosting",BlogPosting,SCHEMA_OK,valid
blog/automacao-visitas-corretores-leads-2026-07-23.html,blog,"FAQPage,BreadcrumbList,BlogPosting,Article",BlogPosting,SCHEMA_OK,valid
blog/automacao-visitas-imobiliarias-litoral-2026.html,blog,"FAQPage,BreadcrumbList,BlogPosting,Article",BlogPosting,SCHEMA_OK,valid
blog/automacao-visitas-imoveis-gratis-2026.html,blog,"FAQPage,BreadcrumbList,BlogPosting,Article",BlogPosting,SCHEMA_OK,valid
blog/automacao-visitas-imoveis-litoral-2026.html,blog,"FAQPage,BreadcrumbList,BlogPosting,Article",BlogPosting,SCHEMA_OK,valid
blog/automacao-visitas-vendas-corretores-2026-07-20.html,blog,"FAQPage,BreadcrumbList,BlogPosting,Article",BlogPosting,SCHEMA_OK,valid
blog/automacao-whatsapp-imobiliarias-litoraneas-checklist-2026.html,blog,"FAQPage,BreadcrumbList,BlogPosting,Article",BlogPosting,SCHEMA_OK,valid
blog/automacao-whatsapp-reduzir-faltas-visitas-litoral-2026.html,blog,"FAQPage,BreadcrumbList,BlogPosting,Article",BlogPosting,SCHEMA_OK,valid
blog/automatizacao-visitas-imoveis-litoral-2026.html,blog,"FAQPage,BreadcrumbList,BlogPosting,Article",BlogPosting,SCHEMA_OK,valid
blog/avaliacao-automatica-anuncios-imoveis-litoral.html,blog,"FAQPage,BreadcrumbList,BlogPosting,Article",BlogPosting,SCHEMA_OK,valid
blog/avaliacao-automatica-preco-mercado-litoral-2026.html,blog,"FAQPage,BreadcrumbList,BlogPosting,Article",BlogPosting,SCHEMA_OK,valid
blog/avaliacao-automatica-preco-mercado-litoral-passos-2026-07-21.html,blog,"FAQPage,BreadcrumbList,BlogPosting,Article",BlogPosting,SCHEMA_OK,valid
blog/avaliacao-corretor-litoral-paulista-2026.html,blog,"FAQPage,BreadcrumbList,BlogPosting,Article",BlogPosting,SCHEMA_OK,valid
blog/avaliacao-de-imoveis-automatizada-ferramenta-gratuita-litoral-em-bertioga-2026-07-12.html,blog,"FAQPage,BreadcrumbList,BlogPosting,Article",BlogPosting,SCHEMA_OK,valid
blog/avaliacao-imoveis-em-massa-litoral-2026.html,blog,"FAQPage,BreadcrumbList,BlogPosting,Article",BlogPosting,SCHEMA_OK,valid
blog/avaliacao-imoveis-IA-litoral-comparativo-metodos-2026.html,blog,"FAQPage,BreadcrumbList,BlogPosting,Article",BlogPosting,SCHEMA_OK,valid
blog/avaliacao-imoveis-litoral-guia-profissional.html,blog,"FAQPage,BreadcrumbList,BlogPosting,Article",BlogPosting,SCHEMA_OK,valid
blog/avaliacao-imoveis-luxo-litoral-2026.html,blog,"FAQPage,BreadcrumbList,BlogPosting,Article",BlogPosting,SCHEMA_OK,valid
blog/avaliacao-imoveis-online-gratuita-litoral-paulista-2026.html,blog,"FAQPage,BreadcrumbList,BlogPosting,Article",BlogPosting,SCHEMA_OK,valid
blog/avaliacao-imovel-fechar-parcerias-litoral-2026.html,blog,"FAQPage,BreadcrumbList,BlogPosting,Article",BlogPosting,SCHEMA_OK,valid
blog/avaliacao-imovel-litoral-metodos-2026.html,blog,BlogPosting,BlogPosting,SCHEMA_OK,valid
blog/avaliacao-imovel-online-litoral-2026.html,blog,"FAQPage,BreadcrumbList,BlogPosting,Article",BlogPosting,SCHEMA_OK,valid
blog/avaliacao-manual-vs-automatica-imoveis-litoral-2026.html,blog,"FAQPage,BreadcrumbList,BlogPosting,Article",BlogPosting,SCHEMA_OK,valid
blog/avaliacao-mercado-imoveis-litoral-2026.html,blog,BlogPosting,BlogPosting,SCHEMA_OK,valid
blog/avaliacao-online-vs-presencial-confiavel-litoral-2026.html,blog,BlogPosting,BlogPosting,SCHEMA_OK,valid
blog/avaliacao-online-vs-presencial-imoveis-litoral-2026.html,blog,BlogPosting,BlogPosting,SCHEMA_OK,valid
blog/avaliacao-performance-parcerias-imobiliarias-litoral-2026.html,blog,"FAQPage,BreadcrumbList,BlogPosting,Article",BlogPosting,SCHEMA_OK,valid
blog/avaliacao-preco-avancar-negocios-imobiliarios-litoral-2026.html,blog,"FAQPage,BreadcrumbList,BlogPosting,Article",BlogPosting,SCHEMA_OK,valid
blog/avaliacao-preco-imoveis-litoral-2026.html,blog,"BreadcrumbList,Article",BlogPosting,SCHEMA_MISMATCH,valid
blog/avaliacao-preco-mercado-litoral.html,blog,"FAQPage,BreadcrumbList,BlogPosting,Article",BlogPosting,SCHEMA_OK,valid
blog/avaliacao-preco-temporada-litoral-2026.html,blog,"FAQPage,BreadcrumbList,BlogPosting,Article",BlogPosting,SCHEMA_OK,valid
blog/avaliacao-risco-credito-locacao-temporada-litoral-2026.html,blog,"FAQPage,BreadcrumbList,BlogPosting,Article",BlogPosting,SCHEMA_OK,valid
blog/avaliacao-risco-credito-locatario-temporada-2026.html,blog,"FAQPage,BreadcrumbList,BlogPosting,Article",BlogPosting,SCHEMA_OK,valid
blog/avaliacoes-google-imobiliarias-litoral-reputacao-local-2026.html,blog,BlogPosting,BlogPosting,SCHEMA_OK,valid
blog/avaliar-imovel-antes-comprar-litoral-paulista-em-mongaguá-2026-07-13.html,blog,"FAQPage,BreadcrumbList,BlogPosting,Article",BlogPosting,SCHEMA_OK,valid
blog/avaliar-imovel-na-planta-litoral-checklist.html,blog,"FAQPage,BreadcrumbList,BlogPosting,Article",BlogPosting,SCHEMA_OK,valid
blog/avaliar-imovel-usado-litoral-checklist-2026.html,blog,"FAQPage,BreadcrumbList,BlogPosting,Article",BlogPosting,SCHEMA_OK,valid
blog/avaliar-potencial-valorizacao-bairro-litoral-2026.html,blog,BlogPosting,BlogPosting,SCHEMA_OK,valid
blog/avaliação-automática-de-preço-como-usar-no-atendimento-lote-2026-08-03-33.html,blog,"BlogPosting,BreadcrumbList,FAQPage",BlogPosting,SCHEMA_OK,valid
blog/avancar-negociacao-ligacao-litoral-2026.html,blog,"FAQPage,BreadcrumbList,BlogPosting,Article",BlogPosting,SCHEMA_OK,valid
blog/avenida-da-praia-santos-imoveis-oportunidades-2026.html,blog,"FAQPage,BreadcrumbList,BlogPosting,Article",BlogPosting,SCHEMA_OK,valid
blog/avenida-da-praia-santos-imoveis-precos-dicas-2026.html,blog,"FAQPage,BreadcrumbList,BlogPosting,Article",BlogPosting,SCHEMA_OK,valid
blog/averbacao-obra-imovel-litoral-necessaria-quando-2026.html,blog,BlogPosting,BlogPosting,SCHEMA_OK,valid
blog/backlinks-imobiliaria-litoral-2026.html,blog,"FAQPage,BreadcrumbList,BlogPosting,Article",BlogPosting,SCHEMA_OK,valid
blog/backup-seguranca-dados-imobiliarias-litoral-2026.html,blog,"FAQPage,BreadcrumbList,BlogPosting,Article",BlogPosting,SCHEMA_OK,valid
blog/baixa-temporada-litoral-captar-imoveis-2026.html,blog,"FAQPage,BreadcrumbList,BlogPosting,Article",BlogPosting,SCHEMA_OK,valid
blog/balneario-camboriu-compras-praia-2026-sp-2026-07-14.html,blog,"FAQPage,BreadcrumbList,BlogPosting,Article",BlogPosting,SCHEMA_OK,valid
blog/barra-do-sul-bairros-imoveis-2026.html,blog,"BlogPosting,BreadcrumbList",BlogPosting,SCHEMA_INVALID,invalid_json: Expecting property name enclosed in double quotes: line 7 column 5 (char 307)
blog/barra-do-sul-compra-venda-imoveis-2026.html,blog,"BlogPosting,BreadcrumbList",BlogPosting,SCHEMA_INVALID,invalid_json: Expecting property name enclosed in double quotes: line 7 column 5 (char 303)
blog/barra-do-sul-editorial-imoveis-2026.html,blog,"BlogPosting,BreadcrumbList",BlogPosting,SCHEMA_INVALID,invalid_json: Expecting property name enclosed in double quotes: line 7 column 5 (char 273)
blog/barra-do-sul-investimento-imoveis-2026.html,blog,"BlogPosting,BreadcrumbList",BlogPosting,SCHEMA_INVALID,invalid_json: Expecting property name enclosed in double quotes: line 7 column 5 (char 291)
blog/barra-do-sul-rentabilidade-imoveis-2026.html,blog,"BlogPosting,BreadcrumbList",BlogPosting,SCHEMA_INVALID,invalid_json: Expecting property name enclosed in double quotes: line 7 column 5 (char 283)
blog/barra-do-sul-temporada-gestao-imoveis-2026.html,blog,"BlogPosting,BreadcrumbList",BlogPosting,SCHEMA_INVALID,invalid_json: Expecting property name enclosed in double quotes: line 7 column 5 (char 268)
blog/barra-velha-ilhabela-imoveis-oportunidades-2026.html,blog,"FAQPage,BreadcrumbList,BlogPosting,Article",BlogPosting,SCHEMA_OK,valid
blog/beneficios-investir-imovel-na-planta-em-ubatuba-2026-07-12.html,blog,"FAQPage,BreadcrumbList,BlogPosting,Article",BlogPosting,SCHEMA_OK,valid
blog/bertioga-administracao-aluguel-temporada-2026.html,blog,BreadcrumbList,BlogPosting,SCHEMA_INVALID,"invalid_json: Expecting ',' delimiter: line 14 column 1 (char 779)"
blog/bertioga-aluguel-por-temporada-em-bertioga-como-aumentar-ocupacao-e-renda.html,blog,BlogPosting,BlogPosting,SCHEMA_OK,valid
blog/bertioga-aluguel-temporada-2026.html,blog,BlogPosting,BlogPosting,SCHEMA_OK,valid
blog/bertioga-artigo-cases-imoveis-2026.html,blog,"BlogPosting,BreadcrumbList",BlogPosting,SCHEMA_OK,valid
blog/bertioga-artigo-compra-imoveis-2026.html,blog,"BlogPosting,BreadcrumbList",BlogPosting,SCHEMA_OK,valid
blog/bertioga-artigo-editorial-imoveis-2026.html,blog,"BlogPosting,BreadcrumbList",BlogPosting,SCHEMA_OK,valid
blog/bertioga-artigo-financiamento-imoveis-2026.html,blog,"BlogPosting,BreadcrumbList",BlogPosting,SCHEMA_OK,valid
blog/bertioga-artigo-juridico-imoveis-2026.html,blog,"BlogPosting,BreadcrumbList",BlogPosting,SCHEMA_OK,valid
blog/bertioga-artigo-marketing-digital-imoveis-2026.html,blog,"BlogPosting,BreadcrumbList",BlogPosting,SCHEMA_OK,valid
blog/bertioga-artigo-parcerias-imoveis-2026.html,blog,"BlogPosting,BreadcrumbList",BlogPosting,SCHEMA_OK,valid
blog/bertioga-artigo-seo-local-imoveis-2026.html,blog,"BlogPosting,BreadcrumbList",BlogPosting,SCHEMA_OK,valid
blog/bertioga-automacao-ia-imoveis-2026.html,blog,"BlogPosting,BreadcrumbList",BlogPosting,SCHEMA_OK,valid
blog/bertioga-automacao-imobiliarias-2026.html,blog,"BlogPosting,BreadcrumbList",BlogPosting,SCHEMA_INVALID,invalid_json: Expecting property name enclosed in double quotes: line 7 column 5 (char 307)
blog/bertioga-automacao-imoveis-2026.html,blog,"BlogPosting,BreadcrumbList",BlogPosting,SCHEMA_OK,valid
blog/bertioga-bairros-imoveis-2026.html,blog,"BlogPosting,BreadcrumbList",BlogPosting,SCHEMA_INVALID,invalid_json: Expecting property name enclosed in double quotes: line 7 column 5 (char 290)
blog/bertioga-bertioga-checklist-para-investimento-imobiliario-guia-2026.html,blog,BlogPosting,BlogPosting,SCHEMA_OK,valid
blog/bertioga-bertioga-checklist-para-locacao-de-temporada-guia-2026.html,blog,BlogPosting,BlogPosting,SCHEMA_OK,valid
blog/bertioga-bertioga-compra-e-venda-de-imoveis-analise-2026.html,blog,BlogPosting,BlogPosting,SCHEMA_OK,valid
blog/bertioga-bertioga-curso-de-investimento-imobiliario-guia-2026.html,blog,BlogPosting,BlogPosting,SCHEMA_OK,valid
blog/bertioga-bertioga-curso-para-corretor-de-imoveis-guia-2026.html,blog,BlogPosting,BlogPosting,SCHEMA_OK,valid
blog/bertioga-bertioga-guia-para-compra-de-imoveis-analise-2026.html,blog,BlogPosting,BlogPosting,SCHEMA_OK,valid
blog/bertioga-bertioga-guia-para-investimento-imobiliario-analise-2026.html,blog,BlogPosting,BlogPosting,SCHEMA_OK,valid
blog/bertioga-bertioga-guia-para-locacao-de-temporada-analise-2026.html,blog,BlogPosting,BlogPosting,SCHEMA_OK,valid
blog/bertioga-bertioga-investimento-imobiliario-analise-2026.html,blog,BlogPosting,BlogPosting,SCHEMA_OK,valid
blog/bertioga-bertioga-locacao-de-temporada-analise-2026.html,blog,BlogPosting,BlogPosting,SCHEMA_OK,valid
blog/bertioga-bertioga-marketing-digital-para-imoveis-guia-2026.html,blog,BlogPosting,BlogPosting,SCHEMA_OK,valid
blog/bertioga-case-de-sucesso-marketing-digital-para-imoveis-em-bertioga-em-2026.html,blog,BlogPosting,BlogPosting,SCHEMA_OK,valid
blog/bertioga-case-social-rapido-para-parcerias-em-bertioga.html,blog,BlogPosting,BlogPosting,SCHEMA_OK,valid
blog/bertioga-case-sucesso-automacao-imoveis-2026.html,blog,"BlogPosting,BreadcrumbList",BlogPosting,SCHEMA_OK,valid
blog/bertioga-case-sucesso-cases-imoveis-2026.html,blog,"BlogPosting,BreadcrumbList",BlogPosting,SCHEMA_OK,valid
blog/bertioga-case-sucesso-editorial-imoveis-2026.html,blog,"BlogPosting,BreadcrumbList",BlogPosting,SCHEMA_OK,valid
blog/bertioga-case-sucesso-financiamento-imoveis-2026.html,blog,"BlogPosting,BreadcrumbList",BlogPosting,SCHEMA_OK,valid
blog/bertioga-case-sucesso-juridico-imoveis-2026.html,blog,"BlogPosting,BreadcrumbList",BlogPosting,SCHEMA_OK,valid
blog/bertioga-case-sucesso-parcerias-imoveis-2026.html,blog,"BlogPosting,BreadcrumbList",BlogPosting,SCHEMA_OK,valid
blog/bertioga-case-sucesso-seo-local-imoveis-2026.html,blog,"BlogPosting,BreadcrumbList",BlogPosting,SCHEMA_OK,valid
blog/bertioga-cases-imoveis-2026.html,blog,"BlogPosting,BreadcrumbList",BlogPosting,SCHEMA_OK,valid
blog/bertioga-checklist-automacao-imoveis-2026.html,blog,"BlogPosting,BreadcrumbList",BlogPosting,SCHEMA_OK,valid
blog/bertioga-checklist-cases-imoveis-2026.html,blog,"BlogPosting,BreadcrumbList",BlogPosting,SCHEMA_OK,valid
blog/bertioga-checklist-editorial-imoveis-2026.html,blog,"BlogPosting,BreadcrumbList",BlogPosting,SCHEMA_OK,valid
blog/bertioga-checklist-financiamento-imoveis-2026.html,blog,"BlogPosting,BreadcrumbList",BlogPosting,SCHEMA_OK,valid
blog/bertioga-checklist-investimento-imoveis-2026.html,blog,"BlogPosting,BreadcrumbList",BlogPosting,SCHEMA_OK,valid
blog/bertioga-checklist-juridico-imoveis-2026.html,blog,"BlogPosting,BreadcrumbList",BlogPosting,SCHEMA_OK,valid
blog/bertioga-checklist-locacao-temporada-imoveis-2026.html,blog,"BlogPosting,BreadcrumbList",BlogPosting,SCHEMA_OK,valid
blog/bertioga-checklist-marketing-digital-imoveis-2026.html,blog,"BlogPosting,BreadcrumbList",BlogPosting,SCHEMA_OK,valid
blog/bertioga-checklist-parcerias-imoveis-2026.html,blog,"BlogPosting,BreadcrumbList",BlogPosting,SCHEMA_OK,valid
blog/bertioga-checklist-seo-local-imoveis-2026.html,blog,"BlogPosting,BreadcrumbList",BlogPosting,SCHEMA_OK,valid
blog/bertioga-como-captar-leads-em-bertioga-sem-anuncios.html,blog,BlogPosting,BlogPosting,SCHEMA_OK,valid
blog/bertioga-compra-venda-imoveis-2026.html,blog,"BlogPosting,BreadcrumbList",BlogPosting,SCHEMA_OK,valid
blog/bertioga-curso-automacao-imoveis-2026.html,blog,"BlogPosting,BreadcrumbList",BlogPosting,SCHEMA_OK,valid
blog/bertioga-curso-bairros-imoveis-2026.html,blog,"BlogPosting,BreadcrumbList",BlogPosting,SCHEMA_OK,valid
blog/bertioga-curso-cases-imoveis-2026.html,blog,"BlogPosting,BreadcrumbList",BlogPosting,SCHEMA_OK,valid
blog/bertioga-curso-corretor-imoveis-2026.html,blog,"BlogPosting,BreadcrumbList",BlogPosting,SCHEMA_OK,valid
blog/bertioga-curso-editorial-imoveis-2026.html,blog,"BlogPosting,BreadcrumbList",BlogPosting,SCHEMA_OK,valid
blog/bertioga-curso-financiamento-imoveis-2026.html,blog,"BlogPosting,BreadcrumbList",BlogPosting,SCHEMA_OK,valid
blog/bertioga-curso-investimento-imoveis-2026.html,blog,"BlogPosting,BreadcrumbList",BlogPosting,SCHEMA_OK,valid
blog/bertioga-curso-juridico-imoveis-2026.html,blog,"BlogPosting,BreadcrumbList",BlogPosting,SCHEMA_OK,valid
blog/bertioga-curso-locacao-temporada-imoveis-2026.html,blog,"BlogPosting,BreadcrumbList",BlogPosting,SCHEMA_OK,valid
blog/bertioga-curso-marketing-digital-imoveis-2026.html,blog,"BlogPosting,BreadcrumbList",BlogPosting,SCHEMA_OK,valid
blog/bertioga-curso-parcerias-imoveis-2026.html,blog,"BlogPosting,BreadcrumbList",BlogPosting,SCHEMA_OK,valid
blog/bertioga-curso-seo-local-imoveis-2026.html,blog,"BlogPosting,BreadcrumbList",BlogPosting,SCHEMA_OK,valid
blog/bertioga-editorial-2026.html,blog,"BlogPosting,BreadcrumbList",BlogPosting,SCHEMA_OK,valid
blog/bertioga-editorial-imoveis-2026.html,blog,"BlogPosting,BreadcrumbList",BlogPosting,SCHEMA_INVALID,invalid_json: Expecting property name enclosed in double quotes: line 7 column 5 (char 299)
blog/bertioga-faq.html,blog,"FAQPage,BreadcrumbList,BlogPosting,Article",BlogPosting,SCHEMA_OK,valid
blog/bertioga-financiamento-imoveis-2026.html,blog,"BlogPosting,BreadcrumbList",BlogPosting,SCHEMA_OK,valid
blog/bertioga-guia-compra-imoveis-2026.html,blog,"BlogPosting,BreadcrumbList",BlogPosting,SCHEMA_OK,valid
blog/bertioga-guia-investimento-imoveis-2026.html,blog,"BlogPosting,BreadcrumbList",BlogPosting,SCHEMA_OK,valid
blog/bertioga-guia-locacao-temporada-imoveis-2026.html,blog,"BlogPosting,BreadcrumbList",BlogPosting,SCHEMA_OK,valid
blog/bertioga-imoveis-temporada-oportunidades-2026.html,blog,"FAQPage,BreadcrumbList,BlogPosting,Article",BlogPosting,SCHEMA_OK,valid
blog/bertioga-investimento-imobiliario-em-bertioga-2026-oportunidades-e-retorno.html,blog,BlogPosting,BlogPosting,SCHEMA_OK,valid
blog/bertioga-investimento-imoveis-2026.html,blog,"BlogPosting,BreadcrumbList",BlogPosting,SCHEMA_OK,valid
blog/bertioga-juridico-imoveis-2026.html,blog,"BlogPosting,BreadcrumbList",BlogPosting,SCHEMA_OK,valid
blog/bertioga-locacao-temporada-imoveis-2026.html,blog,"BlogPosting,BreadcrumbList",BlogPosting,SCHEMA_OK,valid
blog/bertioga-marketing-digital-imobiliarias-2026.html,blog,"BlogPosting,BreadcrumbList",BlogPosting,SCHEMA_INVALID,invalid_json: Expecting property name enclosed in double quotes: line 7 column 5 (char 297)
blog/bertioga-marketing-digital-imoveis-2026.html,blog,"BlogPosting,BreadcrumbList",BlogPosting,SCHEMA_OK,valid
blog/bertioga-parcerias-imobiliarias-2026.html,blog,"BlogPosting,BreadcrumbList",BlogPosting,SCHEMA_INVALID,invalid_json: Expecting property name enclosed in double quotes: line 7 column 5 (char 297)
blog/bertioga-parcerias-imoveis-2026.html,blog,"BlogPosting,BreadcrumbList",BlogPosting,SCHEMA_OK,valid
blog/bertioga-rentabilidade-imoveis-2026.html,blog,"BlogPosting,BreadcrumbList",BlogPosting,SCHEMA_INVALID,invalid_json: Expecting property name enclosed in double quotes: line 7 column 5 (char 308)
blog/bertioga-riviera-sao-francisco-guia-2026-sp-2026-07-14.html,blog,"FAQPage,BreadcrumbList,BlogPosting,Article",BlogPosting,SCHEMA_OK,valid
blog/bertioga-seo-local-em-bertioga-para-imoveis.html,blog,BlogPosting,BlogPosting,SCHEMA_OK,valid
blog/bertioga-seo-local-imoveis-2026.html,blog,"BlogPosting,BreadcrumbList",BlogPosting,SCHEMA_OK,valid
blog/bertioga-temporada-gestao-imoveis-2026.html,blog,"BlogPosting,BreadcrumbList",BlogPosting,SCHEMA_INVALID,invalid_json: Expecting property name enclosed in double quotes: line 7 column 5 (char 297)
blog/bertioga-x-outras-cidades-litoral.html,blog,"FAQPage,BreadcrumbList,BlogPosting,Article",BlogPosting,SCHEMA_OK,valid
blog/biblioteca-contratos-documentos-imobiliaria.html,blog,"FAQPage,BreadcrumbList,BlogPosting,Article",BlogPosting,SCHEMA_OK,valid
blog/blindagem-contrato-aluguel-temporada-checklist-2026.html,blog,"FAQPage,BreadcrumbList,BlogPosting,Article",BlogPosting,SCHEMA_OK,valid
blog/boicucanga-bairros-imoveis-2026.html,blog,"BlogPosting,BreadcrumbList",BlogPosting,SCHEMA_INVALID,invalid_json: Expecting property name enclosed in double quotes: line 7 column 5 (char 305)
blog/boicucanga-compra-venda-imoveis-2026.html,blog,"BlogPosting,BreadcrumbList",BlogPosting,SCHEMA_INVALID,invalid_json: Expecting property name enclosed in double quotes: line 7 column 5 (char 301)
blog/boicucanga-editorial-imoveis-2026.html,blog,"BlogPosting,BreadcrumbList",BlogPosting,SCHEMA_INVALID,invalid_json: Expecting property name enclosed in double quotes: line 7 column 5 (char 271)
blog/boicucanga-investimento-imoveis-2026.html,blog,"BlogPosting,BreadcrumbList",BlogPosting,SCHEMA_INVALID,invalid_json: Expecting property name enclosed in double quotes: line 7 column 5 (char 289)
blog/boicucanga-rentabilidade-imoveis-2026.html,blog,"BlogPosting,BreadcrumbList",BlogPosting,SCHEMA_INVALID,invalid_json: Expecting property name enclosed in double quotes: line 7 column 5 (char 283)
blog/boicucanga-temporada-gestao-imoveis-2026.html,blog,"BlogPosting,BreadcrumbList",BlogPosting,SCHEMA_INVALID,invalid_json: Expecting property name enclosed in double quotes: line 7 column 5 (char 266)
blog/bombinhas-natureza-mergulho-2026-sc-2026-07-14.html,blog,"FAQPage,BreadcrumbList,BlogPosting,Article",BlogPosting,SCHEMA_OK,valid
blog/boqueirao-santos-imoveis-guias-oportunidades-2026.html,blog,"FAQPage,BreadcrumbList,BlogPosting,Article",BlogPosting,SCHEMA_OK,valid
blog/boqueirao-santos-imoveis-oportunidades-2026.html,blog,"FAQPage,BreadcrumbList,BlogPosting,Article",BlogPosting,SCHEMA_OK,valid
blog/branding-local-imobiliarias-litoral-paulista-2026.html,blog,"FAQPage,BreadcrumbList,BlogPosting,Article",BlogPosting,SCHEMA_OK,valid
blog/buzios-praias-famosas-guia-2026-rj-2026-07-14.html,blog,"FAQPage,BreadcrumbList,BlogPosting,Article",BlogPosting,SCHEMA_OK,valid
blog/cabo-frio-roteiro-casais-2026-sp-2026-07-14.html,blog,"FAQPage,BreadcrumbList,BlogPosting,Article",BlogPosting,SCHEMA_OK,valid
blog/calculadora-cientifica-creci-provas-2026.html,blog,"FAQPage,BreadcrumbList,BlogPosting,Article",BlogPosting,SCHEMA_OK,valid
blog/calculadora-investimento-imoveis-litoral.html,blog,"FAQPage,BreadcrumbList,BlogPosting,Article",BlogPosting,SCHEMA_OK,valid
blog/calculadora-roi-imobiliaria-ia.html,blog,"FAQPage,BreadcrumbList,BlogPosting,Article",BlogPosting,SCHEMA_OK,valid
blog/calcular-roi-aluguel-tradicional-imovel-litoral-2026.html,blog,BlogPosting,BlogPosting,SCHEMA_OK,valid
blog/calendario-conteudo-imobiliario-litoral.html,blog,"FAQPage,BreadcrumbList,BlogPosting,Article",BlogPosting,SCHEMA_OK,valid
blog/camburi-bairros-imoveis-2026.html,blog,"BlogPosting,BreadcrumbList",BlogPosting,SCHEMA_INVALID,invalid_json: Expecting property name enclosed in double quotes: line 7 column 5 (char 302)
blog/camburi-compra-venda-imoveis-2026.html,blog,"BlogPosting,BreadcrumbList",BlogPosting,SCHEMA_INVALID,invalid_json: Expecting property name enclosed in double quotes: line 7 column 5 (char 298)
blog/camburi-editorial-imoveis-2026.html,blog,"BlogPosting,BreadcrumbList",BlogPosting,SCHEMA_INVALID,invalid_json: Expecting property name enclosed in double quotes: line 7 column 5 (char 268)
blog/camburi-investimento-imoveis-2026.html,blog,"BlogPosting,BreadcrumbList",BlogPosting,SCHEMA_INVALID,invalid_json: Expecting property name enclosed in double quotes: line 7 column 5 (char 286)
blog/camburi-rentabilidade-imoveis-2026.html,blog,"BlogPosting,BreadcrumbList",BlogPosting,SCHEMA_INVALID,invalid_json: Expecting property name enclosed in double quotes: line 7 column 5 (char 283)
blog/camburi-temporada-gestao-imoveis-2026.html,blog,"BlogPosting,BreadcrumbList",BlogPosting,SCHEMA_INVALID,invalid_json: Expecting property name enclosed in double quotes: line 7 column 5 (char 263)
blog/canais-prospeccao-imoveis-litoral-2026.html,blog,"FAQPage,BreadcrumbList,BlogPosting,Article",BlogPosting,SCHEMA_OK,valid
blog/cananeia-administracao-aluguel-temporada-2026.html,blog,BreadcrumbList,BlogPosting,SCHEMA_INVALID,"invalid_json: Expecting ',' delimiter: line 14 column 1 (char 779)"
blog/cananeia-automacao-imobiliarias-2026.html,blog,"BlogPosting,BreadcrumbList",BlogPosting,SCHEMA_INVALID,invalid_json: Expecting property name enclosed in double quotes: line 7 column 5 (char 307)
blog/cananeia-bairros-imoveis-2026.html,blog,"BlogPosting,BreadcrumbList",BlogPosting,SCHEMA_INVALID,invalid_json: Expecting property name enclosed in double quotes: line 7 column 5 (char 290)
blog/cananeia-cases-imoveis-2026.html,blog,"BlogPosting,BreadcrumbList",BlogPosting,SCHEMA_INVALID,invalid_json: Expecting property name enclosed in double quotes: line 7 column 5 (char 294)
blog/cananeia-compra-venda-imoveis-2026.html,blog,"BlogPosting,BreadcrumbList",BlogPosting,SCHEMA_INVALID,invalid_json: Expecting property name enclosed in double quotes: line 7 column 5 (char 279)
blog/cananeia-editorial-imoveis-2026.html,blog,"BlogPosting,BreadcrumbList",BlogPosting,SCHEMA_INVALID,invalid_json: Expecting property name enclosed in double quotes: line 7 column 5 (char 299)
blog/cananeia-financiamento-imoveis-2026.html,blog,"BlogPosting,BreadcrumbList",BlogPosting,SCHEMA_INVALID,invalid_json: Expecting property name enclosed in double quotes: line 7 column 5 (char 290)
blog/cananeia-investimento-imoveis-2026.html,blog,"BlogPosting,BreadcrumbList",BlogPosting,SCHEMA_INVALID,invalid_json: Expecting property name enclosed in double quotes: line 7 column 5 (char 272)
blog/cananeia-juridico-imoveis-2026.html,blog,"BlogPosting,BreadcrumbList",BlogPosting,SCHEMA_INVALID,invalid_json: Expecting property name enclosed in double quotes: line 7 column 5 (char 277)
blog/cananeia-locacao-temporada-imoveis-2026.html,blog,"BlogPosting,BreadcrumbList",BlogPosting,SCHEMA_INVALID,invalid_json: Expecting property name enclosed in double quotes: line 7 column 5 (char 297)
blog/cananeia-marketing-digital-imobiliarias-2026.html,blog,"BlogPosting,BreadcrumbList",BlogPosting,SCHEMA_INVALID,invalid_json: Expecting property name enclosed in double quotes: line 7 column 5 (char 297)
blog/cananeia-parcerias-imobiliarias-2026.html,blog,"BlogPosting,BreadcrumbList",BlogPosting,SCHEMA_INVALID,invalid_json: Expecting property name enclosed in double quotes: line 7 column 5 (char 297)
blog/cananeia-rentabilidade-imoveis-2026.html,blog,"BlogPosting,BreadcrumbList",BlogPosting,SCHEMA_INVALID,invalid_json: Expecting property name enclosed in double quotes: line 7 column 5 (char 308)
blog/cananeia-seo-local-imoveis-2026.html,blog,"BlogPosting,BreadcrumbList",BlogPosting,SCHEMA_INVALID,invalid_json: Expecting property name enclosed in double quotes: line 7 column 5 (char 298)
blog/cananeia-temporada-gestao-imoveis-2026.html,blog,"BlogPosting,BreadcrumbList",BlogPosting,SCHEMA_INVALID,invalid_json: Expecting property name enclosed in double quotes: line 7 column 5 (char 297)
blog/captacao-2026-imóveis-leads-2026-07-24.html,blog,"BlogPosting,BreadcrumbList,FAQPage",BlogPosting,SCHEMA_OK,valid
blog/captacao-2026-litoral-imóveis-2026-08-17.html,blog,BlogPosting,BlogPosting,SCHEMA_OK,valid
blog/captacao-2026-litoral-leads-2026-07-16.html,blog,"FAQPage,BreadcrumbList,BlogPosting,Article",BlogPosting,SCHEMA_OK,valid
blog/captacao-alta-temporada-litoral-2026.html,blog,"FAQPage,BreadcrumbList,BlogPosting,Article",BlogPosting,SCHEMA_OK,valid
blog/captacao-corretores-sem-anuncios-pagos-2026.html,blog,"FAQPage,BreadcrumbList,BlogPosting,Article",BlogPosting,SCHEMA_OK,valid
blog/captacao-digital-imobiliarias-litoral-anuncios-landing-pages-conversao-2026.html,blog,BlogPosting,BlogPosting,SCHEMA_OK,valid
blog/captacao-imobiliária-imóveis-2026-2026-07-19.html,blog,"FAQPage,BreadcrumbList,BlogPosting,Article",BlogPosting,SCHEMA_OK,valid
blog/captacao-imoveis-alta-temporada-santos-ia.html,blog,"FAQPage,BreadcrumbList,BlogPosting,Article",BlogPosting,SCHEMA_OK,valid
blog/captacao-imoveis-alto-padrao-litoral-sul-2026.html,blog,"FAQPage,BreadcrumbList,BlogPosting,Article",BlogPosting,SCHEMA_OK,valid
blog/captacao-imoveis-baixa-temporada-2026.html,blog,"FAQPage,BreadcrumbList,BlogPosting,Article",BlogPosting,SCHEMA_OK,valid
blog/captacao-imoveis-baixa-temporada-guaruja-ia.html,blog,"FAQPage,BreadcrumbList,BlogPosting,Article",BlogPosting,SCHEMA_OK,valid
blog/captacao-imoveis-baixa-temporada-imobiliaria.html,blog,"FAQPage,BreadcrumbList,BlogPosting,Article",BlogPosting,SCHEMA_OK,valid
blog/captacao-imoveis-estrangeiros-roteiro-corretores.html,blog,"BlogPosting,BreadcrumbList,FAQPage",BlogPosting,SCHEMA_OK,valid
blog/captacao-imoveis-feriado-bertioga-ia.html,blog,"FAQPage,BreadcrumbList,BlogPosting,Article",BlogPosting,SCHEMA_OK,valid
blog/captacao-imoveis-google-meu-negocio-litoral-2026.html,blog,"FAQPage,BreadcrumbList,BlogPosting,Article",BlogPosting,SCHEMA_OK,valid
blog/captacao-imoveis-gratis-litoral-2026.html,blog,"FAQPage,BreadcrumbList,BlogPosting,Article",BlogPosting,SCHEMA_OK,valid
blog/captacao-imoveis-indicacao-script-corretores-litoral-2026.html,blog,BlogPosting,BlogPosting,SCHEMA_OK,valid
blog/captacao-imoveis-instagram-litoral-2026.html,blog,"FAQPage,BreadcrumbList,BlogPosting,Article",BlogPosting,SCHEMA_OK,valid
blog/captacao-imoveis-inverno-litoral-2026.html,blog,"FAQPage,BreadcrumbList,BlogPosting,Article",BlogPosting,SCHEMA_OK,valid
blog/captacao-imoveis-inverno-saovicente-ia.html,blog,"FAQPage,BreadcrumbList,BlogPosting,Article",BlogPosting,SCHEMA_OK,valid
blog/captacao-imoveis-litoral-metodo-segredo-2026.html,blog,"FAQPage,BreadcrumbList,BlogPosting,Article",BlogPosting,SCHEMA_OK,valid
blog/captacao-imoveis-litoral-sem-taxa-2026.html,blog,"FAQPage,BreadcrumbList,BlogPosting,Article",BlogPosting,SCHEMA_OK,valid
blog/captacao-imoveis-litoral-tecnicas-abordagem-canal-2026.html,blog,BlogPosting,BlogPosting,SCHEMA_OK,valid
blog/captacao-imoveis-para-corretores-sem-investimento-em-peruíbe-2026-07-13.html,blog,"FAQPage,BreadcrumbList,BlogPosting,Article",BlogPosting,SCHEMA_OK,valid
blog/captacao-imoveis-propriedade-horizontal-litoral-2026.html,blog,BlogPosting,BlogPosting,SCHEMA_OK,valid
blog/captacao-imoveis-proprietarios-litoral-2026.html,blog,"FAQPage,BreadcrumbList,BlogPosting,Article",BlogPosting,SCHEMA_OK,valid
blog/captacao-imoveis-regiao-litoral-paulista-2026.html,blog,"FAQPage,BreadcrumbList,BlogPosting,Article",BlogPosting,SCHEMA_OK,valid
blog/captacao-imoveis-sem-anuncios-pagos-corretores-litoral-2026.html,blog,"FAQPage,BreadcrumbList,BlogPosting,Article",BlogPosting,SCHEMA_OK,valid
blog/captacao-imoveis-sem-custo-2026.html,blog,"FAQPage,BreadcrumbList,BlogPosting,Article",BlogPosting,SCHEMA_OK,valid
blog/captacao-imoveis-sem-custo-litoral-2026.html,blog,"FAQPage,BreadcrumbList,BlogPosting,Article",BlogPosting,SCHEMA_OK,valid
blog/captacao-imoveis-sem-investimento-inicial-2026.html,blog,"FAQPage,BreadcrumbList,BlogPosting,Article",BlogPosting,SCHEMA_OK,valid
blog/captacao-imoveis-sem-taxa-litoral-2026.html,blog,"FAQPage,BreadcrumbList,BlogPosting,Article",BlogPosting,SCHEMA_OK,valid
blog/captacao-imoveis-verao-praiagrande-ia.html,blog,"FAQPage,BreadcrumbList,BlogPosting,Article",BlogPosting,SCHEMA_OK,valid
blog/captacao-imoveis-whatsapp-roteiro-2026-07-27.html,blog,"FAQPage,BreadcrumbList,BlogPosting,Article",BlogPosting,SCHEMA_OK,valid
blog/captacao-imóveis-2026-leads-2026-08-18.html,blog,BlogPosting,BlogPosting,SCHEMA_OK,valid
blog/captacao-imóveis-imobiliária-2026-2026-08-02.html,blog,"BreadcrumbList,Article,FAQPage,BlogPosting",BlogPosting,SCHEMA_OK,valid
blog/captacao-imóveis-imobiliária-leads-2026-08-06.html,blog,BreadcrumbList,BlogPosting,SCHEMA_MISMATCH,valid
blog/captacao-imóveis-leads-2026-2026-08-01.html,blog,"BlogPosting,BreadcrumbList,FAQPage",BlogPosting,SCHEMA_OK,valid
blog/captacao-indicacao-clientes-imobiliaria-litoral-2026.html,blog,BlogPosting,BlogPosting,SCHEMA_OK,valid
blog/captacao-leads-2026-litoral-2026-08-05.html,blog,BreadcrumbList,BlogPosting,SCHEMA_MISMATCH,valid
blog/captacao-leads-digitais-litoral-2026.html,blog,"FAQPage,BreadcrumbList,BlogPosting,Article",BlogPosting,SCHEMA_OK,valid
blog/captacao-leads-ia-litoral-paulista-30-dias.html,blog,"FAQPage,BreadcrumbList,BlogPosting,Article",BlogPosting,SCHEMA_OK,valid
blog/captacao-leads-imobiliaria-litoral-ia.html,blog,"FAQPage,BreadcrumbList,BlogPosting,Article",BlogPosting,SCHEMA_OK,valid
blog/captacao-leads-imobiliarias-google-maps.html,blog,"FAQPage,BreadcrumbList,BlogPosting,Article",BlogPosting,SCHEMA_OK,valid
blog/captacao-leads-imobiliarias-litoral-2026.html,blog,"FAQPage,BreadcrumbList,BlogPosting,Article",BlogPosting,SCHEMA_OK,valid
blog/captacao-leads-imobiliária-imóveis-2026-08-09.html,blog,BlogPosting,BlogPosting,SCHEMA_OK,valid
blog/captacao-leads-imobiliária-litoral-2026-07-18.html,blog,"FAQPage,BreadcrumbList,BlogPosting,Article",BlogPosting,SCHEMA_OK,valid
blog/captacao-leads-litoral-paulista-sem-anuncios-2026.html,blog,"FAQPage,BreadcrumbList,BlogPosting,Article",BlogPosting,SCHEMA_OK,valid
blog/captacao-leads-litoral-sem-anuncios-pagos-2026.html,blog,"FAQPage,BreadcrumbList,BlogPosting,Article",BlogPosting,SCHEMA_OK,valid
blog/captacao-leads-sem-anuncios-em-corretores-verao-em-praia-grande-2026-07-12.html,blog,"FAQPage,BreadcrumbList,BlogPosting,Article",BlogPosting,SCHEMA_OK,valid
blog/captacao-leads-video-curto-2026.html,blog,"FAQPage,BreadcrumbList,BlogPosting,Article",BlogPosting,SCHEMA_OK,valid
blog/captacao-leads-whatsapp-litoral-paulista-2026.html,blog,"FAQPage,BreadcrumbList,BlogPosting,Article",BlogPosting,SCHEMA_OK,valid
blog/captacao-offline-SEO-imobiliarias-litoral-sem-ferramentas-2026.html,blog,"FAQPage,BreadcrumbList,BlogPosting,Article",BlogPosting,SCHEMA_OK,valid
blog/captacao-organica-corretores-litoral-paulista-2026.html,blog,"FAQPage,BreadcrumbList,BlogPosting,Article",BlogPosting,SCHEMA_OK,valid
blog/captacao-orgânica-imoveis-redes-2026.html,blog,"FAQPage,BreadcrumbList,BlogPosting,Article",BlogPosting,SCHEMA_OK,valid
blog/captacao-sem-custo-imobiliarias-litoral-2026.html,blog,"FAQPage,BreadcrumbList,BlogPosting,Article",BlogPosting,SCHEMA_OK,valid
blog/captar-clientes-temporada-litoral-sem-anuncios-2026.html,blog,"FAQPage,BreadcrumbList,BlogPosting,Article",BlogPosting,SCHEMA_OK,valid
blog/captar-imoveis-indicacao-litoral-script-abordagem-2026.html,blog,BlogPosting,BlogPosting,SCHEMA_OK,valid
blog/captar-imoveis-litoral-paulista-sem-spam-2026.html,blog,"FAQPage,BreadcrumbList,BlogPosting,Article",BlogPosting,SCHEMA_OK,valid
blog/captar-imoveis-proprietarios-internacionais-litoral-2026.html,blog,"BlogPosting,BreadcrumbList,FAQPage",BlogPosting,SCHEMA_OK,valid
blog/captar-imoveis-temporada-sem-anuncios-pagos-2026.html,blog,"FAQPage,BreadcrumbList,BlogPosting,Article",BlogPosting,SCHEMA_OK,valid
blog/captar-leads-site-gratuito-imobiliarias-litoral-2026.html,blog,"FAQPage,BreadcrumbList,BlogPosting,Article",BlogPosting,SCHEMA_OK,valid
blog/captação-de-imóveis-offseason-roteiro-prático-para-corretores-lote-2026-08-03-3.html,blog,"BlogPosting,BreadcrumbList,FAQPage",BlogPosting,SCHEMA_OK,valid
blog/captação-offline-no-litoralroteiro-para-10-novos-imóveis-por-semana-2026-07-12-praia-digital.html,blog,"FAQPage,BreadcrumbList,BlogPosting,Article",BlogPosting,SCHEMA_OK,valid
blog/caraguatatuba-aluguel-temporada-2026.html,blog,BreadcrumbList,BlogPosting,SCHEMA_INVALID,"invalid_json: Expecting ',' delimiter: line 14 column 1 (char 748)"
blog/caraguatatuba-artigo-cases-imoveis-2026.html,blog,"BlogPosting,BreadcrumbList",BlogPosting,SCHEMA_OK,valid
blog/caraguatatuba-artigo-editorial-imoveis-2026.html,blog,"BlogPosting,BreadcrumbList",BlogPosting,SCHEMA_OK,valid
blog/caraguatatuba-artigo-financiamento-imoveis-2026.html,blog,"BlogPosting,BreadcrumbList",BlogPosting,SCHEMA_OK,valid
blog/caraguatatuba-artigo-investimento-imoveis-2026.html,blog,"BlogPosting,BreadcrumbList",BlogPosting,SCHEMA_OK,valid
blog/caraguatatuba-artigo-juridico-imoveis-2026.html,blog,"BlogPosting,BreadcrumbList",BlogPosting,SCHEMA_OK,valid
blog/caraguatatuba-artigo-locacao-temporada-imoveis-2026.html,blog,"BlogPosting,BreadcrumbList",BlogPosting,SCHEMA_OK,valid
blog/caraguatatuba-artigo-marketing-digital-imoveis-2026.html,blog,"BlogPosting,BreadcrumbList",BlogPosting,SCHEMA_OK,valid
blog/caraguatatuba-artigo-parcerias-imoveis-2026.html,blog,"BlogPosting,BreadcrumbList",BlogPosting,SCHEMA_OK,valid
blog/caraguatatuba-artigo-seo-local-imoveis-2026.html,blog,"BlogPosting,BreadcrumbList",BlogPosting,SCHEMA_OK,valid
blog/caraguatatuba-automacao-ia-imoveis-2026.html,blog,"BlogPosting,BreadcrumbList",BlogPosting,SCHEMA_OK,valid
blog/caraguatatuba-automacao-imobiliarias-2026.html,blog,"BlogPosting,BreadcrumbList",BlogPosting,SCHEMA_INVALID,invalid_json: Expecting property name enclosed in double quotes: line 7 column 5 (char 310)
blog/caraguatatuba-automacao-imoveis-2026.html,blog,"BlogPosting,BreadcrumbList",BlogPosting,SCHEMA_OK,valid
blog/caraguatatuba-bairros-imoveis-2026.html,blog,"BlogPosting,BreadcrumbList",BlogPosting,SCHEMA_INVALID,invalid_json: Expecting property name enclosed in double quotes: line 7 column 5 (char 295)
blog/caraguatatuba-caraguatatuba-checklist-para-investimento-imobiliario-guia-2026.html,blog,BlogPosting,BlogPosting,SCHEMA_OK,valid
blog/caraguatatuba-caraguatatuba-checklist-para-locacao-de-temporada-guia-2026.html,blog,BlogPosting,BlogPosting,SCHEMA_OK,valid
blog/caraguatatuba-caraguatatuba-compra-e-venda-de-imoveis-analise-2026.html,blog,BlogPosting,BlogPosting,SCHEMA_OK,valid
blog/caraguatatuba-caraguatatuba-curso-de-investimento-imobiliario-guia-2026.html,blog,BlogPosting,BlogPosting,SCHEMA_OK,valid
blog/caraguatatuba-caraguatatuba-curso-de-locacao-de-temporada-guia-2026.html,blog,BlogPosting,BlogPosting,SCHEMA_OK,valid
blog/caraguatatuba-caraguatatuba-curso-para-corretor-de-imoveis-guia-2026.html,blog,BlogPosting,BlogPosting,SCHEMA_OK,valid
blog/caraguatatuba-caraguatatuba-guia-para-compra-de-imoveis-analise-2026.html,blog,BlogPosting,BlogPosting,SCHEMA_OK,valid
blog/caraguatatuba-caraguatatuba-guia-para-investimento-imobiliario-analise-2026.html,blog,BlogPosting,BlogPosting,SCHEMA_OK,valid
blog/caraguatatuba-caraguatatuba-guia-para-locacao-de-temporada-analise-2026.html,blog,BlogPosting,BlogPosting,SCHEMA_OK,valid
blog/caraguatatuba-caraguatatuba-investimento-em-imoveis-analise-2026.html,blog,BlogPosting,BlogPosting,SCHEMA_OK,valid
blog/caraguatatuba-caraguatatuba-locacao-temporada-guia-2026.html,blog,BlogPosting,BlogPosting,SCHEMA_OK,valid
blog/caraguatatuba-caraguatatuba-marketing-digital-para-imoveis-guia-2026.html,blog,BlogPosting,BlogPosting,SCHEMA_OK,valid
blog/caraguatatuba-case-sucesso-automacao-imoveis-2026.html,blog,"BlogPosting,BreadcrumbList",BlogPosting,SCHEMA_OK,valid
blog/caraguatatuba-case-sucesso-bairros-imoveis-2026.html,blog,"BlogPosting,BreadcrumbList",BlogPosting,SCHEMA_OK,valid
blog/caraguatatuba-case-sucesso-editorial-imoveis-2026.html,blog,"BlogPosting,BreadcrumbList",BlogPosting,SCHEMA_OK,valid
blog/caraguatatuba-case-sucesso-financiamento-imoveis-2026.html,blog,"BlogPosting,BreadcrumbList",BlogPosting,SCHEMA_OK,valid
blog/caraguatatuba-case-sucesso-juridico-imoveis-2026.html,blog,"BlogPosting,BreadcrumbList",BlogPosting,SCHEMA_OK,valid
blog/caraguatatuba-case-sucesso-marketing-digital-imoveis-2026.html,blog,"BlogPosting,BreadcrumbList",BlogPosting,SCHEMA_OK,valid
blog/caraguatatuba-case-sucesso-parcerias-imoveis-2026.html,blog,"BlogPosting,BreadcrumbList",BlogPosting,SCHEMA_OK,valid
blog/caraguatatuba-case-sucesso-seo-local-imoveis-2026.html,blog,"BlogPosting,BreadcrumbList",BlogPosting,SCHEMA_OK,valid
blog/caraguatatuba-cases-imoveis-2026.html,blog,"BlogPosting,BreadcrumbList",BlogPosting,SCHEMA_OK,valid
blog/caraguatatuba-checklist-automacao-imoveis-2026.html,blog,"BlogPosting,BreadcrumbList",BlogPosting,SCHEMA_OK,valid
blog/caraguatatuba-checklist-cases-imoveis-2026.html,blog,"BlogPosting,BreadcrumbList",BlogPosting,SCHEMA_OK,valid
blog/caraguatatuba-checklist-compra-imoveis-2026.html,blog,"BlogPosting,BreadcrumbList",BlogPosting,SCHEMA_INVALID,invalid_json: Expecting property name enclosed in double quotes: line 7 column 5 (char 309)
blog/caraguatatuba-checklist-editorial-imoveis-2026.html,blog,"BlogPosting,BreadcrumbList",BlogPosting,SCHEMA_OK,valid
blog/caraguatatuba-checklist-financiamento-imoveis-2026.html,blog,"BlogPosting,BreadcrumbList",BlogPosting,SCHEMA_OK,valid
blog/caraguatatuba-checklist-investimento-imoveis-2026.html,blog,"BlogPosting,BreadcrumbList",BlogPosting,SCHEMA_OK,valid
blog/caraguatatuba-checklist-juridico-imoveis-2026.html,blog,"BlogPosting,BreadcrumbList",BlogPosting,SCHEMA_OK,valid
blog/caraguatatuba-checklist-locacao-temporada-imoveis-2026.html,blog,"BlogPosting,BreadcrumbList",BlogPosting,SCHEMA_OK,valid
blog/caraguatatuba-checklist-marketing-digital-imoveis-2026.html,blog,"BlogPosting,BreadcrumbList",BlogPosting,SCHEMA_OK,valid
blog/caraguatatuba-checklist-parcerias-imoveis-2026.html,blog,"BlogPosting,BreadcrumbList",BlogPosting,SCHEMA_OK,valid
blog/caraguatatuba-checklist-seo-local-imoveis-2026.html,blog,"BlogPosting,BreadcrumbList",BlogPosting,SCHEMA_OK,valid
blog/caraguatatuba-como-captar-leads-em-caraguatatuba-sem-anuncios.html,blog,BlogPosting,BlogPosting,SCHEMA_OK,valid
blog/caraguatatuba-compra-venda-imoveis-2026.html,blog,"BlogPosting,BreadcrumbList",BlogPosting,SCHEMA_INVALID,invalid_json: Expecting property name enclosed in double quotes: line 7 column 5 (char 329)
blog/caraguatatuba-curso-automacao-imoveis-2026.html,blog,"BlogPosting,BreadcrumbList",BlogPosting,SCHEMA_OK,valid
blog/caraguatatuba-curso-bairros-imoveis-2026.html,blog,"BlogPosting,BreadcrumbList",BlogPosting,SCHEMA_OK,valid
blog/caraguatatuba-curso-cases-imoveis-2026.html,blog,"BlogPosting,BreadcrumbList",BlogPosting,SCHEMA_OK,valid
blog/caraguatatuba-curso-corretor-imoveis-2026.html,blog,"BlogPosting,BreadcrumbList",BlogPosting,SCHEMA_OK,valid
blog/caraguatatuba-curso-editorial-imoveis-2026.html,blog,"BlogPosting,BreadcrumbList",BlogPosting,SCHEMA_OK,valid
blog/caraguatatuba-curso-financiamento-imoveis-2026.html,blog,"BlogPosting,BreadcrumbList",BlogPosting,SCHEMA_OK,valid
blog/caraguatatuba-curso-investimento-imoveis-2026.html,blog,"BlogPosting,BreadcrumbList",BlogPosting,SCHEMA_OK,valid
blog/caraguatatuba-curso-juridico-imoveis-2026.html,blog,"BlogPosting,BreadcrumbList",BlogPosting,SCHEMA_OK,valid
blog/caraguatatuba-curso-locacao-temporada-imoveis-2026.html,blog,"BlogPosting,BreadcrumbList",BlogPosting,SCHEMA_OK,valid
blog/caraguatatuba-curso-marketing-digital-imoveis-2026.html,blog,"BlogPosting,BreadcrumbList",BlogPosting,SCHEMA_OK,valid
blog/caraguatatuba-curso-parcerias-imoveis-2026.html,blog,"BlogPosting,BreadcrumbList",BlogPosting,SCHEMA_OK,valid
blog/caraguatatuba-curso-seo-local-imoveis-2026.html,blog,"BlogPosting,BreadcrumbList",BlogPosting,SCHEMA_OK,valid
blog/caraguatatuba-editorial-2026.html,blog,"BlogPosting,BreadcrumbList",BlogPosting,SCHEMA_OK,valid
blog/caraguatatuba-editorial-imoveis-2026.html,blog,"BlogPosting,BreadcrumbList",BlogPosting,SCHEMA_INVALID,invalid_json: Expecting property name enclosed in double quotes: line 7 column 5 (char 304)
blog/caraguatatuba-financiamento-imoveis-2026.html,blog,"BlogPosting,BreadcrumbList",BlogPosting,SCHEMA_OK,valid
blog/caraguatatuba-follow.html,blog,BlogPosting,BlogPosting,SCHEMA_OK,valid
blog/caraguatatuba-guia-compra-imoveis-2026.html,blog,"BlogPosting,BreadcrumbList",BlogPosting,SCHEMA_OK,valid
blog/caraguatatuba-guia-investimento-imoveis-2026.html,blog,"BlogPosting,BreadcrumbList",BlogPosting,SCHEMA_OK,valid
blog/caraguatatuba-guia-locacao-temporada-imoveis-2026.html,blog,"BlogPosting,BreadcrumbList",BlogPosting,SCHEMA_OK,valid
blog/caraguatatuba-investimento-imoveis-2026.html,blog,"BlogPosting,BreadcrumbList",BlogPosting,SCHEMA_OK,valid
blog/caraguatatuba-juridico-imoveis-2026.html,blog,"BlogPosting,BreadcrumbList",BlogPosting,SCHEMA_OK,valid
blog/caraguatatuba-locacao-temporada-imoveis-2026.html,blog,"BlogPosting,BreadcrumbList",BlogPosting,SCHEMA_OK,valid
blog/caraguatatuba-marketing-digital-imobiliarias-2026.html,blog,"BlogPosting,BreadcrumbList",BlogPosting,SCHEMA_INVALID,invalid_json: Expecting property name enclosed in double quotes: line 7 column 5 (char 302)
blog/caraguatatuba-marketing-digital-imoveis-2026.html,blog,"BlogPosting,BreadcrumbList",BlogPosting,SCHEMA_OK,valid
blog/caraguatatuba-parcerias-imobiliarias-2026.html,blog,"BlogPosting,BreadcrumbList",BlogPosting,SCHEMA_INVALID,invalid_json: Expecting property name enclosed in double quotes: line 7 column 5 (char 302)
blog/caraguatatuba-parcerias-imoveis-2026.html,blog,"BlogPosting,BreadcrumbList",BlogPosting,SCHEMA_OK,valid
blog/caraguatatuba-rentabilidade-imoveis-2026.html,blog,"BlogPosting,BreadcrumbList",BlogPosting,SCHEMA_INVALID,invalid_json: Expecting property name enclosed in double quotes: line 7 column 5 (char 313)
blog/caraguatatuba-seo-local-em-caraguatatuba-para-imoveis.html,blog,BlogPosting,BlogPosting,SCHEMA_OK,valid
blog/caraguatatuba-seo-local-imoveis-2026.html,blog,"BlogPosting,BreadcrumbList",BlogPosting,SCHEMA_OK,valid
blog/caraguatatuba-temporada-gestao-imoveis-2026.html,blog,"BlogPosting,BreadcrumbList",BlogPosting,SCHEMA_INVALID,invalid_json: Expecting property name enclosed in double quotes: line 7 column 5 (char 302)
blog/carrossel.html,blog,"BreadcrumbList,Article,FAQPage,Organization",BlogPosting,SCHEMA_MISMATCH,valid
blog/carteira-imoveis-aluguel-temporada-litoral-2026.html,blog,BlogPosting,BlogPosting,SCHEMA_OK,valid
blog/casa-barra-norte-2026.html,blog,"FAQPage,BreadcrumbList,BlogPosting,Article",BlogPosting,SCHEMA_OK,valid
blog/casa-condominio-praiagrande-ia.html,blog,"FAQPage,BreadcrumbList,BlogPosting,Article",BlogPosting,SCHEMA_OK,valid
blog/casa-costa-verde-2026.html,blog,"FAQPage,BreadcrumbList,BlogPosting,Article",BlogPosting,SCHEMA_OK,valid
blog/casa-familia-praiagrande-zona-sul-ia.html,blog,"FAQPage,BreadcrumbList,BlogPosting,Article",BlogPosting,SCHEMA_OK,valid
blog/casa-investidor-peruibe-ia.html,blog,"FAQPage,BreadcrumbList,BlogPosting,Article",BlogPosting,SCHEMA_OK,valid
blog/casa-investidor-zona-sul-santos-ia.html,blog,"FAQPage,BreadcrumbList,BlogPosting,Article",BlogPosting,SCHEMA_OK,valid
blog/casa-litoral-norte-2026.html,blog,"FAQPage,BreadcrumbList,BlogPosting,Article",BlogPosting,SCHEMA_OK,valid
blog/casa-praia-grande-familia-2026.html,blog,"FAQPage,BreadcrumbList,BlogPosting,Article",BlogPosting,SCHEMA_OK,valid
blog/casa-praia-sul-2026.html,blog,"FAQPage,BreadcrumbList,BlogPosting,Article",BlogPosting,SCHEMA_OK,valid
blog/casa-venda-guaruja-ia.html,blog,"FAQPage,BreadcrumbList,BlogPosting,Article",BlogPosting,SCHEMA_OK,valid
blog/casamento-regime-bens-imoveis-separacao-divorcio-partilha-hub-2026.html,blog,Article,BlogPosting,SCHEMA_MISMATCH,valid
blog/case-assistente-virtual-2026.html,blog,"FAQPage,BreadcrumbList,BlogPosting,Article",BlogPosting,SCHEMA_OK,valid
blog/case-barranorte-imoveis-praia-digital-2026.html,blog,"FAQPage,BreadcrumbList,BlogPosting,Article",BlogPosting,SCHEMA_OK,valid
blog/case-de-sucesso-casa-home-management-gestao-temporada-2026.html,blog,BlogPosting,BlogPosting,SCHEMA_OK,valid
blog/case-de-sucesso-corretor-praia-grande-litoral-2026.html,blog,BlogPosting,BlogPosting,SCHEMA_OK,valid
blog/case-de-sucesso-corretor-sao-sebastiao-litoral-2026.html,blog,BlogPosting,BlogPosting,SCHEMA_OK,valid
blog/case-de-sucesso-corretor-venda-rapida-litoral-2026.html,blog,BlogPosting,BlogPosting,SCHEMA_OK,valid
blog/case-de-sucesso-imobiliaria-bertioga-litoral-2026.html,blog,BlogPosting,BlogPosting,SCHEMA_OK,valid
blog/case-de-sucesso-imobiliaria-captacao-lideranca-litoral-2026.html,blog,BlogPosting,BlogPosting,SCHEMA_OK,valid
blog/case-de-sucesso-imobiliaria-santos-litoral-2026.html,blog,BlogPosting,BlogPosting,SCHEMA_OK,valid
blog/case-de-sucesso-investidor-flipping-litoral-2026.html,blog,BlogPosting,BlogPosting,SCHEMA_OK,valid
blog/case-de-sucesso-proprietario-guaruja-temporada-2026.html,blog,BlogPosting,BlogPosting,SCHEMA_OK,valid
blog/case-de-sucesso-proprietario-imovel-alto-padrao-litoral-2026.html,blog,BlogPosting,BlogPosting,SCHEMA_OK,valid
blog/case-fechamento-centro-historico-2026.html,blog,"FAQPage,BreadcrumbList,BlogPosting,Article",BlogPosting,SCHEMA_OK,valid
blog/case-imobiliaria-porto-da-lua-35-leads-2026.html,blog,"FAQPage,BreadcrumbList,BlogPosting,Article",BlogPosting,SCHEMA_OK,valid
blog/case-parceria-litoral-estruturar-relatorio-2026.html,blog,"FAQPage,BreadcrumbList,BlogPosting,Article",BlogPosting,SCHEMA_OK,valid
blog/case-pratico-ia-imobiliaria-litoral.html,blog,"FAQPage,BreadcrumbList,BlogPosting,Article",BlogPosting,SCHEMA_OK,valid
blog/case-recomendacao-automatica-imoveis-2026.html,blog,"FAQPage,BreadcrumbList,BlogPosting,Article",BlogPosting,SCHEMA_OK,valid
blog/case-reducao-tempo-resposta-costa-verde-2026.html,blog,"FAQPage,BreadcrumbList,BlogPosting,Article",BlogPosting,SCHEMA_OK,valid
blog/case-roi-imobiliaria-litoral.html,blog,"FAQPage,BreadcrumbList,BlogPosting,Article",BlogPosting,SCHEMA_OK,valid
blog/case-social-rapido-para-parcerias-em-bertioga-bertioga.html,blog,"FAQPage,BreadcrumbList,BlogPosting,Article",BlogPosting,SCHEMA_OK,valid
blog/case-social-rapido-para-parcerias-em-cananeia-cananeia.html,blog,"FAQPage,BreadcrumbList,BlogPosting,Article",BlogPosting,SCHEMA_OK,valid
blog/case-social-rapido-para-parcerias-em-guaruja-guaruja.html,blog,"FAQPage,BreadcrumbList,BlogPosting,Article",BlogPosting,SCHEMA_OK,valid
blog/case-social-rapido-para-parcerias-em-ilhabela-ilhabela.html,blog,"FAQPage,BreadcrumbList,BlogPosting,Article",BlogPosting,SCHEMA_OK,valid
blog/case-social-rapido-para-parcerias-em-maresias-maresias.html,blog,"FAQPage,BreadcrumbList,BlogPosting,Article",BlogPosting,SCHEMA_OK,valid
blog/case-social-rapido-para-parcerias-em-praia-grande-praia-grande.html,blog,"FAQPage,BreadcrumbList,BlogPosting,Article",BlogPosting,SCHEMA_OK,valid
blog/case-social-rapido-para-parcerias-em-ubatuba-ubatuba.html,blog,"FAQPage,BreadcrumbList,BlogPosting,Article",BlogPosting,SCHEMA_OK,valid
blog/case-social-rapido-parcerias-imobiliarias-litoral-2026.html,blog,"FAQPage,BreadcrumbList,BlogPosting,Article",BlogPosting,SCHEMA_OK,valid
blog/case-sucesso-automacao-imoveis-sao-sebastiao-2026.html,blog,"BlogPosting,BreadcrumbList",BlogPosting,SCHEMA_OK,valid
blog/case-sucesso-barra-norte-imoveis-guaruja-2026.html,blog,"FAQPage,BreadcrumbList,BlogPosting,Article",BlogPosting,SCHEMA_OK,valid
blog/case-sucesso-fechamento-vendas-itanhaem-2026.html,blog,"BlogPosting,BreadcrumbList",BlogPosting,SCHEMA_OK,valid
blog/case-sucesso-imobiliaria-litoral-aumento-leads-ia-2026.html,blog,"FAQPage,BreadcrumbList,BlogPosting,Article",BlogPosting,SCHEMA_OK,valid
blog/case-sucesso-investimento-ilhabela-2026.html,blog,"BlogPosting,BreadcrumbList",BlogPosting,SCHEMA_OK,valid
blog/case-sucesso-locacao-temporada-maresias-2026.html,blog,"BlogPosting,BreadcrumbList",BlogPosting,SCHEMA_OK,valid
blog/case-sucesso-marketing-digital-bertioga-2026.html,blog,"BlogPosting,BreadcrumbList",BlogPosting,SCHEMA_OK,valid
blog/case-sucesso-venda-caraguatatuba-2026.html,blog,"BlogPosting,BreadcrumbList",BlogPosting,SCHEMA_OK,valid
blog/case-sucesso-venda-guaruja-2026.html,blog,"BlogPosting,BreadcrumbList",BlogPosting,SCHEMA_OK,valid
blog/case-sucesso-venda-praia-grande-2026.html,blog,"BlogPosting,BreadcrumbList",BlogPosting,SCHEMA_OK,valid
blog/case-sucesso-venda-santos-2026.html,blog,"BlogPosting,BreadcrumbList",BlogPosting,SCHEMA_OK,valid
blog/case-sucesso-venda-ubatuba-2026.html,blog,"BlogPosting,BreadcrumbList",BlogPosting,SCHEMA_OK,valid
blog/cases-de-sucesso-imobiliarias-litoral-paulista-2026.html,blog,"BlogPosting,BreadcrumbList,FAQPage",BlogPosting,SCHEMA_OK,valid
blog/cases-ia-imobiliarias-litoral-paulista.html,blog,"FAQPage,BreadcrumbList,BlogPosting,Article",BlogPosting,SCHEMA_OK,valid
blog/cases-parcerias-imobiliarias-litoral-2026.html,blog,"FAQPage,BreadcrumbList,BlogPosting,Article",BlogPosting,SCHEMA_OK,valid
blog/cases-referencias-imobiliarias-litoral-paulista-2026.html,blog,"FAQPage,BreadcrumbList,BlogPosting,Article",BlogPosting,SCHEMA_OK,valid
blog/cases-sucesso-ia-imobiliarias-litoral-paulista-2026.html,blog,"FAQPage,BreadcrumbList,BlogPosting,Article",BlogPosting,SCHEMA_OK,valid
blog/cases-sucesso-imobiliarias-crescimento-litoral-2026.html,blog,"BlogPosting,BreadcrumbList,FAQPage",BlogPosting,SCHEMA_OK,valid
blog/centro-guaruja-imoveis-oportunidades-2026.html,blog,"FAQPage,BreadcrumbList,BlogPosting,Article",BlogPosting,SCHEMA_OK,valid
blog/centro-peruibe-imoveis-oportunidades-2026.html,blog,"FAQPage,BreadcrumbList,BlogPosting,Article",BlogPosting,SCHEMA_OK,valid
blog/centro-ubatuba-imoveis-oportunidades-2026.html,blog,"FAQPage,BreadcrumbList,BlogPosting,Article",BlogPosting,SCHEMA_OK,valid
blog/certidao-onus-matricula-imovel-litoral-2026.html,blog,BlogPosting,BlogPosting,SCHEMA_OK,valid
blog/chatbot-em-imoveis-primeira-mensagem-ideal-modelo-em-guarujá-2026-07-12.html,blog,"FAQPage,BreadcrumbList,BlogPosting,Article",BlogPosting,SCHEMA_OK,valid
blog/chatbot-imobiliaria-gratis-litoral.html,blog,"FAQPage,BreadcrumbList,BlogPosting,Article",BlogPosting,SCHEMA_OK,valid
blog/chatbot-imobiliaria-litoral-guia.html,blog,"FAQPage,BreadcrumbList,BlogPosting,Article",BlogPosting,SCHEMA_OK,valid
blog/chatbot-imobiliarias-litoral-paulista-2026.html,blog,"FAQPage,BreadcrumbList,BlogPosting,Article",BlogPosting,SCHEMA_OK,valid
blog/chatbot-imobiliario-corretores-litoral-passo-passo-2026.html,blog,"FAQPage,BreadcrumbList,BlogPosting,Article",BlogPosting,SCHEMA_OK,valid
blog/checklist-alugar-imovel-litoral-documentos-contrato-regras-2026.html,blog,BlogPosting,BlogPosting,SCHEMA_OK,valid
blog/checklist-aluguel-temporada-anuncio-checkout-litoral-2026.html,blog,BlogPosting,BlogPosting,SCHEMA_OK,valid
blog/checklist-antes-alugar-imovel-praia-temporada-em-itanhaém-2026-07-12.html,blog,"FAQPage,BreadcrumbList,BlogPosting,Article",BlogPosting,SCHEMA_OK,valid
blog/checklist-automatizacao-imoveis-captacao-litoral-2026.html,blog,"FAQPage,BreadcrumbList,BlogPosting,Article",BlogPosting,SCHEMA_OK,valid
blog/checklist-avaliacao-imoveis-litoral-precificar-dado-local-2026.html,blog,"BlogPosting,BreadcrumbList,FAQPage",BlogPosting,SCHEMA_OK,valid
blog/checklist-avaliacao-imovel-download-2026.html,blog,"FAQPage,BreadcrumbList,BlogPosting,Article",BlogPosting,SCHEMA_OK,valid
blog/checklist-avaliacao-imovel-litoral-2026.html,blog,"FAQPage,BreadcrumbList,BlogPosting,Article",BlogPosting,SCHEMA_OK,valid
blog/checklist-captacao-digital-imobiliaria-2026.html,blog,"FAQPage,BreadcrumbList,BlogPosting,Article",BlogPosting,SCHEMA_OK,valid
blog/checklist-captacao-digital-imobiliarias-litoral-paulista-2026.html,blog,"BlogPosting,BreadcrumbList,FAQPage",BlogPosting,SCHEMA_OK,valid
blog/checklist-captacao-imoveis-litoral-21-passos-2026.html,blog,"BlogPosting,BreadcrumbList,FAQPage",BlogPosting,SCHEMA_OK,valid
blog/checklist-captacao-imoveis-litoral.html,blog,"FAQPage,BreadcrumbList,BlogPosting,Article",BlogPosting,SCHEMA_OK,valid
blog/checklist-captacao-imoveis-temporada-litoral-2026.html,blog,"FAQPage,BreadcrumbList,BlogPosting,Article",BlogPosting,SCHEMA_OK,valid
blog/checklist-captacao-temporada-verao-2026.html,blog,"FAQPage,BreadcrumbList,BlogPosting,Article",BlogPosting,SCHEMA_OK,valid
blog/checklist-completa-google-business-profile-imobiliarias-litoral-2026.html,blog,"FAQPage,BreadcrumbList,BlogPosting,Article",BlogPosting,SCHEMA_OK,valid
blog/checklist-compra-imovel-usado-litoral-2026.html,blog,BlogPosting,BlogPosting,SCHEMA_OK,valid
blog/checklist-compra-imovel-vista-litoral-2026.html,blog,BlogPosting,BlogPosting,SCHEMA_OK,valid
blog/checklist-conversao-imoveis-ia.html,blog,"FAQPage,BreadcrumbList,BlogPosting,Article",BlogPosting,SCHEMA_OK,valid
blog/checklist-conversao-imoveis-litoral-2026.html,blog,"FAQPage,BreadcrumbList,BlogPosting,Article",BlogPosting,SCHEMA_OK,valid
blog/checklist-corretor-imoveis-litoral-rotina-2026.html,blog,"FAQPage,BreadcrumbList,BlogPosting,Article",BlogPosting,SCHEMA_OK,valid
blog/checklist-cuidados-pos-obra-imovel-planta-litoral-2026.html,blog,BlogPosting,BlogPosting,SCHEMA_OK,valid
blog/checklist-de-visita-tecnica-imovel-litoral-corretores-em-ubatuba-2026-07-12.html,blog,"FAQPage,BreadcrumbList,BlogPosting,Article",BlogPosting,SCHEMA_OK,valid
blog/checklist-documentos-compra-imovel-usado-litoral-sp-2026.html,blog,BlogPosting,BlogPosting,SCHEMA_OK,valid
blog/checklist-entrega-chaves-praia-digital.html,blog,"FAQPage,BreadcrumbList,BlogPosting,Article",BlogPosting,SCHEMA_OK,valid
blog/checklist-execucao-diaria-corretores-litoral-2026.html,blog,"FAQPage,BreadcrumbList,BlogPosting,Article",BlogPosting,SCHEMA_OK,valid
blog/checklist-fechamento-parceria-imobiliaria-2026.html,blog,"FAQPage,BreadcrumbList,BlogPosting,Article",BlogPosting,SCHEMA_OK,valid
blog/checklist-fechamento-venda-imoveis-litoral-2026.html,blog,"BlogPosting,BreadcrumbList,FAQPage",BlogPosting,SCHEMA_OK,valid
blog/checklist-followup-leads-litoral-paulista-2026.html,blog,"BlogPosting,BreadcrumbList,FAQPage",BlogPosting,SCHEMA_OK,valid
blog/checklist-gestao-temporada-imoveis-litoral-paulista-2026.html,blog,"BlogPosting,BreadcrumbList,FAQPage",BlogPosting,SCHEMA_OK,valid
blog/checklist-imobiliaria-digital-vs-tradicional-litoral.html,blog,"FAQPage,BreadcrumbList,BlogPosting,Article",BlogPosting,SCHEMA_OK,valid
blog/checklist-inspecao-imoveis-litoral-visita-segura-2026.html,blog,"BlogPosting,BreadcrumbList,FAQPage",BlogPosting,SCHEMA_OK,valid
blog/checklist-inspecao-imovel-litoral-visita-segura-2026.html,blog,BlogPosting,BlogPosting,SCHEMA_OK,valid
blog/checklist-investidor-imoveis-litoral-2026.html,blog,BlogPosting,BlogPosting,SCHEMA_OK,valid
blog/checklist-investidor-imoveis-litoral.html,blog,"FAQPage,BreadcrumbList,BlogPosting,Article",BlogPosting,SCHEMA_OK,valid
blog/checklist-lancamento-imoveis-litoral-2026.html,blog,"FAQPage,BreadcrumbList,BlogPosting,Article",BlogPosting,SCHEMA_OK,valid
blog/checklist-locacao-temporada-litoral-paulista-2026.html,blog,"FAQPage,BreadcrumbList,BlogPosting,Article",BlogPosting,SCHEMA_OK,valid
blog/checklist-negociacao-imoveis-litoral-2026.html,blog,"BlogPosting,BreadcrumbList,FAQPage",BlogPosting,SCHEMA_OK,valid
blog/checklist-onboarding-imobiliaria-litoral-2026.html,blog,"FAQPage,BreadcrumbList,BlogPosting,Article",BlogPosting,SCHEMA_OK,valid
blog/checklist-pos-venda-imobiliaria-litoral-2026.html,blog,"FAQPage,BreadcrumbList,BlogPosting,Article",BlogPosting,SCHEMA_OK,valid
blog/checklist-pre-venda-corretores-litoral-2026.html,blog,"FAQPage,BreadcrumbList,BlogPosting,Article",BlogPosting,SCHEMA_OK,valid
blog/checklist-pre-venda-imovel-litoral-anuncio-assinatura-2026.html,blog,BlogPosting,BlogPosting,SCHEMA_OK,valid
blog/checklist-preco-imovel-litoral-2026.html,blog,"FAQPage,BreadcrumbList,BlogPosting,Article",BlogPosting,SCHEMA_OK,valid
blog/checklist-preparacao-imovel-venda-litoral-primeira-visita-2026.html,blog,"BlogPosting,BreadcrumbList,FAQPage",BlogPosting,SCHEMA_OK,valid
blog/checklist-rapida-reduzir-objecao-antes-visita-litoral-2026.html,blog,"FAQPage,BreadcrumbList,BlogPosting,Article",BlogPosting,SCHEMA_OK,valid
blog/checklist-rapido-captacao-imoveis-litoral-2026.html,blog,"FAQPage,BreadcrumbList,BlogPosting,Article",BlogPosting,SCHEMA_OK,valid
blog/checklist-reuniao-captacao-imoveis-litoral-2026.html,blog,"FAQPage,BreadcrumbList,BlogPosting,Article",BlogPosting,SCHEMA_OK,valid
blog/checklist-revisao-contrato-compra-venda-imovel-litoral-2026.html,blog,BlogPosting,BlogPosting,SCHEMA_OK,valid
blog/checklist-seguranca-imoveis-temporada-litoral-2026.html,blog,"FAQPage,BreadcrumbList,BlogPosting,Article",BlogPosting,SCHEMA_OK,valid
blog/checklist-seo-local-imobiliarias-litoral-2026.html,blog,BlogPosting,BlogPosting,SCHEMA_OK,valid
blog/checklist-seo-local-imobiliarias-litoral-paulista-2026-v2.html,blog,"BlogPosting,BreadcrumbList,FAQPage",BlogPosting,SCHEMA_OK,valid
blog/checklist-seo-local-para-corretores-do-litoral-em-2026-lote-2026-07-11-12.html,blog,"BlogPosting,BreadcrumbList,FAQPage",BlogPosting,SCHEMA_OK,valid
blog/checklist-unico-compra-imovel-litoral-2026.html,blog,BlogPosting,BlogPosting,SCHEMA_OK,valid
blog/checklist-venda-imovel-litoral-anuncio-2026.html,blog,BlogPosting,BlogPosting,SCHEMA_OK,valid
blog/checklist-venda-imovel-litoral-anuncio-photos-2026.html,blog,BlogPosting,BlogPosting,SCHEMA_OK,valid
blog/checklist-vendas-imobiliaria-litoral-2026.html,blog,"FAQPage,BreadcrumbList,BlogPosting,Article",BlogPosting,SCHEMA_OK,valid
blog/checklist-vendas-imobiliarias-litoral-paulista-2026.html,blog,"BlogPosting,BreadcrumbList,FAQPage",BlogPosting,SCHEMA_OK,valid
blog/checklist-visita-compradores-temporada-litoral-2026.html,blog,"FAQPage,BreadcrumbList,BlogPosting,Article",BlogPosting,SCHEMA_OK,valid
blog/checklist-visita-imoveis-litoral-2026.html,blog,"FAQPage,BreadcrumbList,BlogPosting,Article",BlogPosting,SCHEMA_OK,valid
blog/checklist-visita-imoveis-litoral-paulista-2026.html,blog,"BlogPosting,BreadcrumbList,FAQPage",BlogPosting,SCHEMA_OK,valid
blog/checklist-visita-imovel-temporada-litoral-paulista-2026.html,blog,"FAQPage,BreadcrumbList,BlogPosting,Article",BlogPosting,SCHEMA_OK,valid
blog/checklist-vistoria-imoveis-temporada-2026.html,blog,"FAQPage,BreadcrumbList,BlogPosting,Article",BlogPosting,SCHEMA_OK,valid
blog/checklist-vistoria-imovel-locacao-temporada.html,blog,"FAQPage,BreadcrumbList,BlogPosting,Article",BlogPosting,SCHEMA_OK,valid
blog/cidades-litoral-sp-2026.html,blog,"FAQPage,BreadcrumbList,BlogPosting,Article",BlogPosting,SCHEMA_OK,valid
blog/cif-fob-comparacao-tabelas-comercio-exterior-2026.html,blog,"FAQPage,BreadcrumbList,BlogPosting,Article",BlogPosting,SCHEMA_OK,valid
blog/citacoes-nap-seo-local-imobiliarias-litoral-paulista-2026.html,blog,BlogPosting,BlogPosting,SCHEMA_OK,valid
blog/clima-organizacional-imobiliarias-litoral-2026.html,blog,BlogPosting,BlogPosting,SCHEMA_OK,valid
blog/clube-vantagens-compradores-litoral-2026.html,blog,"FAQPage,BreadcrumbList,BlogPosting,Article",BlogPosting,SCHEMA_OK,valid
blog/cobertura-aluguel-bertioga-ia.html,blog,"FAQPage,BreadcrumbList,BlogPosting,Article",BlogPosting,SCHEMA_OK,valid
blog/cobertura-aposentado-bertioga-ia.html,blog,"FAQPage,BreadcrumbList,BlogPosting,Article",BlogPosting,SCHEMA_OK,valid
blog/cobertura-familia-mongagua-ia.html,blog,"FAQPage,BreadcrumbList,BlogPosting,Article",BlogPosting,SCHEMA_OK,valid
blog/cobertura-litoral-norte-2026.html,blog,"FAQPage,BreadcrumbList,BlogPosting,Article",BlogPosting,SCHEMA_OK,valid
blog/cobertura-porto-da-lua-2026.html,blog,"FAQPage,BreadcrumbList,BlogPosting,Article",BlogPosting,SCHEMA_OK,valid
blog/cobrar-taxa-administracao-temporada-litoral-2026.html,blog,"FAQPage,BreadcrumbList,BlogPosting,Article",BlogPosting,SCHEMA_OK,valid
blog/comecar-imobiliaria-digital-litoral-2026.html,blog,"FAQPage,BreadcrumbList,BlogPosting,Article",BlogPosting,SCHEMA_OK,valid
blog/comissao-corretagem-litoral-paulista-2026.html,blog,"FAQPage,BreadcrumbList,BlogPosting,Article",BlogPosting,SCHEMA_OK,valid
blog/como-analisar-lucratividade-imoveis-litoral-2026.html,blog,BlogPosting,BlogPosting,SCHEMA_OK,valid
blog/como-anunciar-airbnb-2026.html,blog,"FAQPage,BreadcrumbList,BlogPosting,Article",BlogPosting,SCHEMA_OK,valid
blog/como-anunciar-imovel-online-2026.html,blog,"FAQPage,BreadcrumbList,BlogPosting,Article",BlogPosting,SCHEMA_OK,valid
blog/como-aparecer-maps-pack-imobiliarias-litoral-2026.html,blog,BlogPosting,BlogPosting,SCHEMA_OK,valid
blog/como-aparecer-no-google-maps-para-imobiliárias-lote-2026-08-03-11.html,blog,"BlogPosting,BreadcrumbList,FAQPage",BlogPosting,SCHEMA_OK,valid
blog/como-atrair-estrangeiros-litoral-2026.html,blog,"FAQPage,BreadcrumbList,BlogPosting,Article",BlogPosting,SCHEMA_OK,valid
blog/como-avaliar-imovel-2026.html,blog,"FAQPage,BreadcrumbList,BlogPosting,Article",BlogPosting,SCHEMA_OK,valid
blog/como-avaliar-imovel-litoral-visita-2026.html,blog,BlogPosting,BlogPosting,SCHEMA_OK,valid
blog/como-avaliar-imovel-praia-2026.html,blog,"FAQPage,BreadcrumbList,BlogPosting,Article",BlogPosting,SCHEMA_OK,valid
blog/como-avaliar-preço-de-imóvel-no-litoral-sem-errar-2026-07-12-praia-digital.html,blog,"FAQPage,BreadcrumbList,BlogPosting,Article",BlogPosting,SCHEMA_OK,valid
blog/como-avaliar-taxa-condominio-lixo-imoveis-litoral-2026.html,blog,BlogPosting,BlogPosting,SCHEMA_OK,valid
blog/como-calcular-rentabilidade-imovel-temporada-litoral-sp-2026.html,blog,"Article,FAQPage",BlogPosting,SCHEMA_MISMATCH,valid
blog/como-captar-imoveis-baratos-2026.html,blog,"FAQPage,BreadcrumbList,BlogPosting,Article",BlogPosting,SCHEMA_OK,valid
blog/como-captar-imóveis-no-litoral-em-baixa-temporada-lote-2026-08-03-1.html,blog,"BlogPosting,BreadcrumbList,FAQPage",BlogPosting,SCHEMA_OK,valid
blog/como-captar-leads-em-bertioga-sem-anuncios-bertioga.html,blog,"FAQPage,BreadcrumbList,BlogPosting,Article",BlogPosting,SCHEMA_OK,valid
blog/como-captar-leads-em-caraguatatuba-sem-anuncios-caraguatatuba.html,blog,"FAQPage,BreadcrumbList,BlogPosting,Article",BlogPosting,SCHEMA_OK,valid
blog/como-captar-leads-em-iguape-sem-anuncios-iguape.html,blog,"FAQPage,BreadcrumbList,BlogPosting,Article",BlogPosting,SCHEMA_OK,valid
blog/como-captar-leads-em-ilhabela-sem-anuncios-ilhabela.html,blog,"FAQPage,BreadcrumbList,BlogPosting,Article",BlogPosting,SCHEMA_OK,valid
blog/como-captar-leads-em-praia-grande-sem-anuncios-praia-grande.html,blog,"FAQPage,BreadcrumbList,BlogPosting,Article",BlogPosting,SCHEMA_OK,valid
blog/como-captar-leads-em-ubatuba-sem-anuncios-ubatuba.html,blog,"FAQPage,BreadcrumbList,BlogPosting,Article",BlogPosting,SCHEMA_OK,valid
blog/como-captar-leads-litoral-norte-sem-anuncios-2026.html,blog,"FAQPage,BreadcrumbList,BlogPosting,Article",BlogPosting,SCHEMA_OK,valid
blog/como-conquistar-imobiliarias-parceiras-litoral-2026.html,blog,"FAQPage,BreadcrumbList,BlogPosting,Article",BlogPosting,SCHEMA_OK,valid
blog/como-conseguir-citacoes-locais-imobiliarias-litoral-2026.html,blog,BlogPosting,BlogPosting,SCHEMA_OK,valid
blog/como-converter-visitantes-parceiros-litoral-2026.html,blog,"FAQPage,BreadcrumbList,BlogPosting,Article",BlogPosting,SCHEMA_OK,valid
blog/como-declarar-aluguel-temporada-ir-2026.html,blog,"BlogPosting,BreadcrumbList",BlogPosting,SCHEMA_OK,valid
blog/como-declarar-imovel-comprado-ir-litoral-2026.html,blog,"FAQPage,BreadcrumbList",BlogPosting,SCHEMA_MISMATCH,valid
blog/como-escolher-administradora-imoveis-litoral-2026.html,blog,"BreadcrumbList,FAQPage,BlogPosting",BlogPosting,SCHEMA_OK,valid
blog/como-escolher-bairro-investir-litoral-paulista-2026.html,blog,"FAQPage,BreadcrumbList,BlogPosting,Article",BlogPosting,SCHEMA_OK,valid
blog/como-escolher-corretor-litoral-2026-08-02.html,blog,"FAQPage,BreadcrumbList,BlogPosting,Article",BlogPosting,SCHEMA_OK,valid
blog/como-escolher-imobiliaria-litoral-2026.html,blog,"FAQPage,BreadcrumbList,BlogPosting,Article",BlogPosting,SCHEMA_OK,valid
blog/como-escolher-imobiliaria-litoral-paulista-2026.html,blog,"FAQPage,BreadcrumbList,BlogPosting,Article",BlogPosting,SCHEMA_OK,valid
blog/como-escolher-imobiliaria-no-guaruja-em-guarujá-2026-07-13.html,blog,"FAQPage,BreadcrumbList,BlogPosting,Article",BlogPosting,SCHEMA_OK,valid
blog/como-escolher-imovel-litoral-conforto-termico-clima-umido-2026.html,blog,BlogPosting,BlogPosting,SCHEMA_OK,valid
blog/como-escolher-imovel-litoral.html,blog,"FAQPage,BreadcrumbList,BlogPosting,Article",BlogPosting,SCHEMA_OK,valid
blog/como-escolher-imovel-temporada-litoral-paulista-2026.html,blog,"FAQPage,BreadcrumbList,BlogPosting,Article",BlogPosting,SCHEMA_OK,valid
blog/como-evitar-golpes-imobiliarios-temporada-aluguel-praia-em-guarujá-2026-07-12.html,blog,"FAQPage,BreadcrumbList,BlogPosting,Article",BlogPosting,SCHEMA_OK,valid
blog/como-evitar-golpes-temporada-litoral-norte-2026.html,blog,"FAQPage,BreadcrumbList,BlogPosting,Article",BlogPosting,SCHEMA_OK,valid
blog/como-fechar-mais-vendas-litoral-paulista-2026.html,blog,"FAQPage,BreadcrumbList,BlogPosting,Article",BlogPosting,SCHEMA_OK,valid
blog/como-fechar-vendas-em-santos-2026-07-12.html,blog,"FAQPage,BreadcrumbList,BlogPosting,Article",BlogPosting,SCHEMA_OK,valid
blog/como-fidelizar-clientes-imobiliaria-litoral-2026.html,blog,"BlogPosting,BreadcrumbList,FAQPage",BlogPosting,SCHEMA_OK,valid
blog/como-financiar-imovel-litoral-2026.html,blog,"BreadcrumbList,Article",BlogPosting,SCHEMA_MISMATCH,valid
blog/como-fotografar-imoveis-praia-profissional-2026.html,blog,"FAQPage,BreadcrumbList,BlogPosting,Article",BlogPosting,SCHEMA_OK,valid
blog/como-funciona-aluguel-temporada-litoral-para-estrangeiros-2026.html,blog,BlogPosting,BlogPosting,SCHEMA_OK,valid
blog/como-funciona-arrematacao-leilao-imovel-litoral-2026.html,blog,BlogPosting,BlogPosting,SCHEMA_OK,valid
blog/como-funciona-ia-avaliacao-imoveis-litoral-2026.html,blog,"FAQPage,BreadcrumbList,BlogPosting,Article",BlogPosting,SCHEMA_OK,valid
blog/como-funcionar-seguro-fianca-aluguel-praia-sao-paulo-em-ilhabela-2026-07-12.html,blog,"FAQPage,BreadcrumbList,BlogPosting,Article",BlogPosting,SCHEMA_OK,valid
blog/como-ganhar-dinheiro-aluguel-temporada-litoral-2026.html,blog,BlogPosting,BlogPosting,SCHEMA_OK,valid
blog/como-ganhar-mais-com-aluguel-temporada-litoral-2026.html,blog,BlogPosting,BlogPosting,SCHEMA_OK,valid
blog/como-gerar-avaliacoes-google-imobiliarias-litoral-2026.html,blog,BlogPosting,BlogPosting,SCHEMA_OK,valid
blog/como-gerar-leads-qualificados-imobiliaria-2026.html,blog,"FAQPage,BreadcrumbList,BlogPosting,Article",BlogPosting,SCHEMA_OK,valid
blog/como-implementar-structured-data-imobiliarias-litoral-2026.html,blog,BlogPosting,BlogPosting,SCHEMA_OK,valid
blog/como-investir-aluguel-temporada-litoral-com-menos-risco-2026.html,blog,BlogPosting,BlogPosting,SCHEMA_OK,valid
blog/como-rankear-google-maps-imobiliarias-litoral-2026.html,blog,BlogPosting,BlogPosting,SCHEMA_OK,valid
blog/como-responder-avaliacoes-google-imobiliarias-litoral-2026.html,blog,BlogPosting,BlogPosting,SCHEMA_OK,valid
blog/como-responder-objecoes-em-guarujá-2026-07-12.html,blog,"FAQPage,BreadcrumbList,BlogPosting,Article",BlogPosting,SCHEMA_OK,valid
blog/como-reter-clientes-imoveis-temporada-2026.html,blog,"FAQPage,BreadcrumbList,BlogPosting,Article",BlogPosting,SCHEMA_OK,valid
blog/como-usar-dados-locais-fechar-vendas-imoveis-litoral-2026.html,blog,BlogPosting,BlogPosting,SCHEMA_OK,valid
blog/como-usar-fgts-2026.html,blog,"FAQPage,BreadcrumbList,BlogPosting,Article",BlogPosting,SCHEMA_OK,valid
blog/como-usar-ia-em-visitas-imoveis-litoral.html,blog,"FAQPage,BreadcrumbList,BlogPosting,Article",BlogPosting,SCHEMA_OK,valid
blog/como-usar-instagram-reels-para-corretores-imobiliarias-litoral-paulista-2026.html,blog,"BlogPosting,BreadcrumbList,FAQPage",BlogPosting,SCHEMA_OK,valid
blog/como-usar-instagram-vender-imoveis-litoral-2026.html,blog,"FAQPage,BreadcrumbList,BlogPosting,Article",BlogPosting,SCHEMA_OK,valid
blog/como-usar-provas-sociais-em-ubatuba-2026-07-12.html,blog,"FAQPage,BreadcrumbList,BlogPosting,Article",BlogPosting,SCHEMA_OK,valid
blog/como-usar-whatsapp-business-corretores-litoral-2026.html,blog,"FAQPage,BreadcrumbList,BlogPosting,Article",BlogPosting,SCHEMA_OK,valid
blog/como-usar-whatsapp-business-imobiliarias-litoral-2026.html,blog,"FAQPage,BreadcrumbList,BlogPosting,Article",BlogPosting,SCHEMA_OK,valid
blog/como-usar-whatsapp-vendas-imoveis-litoral-2026.html,blog,"FAQPage,BreadcrumbList,BlogPosting,Article",BlogPosting,SCHEMA_OK,valid
blog/como-vender-imoveis-litoral-2026.html,blog,"FAQPage,BreadcrumbList,BlogPosting,Article",BlogPosting,SCHEMA_OK,valid
blog/comparacao-imoveis-seo-litoral-2026.html,blog,"FAQPage,BreadcrumbList,BlogPosting,Article",BlogPosting,SCHEMA_OK,valid
blog/comparacao-precos-litoral-norte-2026.html,blog,"FAQPage,BreadcrumbList,BlogPosting,Article",BlogPosting,SCHEMA_OK,valid
blog/comparar-imoveis-litoral-paulista-2026.html,blog,"FAQPage,BreadcrumbList,BlogPosting,Article",BlogPosting,SCHEMA_OK,valid
blog/comparativo-bairros-litoral-paulista.html,blog,"FAQPage,BreadcrumbList,BlogPosting,Article",BlogPosting,SCHEMA_OK,valid
blog/comparativo-ferramentas-imobiliaria-litoral-2026.html,blog,"FAQPage,BreadcrumbList,BlogPosting,Article",BlogPosting,SCHEMA_OK,valid
blog/comparativo-ferramentas-imobiliarias-litoral-2026.html,blog,"FAQPage,BreadcrumbList,BlogPosting,Article",BlogPosting,SCHEMA_OK,valid
blog/comparativo-financiamento-perfil-casais-solteiros-idosos-litoral-2026.html,blog,BlogPosting,BlogPosting,SCHEMA_OK,valid
blog/comparativo-ia-imobiliaria-vs-tradicional.html,blog,"FAQPage,BreadcrumbList,BlogPosting,Article",BlogPosting,SCHEMA_OK,valid
blog/comparativo-imoveis-litoral-2026.html,blog,"FAQPage,BreadcrumbList,BlogPosting,Article",BlogPosting,SCHEMA_OK,valid
blog/comparativo-imovel-planta-vs-pronto-morar-litoral-2026.html,blog,BlogPosting,BlogPosting,SCHEMA_OK,valid
blog/comparativo-planos-assinatura-corretores-2026.html,blog,"FAQPage,BreadcrumbList,BlogPosting,Article",BlogPosting,SCHEMA_OK,valid
blog/comparativo-santos-guaruja-investimento.html,blog,"FAQPage,BreadcrumbList,BlogPosting,Article",BlogPosting,SCHEMA_OK,valid
blog/compra-imovel-heranca-inventario-litoral-2026.html,blog,BlogPosting,BlogPosting,SCHEMA_OK,valid
blog/compra-imovel-herdado-litoral-cuidados-2026.html,blog,BlogPosting,BlogPosting,SCHEMA_OK,valid
blog/compra-imovel-investidor-2026.html,blog,"FAQPage,BreadcrumbList,BlogPosting,Article",BlogPosting,SCHEMA_OK,valid
blog/compra-imovel-litoral-arrematacao-leilao-2026.html,blog,BlogPosting,BlogPosting,SCHEMA_OK,valid
blog/compra-imovel-litoral-caracteres-ocultos-golpe-2026.html,blog,BlogPosting,BlogPosting,SCHEMA_OK,valid
blog/compra-imovel-litoral-documentacao-entrega-2026.html,blog,BlogPosting,BlogPosting,SCHEMA_OK,valid
blog/compra-imovel-litoral-estrangeiro-guia-passo-a-passo.html,blog,"BlogPosting,BreadcrumbList,FAQPage",BlogPosting,SCHEMA_OK,valid
blog/compra-imovel-litoral-golpe-aluguel-falso-2026.html,blog,BlogPosting,BlogPosting,SCHEMA_OK,valid
blog/compra-imovel-litoral-imovel-herdado-cuidados-2026.html,blog,BlogPosting,BlogPosting,SCHEMA_OK,valid
blog/compra-imovel-litoral-imovel-reformado-checklist-2026.html,blog,BlogPosting,BlogPosting,SCHEMA_OK,valid
blog/compra-imovel-litoral-imovel-reformado-dicas-2026.html,blog,BlogPosting,BlogPosting,SCHEMA_OK,valid
blog/compra-imovel-litoral-imovel-reformado-garantia-2026.html,blog,BlogPosting,BlogPosting,SCHEMA_OK,valid
blog/compra-imovel-litoral-imovel-reformado-inspecao-2026.html,blog,BlogPosting,BlogPosting,SCHEMA_OK,valid
blog/compra-imovel-litoral-imovel-reformado-negociacao-2026.html,blog,BlogPosting,BlogPosting,SCHEMA_OK,valid
blog/compra-imovel-litoral-imovel-reformado-rapido-2026.html,blog,BlogPosting,BlogPosting,SCHEMA_OK,valid
blog/compra-imovel-litoral-imovel-reformado-riscos-2026.html,blog,BlogPosting,BlogPosting,SCHEMA_OK,valid
blog/compra-imovel-litoral-investimento-checklist-pre-investimento-2026.html,blog,BlogPosting,BlogPosting,SCHEMA_OK,valid
blog/compra-imovel-litoral-negociacao-preco-dicas-2026.html,blog,BlogPosting,BlogPosting,SCHEMA_OK,valid
blog/compra-imovel-litoral-pagamento-entrada-negociacao-2026.html,blog,BlogPosting,BlogPosting,SCHEMA_OK,valid
blog/compra-imovel-litoral-passo-passo-2026.html,blog,"FAQPage,BreadcrumbList,BlogPosting,Article",BlogPosting,SCHEMA_OK,valid
blog/compra-imovel-litoral-primeiro-imovel-2026.html,blog,BlogPosting,BlogPosting,SCHEMA_OK,valid
blog/compra-imovel-litoral-promessa-arrependimento-2026.html,blog,BlogPosting,BlogPosting,SCHEMA_OK,valid
blog/compra-imovel-litoral-promessa-compra-venda-2026.html,blog,BlogPosting,BlogPosting,SCHEMA_OK,valid
blog/compra-imovel-litoral-reforma-pos-compra-planejamento-2026.html,blog,BlogPosting,BlogPosting,SCHEMA_OK,valid
blog/compra-imovel-litoral-verao-preparacao-2026.html,blog,BlogPosting,BlogPosting,SCHEMA_OK,valid
blog/compra-imovel-litoral-verao-urgente-2026.html,blog,BlogPosting,BlogPosting,SCHEMA_OK,valid
blog/compra-imovel-litoral-visita-tecnica-checklist-2026.html,blog,BlogPosting,BlogPosting,SCHEMA_OK,valid
blog/compra-imovel-na-planta-litoral-sp-2026.html,blog,BlogPosting,BlogPosting,SCHEMA_OK,valid
blog/comprador-imovel-litoral-direito-arrependimento-2026.html,blog,BlogPosting,BlogPosting,SCHEMA_OK,valid
blog/comprar-apartamento-vista-mar-porto-da-lua-2026.html,blog,"FAQPage,BreadcrumbList,BlogPosting,Article",BlogPosting,SCHEMA_OK,valid
blog/comprar-casa-na-praia-primeiro-imovel-em-são-vicente-2026-07-13.html,blog,"FAQPage,BreadcrumbList,BlogPosting,Article",BlogPosting,SCHEMA_OK,valid
blog/comprar-imovel-bertioga-2026.html,blog,"BreadcrumbList,FAQPage",BlogPosting,SCHEMA_MISMATCH,valid
blog/comprar-imovel-caraguatatuba-2026.html,blog,"BreadcrumbList,FAQPage",BlogPosting,SCHEMA_MISMATCH,valid
blog/comprar-imovel-guaruja-2026.html,blog,"BreadcrumbList,FAQPage",BlogPosting,SCHEMA_MISMATCH,valid
blog/comprar-imovel-na-planta-litoral-sp-2026.html,blog,"Article,FAQPage",BlogPosting,SCHEMA_MISMATCH,valid
blog/comprar-imovel-planta-entrega-2027-riscos-cuidados-litoral-2026.html,blog,BlogPosting,BlogPosting,SCHEMA_OK,valid
blog/comprar-imovel-praia-2026-vs-2027.html,blog,"FAQPage,BreadcrumbList,BlogPosting,Article",BlogPosting,SCHEMA_OK,valid
blog/comprar-imovel-sao-sebastiao-2026.html,blog,Article,BlogPosting,SCHEMA_MISMATCH,valid
blog/comprar-ou-alugar-litoral-paulista-2026.html,blog,"FAQPage,BreadcrumbList,BlogPosting,Article",BlogPosting,SCHEMA_OK,valid
blog/condominio-alto-padrao-yield.html,blog,"FAQPage,BreadcrumbList,BlogPosting,Article",BlogPosting,SCHEMA_OK,valid
blog/condominio-fechado-litoral-paulista-vale-pena-2026.html,blog,"FAQPage,BreadcrumbList,BlogPosting,Article",BlogPosting,SCHEMA_OK,valid
blog/condominio-litoral-assembleia-regras-locacao-2026.html,blog,BlogPosting,BlogPosting,SCHEMA_OK,valid
blog/condominio-litoral-regras-aluguel-temporada-2026.html,blog,BlogPosting,BlogPosting,SCHEMA_OK,valid
blog/condominio-litoral-regras-multas-como-funciona-2026.html,blog,BlogPosting,BlogPosting,SCHEMA_OK,valid
blog/consorcio-aderon-contratar-2026.html,blog,"FAQPage,BreadcrumbList,BlogPosting,Article",BlogPosting,SCHEMA_OK,valid
blog/consorcio-automoveis-2026-economia-carro-2026.html,blog,"FAQPage,BreadcrumbList,BlogPosting,Article",BlogPosting,SCHEMA_OK,valid
blog/consorcio-imobiliario-litoral-aluguel-temporada-2026.html,blog,"FAQPage,BreadcrumbList,BlogPosting,Article",BlogPosting,SCHEMA_OK,valid
blog/consorcio-imobiliario-vs-financiamento-2026.html,blog,"FAQPage,BreadcrumbList,BlogPosting,Article",BlogPosting,SCHEMA_OK,valid
blog/consorcio-litoral-paulista-guia-investidor-2026.html,blog,"FAQPage,BreadcrumbList,BlogPosting,Article",BlogPosting,SCHEMA_OK,valid
blog/consorcio-para-corretores-imobiliarios-2026.html,blog,"FAQPage,BreadcrumbList,BlogPosting,Article",BlogPosting,SCHEMA_OK,valid
blog/construcao-imovel-litoral-legalidade-2026.html,blog,BlogPosting,BlogPosting,SCHEMA_OK,valid
blog/construcao-sustentavel-imoveis-litoral-guia-2026.html,blog,BlogPosting,BlogPosting,SCHEMA_OK,valid
blog/construcao-sustentavel-litoral-paulista-2026.html,blog,BlogPosting,BlogPosting,SCHEMA_OK,valid
blog/construir-vs-comprar-imovel-litoral-2026.html,blog,BlogPosting,BlogPosting,SCHEMA_OK,valid
blog/construtora-digital-litoral-paulista-2026.html,blog,"FAQPage,BreadcrumbList,BlogPosting,Article",BlogPosting,SCHEMA_OK,valid
blog/construtora-responsavel-imovel-litoral-sinais-2026.html,blog,BlogPosting,BlogPosting,SCHEMA_OK,valid
blog/construtoras-digitais-litoral-paulista.html,blog,"FAQPage,BreadcrumbList,BlogPosting,Article",BlogPosting,SCHEMA_OK,valid
blog/construtoras-parceiras-lancamentos-corretores-2026.html,blog,"FAQPage,BreadcrumbList,BlogPosting,Article",BlogPosting,SCHEMA_OK,valid
blog/consultoria-ia-imobiliaria-litoral-paulista-leve.html,blog,"FAQPage,BreadcrumbList,BlogPosting,Article",BlogPosting,SCHEMA_OK,valid
blog/consultoria-ia-imobiliaria-litoral-personalizado.html,blog,"FAQPage,BreadcrumbList,BlogPosting,Article",BlogPosting,SCHEMA_OK,valid
blog/consultoria-ia-imobiliaria-litoral-rapida.html,blog,"FAQPage,BreadcrumbList,BlogPosting,Article",BlogPosting,SCHEMA_OK,valid
blog/conteudo-diario-imobiliaria-litoral-2026.html,blog,"FAQPage,BreadcrumbList,BlogPosting,Article",BlogPosting,SCHEMA_OK,valid
blog/conteudo-duplicado-imoveis-seo-local-litoral-2026.html,blog,BlogPosting,BlogPosting,SCHEMA_OK,valid
blog/conteudo-educativo-imobiliarias-litoral-2026.html,blog,"FAQPage,BreadcrumbList,BlogPosting,Article",BlogPosting,SCHEMA_OK,valid
blog/conteudo-instagram-imobiliaria-15-ideias-geram-consultas.html,blog,"BlogPosting,BreadcrumbList,FAQPage",BlogPosting,SCHEMA_OK,valid
blog/conteudo-multilingue-seo-imobiliario-litoral-2026.html,blog,"FAQPage,BreadcrumbList,BlogPosting,Article",BlogPosting,SCHEMA_OK,valid
blog/conteudo-redes-sociais-imobiliarias-litoral-2026.html,blog,BlogPosting,BlogPosting,SCHEMA_OK,valid
blog/conteudo-whatsapp-corretores-litoral-paulista-2026.html,blog,"FAQPage,BreadcrumbList,BlogPosting,Article",BlogPosting,SCHEMA_OK,valid
blog/contrato-aluguel-temporada-litoral-clausulas-2026.html,blog,BlogPosting,BlogPosting,SCHEMA_OK,valid
blog/contrato-aluguel-temporada-modelo-2026.html,blog,"FAQPage,BreadcrumbList,BlogPosting,Article",BlogPosting,SCHEMA_OK,valid
blog/contrato-compra-venda-imovel-litoral-2026.html,blog,"FAQPage,BreadcrumbList,BlogPosting,Article",BlogPosting,SCHEMA_OK,valid
blog/conversao-whatsapp-imobiliarias-litoral-roteiro-pratico-2026.html,blog,"FAQPage,BreadcrumbList,BlogPosting,Article",BlogPosting,SCHEMA_OK,valid
blog/converter-trafego-organico-parcerias-litoral-2026.html,blog,"FAQPage,BreadcrumbList,BlogPosting,Article",BlogPosting,SCHEMA_OK,valid
blog/copywriting-anuncios-alto-padrao-litoral-2026.html,blog,"FAQPage,BreadcrumbList,BlogPosting,Article",BlogPosting,SCHEMA_OK,valid
blog/copywriting-anuncios-imoveis-litoral-2026.html,blog,"FAQPage,BreadcrumbList,BlogPosting,Article",BlogPosting,SCHEMA_OK,valid
blog/core-web-vitals-imobiliarias-litoral-seo-2026.html,blog,BlogPosting,BlogPosting,SCHEMA_OK,valid
blog/coronadeleadership-imobiliaria-2026.html,blog,"FAQPage,BreadcrumbList,BlogPosting,Article",BlogPosting,SCHEMA_OK,valid
blog/corporativo-imoveis-litoral-2026.html,blog,"FAQPage,BreadcrumbList,BlogPosting,Article",BlogPosting,SCHEMA_OK,valid
blog/corretor-ajuda-comprar-imovel-2026.html,blog,"FAQPage,BreadcrumbList,BlogPosting,Article",BlogPosting,SCHEMA_OK,valid
blog/corretor-confiavel-litoral-2026.html,blog,"FAQPage,BreadcrumbList,BlogPosting,Article",BlogPosting,SCHEMA_OK,valid
blog/corretor-digital-imobiliaria-2026.html,blog,"FAQPage,BreadcrumbList,BlogPosting,Article",BlogPosting,SCHEMA_OK,valid
blog/corretor-litoral-captacao-imoveis-2026.html,blog,BlogPosting,BlogPosting,SCHEMA_OK,valid
blog/corretor-litoral-diferenciais-concorrer-2026.html,blog,BlogPosting,BlogPosting,SCHEMA_OK,valid
blog/corretor-litoral-follow-up-cliente-2026.html,blog,BlogPosting,BlogPosting,SCHEMA_OK,valid
blog/corretor-litoral-tecnicas-fechar-vendas-rapido-2026.html,blog,BlogPosting,BlogPosting,SCHEMA_OK,valid
blog/corretor-litoral-visita-tecnica-imovel-2026.html,blog,BlogPosting,BlogPosting,SCHEMA_OK,valid
blog/corretor-vendedor-imovel-2026.html,blog,"FAQPage,BreadcrumbList,BlogPosting,Article",BlogPosting,SCHEMA_OK,valid
blog/corretores-autonomos-ia-competir-imobiliarias.html,blog,"FAQPage,BreadcrumbList,BlogPosting,Article",BlogPosting,SCHEMA_OK,valid
blog/corretores-imobiliarias-bertioga.html,blog,"FAQPage,BreadcrumbList,BlogPosting,Article",BlogPosting,SCHEMA_OK,valid
blog/corretores-imoveis-dicas-litoral.html,blog,"FAQPage,BreadcrumbList,BlogPosting,Article",BlogPosting,SCHEMA_OK,valid
blog/credito-imobiliario-pre-aprovado-temporada-litoral-em-mongaguá-2026-07-12.html,blog,"FAQPage,BreadcrumbList,BlogPosting,Article",BlogPosting,SCHEMA_OK,valid
blog/criar-cultura-atendimento-corretores-litoral-2026.html,blog,BlogPosting,BlogPosting,SCHEMA_OK,valid
blog/crm-barato-imobiliaria-litoral-2026.html,blog,"FAQPage,BreadcrumbList,BlogPosting,Article",BlogPosting,SCHEMA_OK,valid
blog/crm-eleads-imobiliarias-litoral-2026.html,blog,"FAQPage,BreadcrumbList,BlogPosting,Article",BlogPosting,SCHEMA_OK,valid
blog/crm-gratis-corretores-litoral-2026.html,blog,"FAQPage,BreadcrumbList,BlogPosting,Article",BlogPosting,SCHEMA_OK,valid
blog/crm-gratuito-corretores-litoral-2026.html,blog,"FAQPage,BreadcrumbList,BlogPosting,Article",BlogPosting,SCHEMA_OK,valid
blog/crm-gratuito-imobiliaria-litoral-2026.html,blog,"FAQPage,BreadcrumbList,BlogPosting,Article",BlogPosting,SCHEMA_OK,valid
blog/crm-ia-imobiliaria-litoral.html,blog,"FAQPage,BreadcrumbList,BlogPosting,Article",BlogPosting,SCHEMA_OK,valid
blog/crm-imobiliaria-litoral-2026.html,blog,"FAQPage,BreadcrumbList,BlogPosting,Article",BlogPosting,SCHEMA_OK,valid
blog/crm-imobiliarias-litoral-2026.html,blog,"FAQPage,BreadcrumbList,BlogPosting,Article",BlogPosting,SCHEMA_OK,valid
blog/crm-imobiliarias-pequenas-litoral-2026.html,blog,"FAQPage,BreadcrumbList,BlogPosting,Article",BlogPosting,SCHEMA_OK,valid
blog/crm-imobiliario-corretores-litoral-paulista-2026.html,blog,"FAQPage,BreadcrumbList,BlogPosting,Article",BlogPosting,SCHEMA_OK,valid
blog/crm-para-corretores-primeiro-contato-fechamento.html,blog,Article,BlogPosting,SCHEMA_MISMATCH,valid
blog/crm-para-imobiliarias-litoral-ia.html,blog,"FAQPage,BreadcrumbList,BlogPosting,Article",BlogPosting,SCHEMA_OK,valid
blog/crm-simple-vendas-imoveis-litoral-2026.html,blog,"FAQPage,BreadcrumbList,BlogPosting,Article",BlogPosting,SCHEMA_OK,valid
blog/ctas-convertem-imoveis-litoral-2026.html,blog,"FAQPage,BreadcrumbList,BlogPosting,Article",BlogPosting,SCHEMA_OK,valid
blog/curso-completo-corretores-imoveis-2026.html,blog,"FAQPage,BreadcrumbList,BlogPosting,Article",BlogPosting,SCHEMA_OK,valid
blog/cursos-rapidos-gratuitos-imobiliarias-2026.html,blog,"FAQPage,BreadcrumbList,BlogPosting,Article",BlogPosting,SCHEMA_OK,valid
blog/custos-imovel-praia.html,blog,"FAQPage,BreadcrumbList,BlogPosting,Article",BlogPosting,SCHEMA_OK,valid
blog/custos-ocultos-compra-imovel-litoral-2026.html,blog,BlogPosting,BlogPosting,SCHEMA_OK,valid
blog/custos-ocultos-compra-imovel-litoral-itbi-registro-2026.html,blog,BlogPosting,BlogPosting,SCHEMA_OK,valid
blog/dados-aluguel-praia-sul-2026.html,blog,"FAQPage,BreadcrumbList,BlogPosting,Article",BlogPosting,SCHEMA_OK,valid
blog/dados-captacao-imoveis-litoral-2026.html,blog,"FAQPage,BreadcrumbList,BlogPosting,Article",BlogPosting,SCHEMA_OK,valid
blog/dados-climaticos-venda-imoveis-litoral-2026.html,blog,"FAQPage,BreadcrumbList,BlogPosting,Article",BlogPosting,SCHEMA_OK,valid
blog/dados-mercado-imobiliario-litoral-2026.html,blog,"FAQPage,BreadcrumbList,BlogPosting,Article",BlogPosting,SCHEMA_OK,valid
blog/dados-mercado-praia-grande-2026.html,blog,"FAQPage,BreadcrumbList,BlogPosting,Article",BlogPosting,SCHEMA_OK,valid
blog/dashboard-imobiliario-litoral-pratico-2026.html,blog,BlogPosting,BlogPosting,SCHEMA_OK,valid
blog/decisao-compra-imovel-litoral-2026.html,blog,"FAQPage,BreadcrumbList,BlogPosting,Article",BlogPosting,SCHEMA_OK,valid
blog/decisao-ferramentas-imobiliarias-litoral-sem-arrependimento-2026.html,blog,"FAQPage,BreadcrumbList,BlogPosting,Article",BlogPosting,SCHEMA_OK,valid
blog/decoracao-airbnb-barata-alta-conversao.html,blog,"FAQPage,BreadcrumbList,BlogPosting,Article",BlogPosting,SCHEMA_OK,valid
blog/demo-15min-imobiliarias-litoral-2026.html,blog,"FAQPage,BreadcrumbList,BlogPosting,Article",BlogPosting,SCHEMA_OK,valid
blog/depoimentos-video-imobiliarias-litoral-2026.html,blog,"FAQPage,BreadcrumbList,BlogPosting,Article",BlogPosting,SCHEMA_OK,valid
blog/desapropriacao-imovel-litoral-indenizacao-2026.html,blog,BlogPosting,BlogPosting,SCHEMA_OK,valid
blog/diagnostico-anuncio-temporada-litoral-2026.html,blog,BreadcrumbList,BlogPosting,SCHEMA_INVALID,"invalid_json: Expecting ',' delimiter: line 14 column 1 (char 768)"
blog/diagnostico-ia-imobiliaria-gratis.html,blog,"FAQPage,BreadcrumbList,BlogPosting,Article",BlogPosting,SCHEMA_OK,valid
blog/dicas-alugar-temporada-sem-dor-cabeca-2026.html,blog,"FAQPage,BreadcrumbList,BlogPosting,Article",BlogPosting,SCHEMA_OK,valid
blog/dicas-avaliacao-captacao-litoral-2026.html,blog,"FAQPage,BreadcrumbList,BlogPosting,Article",BlogPosting,SCHEMA_OK,valid
blog/dicas-captar-imoveis-temporada-litoral-norte-2026.html,blog,"FAQPage,BreadcrumbList,BlogPosting,Article",BlogPosting,SCHEMA_OK,valid
blog/dicas-proprietarios-alugam-temporada-litoral-2026.html,blog,"FAQPage,BreadcrumbList,BlogPosting,Article",BlogPosting,SCHEMA_OK,valid
blog/dicas-vender-imovel-mais-rapido-litoral-paulista-2026.html,blog,"FAQPage,BreadcrumbList,BlogPosting,Article",BlogPosting,SCHEMA_OK,valid
blog/diferenciacao-competitiva-imobiliarias-litoral-2026.html,blog,"FAQPage,BreadcrumbList,BlogPosting,Article",BlogPosting,SCHEMA_OK,valid
blog/diferenciacao-pequenas-imobiliarias-litoral-2026.html,blog,"FAQPage,BreadcrumbList,BlogPosting,Article",BlogPosting,SCHEMA_OK,valid
blog/digitalizacao-imobiliaria-tradicional-2026.html,blog,"FAQPage,BreadcrumbList,BlogPosting,Article",BlogPosting,SCHEMA_OK,valid
blog/dinheiro-para-imovel-praia-2026.html,blog,"FAQPage,BreadcrumbList,BlogPosting,Article",BlogPosting,SCHEMA_OK,valid
blog/direito-aluguel-temporada-litoral-guia-2026.html,blog,"FAQPage,BreadcrumbList,BlogPosting,Article",BlogPosting,SCHEMA_OK,valid
blog/direitos-deveres-aluguel-temporada-litoral-2026.html,blog,BlogPosting,BlogPosting,SCHEMA_OK,valid
blog/direitos-deveres-anfitriao-aluguel-temporada-litoral-2026.html,blog,BlogPosting,BlogPosting,SCHEMA_OK,valid
blog/disputa-avaliacao-imovel-litoral-contestar-valor-banco-2026.html,blog,BlogPosting,BlogPosting,SCHEMA_OK,valid
blog/distrato-construtora-imoveis-litoral-2026.html,blog,"BlogPosting,BreadcrumbList",BlogPosting,SCHEMA_OK,valid
blog/distrato-imovel-planta-litoral-paulista-2026.html,blog,"FAQPage,BreadcrumbList,BlogPosting,Article",BlogPosting,SCHEMA_OK,valid
blog/divulgar-imovel-redes-2026.html,blog,"FAQPage,BreadcrumbList,BlogPosting,Article",BlogPosting,SCHEMA_OK,valid
blog/doacao-imovel-litoral-formalidades-custos-2026.html,blog,BlogPosting,BlogPosting,SCHEMA_OK,valid
blog/documentacao-alugar-temporada-litoral-2026-08-09.html,blog,"FAQPage,BreadcrumbList,BlogPosting,Article",BlogPosting,SCHEMA_OK,valid
blog/documentacao-aluguel-temporada-anfitriao-estrangeiro-2026.html,blog,BlogPosting,BlogPosting,SCHEMA_OK,valid
blog/documentacao-aluguel-temporada-litoral-2026.html,blog,BlogPosting,BlogPosting,SCHEMA_OK,valid
blog/documentacao-aluguel-temporada-litoral-checklist-2026.html,blog,"FAQPage,BreadcrumbList,BlogPosting,Article",BlogPosting,SCHEMA_OK,valid
blog/documentacao-aluguel-temporada-litoral-contrato-registro-seguro-2026.html,blog,BlogPosting,BlogPosting,SCHEMA_OK,valid
blog/documentacao-completa-imovel-2026.html,blog,"FAQPage,BreadcrumbList,BlogPosting,Article",BlogPosting,SCHEMA_OK,valid
blog/documentacao-completa-venda-imovel-litoral-passo-passo-2026.html,blog,BlogPosting,BlogPosting,SCHEMA_OK,valid
blog/documentacao-compra-imovel-leilao-litoral-2026.html,blog,BlogPosting,BlogPosting,SCHEMA_OK,valid
blog/documentacao-compra-imovel-litoral-guia-2026.html,blog,"BlogPosting,BreadcrumbList,FAQPage",BlogPosting,SCHEMA_OK,valid
blog/documentacao-compra-imovel-litoral-paulista-2026.html,blog,"FAQPage,BreadcrumbList,BlogPosting,Article",BlogPosting,SCHEMA_OK,valid
blog/documentacao-compra-imovel-planta-litoral-passo-passo-2026.html,blog,BlogPosting,BlogPosting,SCHEMA_OK,valid
blog/documentacao-compra-venda-imovel-litoral-2026.html,blog,"BreadcrumbList,Article",BlogPosting,SCHEMA_MISMATCH,valid
blog/documentacao-comprar-imovel-litoral-checklist-2026.html,blog,"FAQPage,BreadcrumbList,BlogPosting,Article",BlogPosting,SCHEMA_OK,valid
blog/documentacao-estrangeiro-compra-imovel-brasil-litoral-2026.html,blog,"BreadcrumbList,FAQPage",BlogPosting,SCHEMA_MISMATCH,valid
blog/documentacao-financiamento-imovel-litoral-2026.html,blog,BlogPosting,BlogPosting,SCHEMA_OK,valid
blog/documentacao-imoveis-litoral-checklist-2026.html,blog,"FAQPage,BreadcrumbList,BlogPosting,Article",BlogPosting,SCHEMA_OK,valid
blog/documentacao-imovel-heranca-litoral-passos-2026.html,blog,BlogPosting,BlogPosting,SCHEMA_OK,valid
blog/documentacao-locacao-temporada-litoral-guia-2026.html,blog,"FAQPage,BreadcrumbList,BlogPosting,Article",BlogPosting,SCHEMA_OK,valid
blog/documentacao-necessaria-comprar-imovel-litoral-passo-a-passo-em-praia-grande-2026-07-12.html,blog,"FAQPage,BreadcrumbList,BlogPosting,Article",BlogPosting,SCHEMA_OK,valid
blog/documentacao-venda-imovel-herdado-litoral.html,blog,"BlogPosting,BreadcrumbList",BlogPosting,SCHEMA_OK,valid
blog/documentacao-venda-imovel-litoral-passos-2026.html,blog,BlogPosting,BlogPosting,SCHEMA_OK,valid
blog/documentacao-venda-imovel-praia-2026.html,blog,"FAQPage,BreadcrumbList,BlogPosting,Article",BlogPosting,SCHEMA_OK,valid
blog/documentacao-vender-imovel-litoral-2026.html,blog,BlogPosting,BlogPosting,SCHEMA_OK,valid
blog/documentos-compra-imovel-litoral-2026.html,blog,"FAQPage,BreadcrumbList,BlogPosting,Article",BlogPosting,SCHEMA_OK,valid
blog/documentos-compra-imovel-litoral-sp-checklist-2026.html,blog,BlogPosting,BlogPosting,SCHEMA_OK,valid
blog/documentos-comprar-imovel-litoral-checklist-2026.html,blog,"FAQPage,BreadcrumbList,BlogPosting,Article",BlogPosting,SCHEMA_OK,valid
blog/documentos-essenciais-compra-imovel-litoral-2026.html,blog,BlogPosting,BlogPosting,SCHEMA_OK,valid
blog/documentos-imovel-compra-2026.html,blog,"FAQPage,BreadcrumbList,BlogPosting,Article",BlogPosting,SCHEMA_OK,valid
blog/documentos-imovel-heranca-litoral-passos-2026.html,blog,BlogPosting,BlogPosting,SCHEMA_OK,valid
blog/documentos-necessarios-financiamento-imovel-2026.html,blog,"FAQPage,BreadcrumbList,BlogPosting,Article",BlogPosting,SCHEMA_OK,valid
blog/documentos-venda-imovel-litoral-checklist-2026.html,blog,BlogPosting,BlogPosting,SCHEMA_OK,valid
blog/dossie-conquista-corretores-autonomos-litoral-paulista.html,blog,"FAQPage,BreadcrumbList,BlogPosting,Article",BlogPosting,SCHEMA_OK,valid
blog/dossie-conquista-pequenas-imobiliarias-litoral-paulista.html,blog,"FAQPage,BreadcrumbList,BlogPosting,Article",BlogPosting,SCHEMA_OK,valid
blog/economia-agua-imoveis-litoral-pratico-2026-v2.html,blog,BlogPosting,BlogPosting,SCHEMA_OK,valid
blog/economia-agua-imoveis-litoral-pratico-2026.html,blog,BlogPosting,BlogPosting,SCHEMA_OK,valid
blog/economia-anuncios-imobiliaria-ia.html,blog,"FAQPage,BreadcrumbList,BlogPosting,Article",BlogPosting,SCHEMA_OK,valid
blog/economia-fechamento-corretor-2026.html,blog,"FAQPage,BreadcrumbList,BlogPosting,Article",BlogPosting,SCHEMA_OK,valid
blog/economia-impostos-imobiliaria-2026.html,blog,"FAQPage,BreadcrumbList,BlogPosting,Article",BlogPosting,SCHEMA_OK,valid
blog/edicao-fotografia-anuncio-temporada-litoral-2026.html,blog,BreadcrumbList,BlogPosting,SCHEMA_INVALID,"invalid_json: Expecting ',' delimiter: line 14 column 1 (char 771)"
blog/edicao-profissional-imoveis-litoral-2026.html,blog,"FAQPage,BreadcrumbList,BlogPosting,Article",BlogPosting,SCHEMA_OK,valid
blog/educacao-continuada-corretores-filmes-series-estudo-2026.html,blog,"FAQPage,BreadcrumbList,BlogPosting,Article",BlogPosting,SCHEMA_OK,valid
blog/eficiencia-energetica-imoveis-litoral-reduzir-custo-2026-v2.html,blog,BlogPosting,BlogPosting,SCHEMA_OK,valid
blog/eficiencia-energetica-imoveis-litoral-reduzir-custo-2026.html,blog,BlogPosting,BlogPosting,SCHEMA_OK,valid
blog/email-marketing-corretores-nutricao-leads-litoral-2026.html,blog,"BlogPosting,BreadcrumbList,FAQPage",BlogPosting,SCHEMA_OK,valid
blog/email-marketing-imobiliarias-campanhas-captacao-litoral-2026.html,blog,"BlogPosting,BreadcrumbList,FAQPage",BlogPosting,SCHEMA_OK,valid
blog/email-marketing-imobiliarias-litoral-relacionamento-2026.html,blog,BlogPosting,BlogPosting,SCHEMA_OK,valid
blog/email-nurture-imobiliarias-litoral-relacionamento-2026.html,blog,BlogPosting,BlogPosting,SCHEMA_OK,valid
blog/embare-santos-imoveis-oportunidades-2026.html,blog,"FAQPage,BreadcrumbList,BlogPosting,Article",BlogPosting,SCHEMA_OK,valid
blog/energia-renovavel-imoveis-litoral-passo-passo-2026.html,blog,BlogPosting,BlogPosting,SCHEMA_OK,valid
blog/energia-solar-imoveis-litoral-guia-2026.html,blog,BlogPosting,BlogPosting,SCHEMA_OK,valid
blog/enseada-guaruja-imoveis-oportunidades-2026.html,blog,"FAQPage,BreadcrumbList,BlogPosting,Article",BlogPosting,SCHEMA_OK,valid
blog/entenda-separacao-fato-imovel-patrimonio-divorcio-2026.html,blog,Article,BlogPosting,SCHEMA_MISMATCH,valid
blog/entrada-vs-financiamento-imovel-litoral-2026.html,blog,"FAQPage,BreadcrumbList,BlogPosting,Article",BlogPosting,SCHEMA_OK,valid
blog/erros-captacao-imoveis-alto-padrao-litoral-2026-08-10.html,blog,"FAQPage,BreadcrumbList,BlogPosting,Article",BlogPosting,SCHEMA_OK,valid
blog/erros-comuns-corretores-iniciantes-litoral-paulista-2026.html,blog,"FAQPage,BreadcrumbList,BlogPosting,Article",BlogPosting,SCHEMA_OK,valid
blog/erros-comuns-corretores-litoral-captacao-2026.html,blog,"FAQPage,BreadcrumbList,BlogPosting,Article",BlogPosting,SCHEMA_OK,valid
blog/erros-documentacao-compra-imovel-litoral-2026.html,blog,NONE,BlogPosting,SCHEMA_MISSING,invalid_json: Expecting property name enclosed in double quotes: line 7 column 7 (char 302)
blog/escalacao-parcerias-litoral-crescer-qualidade-2026.html,blog,"FAQPage,BreadcrumbList,BlogPosting,Article",BlogPosting,SCHEMA_OK,valid
blog/escolher-ferramentas-gratuitas-imobiliarias-litoral-2026.html,blog,"FAQPage,BreadcrumbList,BlogPosting,Article",BlogPosting,SCHEMA_OK,valid
blog/escolher-financiamento-bancario-consorcio-entrada-imovel-litoral-2026.html,blog,BlogPosting,BlogPosting,SCHEMA_OK,valid
blog/escolher-imobiliaria-litoral-paulista-guia-2026.html,blog,"FAQPage,BreadcrumbList,BlogPosting,Article",BlogPosting,SCHEMA_OK,valid
blog/escritura-imovel-litoral-passos-custos-2026.html,blog,BlogPosting,BlogPosting,SCHEMA_OK,valid
blog/escritura-registro-imovel-litoral-passo-passo-2026.html,blog,"FAQPage,BreadcrumbList,BlogPosting,Article",BlogPosting,SCHEMA_OK,valid
blog/estagio-imoveis-gta-litoral-2026.html,blog,"FAQPage,BreadcrumbList,BlogPosting,Article",BlogPosting,SCHEMA_OK,valid
blog/estatisticas-mercado-litoral-paulista-2026.html,blog,"FAQPage,BreadcrumbList,BlogPosting,Article",BlogPosting,SCHEMA_OK,valid
blog/estrategia-captacao-verao-litoral.html,blog,"FAQPage,BreadcrumbList,BlogPosting,Article",BlogPosting,SCHEMA_OK,valid
blog/estrategia-indicacao-parceiros-litoral-2026.html,blog,"FAQPage,BreadcrumbList,BlogPosting,Article",BlogPosting,SCHEMA_OK,valid
blog/estrategia-preco-dinamico-temporada-litoral-2026.html,blog,"BlogPosting,BreadcrumbList,FAQPage",BlogPosting,SCHEMA_OK,valid
blog/estrategia-preco-imovel-praia-2026.html,blog,"FAQPage,BreadcrumbList,BlogPosting,Article",BlogPosting,SCHEMA_OK,valid
blog/estratégia-crescimento-imobiliaria-litoral-2026.html,blog,"FAQPage,BreadcrumbList,BlogPosting,Article",BlogPosting,SCHEMA_OK,valid
blog/evento-imobiliario networking-litoral-paulista-2026.html,blog,"FAQPage,BreadcrumbList,BlogPosting,Article",BlogPosting,SCHEMA_OK,valid
blog/eventos-locais-captar-imoveis-litoral-2026.html,blog,"FAQPage,BreadcrumbList,BlogPosting,Article",BlogPosting,SCHEMA_OK,valid
blog/eventos-networking-imobiliario-litoral-2026.html,blog,"FAQPage,BreadcrumbList,BlogPosting,Article",BlogPosting,SCHEMA_OK,valid
blog/evitar-golpes-aluguel-temporada-litoral-paulista-2026.html,blog,"FAQPage,BreadcrumbList,BlogPosting,Article",BlogPosting,SCHEMA_OK,valid
blog/evitar-golpes-fraudes-compra-imovel-litoral-2026.html,blog,BlogPosting,BlogPosting,SCHEMA_OK,valid
blog/experiencia-cliente-imoveis-litoral-2026.html,blog,"FAQPage,BreadcrumbList,BlogPosting,Article",BlogPosting,SCHEMA_OK,valid
blog/experiencia-hospede-luxo-temporada-litoral-2026.html,blog,"FAQPage,BreadcrumbList,BlogPosting,Article",BlogPosting,SCHEMA_OK,valid
blog/familia-guaruja-zona-leste-ia.html,blog,"FAQPage,BreadcrumbList,BlogPosting,Article",BlogPosting,SCHEMA_OK,valid
blog/familia-itanhaem-zona-norte-ia.html,blog,"FAQPage,BreadcrumbList,BlogPosting,Article",BlogPosting,SCHEMA_OK,valid
blog/familia-praiagrande-zona-sul-ia.html,blog,"FAQPage,BreadcrumbList,BlogPosting,Article",BlogPosting,SCHEMA_OK,valid
blog/faq-bairro-imobiliarias-litoral-2026.html,blog,"FAQPage,BreadcrumbList,BlogPosting,Article",BlogPosting,SCHEMA_OK,valid
blog/faq-bairro-reduzir-objecao-litoral-2026.html,blog,"FAQPage,BreadcrumbList,BlogPosting,Article",BlogPosting,SCHEMA_OK,valid
blog/faq-ia-imobiliaria-litoral.html,blog,"FAQPage,BreadcrumbList,BlogPosting,Article",BlogPosting,SCHEMA_OK,valid
blog/faq-imoveis-litoral-paulista-2026.html,blog,"FAQPage,BreadcrumbList,BlogPosting,Article",BlogPosting,SCHEMA_OK,valid
blog/faq-rapido-corretores-litoral-paulista-2026.html,blog,"FAQPage,BreadcrumbList,BlogPosting,Article",BlogPosting,SCHEMA_OK,valid
blog/faq-site-imobiliarias-litoral-2026.html,blog,"FAQPage,BreadcrumbList,BlogPosting,Article",BlogPosting,SCHEMA_OK,valid
blog/fechamento-de-temporada-no-litoral-checklist-do-vendedor-2026-07-12-praia-digital.html,blog,"FAQPage,BreadcrumbList,BlogPosting,Article",BlogPosting,SCHEMA_OK,valid
blog/fechamento-parceria-imobiliaria-litoral-2026.html,blog,"FAQPage,BreadcrumbList,BlogPosting,Article",BlogPosting,SCHEMA_OK,valid
blog/fechamento-parceria-imobiliaria-litoral-checklist-2026.html,blog,"FAQPage,BreadcrumbList,BlogPosting,Article",BlogPosting,SCHEMA_OK,valid
blog/fechamento-rapido-leads-quentes-litoral-2026.html,blog,"FAQPage,BreadcrumbList,BlogPosting,Article",BlogPosting,SCHEMA_OK,valid
blog/fechamento-rapido-temporada-imoveis-2026.html,blog,"FAQPage,BreadcrumbList,BlogPosting,Article",BlogPosting,SCHEMA_OK,valid
blog/fechamento-venda-litoral-lista-cheque-2026.html,blog,"FAQPage,BreadcrumbList,BlogPosting,Article",BlogPosting,SCHEMA_OK,valid
blog/fechamento-vendas-corretores-litoral-2026.html,blog,"FAQPage,BreadcrumbList,BlogPosting,Article",BlogPosting,SCHEMA_OK,valid
blog/fechamento-vendas-corretores-litoral-paulista-2026.html,blog,"FAQPage,BreadcrumbList,BlogPosting,Article",BlogPosting,SCHEMA_OK,valid
blog/fechamento-vendas-imobiliaria-litoral-2026.html,blog,"FAQPage,BreadcrumbList,BlogPosting,Article",BlogPosting,SCHEMA_OK,valid
blog/fechamento-whatsapp-parcerias-imobiliarias-litoral-2026.html,blog,"FAQPage,BreadcrumbList,BlogPosting,Article",BlogPosting,SCHEMA_OK,valid
blog/fechar-parcerias-imobiliarias-litoral-paulista-guia-2026.html,blog,"FAQPage,BreadcrumbList,BlogPosting,Article",BlogPosting,SCHEMA_OK,valid
blog/fechar-vendas-baixa-temporada-litoral-2026.html,blog,"FAQPage,BreadcrumbList,BlogPosting,Article",BlogPosting,SCHEMA_OK,valid
blog/ferias-litoral-paulista-roteiro-imoveis-2026.html,blog,"FAQPage,BreadcrumbList,BlogPosting,Article",BlogPosting,SCHEMA_OK,valid
blog/ferramenta-ia-imobiliaria-gratis.html,blog,"FAQPage,BreadcrumbList,BlogPosting,Article",BlogPosting,SCHEMA_OK,valid
blog/ferramentas-gratuitas-captacao-imoveis-praia-2026.html,blog,"FAQPage,BreadcrumbList,BlogPosting,Article",BlogPosting,SCHEMA_OK,valid
blog/ferramentas-gratuitas-corretores-litoral-2026.html,blog,"FAQPage,BreadcrumbList,BlogPosting,Article",BlogPosting,SCHEMA_OK,valid
blog/ferramentas-gratuitas-corretores-litoral-paulista-2026.html,blog,"FAQPage,BreadcrumbList,BlogPosting,Article",BlogPosting,SCHEMA_OK,valid
blog/ferramentas-gratuitas-imobiliarias-litoral-2026.html,blog,"BreadcrumbList,Article",BlogPosting,SCHEMA_MISMATCH,valid
blog/ferramentas-gratuitas-imobiliarias-litoral-comecar-2026.html,blog,"FAQPage,BreadcrumbList,BlogPosting,Article",BlogPosting,SCHEMA_OK,valid
blog/ferramentas-gratuitas-para-corretores-do-litoral-em-2026-lote-2026-07-11-31.html,blog,"FAQPage,BreadcrumbList,BlogPosting,Article",BlogPosting,SCHEMA_OK,valid
blog/ferramentas-ia-avaliacao-imoveis-litoral-2026.html,blog,"FAQPage,BreadcrumbList,BlogPosting,Article",BlogPosting,SCHEMA_OK,valid
blog/ferramentas-ia-corretores-imoveis-2026.html,blog,"FAQPage,BreadcrumbList,BlogPosting,Article",BlogPosting,SCHEMA_OK,valid
blog/ferramentas-ia-corretores-litoral-paulista-2026.html,blog,"FAQPage,BreadcrumbList,BlogPosting,Article",BlogPosting,SCHEMA_OK,valid
blog/ferramentas-ia-corretores-ranking-2026.html,blog,"FAQPage,BreadcrumbList,BlogPosting,Article",BlogPosting,SCHEMA_OK,valid
blog/ferramentas-ia-gratis-corretores-litoral-2026.html,blog,"FAQPage,BreadcrumbList,BlogPosting,Article",BlogPosting,SCHEMA_OK,valid
blog/ferramentas-ia-gratuitas-imobiliaria.html,blog,"FAQPage,BreadcrumbList,BlogPosting,Article",BlogPosting,SCHEMA_OK,valid
blog/festas-turismo-aluguel-litoral-2026.html,blog,"FAQPage,BreadcrumbList,BlogPosting,Article",BlogPosting,SCHEMA_OK,valid
blog/fgts-imoveis-litoral-paulista-2026.html,blog,"FAQPage,BreadcrumbList,BlogPosting,Article",BlogPosting,SCHEMA_OK,valid
blog/fidelizar-clientes-imobiliaria-litoral-2026.html,blog,"FAQPage,BreadcrumbList,BlogPosting,Article",BlogPosting,SCHEMA_OK,valid
blog/filmes-recomendados-creci-2026.html,blog,"FAQPage,BreadcrumbList,BlogPosting,Article",BlogPosting,SCHEMA_OK,valid
blog/financiamento-aprovado-imovel-litoral-dicas-2026.html,blog,BlogPosting,BlogPosting,SCHEMA_OK,valid
blog/financiamento-autonomos-mei-litoral-desafios-alternativas-2026.html,blog,BlogPosting,BlogPosting,SCHEMA_OK,valid
blog/financiamento-caixa-imoveis-litoral-2026.html,blog,"FAQPage,BreadcrumbList,BlogPosting,Article",BlogPosting,SCHEMA_OK,valid
blog/financiamento-explicado-2026.html,blog,"FAQPage,BreadcrumbList,BlogPosting,Article",BlogPosting,SCHEMA_OK,valid
blog/financiamento-imobiliario-litoral-guia-2026.html,blog,"FAQPage,BreadcrumbList,BlogPosting,Article",BlogPosting,SCHEMA_OK,valid
blog/financiamento-imobiliario-litoral-passo-passo-2026.html,blog,"FAQPage,BreadcrumbList,BlogPosting,Article",BlogPosting,SCHEMA_OK,valid
blog/financiamento-imobiliario-praia-grande-em-ubatuba-2026-07-13.html,blog,"FAQPage,BreadcrumbList,BlogPosting,Article",BlogPosting,SCHEMA_OK,valid
blog/financiamento-imoveis-litoral-aprovar-mais-rapido-2026.html,blog,"BlogPosting,BreadcrumbList",BlogPosting,SCHEMA_OK,valid
blog/financiamento-imoveis-litoral-guia.html,blog,"FAQPage,BreadcrumbList,BlogPosting,Article",BlogPosting,SCHEMA_OK,valid
blog/financiamento-imoveis-litoral-paulista-2026.html,blog,"FAQPage,BreadcrumbList,BlogPosting,Article",BlogPosting,SCHEMA_OK,valid
blog/financiamento-imoveis-litoral-paulista-guia-2026.html,blog,"FAQPage,BreadcrumbList,BlogPosting,Article",BlogPosting,SCHEMA_OK,valid
blog/financiamento-imovel-litoral-amortizacao-antecipada-beneficios-2026.html,blog,BlogPosting,BlogPosting,SCHEMA_OK,valid
blog/financiamento-imovel-litoral-amortizacao-beneficios-prazo-2026.html,blog,BlogPosting,BlogPosting,SCHEMA_OK,valid
blog/financiamento-imovel-litoral-amortizacao-comparacao-tipos-2026.html,blog,BlogPosting,BlogPosting,SCHEMA_OK,valid
blog/financiamento-imovel-litoral-amortizacao-dicas-2026.html,blog,BlogPosting,BlogPosting,SCHEMA_OK,valid
blog/financiamento-imovel-litoral-amortizacao-iniciantes-2026.html,blog,BlogPosting,BlogPosting,SCHEMA_OK,valid
blog/financiamento-imovel-litoral-amortizacao-parcelas-extraordinarias-2026.html,blog,BlogPosting,BlogPosting,SCHEMA_OK,valid
blog/financiamento-imovel-litoral-amortizacao-prazo-reducao-2026.html,blog,BlogPosting,BlogPosting,SCHEMA_OK,valid
blog/financiamento-imovel-litoral-amortizacao-reducao-juros-2026.html,blog,BlogPosting,BlogPosting,SCHEMA_OK,valid
blog/financiamento-imovel-litoral-amortizacao-saldo-devedor-2026.html,blog,BlogPosting,BlogPosting,SCHEMA_OK,valid
blog/financiamento-imovel-litoral-amortizacao-sistema-sac-2026.html,blog,BlogPosting,BlogPosting,SCHEMA_OK,valid
blog/financiamento-imovel-litoral-amortizacao-tipo-prazo-2026.html,blog,BlogPosting,BlogPosting,SCHEMA_OK,valid
blog/financiamento-imovel-litoral-atraso-parcelas-direitos-2026.html,blog,BlogPosting,BlogPosting,SCHEMA_OK,valid
blog/financiamento-imovel-litoral-comparativo-bancos-2026.html,blog,BlogPosting,BlogPosting,SCHEMA_OK,valid
blog/financiamento-imovel-litoral-paulista-2026.html,blog,"FAQPage,BreadcrumbList,BlogPosting,Article",BlogPosting,SCHEMA_OK,valid
blog/financiamento-imovel-litoral-portabilidade-repassar-2026.html,blog,BlogPosting,BlogPosting,SCHEMA_OK,valid
blog/financiamento-imovel-litoral-primeiro-comprador-2026.html,blog,"FAQPage,BreadcrumbList,BlogPosting,Article",BlogPosting,SCHEMA_OK,valid
blog/financiamento-imovel-litoral-refinanciamento-casa-propria-2026.html,blog,BlogPosting,BlogPosting,SCHEMA_OK,valid
blog/financiamento-imovel-litoral-refinanciamento-cuidados-2026.html,blog,BlogPosting,BlogPosting,SCHEMA_OK,valid
blog/financiamento-imovel-litoral-revisao-juros-contrato-2026.html,blog,BlogPosting,BlogPosting,SCHEMA_OK,valid
blog/financiamento-imovel-litoral-seguradoras-garantia-2026.html,blog,BlogPosting,BlogPosting,SCHEMA_OK,valid
blog/financiamento-imovel-litoral-seguro-imovel-obrigatorio-2026.html,blog,BlogPosting,BlogPosting,SCHEMA_OK,valid
blog/financiamento-imovel-litoral-seguro-residencial-obrigatorio-2026.html,blog,BlogPosting,BlogPosting,SCHEMA_OK,valid
blog/financiamento-imovel-litoral.html,blog,"FAQPage,BreadcrumbList,BlogPosting,Article",BlogPosting,SCHEMA_OK,valid
blog/financiamento-imovel-praia-documentacao-aprovar.html,blog,"BlogPosting,BreadcrumbList",BlogPosting,SCHEMA_OK,valid
blog/financiamento-imovel-usado-2026.html,blog,"FAQPage,BreadcrumbList,BlogPosting,Article",BlogPosting,SCHEMA_OK,valid
blog/financiamento-imovel-usado-litoral-2026.html,blog,BlogPosting,BlogPosting,SCHEMA_OK,valid
blog/financiamento-imovel-usado-litoral-sp-2026.html,blog,BlogPosting,BlogPosting,SCHEMA_OK,valid
blog/financiamento-investidores-multiplos-imoveis-litoral-2026.html,blog,BlogPosting,BlogPosting,SCHEMA_OK,valid
blog/financiamento-ou-consorcio-imovel-2026.html,blog,"FAQPage,BreadcrumbList,BlogPosting,Article",BlogPosting,SCHEMA_OK,valid
blog/financiamento-por-idade-imoveis-litoral.html,blog,"BlogPosting,BreadcrumbList",BlogPosting,SCHEMA_OK,valid
blog/financiamento-primeiro-imovel-litoral-sp-2026.html,blog,BlogPosting,BlogPosting,SCHEMA_OK,valid
blog/financiamento-social-imoveis-litoral-2026.html,blog,BlogPosting,BlogPosting,SCHEMA_OK,valid
blog/financiamento-social-imoveis-quando-vale-pena-corretores.html,blog,"BlogPosting,BreadcrumbList",BlogPosting,SCHEMA_OK,valid
blog/financiamento-social-litoral-vale-pena-solicitar-2026.html,blog,BlogPosting,BlogPosting,SCHEMA_OK,valid
blog/financiamento-terreno-litoral-sp-2026.html,blog,BlogPosting,BlogPosting,SCHEMA_OK,valid
blog/financiamento-terreno-litoral-sp-regras-2026.html,blog,BlogPosting,BlogPosting,SCHEMA_OK,valid
blog/florianopolis-praias-guia-2026-sc-2026-07-14.html,blog,"FAQPage,BreadcrumbList,BlogPosting,Article",BlogPosting,SCHEMA_OK,valid
blog/fluxo-atendimento-imobiliarias-litoral-2026.html,blog,"FAQPage,BreadcrumbList,BlogPosting,Article",BlogPosting,SCHEMA_OK,valid
blog/fluxo-caixa-aluguel-temporada-litoral-2026.html,blog,BlogPosting,BlogPosting,SCHEMA_OK,valid
blog/fluxo-caixa-imobiliaria-litoral-2026.html,blog,"FAQPage,BreadcrumbList,BlogPosting,Article",BlogPosting,SCHEMA_OK,valid
blog/fluxo-captacao-imoveis-sem-invasivo-litoral-2026.html,blog,"FAQPage,BreadcrumbList,BlogPosting,Article",BlogPosting,SCHEMA_OK,valid
blog/follow-up-automatico-para-cananeia-cananeia.html,blog,"FAQPage,BreadcrumbList,BlogPosting,Article",BlogPosting,SCHEMA_OK,valid
blog/follow-up-automatico-para-caraguatatuba-caraguatatuba.html,blog,"FAQPage,BreadcrumbList,BlogPosting,Article",BlogPosting,SCHEMA_OK,valid
blog/follow-up-automatico-para-ilhabela-ilhabela.html,blog,"FAQPage,BreadcrumbList,BlogPosting,Article",BlogPosting,SCHEMA_OK,valid
blog/follow-up-automatico-para-sao-sebastiao-sao-sebastiao.html,blog,"FAQPage,BreadcrumbList,BlogPosting,Article",BlogPosting,SCHEMA_OK,valid
blog/follow-up-automatico-para-ubatuba-ubatuba.html,blog,"FAQPage,BreadcrumbList,BlogPosting,Article",BlogPosting,SCHEMA_OK,valid
blog/follow-up-corretores-litoral-sequencias-prontas-2026.html,blog,"FAQPage,BreadcrumbList,BlogPosting,Article",BlogPosting,SCHEMA_OK,valid
blog/follow-up-leads-imobiliaria-2026.html,blog,"FAQPage,BreadcrumbList,BlogPosting,Article",BlogPosting,SCHEMA_OK,valid
blog/followup-automatico-corretores-litoral-2026.html,blog,"FAQPage,BreadcrumbList,BlogPosting,Article",BlogPosting,SCHEMA_OK,valid
blog/followup-automatico-imobiliarias-litoral-2026.html,blog,"FAQPage,BreadcrumbList,BlogPosting,Article",BlogPosting,SCHEMA_OK,valid
blog/followup-automático-do-primeiro-contato-ao-fechamento-lote-2026-08-03-22.html,blog,"BlogPosting,BreadcrumbList,FAQPage",BlogPosting,SCHEMA_OK,valid
blog/followup-leads-primeiro-contato-fechamento-2026.html,blog,"BlogPosting,BreadcrumbList,FAQPage",BlogPosting,SCHEMA_OK,valid
blog/followup-pos-visita-fechamento-litoral-2026-08-08.html,blog,"FAQPage,BreadcrumbList,BlogPosting,Article",BlogPosting,SCHEMA_OK,valid
blog/followup-pos-visita-litoral-2026.html,blog,"FAQPage,BreadcrumbList,BlogPosting,Article",BlogPosting,SCHEMA_OK,valid
blog/followup-pos-visita-sem-insistencia-litoral-2026.html,blog,"FAQPage,BreadcrumbList,BlogPosting,Article",BlogPosting,SCHEMA_OK,valid
blog/followup-proprietarios-temporada-luxo-litoral-2026.html,blog,"FAQPage,BreadcrumbList,BlogPosting,Article",BlogPosting,SCHEMA_OK,valid
blog/followup-whatsapp-corretores-litoral-2026.html,blog,"FAQPage,BreadcrumbList,BlogPosting,Article",BlogPosting,SCHEMA_OK,valid
blog/formulario-captura-leads-imobiliarias-litoral-2026.html,blog,"FAQPage,BreadcrumbList,BlogPosting,Article",BlogPosting,SCHEMA_OK,valid
blog/foto-profissional-imoveis-litoral-2026.html,blog,"FAQPage,BreadcrumbList,BlogPosting,Article",BlogPosting,SCHEMA_OK,valid
blog/fotografar-imovel-venda-conversao.html,blog,"FAQPage,BreadcrumbList,BlogPosting,Article",BlogPosting,SCHEMA_OK,valid
blog/fotografia-aerea-drone-imoveis-litoral.html,blog,"FAQPage,BreadcrumbList,BlogPosting,Article",BlogPosting,SCHEMA_OK,valid
blog/fotografia-anuncios-imoveis-gratis-2026.html,blog,"FAQPage,BreadcrumbList,BlogPosting,Article",BlogPosting,SCHEMA_OK,valid
blog/fotografia-imoveis-praia-dicas-2026.html,blog,"FAQPage,BreadcrumbList,BlogPosting,Article",BlogPosting,SCHEMA_OK,valid
blog/fotografia-imoveis-venda-temporada-litoral-2026.html,blog,"FAQPage,BreadcrumbList,BlogPosting,Article",BlogPosting,SCHEMA_OK,valid
blog/fotos-imovel-venda-rapida-2026.html,blog,"FAQPage,BreadcrumbList,BlogPosting,Article",BlogPosting,SCHEMA_OK,valid
blog/framework-captacao-ia-imobiliaria-litoral-paulista.html,blog,"FAQPage,BreadcrumbList,BlogPosting,Article",BlogPosting,SCHEMA_OK,valid
blog/framework-captacao-imoveis-litoral.html,blog,"FAQPage,BreadcrumbList,BlogPosting,Article",BlogPosting,SCHEMA_OK,valid
blog/framework-onboarding-imobiliaria-digital-2026.html,blog,"FAQPage,BreadcrumbList,BlogPosting,Article",BlogPosting,SCHEMA_OK,valid
blog/funil-anuncios-lancamentos-litoral-paulista-2026.html,blog,BlogPosting,BlogPosting,SCHEMA_OK,valid
blog/funil-captacao-imobiliarias-litoral-2026.html,blog,"FAQPage,BreadcrumbList,BlogPosting,Article",BlogPosting,SCHEMA_OK,valid
blog/funil-de-vendas-em-imobiliarias-pequenas-litoral-paulista-em-santos-2026-07-12.html,blog,"FAQPage,BreadcrumbList,BlogPosting,Article",BlogPosting,SCHEMA_OK,valid
blog/funil-vendas-imobiliaria-litoral-2026.html,blog,"FAQPage,BreadcrumbList,BlogPosting,Article",BlogPosting,SCHEMA_OK,valid
blog/funil-vendas-imobiliario-litoral-digital-2026.html,blog,BlogPosting,BlogPosting,SCHEMA_OK,valid
blog/funil-vendas-imoveis-litoral-2026.html,blog,"FAQPage,BreadcrumbList,BlogPosting,Article",BlogPosting,SCHEMA_OK,valid
blog/funil-vendas-instagram-imobiliarias-litoral-2026.html,blog,"FAQPage,BreadcrumbList,BlogPosting,Article",BlogPosting,SCHEMA_OK,valid
blog/funil-vendas-pequenas-imobiliarias-litoral-2026.html,blog,"FAQPage,BreadcrumbList,BlogPosting,Article",BlogPosting,SCHEMA_OK,valid
blog/galpoes-logisticos-litoral-paulista-2026.html,blog,"FAQPage,BreadcrumbList,BlogPosting,Article",BlogPosting,SCHEMA_OK,valid
blog/garopaca-surf-quietude-2026-sc-2026-07-14.html,blog,"FAQPage,BreadcrumbList,BlogPosting,Article",BlogPosting,SCHEMA_OK,valid
blog/gastronomia-litoral-paulista-roteiros-imoveis-2026.html,blog,"FAQPage,BreadcrumbList,BlogPosting,Article",BlogPosting,SCHEMA_OK,valid
blog/gatilhos-mentais-corretores-litoral-2026.html,blog,"FAQPage,BreadcrumbList,BlogPosting,Article",BlogPosting,SCHEMA_OK,valid
blog/geracao-automatica-descricoes-anuncios-2026.html,blog,"FAQPage,BreadcrumbList,BlogPosting,Article",BlogPosting,SCHEMA_OK,valid
blog/geracao-automatica-descricoes-anuncios-litoral-2026-07-24.html,blog,"FAQPage,BreadcrumbList,BlogPosting,Article",BlogPosting,SCHEMA_OK,valid
blog/geracao-automatica-descricoes-imobiliarias-litoral-2026.html,blog,"FAQPage,BreadcrumbList,BlogPosting,Article",BlogPosting,SCHEMA_OK,valid
blog/geracao-descricoes-anuncios-ia.html,blog,"FAQPage,BreadcrumbList,BlogPosting,Article",BlogPosting,SCHEMA_OK,valid
blog/geracao-descricoes-anuncios-imoveis-2026.html,blog,"FAQPage,BreadcrumbList,BlogPosting,Article",BlogPosting,SCHEMA_OK,valid
blog/geracao-descricoes-ia-imoveis-litoral-paulista-2026.html,blog,"FAQPage,BreadcrumbList,BlogPosting,Article",BlogPosting,SCHEMA_OK,valid
blog/geracao-leads-alta-temporada-litoral.html,blog,"FAQPage,BreadcrumbList,BlogPosting,Article",BlogPosting,SCHEMA_OK,valid
blog/geracao-leads-imobiliarias-litoral-paulista-2026.html,blog,"FAQPage,BreadcrumbList,BlogPosting,Article",BlogPosting,SCHEMA_OK,valid
blog/geracao-leads-qualificados-temporada-litoral-2026.html,blog,"FAQPage,BreadcrumbList,BlogPosting,Article",BlogPosting,SCHEMA_OK,valid
blog/gestao-aluguel-temporada-iniciantes-passo-passo-litoral-2026.html,blog,BlogPosting,BlogPosting,SCHEMA_OK,valid
blog/gestao-aluguel-temporada-litoral-checklist-2026.html,blog,"FAQPage,BreadcrumbList,BlogPosting,Article",BlogPosting,SCHEMA_OK,valid
blog/gestao-avaliacoes-imoveis-litoral-2026.html,blog,"FAQPage,BreadcrumbList,BlogPosting,Article",BlogPosting,SCHEMA_OK,valid
blog/gestao-carteira-corretores-autonomos-2026.html,blog,"FAQPage,BreadcrumbList,BlogPosting,Article",BlogPosting,SCHEMA_OK,valid
blog/gestao-carteira-imoveis-corretores-litoral-2026.html,blog,"FAQPage,BreadcrumbList,BlogPosting,Article",BlogPosting,SCHEMA_OK,valid
blog/gestao-carteira-imoveis-litoral-2026.html,blog,"FAQPage,BreadcrumbList,BlogPosting,Article",BlogPosting,SCHEMA_OK,valid
blog/gestao-carteira-imoveis-temporada-litoral-2026.html,blog,"FAQPage,BreadcrumbList,BlogPosting,Article",BlogPosting,SCHEMA_OK,valid
blog/gestao-condominio-clube-renda.html,blog,"FAQPage,BreadcrumbList,BlogPosting,Article",BlogPosting,SCHEMA_OK,valid
blog/gestao-contratos-imobiliarias-litoral-2026.html,blog,"FAQPage,BreadcrumbList,BlogPosting,Article",BlogPosting,SCHEMA_OK,valid
blog/gestao-crise-imobiliaria-litoral-conflitos-resolucao-2026.html,blog,BlogPosting,BlogPosting,SCHEMA_OK,valid
blog/gestao-de-indicadores-imobiliarios-sem-planilha-complicada-em-mongaguá-2026-07-12.html,blog,"FAQPage,BreadcrumbList,BlogPosting,Article",BlogPosting,SCHEMA_OK,valid
blog/gestao-disponibilidade-temporada-litoral-2026.html,blog,"FAQPage,BreadcrumbList,BlogPosting,Article",BlogPosting,SCHEMA_OK,valid
blog/gestao-equipe-corretores-litoral-2026.html,blog,"FAQPage,BreadcrumbList,BlogPosting,Article",BlogPosting,SCHEMA_OK,valid
blog/gestao-imobiliaria-digital-litoral-2026.html,blog,"FAQPage,BreadcrumbList,BlogPosting,Article",BlogPosting,SCHEMA_OK,valid
blog/gestao-imobiliaria-litoral-equipe-processos-2026.html,blog,BlogPosting,BlogPosting,SCHEMA_OK,valid
blog/gestao-imoveis-temporada-litoral-2026.html,blog,"FAQPage,BreadcrumbList,BlogPosting,Article",BlogPosting,SCHEMA_OK,valid
blog/gestao-imoveis-temporada-litoral-paulista-guia-2026.html,blog,"FAQPage,BreadcrumbList,BlogPosting,Article",BlogPosting,SCHEMA_OK,valid
blog/gestao-indicadores-imobiliarios-litoral-dashboard-2026.html,blog,BlogPosting,BlogPosting,SCHEMA_OK,valid
blog/gestao-inovacao-imobiliaria-litoral-tecnologia-2026.html,blog,BlogPosting,BlogPosting,SCHEMA_OK,valid
blog/gestao-leads-imobiliarias-litoral-2026.html,blog,"FAQPage,BreadcrumbList,BlogPosting,Article",BlogPosting,SCHEMA_OK,valid
blog/gestao-leads-imobiliarias-litoral-paulista-2026.html,blog,"FAQPage,BreadcrumbList,BlogPosting,Article",BlogPosting,SCHEMA_OK,valid
blog/gestao-locacao-temporada-imoveis-2026.html,blog,"BreadcrumbList,Article",BlogPosting,SCHEMA_MISMATCH,valid
blog/gestao-mudanca-imobiliaria-litoral-transformacao-digital-2026.html,blog,BlogPosting,BlogPosting,SCHEMA_OK,valid
blog/gestao-multiplas-propriedades-litoral-ferramentas-2026.html,blog,BlogPosting,BlogPosting,SCHEMA_OK,valid
blog/gestao-multiplos-imoveis-temporada-2026.html,blog,"FAQPage,BreadcrumbList,BlogPosting,Article",BlogPosting,SCHEMA_OK,valid
blog/gestao-obra-incorporadoras-litoral-paulista-2026.html,blog,"FAQPage,BreadcrumbList,BlogPosting,Article",BlogPosting,SCHEMA_OK,valid
blog/gestao-profissional-airbnb-litoral-paulista-2026.html,blog,BreadcrumbList,BlogPosting,SCHEMA_INVALID,"invalid_json: Expecting ',' delimiter: line 14 column 1 (char 788)"
blog/gestao-profissional-imoveis-litoral-paulista-2026.html,blog,"FAQPage,BreadcrumbList",BlogPosting,SCHEMA_MISMATCH,valid
blog/gestao-receita-temporada-imobiliarias-litoral-2026.html,blog,"FAQPage,BreadcrumbList,BlogPosting,Article",BlogPosting,SCHEMA_OK,valid
blog/gestao-reservas-temporada-litoral-paulista-2026.html,blog,"FAQPage,BreadcrumbList,BlogPosting,Article",BlogPosting,SCHEMA_OK,valid
blog/gestao-risco-imobiliaria-litoral-compliance-2026.html,blog,BlogPosting,BlogPosting,SCHEMA_OK,valid
blog/gestao-tempo-corretores-litoral-paulista-2026.html,blog,"FAQPage,BreadcrumbList,BlogPosting,Article",BlogPosting,SCHEMA_OK,valid
blog/gestao-temporada-aluguel-imoveis-guia-pratico-2026.html,blog,"FAQPage,BreadcrumbList,BlogPosting,Article",BlogPosting,SCHEMA_OK,valid
blog/gestao-temporada-checkin-checkout-sem-dor-2026.html,blog,"BlogPosting,BreadcrumbList,FAQPage",BlogPosting,SCHEMA_OK,valid
blog/gestao-temporada-imobiliarias-litoral-2026.html,blog,"FAQPage,BreadcrumbList,BlogPosting,Article",BlogPosting,SCHEMA_OK,valid
blog/gestao-temporada-imobiliarias-litoral-paulista-2026.html,blog,"FAQPage,BreadcrumbList,BlogPosting,Article",BlogPosting,SCHEMA_OK,valid
blog/gestao-temporada-imoveis-luxo-litoral-2026.html,blog,"FAQPage,BreadcrumbList,BlogPosting,Article",BlogPosting,SCHEMA_OK,valid
blog/gestao-temporada-sem-dor-de-cabeca-2026-08-01.html,blog,"FAQPage,BreadcrumbList,BlogPosting,Article",BlogPosting,SCHEMA_OK,valid
blog/gestão-de-temporada-sem-dor-de-cabeça-lote-2026-08-03-43.html,blog,"BlogPosting,BreadcrumbList,FAQPage",BlogPosting,SCHEMA_OK,valid
blog/golpes-fraudes-imobiliarias-litoral.html,blog,"FAQPage,BreadcrumbList,BlogPosting,Article",BlogPosting,SCHEMA_OK,valid
blog/gonzaga-santos-imoveis-oportunidades-2026.html,blog,"FAQPage,BreadcrumbList,BlogPosting,Article",BlogPosting,SCHEMA_OK,valid
blog/gonzaga-santos-imoveis-precos-avaliacao-2026.html,blog,"FAQPage,BreadcrumbList,BlogPosting,Article",BlogPosting,SCHEMA_OK,valid
blog/google-ads-imobiliarias-litoral-paulista-campanhas-2026.html,blog,BlogPosting,BlogPosting,SCHEMA_OK,valid
blog/google-ads-leads-internacionais-litoral-paulista-2026.html,blog,"FAQPage,BreadcrumbList,BlogPosting,Article",BlogPosting,SCHEMA_OK,valid
blog/google-ads-temporada-fora-alta-litoral-paulista-2026.html,blog,BlogPosting,BlogPosting,SCHEMA_OK,valid
blog/google-business-profile-corretores-imoveis-litoral-passo-passo-2026.html,blog,BlogPosting,BlogPosting,SCHEMA_OK,valid
blog/google-estrangeiros-interessados-litoral-paulista-2026.html,blog,"FAQPage,BreadcrumbList,BlogPosting,Article",BlogPosting,SCHEMA_OK,valid
blog/google-maps-imobiliarias-litoral-paulista-2026.html,blog,"FAQPage,BreadcrumbList,BlogPosting,Article",BlogPosting,SCHEMA_OK,valid
blog/google-meu-negocio-imobiliaria-2026.html,blog,"FAQPage,BreadcrumbList,BlogPosting,Article",BlogPosting,SCHEMA_OK,valid
blog/google-meu-negocio-imobiliarias-guia-2026.html,blog,"BlogPosting,BreadcrumbList,FAQPage",BlogPosting,SCHEMA_OK,valid
blog/google-meu-negocio-imobiliarias-litoral-2026.html,blog,BlogPosting,BlogPosting,SCHEMA_OK,valid
blog/google-meu-negocio-imoveis-litoral-2026.html,blog,"FAQPage,BreadcrumbList,BlogPosting,Article",BlogPosting,SCHEMA_OK,valid
blog/google-sheets-gestao-imoveis-litoral.html,blog,"FAQPage,BreadcrumbList,BlogPosting,Article",BlogPosting,SCHEMA_OK,valid
blog/governanca-compliance-imobiliarias-litoral-2026.html,blog,"FAQPage,BreadcrumbList,BlogPosting,Article",BlogPosting,SCHEMA_OK,valid
blog/guaruja-aluguel-temporada-2026.html,blog,BlogPosting,BlogPosting,SCHEMA_OK,valid
blog/guaruja-artigo-automacao-ia-imoveis-2026.html,blog,"BlogPosting,BreadcrumbList",BlogPosting,SCHEMA_OK,valid
blog/guaruja-artigo-bairros-imoveis-2026.html,blog,"BlogPosting,BreadcrumbList",BlogPosting,SCHEMA_OK,valid
blog/guaruja-artigo-cases-imoveis-2026.html,blog,"BlogPosting,BreadcrumbList",BlogPosting,SCHEMA_OK,valid
blog/guaruja-artigo-editorial-imoveis-2026.html,blog,"BlogPosting,BreadcrumbList",BlogPosting,SCHEMA_OK,valid
blog/guaruja-artigo-financiamento-imoveis-2026.html,blog,"BlogPosting,BreadcrumbList",BlogPosting,SCHEMA_OK,valid
blog/guaruja-artigo-juridico-imoveis-2026.html,blog,"BlogPosting,BreadcrumbList",BlogPosting,SCHEMA_OK,valid
blog/guaruja-artigo-locacao-temporada-imoveis-2026.html,blog,"BlogPosting,BreadcrumbList",BlogPosting,SCHEMA_OK,valid
blog/guaruja-artigo-marketing-digital-imoveis-2026.html,blog,"BlogPosting,BreadcrumbList",BlogPosting,SCHEMA_OK,valid
blog/guaruja-artigo-parcerias-imoveis-2026.html,blog,"BlogPosting,BreadcrumbList",BlogPosting,SCHEMA_OK,valid
blog/guaruja-artigo-seo-local-imoveis-2026.html,blog,"BlogPosting,BreadcrumbList",BlogPosting,SCHEMA_OK,valid
blog/guaruja-automacao-imobiliarias-2026.html,blog,"BlogPosting,BreadcrumbList",BlogPosting,SCHEMA_INVALID,invalid_json: Expecting property name enclosed in double quotes: line 7 column 5 (char 306)
blog/guaruja-automacao-imoveis-2026.html,blog,"BlogPosting,BreadcrumbList",BlogPosting,SCHEMA_OK,valid
blog/guaruja-bairros-imoveis-2026.html,blog,"BlogPosting,BreadcrumbList",BlogPosting,SCHEMA_INVALID,invalid_json: Expecting property name enclosed in double quotes: line 7 column 5 (char 289)
blog/guaruja-captacao-de-imoveis-na-baixa-temporada-no-guaruja.html,blog,BlogPosting,BlogPosting,SCHEMA_OK,valid
blog/guaruja-case-barra-norte-imoveis.html,blog,BlogPosting,BlogPosting,SCHEMA_OK,valid
blog/guaruja-case-de-sucesso.html,blog,BlogPosting,BlogPosting,SCHEMA_OK,valid
blog/guaruja-case-social-rapido-para-parcerias-em-guaruja.html,blog,BlogPosting,BlogPosting,SCHEMA_OK,valid
blog/guaruja-case-sucesso-editorial-imoveis-2026.html,blog,"BlogPosting,BreadcrumbList",BlogPosting,SCHEMA_OK,valid
blog/guaruja-case-sucesso-financiamento-imoveis-2026.html,blog,"BlogPosting,BreadcrumbList",BlogPosting,SCHEMA_OK,valid
blog/guaruja-case-sucesso-juridico-imoveis-2026.html,blog,"BlogPosting,BreadcrumbList",BlogPosting,SCHEMA_OK,valid
blog/guaruja-case-sucesso-marketing-digital-imoveis-2026.html,blog,"BlogPosting,BreadcrumbList",BlogPosting,SCHEMA_OK,valid
blog/guaruja-case-sucesso-parcerias-imoveis-2026.html,blog,"BlogPosting,BreadcrumbList",BlogPosting,SCHEMA_OK,valid
blog/guaruja-case-sucesso-seo-local-imoveis-2026.html,blog,"BlogPosting,BreadcrumbList",BlogPosting,SCHEMA_OK,valid
blog/guaruja-cases-imoveis-2026.html,blog,"BlogPosting,BreadcrumbList",BlogPosting,SCHEMA_OK,valid
blog/guaruja-checklist-automacao-imoveis-2026.html,blog,"BlogPosting,BreadcrumbList",BlogPosting,SCHEMA_OK,valid
blog/guaruja-checklist-cases-imoveis-2026.html,blog,"BlogPosting,BreadcrumbList",BlogPosting,SCHEMA_OK,valid
blog/guaruja-checklist-editorial-imoveis-2026.html,blog,"BlogPosting,BreadcrumbList",BlogPosting,SCHEMA_OK,valid
blog/guaruja-checklist-financiamento-imoveis-2026.html,blog,"BlogPosting,BreadcrumbList",BlogPosting,SCHEMA_OK,valid
blog/guaruja-checklist-investimento-imoveis-2026.html,blog,"BlogPosting,BreadcrumbList",BlogPosting,SCHEMA_OK,valid
blog/guaruja-checklist-juridico-imoveis-2026.html,blog,"BlogPosting,BreadcrumbList",BlogPosting,SCHEMA_OK,valid
blog/guaruja-checklist-locacao-temporada-imoveis-2026.html,blog,"BlogPosting,BreadcrumbList",BlogPosting,SCHEMA_OK,valid
blog/guaruja-checklist-marketing-digital-imoveis-2026.html,blog,"BlogPosting,BreadcrumbList",BlogPosting,SCHEMA_OK,valid
blog/guaruja-checklist-parcerias-imoveis-2026.html,blog,"BlogPosting,BreadcrumbList",BlogPosting,SCHEMA_OK,valid
blog/guaruja-checklist-seo-local-imoveis-2026.html,blog,"BlogPosting,BreadcrumbList",BlogPosting,SCHEMA_OK,valid
blog/guaruja-checklist-venda-imoveis-2026.html,blog,"BlogPosting,BreadcrumbList",BlogPosting,SCHEMA_OK,valid
blog/guaruja-compra-venda-imoveis-2026.html,blog,"BlogPosting,BreadcrumbList",BlogPosting,SCHEMA_INVALID,invalid_json: Expecting property name enclosed in double quotes: line 7 column 5 (char 323)
blog/guaruja-curso-automacao-imoveis-2026.html,blog,"BlogPosting,BreadcrumbList",BlogPosting,SCHEMA_OK,valid
blog/guaruja-curso-bairros-imoveis-2026.html,blog,"BlogPosting,BreadcrumbList",BlogPosting,SCHEMA_OK,valid
blog/guaruja-curso-cases-imoveis-2026.html,blog,"BlogPosting,BreadcrumbList",BlogPosting,SCHEMA_OK,valid
blog/guaruja-curso-corretor-imoveis-2026.html,blog,"BlogPosting,BreadcrumbList",BlogPosting,SCHEMA_OK,valid
blog/guaruja-curso-editorial-imoveis-2026.html,blog,"BlogPosting,BreadcrumbList",BlogPosting,SCHEMA_OK,valid
blog/guaruja-curso-financiamento-imoveis-2026.html,blog,"BlogPosting,BreadcrumbList",BlogPosting,SCHEMA_OK,valid
blog/guaruja-curso-investimento-imoveis-2026.html,blog,"BlogPosting,BreadcrumbList",BlogPosting,SCHEMA_OK,valid
blog/guaruja-curso-juridico-imoveis-2026.html,blog,"BlogPosting,BreadcrumbList",BlogPosting,SCHEMA_OK,valid
blog/guaruja-curso-locacao-temporada-imoveis-2026.html,blog,"BlogPosting,BreadcrumbList",BlogPosting,SCHEMA_OK,valid
blog/guaruja-curso-marketing-digital-imoveis-2026.html,blog,"BlogPosting,BreadcrumbList",BlogPosting,SCHEMA_OK,valid
blog/guaruja-curso-parcerias-imoveis-2026.html,blog,"BlogPosting,BreadcrumbList",BlogPosting,SCHEMA_OK,valid
blog/guaruja-curso-seo-local-imoveis-2026.html,blog,"BlogPosting,BreadcrumbList",BlogPosting,SCHEMA_OK,valid
blog/guaruja-editorial-2026.html,blog,"BlogPosting,BreadcrumbList",BlogPosting,SCHEMA_OK,valid
blog/guaruja-editorial-imoveis-2026.html,blog,"BlogPosting,BreadcrumbList",BlogPosting,SCHEMA_INVALID,invalid_json: Expecting property name enclosed in double quotes: line 7 column 5 (char 298)
blog/guaruja-financiamento-imoveis-2026.html,blog,"BlogPosting,BreadcrumbList",BlogPosting,SCHEMA_OK,valid
blog/guaruja-guaruja-automacao-imobiliaria-analise-2026.html,blog,BlogPosting,BlogPosting,SCHEMA_OK,valid
blog/guaruja-guaruja-checklist-para-investimento-imobiliario-guia-2026.html,blog,BlogPosting,BlogPosting,SCHEMA_OK,valid
blog/guaruja-guaruja-checklist-para-locacao-de-temporada-guia-2026.html,blog,BlogPosting,BlogPosting,SCHEMA_OK,valid
blog/guaruja-guaruja-checklist-para-venda-de-imoveis-guia-2026.html,blog,BlogPosting,BlogPosting,SCHEMA_OK,valid
blog/guaruja-guaruja-curso-de-investimento-imobiliario-guia-2026.html,blog,BlogPosting,BlogPosting,SCHEMA_OK,valid
blog/guaruja-guaruja-curso-de-locacao-de-temporada-guia-2026.html,blog,BlogPosting,BlogPosting,SCHEMA_OK,valid
blog/guaruja-guaruja-curso-para-corretor-de-imoveis-guia-2026.html,blog,BlogPosting,BlogPosting,SCHEMA_OK,valid
blog/guaruja-guaruja-guia-para-compra-de-imoveis-analise-2026.html,blog,BlogPosting,BlogPosting,SCHEMA_OK,valid
blog/guaruja-guaruja-guia-para-investimento-imobiliario-analise-2026.html,blog,BlogPosting,BlogPosting,SCHEMA_OK,valid
blog/guaruja-guaruja-guia-para-locacao-de-temporada-analise-2026.html,blog,BlogPosting,BlogPosting,SCHEMA_OK,valid
blog/guaruja-guaruja-locacao-de-temporada-analise-2026.html,blog,BlogPosting,BlogPosting,SCHEMA_OK,valid
blog/guaruja-guaruja-marketing-digital-para-imoveis-guia-2026.html,blog,BlogPosting,BlogPosting,SCHEMA_OK,valid
blog/guaruja-guia-compra-imoveis-2026.html,blog,"BlogPosting,BreadcrumbList",BlogPosting,SCHEMA_OK,valid
blog/guaruja-guia-investimento-imoveis-2026.html,blog,"BlogPosting,BreadcrumbList",BlogPosting,SCHEMA_OK,valid
blog/guaruja-guia-locacao-temporada-imoveis-2026.html,blog,"BlogPosting,BreadcrumbList",BlogPosting,SCHEMA_OK,valid
blog/guaruja-ilha-panqueca-fim-semana-2026-sp-2026-07-14.html,blog,"FAQPage,BreadcrumbList,BlogPosting,Article",BlogPosting,SCHEMA_OK,valid
blog/guaruja-imoveis-em-guaruja-ofertas-avaliacao-e-temporada-na-riviera-2026.html,blog,BlogPosting,BlogPosting,SCHEMA_OK,valid
blog/guaruja-investimento-imoveis-2026.html,blog,"BlogPosting,BreadcrumbList",BlogPosting,SCHEMA_INVALID,invalid_json: Expecting property name enclosed in double quotes: line 7 column 5 (char 307)
blog/guaruja-juridico-imoveis-2026.html,blog,"BlogPosting,BreadcrumbList",BlogPosting,SCHEMA_OK,valid
blog/guaruja-locacao-temporada-imoveis-2026.html,blog,"BlogPosting,BreadcrumbList",BlogPosting,SCHEMA_OK,valid
blog/guaruja-marketing-digital-imobiliarias-2026.html,blog,"BlogPosting,BreadcrumbList",BlogPosting,SCHEMA_INVALID,invalid_json: Expecting property name enclosed in double quotes: line 7 column 5 (char 296)
blog/guaruja-marketing-digital-imoveis-2026.html,blog,"BlogPosting,BreadcrumbList",BlogPosting,SCHEMA_OK,valid
blog/guaruja-parcerias-imobiliarias-2026.html,blog,"BlogPosting,BreadcrumbList",BlogPosting,SCHEMA_INVALID,invalid_json: Expecting property name enclosed in double quotes: line 7 column 5 (char 296)
blog/guaruja-parcerias-imoveis-2026.html,blog,"BlogPosting,BreadcrumbList",BlogPosting,SCHEMA_OK,valid
blog/guaruja-rentabilidade-imoveis-2026.html,blog,"BlogPosting,BreadcrumbList",BlogPosting,SCHEMA_INVALID,invalid_json: Expecting property name enclosed in double quotes: line 7 column 5 (char 307)
blog/guaruja-riviera-imoveis-oportunidades-2026.html,blog,"FAQPage,BreadcrumbList,BlogPosting,Article",BlogPosting,SCHEMA_OK,valid
blog/guaruja-seo-local-em-guaruja-para-imoveis.html,blog,BlogPosting,BlogPosting,SCHEMA_OK,valid
blog/guaruja-seo-local-imoveis-2026.html,blog,"BlogPosting,BreadcrumbList",BlogPosting,SCHEMA_OK,valid
blog/guaruja-temporada-gestao-imoveis-2026.html,blog,"BlogPosting,BreadcrumbList",BlogPosting,SCHEMA_INVALID,invalid_json: Expecting property name enclosed in double quotes: line 7 column 5 (char 296)
blog/guaruja-tendencias-imoveis-2027.html,blog,"BlogPosting,BreadcrumbList",BlogPosting,SCHEMA_INVALID,invalid_json: Expecting property name enclosed in double quotes: line 7 column 5 (char 305)
blog/guia-aluguel-temporada-imoveis-litoral-ia.html,blog,"FAQPage,BreadcrumbList,BlogPosting,Article",BlogPosting,SCHEMA_OK,valid
blog/guia-aluguel-temporada-primeira-locacao-anuncio-primeiro-hospede-2026.html,blog,BlogPosting,BlogPosting,SCHEMA_OK,valid
blog/guia-bairro-beira-mar-praia-grande-2026.html,blog,"FAQPage,BreadcrumbList,BlogPosting,Article",BlogPosting,SCHEMA_OK,valid
blog/guia-bairro-centro-barra-norte-2026.html,blog,"FAQPage,BreadcrumbList,BlogPosting,Article",BlogPosting,SCHEMA_OK,valid
blog/guia-bairro-jardim-atlantico-porto-da-lua-2026.html,blog,"FAQPage,BreadcrumbList,BlogPosting,Article",BlogPosting,SCHEMA_OK,valid
blog/guia-bairro-recanto-sol-litoral-norte-2026.html,blog,"FAQPage,BreadcrumbList,BlogPosting,Article",BlogPosting,SCHEMA_OK,valid
blog/guia-bairro-vista-mar-costa-verde-2026.html,blog,"FAQPage,BreadcrumbList,BlogPosting,Article",BlogPosting,SCHEMA_OK,valid
blog/guia-bertioga-imoveis-2026.html,blog,"BreadcrumbList,Article",BlogPosting,SCHEMA_MISMATCH,valid
blog/guia-captacao-leads-temporada-alta-litoral.html,blog,"FAQPage,BreadcrumbList,BlogPosting,Article",BlogPosting,SCHEMA_OK,valid
blog/guia-captacao-redes-sociais-imobiliaria-litoral.html,blog,"FAQPage,BreadcrumbList,BlogPosting,Article",BlogPosting,SCHEMA_OK,valid
blog/guia-completo-corretor-imoveis-digital-litoral-2026.html,blog,"FAQPage,BreadcrumbList,BlogPosting,Article",BlogPosting,SCHEMA_OK,valid
blog/guia-completo-praia-grande-familia-2026-sp-2026-07-14.html,blog,"FAQPage,BreadcrumbList,BlogPosting,Article",BlogPosting,SCHEMA_OK,valid
blog/guia-completo-temporada-verao-2026.html,blog,"FAQPage,BreadcrumbList,BlogPosting,Article",BlogPosting,SCHEMA_OK,valid
blog/guia-compra-imovel-litoral-iniciantes.html,blog,"FAQPage,BreadcrumbList,BlogPosting,Article",BlogPosting,SCHEMA_OK,valid
blog/guia-compra-imovel-planta-iniciantes-litoral-2026.html,blog,BlogPosting,BlogPosting,SCHEMA_OK,valid
blog/guia-comprar-imovel-barra-norte-2026.html,blog,"FAQPage,BreadcrumbList,BlogPosting,Article",BlogPosting,SCHEMA_OK,valid
blog/guia-comprar-imovel-centro-historico-2026.html,blog,"FAQPage,BreadcrumbList,BlogPosting,Article",BlogPosting,SCHEMA_OK,valid
blog/guia-comprar-imovel-costa-verde-2026.html,blog,"FAQPage,BreadcrumbList,BlogPosting,Article",BlogPosting,SCHEMA_OK,valid
blog/guia-comprar-imovel-porto-da-lua-2026.html,blog,"FAQPage,BreadcrumbList,BlogPosting,Article",BlogPosting,SCHEMA_OK,valid
blog/guia-comprar-imovel-praia-grande-2026.html,blog,"FAQPage,BreadcrumbList,BlogPosting,Article",BlogPosting,SCHEMA_OK,valid
blog/guia-documentacao-aluguel-temporada-litoral-2026.html,blog,BlogPosting,BlogPosting,SCHEMA_OK,valid
blog/guia-estudo-creci-2026.html,blog,"FAQPage,BreadcrumbList,BlogPosting,Article",BlogPosting,SCHEMA_OK,valid
blog/guia-ferramentas-gratuitas-imobiliarias-litoral-2026.html,blog,"FAQPage,BreadcrumbList,BlogPosting,Article",BlogPosting,SCHEMA_OK,valid
blog/guia-follow-up-imobiliaria-litoral.html,blog,"FAQPage,BreadcrumbList,BlogPosting,Article",BlogPosting,SCHEMA_OK,valid
blog/guia-follow-up-inteligente-imobiliaria-litoral-2026.html,blog,"FAQPage,BreadcrumbList,BlogPosting,Article",BlogPosting,SCHEMA_OK,valid
blog/guia-ia-renda-extra-imoveis-litoral.html,blog,"FAQPage,BreadcrumbList,BlogPosting,Article",BlogPosting,SCHEMA_OK,valid
blog/guia-imoveis-frente-mar-2026.html,blog,"FAQPage,BreadcrumbList,BlogPosting,Article",BlogPosting,SCHEMA_OK,valid
blog/guia-imoveis-frente-mar-bertioga.html,blog,"FAQPage,BreadcrumbList,BlogPosting,Article",BlogPosting,SCHEMA_OK,valid
blog/guia-investidor-imoveis-litoral-2026.html,blog,"FAQPage,BreadcrumbList,BlogPosting,Article",BlogPosting,SCHEMA_OK,valid
blog/guia-investidor-imoveis-litoral-primeiro-portfolio-2026.html,blog,BlogPosting,BlogPosting,SCHEMA_OK,valid
blog/guia-investidor-litoral-2026.html,blog,"FAQPage,BreadcrumbList,BlogPosting,Article",BlogPosting,SCHEMA_OK,valid
blog/guia-investimento-imovel-litoral-2026.html,blog,"BreadcrumbList,Article",BlogPosting,SCHEMA_MISMATCH,valid
blog/guia-itanhaem-imoveis-2026.html,blog,"BreadcrumbList,Article",BlogPosting,SCHEMA_MISMATCH,valid
blog/guia-lancamento-imoveis-litoral-ia.html,blog,"FAQPage,BreadcrumbList,BlogPosting,Article",BlogPosting,SCHEMA_OK,valid
blog/guia-mongagua-imoveis-2026.html,blog,"BreadcrumbList,Article",BlogPosting,SCHEMA_MISMATCH,valid
blog/guia-nurturing-leads-imobiliarias-litoral-2026.html,blog,"FAQPage,BreadcrumbList,BlogPosting,Article",BlogPosting,SCHEMA_OK,valid
blog/guia-peruibe-imoveis-2026.html,blog,"BreadcrumbList,Article",BlogPosting,SCHEMA_MISMATCH,valid
blog/guia-pratico-fechamento-vendas-imobilirias-litoral.html,blog,"FAQPage,BreadcrumbList,BlogPosting,Article",BlogPosting,SCHEMA_OK,valid
blog/guia-pratico-gestao-imoveis-aluguel-litoral.html,blog,"FAQPage,BreadcrumbList,BlogPosting,Article",BlogPosting,SCHEMA_OK,valid
blog/guia-pratico-ia-imobiliaria-litoral-paulista.html,blog,"FAQPage,BreadcrumbList,BlogPosting,Article",BlogPosting,SCHEMA_OK,valid
blog/guia-rapido-captar-leads-temporada-litoral-sem-anuncios-2026.html,blog,"FAQPage,BreadcrumbList,BlogPosting,Article",BlogPosting,SCHEMA_OK,valid
blog/guia-rapido-ia-corretores-litoral-2026-v2.html,blog,"FAQPage,BreadcrumbList,BlogPosting,Article",BlogPosting,SCHEMA_OK,valid
blog/guia-rapido-ia-corretores-litoral-2026.html,blog,"FAQPage,BreadcrumbList,BlogPosting,Article",BlogPosting,SCHEMA_OK,valid
blog/guia-reforma-imovel-litoral-vender-2026.html,blog,BlogPosting,BlogPosting,SCHEMA_OK,valid
blog/guia-renda-aluguel-temporada-litoral-2026.html,blog,"FAQPage,BreadcrumbList,BlogPosting,Article",BlogPosting,SCHEMA_OK,valid
blog/guia-resposta-rapida-whatsapp-corretores-litoral-2026.html,blog,"FAQPage,BreadcrumbList,BlogPosting,Article",BlogPosting,SCHEMA_OK,valid
blog/guia-sao-vicente-imoveis-2026.html,blog,"BreadcrumbList,Article",BlogPosting,SCHEMA_MISMATCH,valid
blog/guia-seo-local-imobiliaria-litoral-paulista.html,blog,"FAQPage,BreadcrumbList,BlogPosting,Article",BlogPosting,SCHEMA_OK,valid
blog/guia-social-media-imobiliarias-litoral-2026.html,blog,"FAQPage,BreadcrumbList,BlogPosting,Article",BlogPosting,SCHEMA_OK,valid
blog/guia-vendas-alta-temporada-litoral-2026.html,blog,"FAQPage,BreadcrumbList,BlogPosting,Article",BlogPosting,SCHEMA_OK,valid
blog/heranca-imoveis-litoral-inventario-partilha-2026.html,blog,BlogPosting,BlogPosting,SCHEMA_OK,valid
blog/heranca-inventario-transferencia-imovel-brasil-pratica-2026.html,blog,"BreadcrumbList,FAQPage",BlogPosting,SCHEMA_MISMATCH,valid
blog/home-office-imoveis-litoral.html,blog,"FAQPage,BreadcrumbList,BlogPosting,Article",BlogPosting,SCHEMA_OK,valid
blog/home-office-litoral-imoveis-internet-2026.html,blog,"FAQPage,BreadcrumbList,BlogPosting,Article",BlogPosting,SCHEMA_OK,valid
blog/home-office-temporada-litoral-paulista-guia-2026.html,blog,"FAQPage,BreadcrumbList,BlogPosting,Article",BlogPosting,SCHEMA_OK,valid
blog/home-stage-imovel-praia-2026.html,blog,"FAQPage,BreadcrumbList,BlogPosting,Article",BlogPosting,SCHEMA_OK,valid
blog/home-staging-imoveis-praia-vender-mais-rapido-2026.html,blog,Article,BlogPosting,SCHEMA_MISMATCH,valid
blog/hotelaria-temporada-litoral-paulista-2026.html,blog,"FAQPage,BreadcrumbList,BlogPosting,Article",BlogPosting,SCHEMA_OK,valid
blog/ia-2026-corretores-imobiliária-2026-07-16.html,blog,"FAQPage,BreadcrumbList,BlogPosting,Article",BlogPosting,SCHEMA_OK,valid
blog/ia-2026-corretores-litoral-2026-08-14.html,blog,BlogPosting,BlogPosting,SCHEMA_OK,valid
blog/ia-2026-imobiliária-avaliação-2026-08-01.html,blog,"FAQPage,BreadcrumbList,BlogPosting,Article",BlogPosting,SCHEMA_OK,valid
blog/ia-assistente-virtual-compradores-litoral-2026.html,blog,"FAQPage,BreadcrumbList,BlogPosting,Article",BlogPosting,SCHEMA_OK,valid
blog/ia-avaliacao-preco-mercado-litoral-2026.html,blog,"FAQPage,BreadcrumbList,BlogPosting,Article",BlogPosting,SCHEMA_OK,valid
blog/ia-avaliação-corretores-imobiliária-2026-07-18.html,blog,"FAQPage,BreadcrumbList,BlogPosting,Article",BlogPosting,SCHEMA_OK,valid
blog/ia-avaliação-recomendação-corretores-2026-08-06.html,blog,BreadcrumbList,BlogPosting,SCHEMA_MISMATCH,valid
blog/ia-corretores-avaliação-2026-2026-07-24.html,blog,"FAQPage,BreadcrumbList,BlogPosting,Article",BlogPosting,SCHEMA_OK,valid
blog/ia-corretores-imobiliária-2026-2026-08-18.html,blog,BlogPosting,BlogPosting,SCHEMA_OK,valid
blog/ia-corretores-produtividade-litoral-2026.html,blog,"FAQPage,BreadcrumbList,BlogPosting,Article",BlogPosting,SCHEMA_OK,valid
blog/ia-engajamento-redes-imobiliarias-litoral.html,blog,"FAQPage,BreadcrumbList,BlogPosting,Article",BlogPosting,SCHEMA_OK,valid
blog/ia-generativa-marketing-imobiliario-litoral.html,blog,"FAQPage,BreadcrumbList,BlogPosting,Article",BlogPosting,SCHEMA_OK,valid
blog/ia-geracao-descricoes-anuncios-imobiliarios-2026.html,blog,"FAQPage,BreadcrumbList,BlogPosting,Article",BlogPosting,SCHEMA_OK,valid
blog/ia-litoral-2026-avaliação-2026-07-10.html,blog,"FAQPage,BreadcrumbList,BlogPosting,Article",BlogPosting,SCHEMA_OK,valid
blog/ia-litoral-avaliação-imobiliária-2026-07-21.html,blog,"FAQPage,BreadcrumbList,BlogPosting,Article",BlogPosting,SCHEMA_OK,valid
blog/ia-litoral-corretores-imobiliária-2026-08-02.html,blog,"BreadcrumbList,Article,FAQPage,BlogPosting",BlogPosting,SCHEMA_OK,valid
blog/ia-litoral-recomendação-2026-2026-07-17.html,blog,"FAQPage,BreadcrumbList,BlogPosting,Article",BlogPosting,SCHEMA_OK,valid
blog/ia-para-administradores-imoveis-litoral.html,blog,"FAQPage,BreadcrumbList,BlogPosting,Article",BlogPosting,SCHEMA_OK,valid
blog/ia-para-aluguel-temporada-litoral.html,blog,"FAQPage,BreadcrumbList,BlogPosting,Article",BlogPosting,SCHEMA_OK,valid
blog/ia-para-apto-litoral.html,blog,"FAQPage,BreadcrumbList,BlogPosting,Article",BlogPosting,SCHEMA_OK,valid
blog/ia-para-casa-litoral.html,blog,"FAQPage,BreadcrumbList,BlogPosting,Article",BlogPosting,SCHEMA_OK,valid
blog/ia-para-corretores-3-usos-praticos-litoral-2026.html,blog,"BlogPosting,BreadcrumbList,FAQPage",BlogPosting,SCHEMA_OK,valid
blog/ia-para-corretores-autonomos-litoral-paulista.html,blog,"FAQPage,BreadcrumbList,BlogPosting,Article",BlogPosting,SCHEMA_OK,valid
blog/ia-para-corretores-autonomos-litoral.html,blog,"FAQPage,BreadcrumbList,BlogPosting,Article",BlogPosting,SCHEMA_OK,valid
blog/ia-para-corretores-imoveis-litoral.html,blog,"FAQPage,BreadcrumbList,BlogPosting,Article",BlogPosting,SCHEMA_OK,valid
blog/ia-para-corretores-iniciantes-litoral.html,blog,"FAQPage,BreadcrumbList,BlogPosting,Article",BlogPosting,SCHEMA_OK,valid
blog/ia-para-corretores-litoral-2026.html,blog,"FAQPage,BreadcrumbList,BlogPosting,Article",BlogPosting,SCHEMA_OK,valid
blog/ia-para-generar-videos-imoveis-litoral.html,blog,"FAQPage,BreadcrumbList,BlogPosting,Article",BlogPosting,SCHEMA_OK,valid
blog/ia-para-imobiliaria-bertioga.html,blog,"FAQPage,BreadcrumbList,BlogPosting,Article",BlogPosting,SCHEMA_OK,valid
blog/ia-para-imobiliaria-guaruja.html,blog,"FAQPage,BreadcrumbList,BlogPosting,Article",BlogPosting,SCHEMA_OK,valid
blog/ia-para-imobiliaria-itanhaem.html,blog,"FAQPage,BreadcrumbList,BlogPosting,Article",BlogPosting,SCHEMA_OK,valid
blog/ia-para-imobiliaria-mongagua.html,blog,"FAQPage,BreadcrumbList,BlogPosting,Article",BlogPosting,SCHEMA_OK,valid
blog/ia-para-imobiliaria-peruibe.html,blog,"FAQPage,BreadcrumbList,BlogPosting,Article",BlogPosting,SCHEMA_OK,valid
blog/ia-para-imobiliaria-praia-grande.html,blog,"FAQPage,BreadcrumbList,BlogPosting,Article",BlogPosting,SCHEMA_OK,valid
blog/ia-para-imobiliaria-santos.html,blog,"FAQPage,BreadcrumbList,BlogPosting,Article",BlogPosting,SCHEMA_OK,valid
blog/ia-para-imobiliaria-sao-vicente.html,blog,"FAQPage,BreadcrumbList,BlogPosting,Article",BlogPosting,SCHEMA_OK,valid
blog/ia-para-imobiliaria-tradicional-litoral-paulista.html,blog,"FAQPage,BreadcrumbList,BlogPosting,Article",BlogPosting,SCHEMA_OK,valid
blog/ia-para-imobiliarias-iniciantes.html,blog,"FAQPage,BreadcrumbList,BlogPosting,Article",BlogPosting,SCHEMA_OK,valid
blog/ia-para-imobiliarias-litoral-paulista-guia-2026.html,blog,"FAQPage,BreadcrumbList,BlogPosting,Article",BlogPosting,SCHEMA_OK,valid
blog/ia-para-imobiliárias-3-usos-práticos-hoje-lote-2026-08-03-32.html,blog,"BlogPosting,BreadcrumbList,FAQPage",BlogPosting,SCHEMA_OK,valid
blog/ia-para-imoveis-luxo-litoral.html,blog,"FAQPage,BreadcrumbList,BlogPosting,Article",BlogPosting,SCHEMA_OK,valid
blog/ia-para-investidores-imoveis-litoral.html,blog,"FAQPage,BreadcrumbList,BlogPosting,Article",BlogPosting,SCHEMA_OK,valid
blog/ia-para-investidores-litoral-paulista.html,blog,"FAQPage,BreadcrumbList,BlogPosting,Article",BlogPosting,SCHEMA_OK,valid
blog/ia-para-lancamentos-imobiliarios-litoral.html,blog,"FAQPage,BreadcrumbList,BlogPosting,Article",BlogPosting,SCHEMA_OK,valid
blog/ia-para-lancamentos-imoveis-litoral.html,blog,"FAQPage,BreadcrumbList,BlogPosting,Article",BlogPosting,SCHEMA_OK,valid
blog/ia-para-metaverse-imoveis-litoral.html,blog,"FAQPage,BreadcrumbList,BlogPosting,Article",BlogPosting,SCHEMA_OK,valid
blog/ia-para-premium-litoral.html,blog,"FAQPage,BreadcrumbList,BlogPosting,Article",BlogPosting,SCHEMA_OK,valid
blog/ia-para-primeira-compra-imovel-litoral.html,blog,"FAQPage,BreadcrumbList,BlogPosting,Article",BlogPosting,SCHEMA_OK,valid
blog/ia-recomendacao-automatica-imoveis-2026.html,blog,"FAQPage,BreadcrumbList,BlogPosting,Article",BlogPosting,SCHEMA_OK,valid
blog/ia-recomendação-2026-avaliação-2026-07-20.html,blog,"FAQPage,BreadcrumbList,BlogPosting,Article",BlogPosting,SCHEMA_OK,valid
blog/ia-recomendação-avaliação-imobiliária-2026-07-22.html,blog,"FAQPage,BreadcrumbList,BlogPosting,Article",BlogPosting,SCHEMA_OK,valid
blog/ia-recomendação-corretores-avaliação-2026-08-19.html,blog,BlogPosting,BlogPosting,SCHEMA_OK,valid
blog/ia-recomendação-imobiliária-2026-2026-08-11.html,blog,BlogPosting,BlogPosting,SCHEMA_OK,valid
blog/ia-recomendação-litoral-corretores-2026-07-16.html,blog,"FAQPage,BreadcrumbList,BlogPosting,Article",BlogPosting,SCHEMA_OK,valid
blog/ia-seo-local-rapido-imobiliaria.html,blog,"FAQPage,BreadcrumbList,BlogPosting,Article",BlogPosting,SCHEMA_OK,valid
blog/ia-suporte-cliente-imobiliaria-litoral.html,blog,"FAQPage,BreadcrumbList,BlogPosting,Article",BlogPosting,SCHEMA_OK,valid
blog/ia-vs-humano-captacao-imoveis-litoral.html,blog,"FAQPage,BreadcrumbList,BlogPosting,Article",BlogPosting,SCHEMA_OK,valid
blog/identidade-visual-imobiliarias-litoral-paulista-2026.html,blog,"FAQPage,BreadcrumbList,BlogPosting,Article",BlogPosting,SCHEMA_OK,valid
blog/iframes-site-imoveis-2026.html,blog,"FAQPage,BreadcrumbList,BlogPosting,Article",BlogPosting,SCHEMA_OK,valid
blog/ilha-comprida-bairros-imoveis-2026.html,blog,"BlogPosting,BreadcrumbList",BlogPosting,SCHEMA_INVALID,invalid_json: Expecting property name enclosed in double quotes: line 7 column 5 (char 308)
blog/ilha-comprida-compra-venda-imoveis-2026.html,blog,"BlogPosting,BreadcrumbList",BlogPosting,SCHEMA_INVALID,invalid_json: Expecting property name enclosed in double quotes: line 7 column 5 (char 304)
blog/ilha-comprida-editorial-imoveis-2026.html,blog,"BlogPosting,BreadcrumbList",BlogPosting,SCHEMA_INVALID,invalid_json: Expecting property name enclosed in double quotes: line 7 column 5 (char 274)
blog/ilha-comprida-investimento-imoveis-2026.html,blog,"BlogPosting,BreadcrumbList",BlogPosting,SCHEMA_INVALID,invalid_json: Expecting property name enclosed in double quotes: line 7 column 5 (char 292)
blog/ilha-comprida-rentabilidade-imoveis-2026.html,blog,"BlogPosting,BreadcrumbList",BlogPosting,SCHEMA_INVALID,invalid_json: Expecting property name enclosed in double quotes: line 7 column 5 (char 283)
blog/ilha-comprida-temporada-gestao-imoveis-2026.html,blog,"BlogPosting,BreadcrumbList",BlogPosting,SCHEMA_INVALID,invalid_json: Expecting property name enclosed in double quotes: line 7 column 5 (char 269)
blog/ilha-das-pecas-bertioga-imoveis-oportunidades-2026.html,blog,"FAQPage,BreadcrumbList,BlogPosting,Article",BlogPosting,SCHEMA_OK,valid
blog/ilhabela-artigo-cases-imoveis-2026.html,blog,"BlogPosting,BreadcrumbList",BlogPosting,SCHEMA_OK,valid
blog/ilhabela-artigo-editorial-imoveis-2026.html,blog,"BlogPosting,BreadcrumbList",BlogPosting,SCHEMA_OK,valid
blog/ilhabela-artigo-financiamento-imoveis-2026.html,blog,"BlogPosting,BreadcrumbList",BlogPosting,SCHEMA_OK,valid
blog/ilhabela-artigo-juridico-imoveis-2026.html,blog,"BlogPosting,BreadcrumbList",BlogPosting,SCHEMA_OK,valid
blog/ilhabela-artigo-marketing-digital-imoveis-2026.html,blog,"BlogPosting,BreadcrumbList",BlogPosting,SCHEMA_OK,valid
blog/ilhabela-artigo-parcerias-imoveis-2026.html,blog,"BlogPosting,BreadcrumbList",BlogPosting,SCHEMA_OK,valid
blog/ilhabela-artigo-seo-local-imoveis-2026.html,blog,"BlogPosting,BreadcrumbList",BlogPosting,SCHEMA_OK,valid
blog/ilhabela-automacao-ia-imoveis-2026.html,blog,"BlogPosting,BreadcrumbList",BlogPosting,SCHEMA_OK,valid
blog/ilhabela-automacao-imobiliarias-2026.html,blog,"BlogPosting,BreadcrumbList",BlogPosting,SCHEMA_INVALID,invalid_json: Expecting property name enclosed in double quotes: line 7 column 5 (char 307)
blog/ilhabela-automacao-imoveis-2026.html,blog,"BlogPosting,BreadcrumbList",BlogPosting,SCHEMA_OK,valid
blog/ilhabela-bairros-imoveis-2026.html,blog,"BlogPosting,BreadcrumbList",BlogPosting,SCHEMA_INVALID,invalid_json: Expecting property name enclosed in double quotes: line 7 column 5 (char 290)
blog/ilhabela-case-de-sucesso-investimento-imobiliario-em-ilhabela-em-2026.html,blog,BlogPosting,BlogPosting,SCHEMA_OK,valid
blog/ilhabela-case-social-rapido-para-parcerias-em-ilhabela.html,blog,BlogPosting,BlogPosting,SCHEMA_OK,valid
blog/ilhabela-case-sucesso-automacao-imoveis-2026.html,blog,"BlogPosting,BreadcrumbList",BlogPosting,SCHEMA_OK,valid
blog/ilhabela-case-sucesso-cases-imoveis-2026.html,blog,"BlogPosting,BreadcrumbList",BlogPosting,SCHEMA_OK,valid
blog/ilhabela-case-sucesso-editorial-imoveis-2026.html,blog,"BlogPosting,BreadcrumbList",BlogPosting,SCHEMA_OK,valid
blog/ilhabela-case-sucesso-financiamento-imoveis-2026.html,blog,"BlogPosting,BreadcrumbList",BlogPosting,SCHEMA_OK,valid
blog/ilhabela-case-sucesso-juridico-imoveis-2026.html,blog,"BlogPosting,BreadcrumbList",BlogPosting,SCHEMA_OK,valid
blog/ilhabela-case-sucesso-marketing-digital-imoveis-2026.html,blog,"BlogPosting,BreadcrumbList",BlogPosting,SCHEMA_OK,valid
blog/ilhabela-case-sucesso-parcerias-imoveis-2026.html,blog,"BlogPosting,BreadcrumbList",BlogPosting,SCHEMA_OK,valid
blog/ilhabela-case-sucesso-seo-local-imoveis-2026.html,blog,"BlogPosting,BreadcrumbList",BlogPosting,SCHEMA_OK,valid
blog/ilhabela-cases-imoveis-2026.html,blog,"BlogPosting,BreadcrumbList",BlogPosting,SCHEMA_OK,valid
blog/ilhabela-checklist-automacao-imoveis-2026.html,blog,"BlogPosting,BreadcrumbList",BlogPosting,SCHEMA_OK,valid
blog/ilhabela-checklist-bairros-imoveis-2026.html,blog,"BlogPosting,BreadcrumbList",BlogPosting,SCHEMA_OK,valid
blog/ilhabela-checklist-cases-imoveis-2026.html,blog,"BlogPosting,BreadcrumbList",BlogPosting,SCHEMA_OK,valid
blog/ilhabela-checklist-editorial-imoveis-2026.html,blog,"BlogPosting,BreadcrumbList",BlogPosting,SCHEMA_OK,valid
blog/ilhabela-checklist-financiamento-imoveis-2026.html,blog,"BlogPosting,BreadcrumbList",BlogPosting,SCHEMA_OK,valid
blog/ilhabela-checklist-investimento-imoveis-2026.html,blog,"BlogPosting,BreadcrumbList",BlogPosting,SCHEMA_OK,valid
blog/ilhabela-checklist-juridico-imoveis-2026.html,blog,"BlogPosting,BreadcrumbList",BlogPosting,SCHEMA_OK,valid
blog/ilhabela-checklist-locacao-temporada-imoveis-2026.html,blog,"BlogPosting,BreadcrumbList",BlogPosting,SCHEMA_OK,valid
blog/ilhabela-checklist-marketing-digital-imoveis-2026.html,blog,"BlogPosting,BreadcrumbList",BlogPosting,SCHEMA_OK,valid
blog/ilhabela-checklist-parcerias-imoveis-2026.html,blog,"BlogPosting,BreadcrumbList",BlogPosting,SCHEMA_OK,valid
blog/ilhabela-checklist-seo-local-imoveis-2026.html,blog,"BlogPosting,BreadcrumbList",BlogPosting,SCHEMA_OK,valid
blog/ilhabela-checklist-venda-imoveis-2026.html,blog,"BlogPosting,BreadcrumbList",BlogPosting,SCHEMA_OK,valid
blog/ilhabela-como-captar-leads-em-ilhabela-sem-anuncios.html,blog,BlogPosting,BlogPosting,SCHEMA_OK,valid
blog/ilhabela-compra-venda-imoveis-2026.html,blog,"BlogPosting,BreadcrumbList",BlogPosting,SCHEMA_INVALID,invalid_json: Expecting property name enclosed in double quotes: line 7 column 5 (char 324)
blog/ilhabela-curso-automacao-imoveis-2026.html,blog,"BlogPosting,BreadcrumbList",BlogPosting,SCHEMA_OK,valid
blog/ilhabela-curso-bairros-imoveis-2026.html,blog,"BlogPosting,BreadcrumbList",BlogPosting,SCHEMA_OK,valid
blog/ilhabela-curso-cases-imoveis-2026.html,blog,"BlogPosting,BreadcrumbList",BlogPosting,SCHEMA_OK,valid
blog/ilhabela-curso-corretor-imoveis-2026.html,blog,"BlogPosting,BreadcrumbList",BlogPosting,SCHEMA_OK,valid
blog/ilhabela-curso-editorial-imoveis-2026.html,blog,"BlogPosting,BreadcrumbList",BlogPosting,SCHEMA_OK,valid
blog/ilhabela-curso-financiamento-imoveis-2026.html,blog,"BlogPosting,BreadcrumbList",BlogPosting,SCHEMA_OK,valid
blog/ilhabela-curso-investimento-imoveis-2026.html,blog,"BlogPosting,BreadcrumbList",BlogPosting,SCHEMA_OK,valid
blog/ilhabela-curso-juridico-imoveis-2026.html,blog,"BlogPosting,BreadcrumbList",BlogPosting,SCHEMA_OK,valid
blog/ilhabela-curso-locacao-temporada-imoveis-2026.html,blog,"BlogPosting,BreadcrumbList",BlogPosting,SCHEMA_OK,valid
blog/ilhabela-curso-marketing-digital-imoveis-2026.html,blog,"BlogPosting,BreadcrumbList",BlogPosting,SCHEMA_OK,valid
blog/ilhabela-curso-parcerias-imoveis-2026.html,blog,"BlogPosting,BreadcrumbList",BlogPosting,SCHEMA_OK,valid
blog/ilhabela-curso-seo-local-imoveis-2026.html,blog,"BlogPosting,BreadcrumbList",BlogPosting,SCHEMA_OK,valid
blog/ilhabela-editorial-2026.html,blog,"BlogPosting,BreadcrumbList",BlogPosting,SCHEMA_OK,valid
blog/ilhabela-editorial-imoveis-2026.html,blog,"BlogPosting,BreadcrumbList",BlogPosting,SCHEMA_INVALID,invalid_json: Expecting property name enclosed in double quotes: line 7 column 5 (char 299)
blog/ilhabela-financiamento-imoveis-2026.html,blog,"BlogPosting,BreadcrumbList",BlogPosting,SCHEMA_OK,valid
blog/ilhabela-follow.html,blog,BlogPosting,BlogPosting,SCHEMA_OK,valid
blog/ilhabela-guia-compra-imoveis-2026.html,blog,"BlogPosting,BreadcrumbList",BlogPosting,SCHEMA_OK,valid
blog/ilhabela-guia-locacao-temporada-imoveis-2026.html,blog,"BlogPosting,BreadcrumbList",BlogPosting,SCHEMA_OK,valid
blog/ilhabela-ilhabela-checklist-para-investimento-imobiliario-guia-2026.html,blog,BlogPosting,BlogPosting,SCHEMA_OK,valid
blog/ilhabela-ilhabela-checklist-para-locacao-de-temporada-guia-2026.html,blog,BlogPosting,BlogPosting,SCHEMA_OK,valid
blog/ilhabela-ilhabela-checklist-para-venda-de-imoveis-guia-2026.html,blog,BlogPosting,BlogPosting,SCHEMA_OK,valid
blog/ilhabela-ilhabela-compra-e-venda-de-imoveis-guia-2026.html,blog,BlogPosting,BlogPosting,SCHEMA_OK,valid
blog/ilhabela-ilhabela-curso-de-investimento-imobiliario-guia-2026.html,blog,BlogPosting,BlogPosting,SCHEMA_OK,valid
blog/ilhabela-ilhabela-curso-de-locacao-de-temporada-guia-2026.html,blog,BlogPosting,BlogPosting,SCHEMA_OK,valid
blog/ilhabela-ilhabela-curso-para-corretor-de-imoveis-guia-2026.html,blog,BlogPosting,BlogPosting,SCHEMA_OK,valid
blog/ilhabela-ilhabela-guia-para-compra-de-imoveis-analise-2026.html,blog,BlogPosting,BlogPosting,SCHEMA_OK,valid
blog/ilhabela-ilhabela-guia-para-locacao-de-temporada-analise-2026.html,blog,BlogPosting,BlogPosting,SCHEMA_OK,valid
blog/ilhabela-ilhabela-investimento-em-imoveis-analise-2026.html,blog,BlogPosting,BlogPosting,SCHEMA_OK,valid
blog/ilhabela-ilhabela-locacao-de-temporada-analise-2026.html,blog,BlogPosting,BlogPosting,SCHEMA_OK,valid
blog/ilhabela-ilhabela-marketing-digital-para-imoveis-guia-2026.html,blog,BlogPosting,BlogPosting,SCHEMA_OK,valid
blog/ilhabela-imoveis-em-ilhabela-temporada-mercado-e-oportunidades-em-2026.html,blog,BlogPosting,BlogPosting,SCHEMA_OK,valid
blog/ilhabela-imoveis-temporada-oportunidades-2026.html,blog,"FAQPage,BreadcrumbList,BlogPosting,Article",BlogPosting,SCHEMA_OK,valid
blog/ilhabela-investimento-imoveis-2026.html,blog,"BlogPosting,BreadcrumbList",BlogPosting,SCHEMA_INVALID,invalid_json: Expecting property name enclosed in double quotes: line 7 column 5 (char 308)
blog/ilhabela-juridico-imoveis-2026.html,blog,"BlogPosting,BreadcrumbList",BlogPosting,SCHEMA_OK,valid
blog/ilhabela-locacao-temporada-imoveis-2026.html,blog,"BlogPosting,BreadcrumbList",BlogPosting,SCHEMA_OK,valid
blog/ilhabela-marketing-digital-imobiliarias-2026.html,blog,"BlogPosting,BreadcrumbList",BlogPosting,SCHEMA_INVALID,invalid_json: Expecting property name enclosed in double quotes: line 7 column 5 (char 297)
blog/ilhabela-marketing-digital-imoveis-2026.html,blog,"BlogPosting,BreadcrumbList",BlogPosting,SCHEMA_OK,valid
blog/ilhabela-parcerias-imobiliarias-2026.html,blog,"BlogPosting,BreadcrumbList",BlogPosting,SCHEMA_INVALID,invalid_json: Expecting property name enclosed in double quotes: line 7 column 5 (char 297)
blog/ilhabela-parcerias-imoveis-2026.html,blog,"BlogPosting,BreadcrumbList",BlogPosting,SCHEMA_OK,valid
blog/ilhabela-rentabilidade-imoveis-2026.html,blog,"BlogPosting,BreadcrumbList",BlogPosting,SCHEMA_INVALID,invalid_json: Expecting property name enclosed in double quotes: line 7 column 5 (char 308)
blog/ilhabela-seguro-aluguel-temporada-praia-sao-paulo-em-ilhabela.html,blog,BlogPosting,BlogPosting,SCHEMA_OK,valid
blog/ilhabela-seo-local-imoveis-2026.html,blog,"BlogPosting,BreadcrumbList",BlogPosting,SCHEMA_OK,valid
blog/ilhabela-temporada-gestao-imoveis-2026.html,blog,"BlogPosting,BreadcrumbList",BlogPosting,SCHEMA_INVALID,invalid_json: Expecting property name enclosed in double quotes: line 7 column 5 (char 297)
blog/ilhabela-tendencias-imoveis-2027.html,blog,"BlogPosting,BreadcrumbList",BlogPosting,SCHEMA_INVALID,invalid_json: Expecting property name enclosed in double quotes: line 7 column 5 (char 306)
blog/imobiliaria-digital-litoral-2026.html,blog,"BreadcrumbList,Article",BlogPosting,SCHEMA_MISMATCH,valid
blog/imobiliaria-digital-vs-fisica-qual-escolher-litoral-em-são-vicente-2026-07-12.html,blog,"FAQPage,BreadcrumbList,BlogPosting,Article",BlogPosting,SCHEMA_OK,valid
blog/imobiliaria-litoral-cultura-atendimento-cliente-2026.html,blog,BlogPosting,BlogPosting,SCHEMA_OK,valid
blog/imobiliaria-litoral-indicadores-desempenho-equipe-2026.html,blog,BlogPosting,BlogPosting,SCHEMA_OK,valid
blog/imoveis-alto-padrao-litoral-ia.html,blog,"FAQPage,BreadcrumbList,BlogPosting,Article",BlogPosting,SCHEMA_OK,valid
blog/imoveis-alto-padrao-litoral-perfil-comprador-2026.html,blog,"BlogPosting,BreadcrumbList,FAQPage",BlogPosting,SCHEMA_OK,valid
blog/imoveis-bertioga-2026.html,blog,"FAQPage,BreadcrumbList,BlogPosting,Article",BlogPosting,SCHEMA_OK,valid
blog/imoveis-bertioga-sp.html,blog,"FAQPage,BreadcrumbList,BlogPosting,Article",BlogPosting,SCHEMA_OK,valid
blog/imoveis-bertioga-temporada-mercado-2026.html,blog,"FAQPage,BreadcrumbList,BlogPosting,Article",BlogPosting,SCHEMA_OK,valid
blog/imoveis-desconto-litoral-paulista.html,blog,"FAQPage,BreadcrumbList,BlogPosting,Article",BlogPosting,SCHEMA_OK,valid
blog/imoveis-economicos-litoral-paulista-captar-vender-mais-2026.html,blog,"BlogPosting,BreadcrumbList,FAQPage",BlogPosting,SCHEMA_OK,valid
blog/imoveis-frente-mar-litoral-paulista-2026.html,blog,"FAQPage,BreadcrumbList,BlogPosting,Article",BlogPosting,SCHEMA_OK,valid
blog/imoveis-guaruja-2026.html,blog,"FAQPage,BreadcrumbList,BlogPosting,Article",BlogPosting,SCHEMA_OK,valid
blog/imoveis-guaruja-riviera-oportunidades-2026.html,blog,"FAQPage,BreadcrumbList,BlogPosting,Article",BlogPosting,SCHEMA_OK,valid
blog/imoveis-ilhabela-temporada-oportunidades-2026.html,blog,"FAQPage,BreadcrumbList,BlogPosting,Article",BlogPosting,SCHEMA_OK,valid
blog/imoveis-itanhaem-2026.html,blog,"FAQPage,BreadcrumbList,BlogPosting,Article",BlogPosting,SCHEMA_OK,valid
blog/imoveis-litoral-acessibilidade-universal-2026.html,blog,BlogPosting,BlogPosting,SCHEMA_OK,valid
blog/imoveis-litoral-conectividade-internet-movel-como-avaliar-2026.html,blog,BlogPosting,BlogPosting,SCHEMA_OK,valid
blog/imoveis-litoral-zonamento-restricoes-consultar-antes-comprar-2026.html,blog,BlogPosting,BlogPosting,SCHEMA_OK,valid
blog/imoveis-na-planta-bertioga-ia.html,blog,"FAQPage,BreadcrumbList,BlogPosting,Article",BlogPosting,SCHEMA_OK,valid
blog/imoveis-na-planta-guaruja-zona-leste-ia.html,blog,"FAQPage,BreadcrumbList,BlogPosting,Article",BlogPosting,SCHEMA_OK,valid
blog/imoveis-na-planta-litoral-paulista.html,blog,"FAQPage,BreadcrumbList,BlogPosting,Article",BlogPosting,SCHEMA_OK,valid
blog/imoveis-na-planta-litoral-vantagens-riscos-2026.html,blog,"BlogPosting,BreadcrumbList,FAQPage",BlogPosting,SCHEMA_OK,valid
blog/imoveis-na-planta-santos-ia.html,blog,"FAQPage,BreadcrumbList,BlogPosting,Article",BlogPosting,SCHEMA_OK,valid
blog/imoveis-na-planta-sao-vicente-ia.html,blog,"FAQPage,BreadcrumbList,BlogPosting,Article",BlogPosting,SCHEMA_OK,valid
blog/imoveis-peruibe-2026.html,blog,"FAQPage,BreadcrumbList,BlogPosting,Article",BlogPosting,SCHEMA_OK,valid
blog/imoveis-peruibe-temporada-avaliacao-2026.html,blog,"FAQPage,BreadcrumbList,BlogPosting,Article",BlogPosting,SCHEMA_OK,valid
blog/imoveis-pet-friendly-compradores-em-santos-2026-07-12.html,blog,"FAQPage,BreadcrumbList,BlogPosting,Article",BlogPosting,SCHEMA_OK,valid
blog/imoveis-pet-friendly-litoral-paulista-2026.html,blog,"FAQPage,BreadcrumbList,BlogPosting,Article",BlogPosting,SCHEMA_OK,valid
blog/imoveis-pet-friendly-litoral.html,blog,"FAQPage,BreadcrumbList,BlogPosting,Article",BlogPosting,SCHEMA_OK,valid
blog/imoveis-praia-grande-2026.html,blog,"FAQPage,BreadcrumbList,BlogPosting,Article",BlogPosting,SCHEMA_OK,valid
blog/imoveis-santos-2026.html,blog,"FAQPage,BreadcrumbList,BlogPosting,Article",BlogPosting,SCHEMA_OK,valid
blog/imoveis-sao-vicente-2026.html,blog,"FAQPage,BreadcrumbList,BlogPosting,Article",BlogPosting,SCHEMA_OK,valid
blog/imoveis-sao-vicente-temporada-oportunidades-2026.html,blog,"FAQPage,BreadcrumbList,BlogPosting,Article",BlogPosting,SCHEMA_OK,valid
blog/imoveis-sustentaveis-litoral-vantagens-mercado-2026.html,blog,BlogPosting,BlogPosting,SCHEMA_OK,valid
blog/imoveis-sustentaveis-praia-tendencias-2026.html,blog,"FAQPage,BreadcrumbList,BlogPosting,Article",BlogPosting,SCHEMA_OK,valid
blog/imoveis-ubatuba-temporada-avaliacao-2026.html,blog,"FAQPage,BreadcrumbList,BlogPosting,Article",BlogPosting,SCHEMA_OK,valid
blog/imovel-adquirido-antes-casamento-divisao-bens-2026.html,blog,Article,BlogPosting,SCHEMA_MISMATCH,valid
blog/imovel-barato-barra-norte-2026.html,blog,"FAQPage,BreadcrumbList,BlogPosting,Article",BlogPosting,SCHEMA_OK,valid
blog/imovel-compartilhado-litoral-paulista.html,blog,"BlogPosting,BreadcrumbList",BlogPosting,SCHEMA_OK,valid
blog/imovel-comprado-antes-casamento-autorizacao-conjuge-stj-2026.html,blog,Article,BlogPosting,SCHEMA_MISMATCH,valid
blog/imovel-litoral-academia-imovel-2026.html,blog,BlogPosting,BlogPosting,SCHEMA_OK,valid
blog/imovel-litoral-aluguel-airbnb-2026.html,blog,BlogPosting,BlogPosting,SCHEMA_OK,valid
blog/imovel-litoral-aluguel-booking-2026.html,blog,BlogPosting,BlogPosting,SCHEMA_OK,valid
blog/imovel-litoral-aluguel-prazo-fixo-2026.html,blog,BlogPosting,BlogPosting,SCHEMA_OK,valid
blog/imovel-litoral-aluguel-prazo-indeterminado-2026.html,blog,BlogPosting,BlogPosting,SCHEMA_OK,valid
blog/imovel-litoral-aluguel-temporada-avaliacao-hospede-2026.html,blog,BlogPosting,BlogPosting,SCHEMA_OK,valid
blog/imovel-litoral-aluguel-temporada-avaliacao-imovel-2026.html,blog,BlogPosting,BlogPosting,SCHEMA_OK,valid
blog/imovel-litoral-aluguel-temporada-cancelamento-2026.html,blog,BlogPosting,BlogPosting,SCHEMA_OK,valid
blog/imovel-litoral-aluguel-temporada-checkin-2026.html,blog,BlogPosting,BlogPosting,SCHEMA_OK,valid
blog/imovel-litoral-aluguel-temporada-checkout-2026.html,blog,BlogPosting,BlogPosting,SCHEMA_OK,valid
blog/imovel-litoral-aluguel-temporada-contrato-2026.html,blog,BlogPosting,BlogPosting,SCHEMA_OK,valid
blog/imovel-litoral-aluguel-temporada-danos-2026.html,blog,BlogPosting,BlogPosting,SCHEMA_OK,valid
blog/imovel-litoral-aluguel-temporada-dicas-anfitriao-2026.html,blog,BlogPosting,BlogPosting,SCHEMA_OK,valid
blog/imovel-litoral-aluguel-temporada-divulgacao-2026.html,blog,BlogPosting,BlogPosting,SCHEMA_OK,valid
blog/imovel-litoral-aluguel-temporada-estudante-2026.html,blog,BlogPosting,BlogPosting,SCHEMA_OK,valid
blog/imovel-litoral-aluguel-temporada-experiencia-hospede-2026.html,blog,BlogPosting,BlogPosting,SCHEMA_OK,valid
blog/imovel-litoral-aluguel-temporada-limpeza-2026.html,blog,BlogPosting,BlogPosting,SCHEMA_OK,valid
blog/imovel-litoral-aluguel-temporada-preco-justo-2026.html,blog,BlogPosting,BlogPosting,SCHEMA_OK,valid
blog/imovel-litoral-aluguel-temporada-preparacao-imovel-2026.html,blog,BlogPosting,BlogPosting,SCHEMA_OK,valid
blog/imovel-litoral-aluguel-temporada-reserva-rapida-2026.html,blog,BlogPosting,BlogPosting,SCHEMA_OK,valid
blog/imovel-litoral-aluguel-temporada-seguro-2026.html,blog,BlogPosting,BlogPosting,SCHEMA_OK,valid
blog/imovel-litoral-aluguel-temporada-tarifa-2026.html,blog,BlogPosting,BlogPosting,SCHEMA_OK,valid
blog/imovel-litoral-alvara-construcao-2026.html,blog,BlogPosting,BlogPosting,SCHEMA_OK,valid
blog/imovel-litoral-alvara-obra-emitir-2026.html,blog,BlogPosting,BlogPosting,SCHEMA_OK,valid
blog/imovel-litoral-analise-dados-imoveis-2026.html,blog,BlogPosting,BlogPosting,SCHEMA_OK,valid
blog/imovel-litoral-analise-dados-mercado-2026.html,blog,BlogPosting,BlogPosting,SCHEMA_OK,valid
blog/imovel-litoral-area-kids-imovel-2026.html,blog,BlogPosting,BlogPosting,SCHEMA_OK,valid
blog/imovel-litoral-area-lazer-condominio-como-avaliar-2026.html,blog,BlogPosting,BlogPosting,SCHEMA_OK,valid
blog/imovel-litoral-area-preservacao-permanente-2026.html,blog,BlogPosting,BlogPosting,SCHEMA_OK,valid
blog/imovel-litoral-area-preservacao-permanente-construcao-2026.html,blog,BlogPosting,BlogPosting,SCHEMA_OK,valid
blog/imovel-litoral-areacomum-condominio-uso-2026.html,blog,BlogPosting,BlogPosting,SCHEMA_OK,valid
blog/imovel-litoral-art-crtt-reforma-2026.html,blog,BlogPosting,BlogPosting,SCHEMA_OK,valid
blog/imovel-litoral-assembleia-condominio-quorum-2026.html,blog,BlogPosting,BlogPosting,SCHEMA_OK,valid
blog/imovel-litoral-avaliacao-ambiental-compra-2026.html,blog,BlogPosting,BlogPosting,SCHEMA_OK,valid
blog/imovel-litoral-avaliacao-imovel-comparacao-2026.html,blog,BlogPosting,BlogPosting,SCHEMA_OK,valid
blog/imovel-litoral-avaliacao-imovel-pericia-2026.html,blog,BlogPosting,BlogPosting,SCHEMA_OK,valid
blog/imovel-litoral-avaliacao-online-vs-presencial-2026.html,blog,BlogPosting,BlogPosting,SCHEMA_OK,valid
blog/imovel-litoral-averbacao-imovel-2026.html,blog,BlogPosting,BlogPosting,SCHEMA_OK,valid
blog/imovel-litoral-averbacao-imovel-prazo-2026.html,blog,BlogPosting,BlogPosting,SCHEMA_OK,valid
blog/imovel-litoral-averbacao-matricula-alteracao-2026.html,blog,BlogPosting,BlogPosting,SCHEMA_OK,valid
blog/imovel-litoral-averbacao-matricula-o-que-e-2026.html,blog,BlogPosting,BlogPosting,SCHEMA_OK,valid
blog/imovel-litoral-averbacao-obras-2026.html,blog,BlogPosting,BlogPosting,SCHEMA_OK,valid
blog/imovel-litoral-bolsa-familia-condicoes-2026.html,blog,BlogPosting,BlogPosting,SCHEMA_OK,valid
blog/imovel-litoral-bolsa-familia-imovel-2026.html,blog,BlogPosting,BlogPosting,SCHEMA_OK,valid
blog/imovel-litoral-captacao-imoveis-digitacao-2026.html,blog,BlogPosting,BlogPosting,SCHEMA_OK,valid
blog/imovel-litoral-captacao-imoveis-foto-2026.html,blog,BlogPosting,BlogPosting,SCHEMA_OK,valid
blog/imovel-litoral-captacao-imoveis-indicacao-2026.html,blog,BlogPosting,BlogPosting,SCHEMA_OK,valid
blog/imovel-litoral-captacao-imoveis-rede-2026.html,blog,BlogPosting,BlogPosting,SCHEMA_OK,valid
blog/imovel-litoral-cases-sucesso-aluguel-2026.html,blog,BlogPosting,BlogPosting,SCHEMA_OK,valid
blog/imovel-litoral-cases-sucesso-venda-2026.html,blog,BlogPosting,BlogPosting,SCHEMA_OK,valid
blog/imovel-litoral-caucao-aluguel-devolucao-2026.html,blog,BlogPosting,BlogPosting,SCHEMA_OK,valid
blog/imovel-litoral-caucao-aluguel-funciona-2026.html,blog,BlogPosting,BlogPosting,SCHEMA_OK,valid
blog/imovel-litoral-cdl-imovel-2026.html,blog,BlogPosting,BlogPosting,SCHEMA_OK,valid
blog/imovel-litoral-cdl-restricao-2026.html,blog,"BlogPosting,BreadcrumbList",BlogPosting,SCHEMA_OK,valid
blog/imovel-litoral-certidao-matricula-2026.html,blog,BlogPosting,BlogPosting,SCHEMA_OK,valid
blog/imovel-litoral-certidao-onus-consulta-2026.html,blog,BlogPosting,BlogPosting,SCHEMA_OK,valid
blog/imovel-litoral-certidao-onus-consultar-2026.html,blog,BlogPosting,BlogPosting,SCHEMA_OK,valid
blog/imovel-litoral-certificacao-imobiliaria-2026.html,blog,BlogPosting,BlogPosting,SCHEMA_OK,valid
blog/imovel-litoral-cnd-obra-emitir-2026.html,blog,BlogPosting,BlogPosting,SCHEMA_OK,valid
blog/imovel-litoral-cnh-2026.html,blog,BlogPosting,BlogPosting,SCHEMA_OK,valid
blog/imovel-litoral-cnh-transferencia-2026.html,blog,BlogPosting,BlogPosting,SCHEMA_OK,valid
blog/imovel-litoral-cobertura-imovel-2026.html,blog,BlogPosting,BlogPosting,SCHEMA_OK,valid
blog/imovel-litoral-compra-imovel-documentos-2026.html,blog,BlogPosting,BlogPosting,SCHEMA_OK,valid
blog/imovel-litoral-compra-imovel-inspecao-2026.html,blog,BlogPosting,BlogPosting,SCHEMA_OK,valid
blog/imovel-litoral-compra-imovel-negociacao-2026.html,blog,BlogPosting,BlogPosting,SCHEMA_OK,valid
blog/imovel-litoral-compra-primeira-compra-2026.html,blog,BlogPosting,BlogPosting,SCHEMA_OK,valid
blog/imovel-litoral-comprovante-residencia-2026.html,blog,BlogPosting,BlogPosting,SCHEMA_OK,valid
blog/imovel-litoral-comprovante-residencia-multas-2026.html,blog,BlogPosting,BlogPosting,SCHEMA_OK,valid
blog/imovel-litoral-concierge-imovel-2026.html,blog,BlogPosting,BlogPosting,SCHEMA_OK,valid
blog/imovel-litoral-condominio-area-comum-convivencia-2026.html,blog,BlogPosting,BlogPosting,SCHEMA_OK,valid
blog/imovel-litoral-condominio-area-comum-regras-2026.html,blog,BlogPosting,BlogPosting,SCHEMA_OK,valid
blog/imovel-litoral-condominio-assembleia-2026.html,blog,BlogPosting,BlogPosting,SCHEMA_OK,valid
blog/imovel-litoral-condominio-briga-regra-2026.html,blog,BlogPosting,BlogPosting,SCHEMA_OK,valid
blog/imovel-litoral-condominio-fundo-reserva-2026.html,blog,BlogPosting,BlogPosting,SCHEMA_OK,valid
blog/imovel-litoral-condominio-regra-multa-2026.html,blog,BlogPosting,BlogPosting,SCHEMA_OK,valid
blog/imovel-litoral-condominio-sindico-2026.html,blog,BlogPosting,BlogPosting,SCHEMA_OK,valid
blog/imovel-litoral-consorcio-imovel-2026.html,blog,BlogPosting,BlogPosting,SCHEMA_OK,valid
blog/imovel-litoral-construcao-aco-leve-vantagens-2026.html,blog,BlogPosting,BlogPosting,SCHEMA_OK,valid
blog/imovel-litoral-construcao-apartamento-2026.html,blog,BlogPosting,BlogPosting,SCHEMA_OK,valid
blog/imovel-litoral-construcao-casa-terreno-2026.html,blog,BlogPosting,BlogPosting,SCHEMA_OK,valid
blog/imovel-litoral-construcao-madeira-cuidados-2026.html,blog,BlogPosting,BlogPosting,SCHEMA_OK,valid
blog/imovel-litoral-construcao-praia-fundacao-2026.html,blog,BlogPosting,BlogPosting,SCHEMA_OK,valid
blog/imovel-litoral-construcao-praia-ventilacao-2026.html,blog,BlogPosting,BlogPosting,SCHEMA_OK,valid
blog/imovel-litoral-construcao-prefabricada-vantagens-2026.html,blog,BlogPosting,BlogPosting,SCHEMA_OK,valid
blog/imovel-litoral-construcao-terreno-lamina-2026.html,blog,BlogPosting,BlogPosting,SCHEMA_OK,valid
blog/imovel-litoral-construcao-terreno-lamina-cuidados-2026.html,blog,BlogPosting,BlogPosting,SCHEMA_OK,valid
blog/imovel-litoral-construcao-terreno-lamina-custo-2026.html,blog,BlogPosting,BlogPosting,SCHEMA_OK,valid
blog/imovel-litoral-construcao-terreno-lamina-custo-beneficio-2026.html,blog,BlogPosting,BlogPosting,SCHEMA_OK,valid
blog/imovel-litoral-construcao-terreno-lamina-passos-2026.html,blog,BlogPosting,BlogPosting,SCHEMA_OK,valid
blog/imovel-litoral-construcao-terreno-lamina-planejamento-2026.html,blog,BlogPosting,BlogPosting,SCHEMA_OK,valid
blog/imovel-litoral-construcao-terreno-lamina-verificacao-2026.html,blog,BlogPosting,BlogPosting,SCHEMA_OK,valid
blog/imovel-litoral-construcao-terreno-proprio-2026.html,blog,BlogPosting,BlogPosting,SCHEMA_OK,valid
blog/imovel-litoral-contrato-aluguel-caucao-2026.html,blog,BlogPosting,BlogPosting,SCHEMA_OK,valid
blog/imovel-litoral-contrato-aluguel-caucao-devolucao-2026.html,blog,BlogPosting,BlogPosting,SCHEMA_OK,valid
blog/imovel-litoral-contrato-aluguel-clausulas-2026.html,blog,BlogPosting,BlogPosting,SCHEMA_OK,valid
blog/imovel-litoral-contrato-aluguel-fiador-2026.html,blog,BlogPosting,BlogPosting,SCHEMA_OK,valid
blog/imovel-litoral-contrato-aluguel-fiador-exigencia-2026.html,blog,BlogPosting,BlogPosting,SCHEMA_OK,valid
blog/imovel-litoral-contrato-aluguel-modelo-2026.html,blog,BlogPosting,BlogPosting,SCHEMA_OK,valid
blog/imovel-litoral-contrato-aluguel-seguro-2026.html,blog,BlogPosting,BlogPosting,SCHEMA_OK,valid
blog/imovel-litoral-contrato-aluguel-seguro-obrigatoriedade-2026.html,blog,BlogPosting,BlogPosting,SCHEMA_OK,valid
blog/imovel-litoral-contrato-promessa-compra-2026.html,blog,BlogPosting,BlogPosting,SCHEMA_OK,valid
blog/imovel-litoral-convencao-condominial-alteracao-2026.html,blog,BlogPosting,BlogPosting,SCHEMA_OK,valid
blog/imovel-litoral-cpf-2026.html,blog,BlogPosting,BlogPosting,SCHEMA_OK,valid
blog/imovel-litoral-cpf-atualizacao-2026.html,blog,BlogPosting,BlogPosting,SCHEMA_OK,valid
blog/imovel-litoral-curso-corretor-imovel-2026.html,blog,BlogPosting,BlogPosting,SCHEMA_OK,valid
blog/imovel-litoral-custo-condominio-analise-2026.html,blog,BlogPosting,BlogPosting,SCHEMA_OK,valid
blog/imovel-litoral-custo-manutencao-predial-2026.html,blog,BlogPosting,BlogPosting,SCHEMA_OK,valid
blog/imovel-litoral-custo-obra-reforma-2026.html,blog,BlogPosting,BlogPosting,SCHEMA_OK,valid
blog/imovel-litoral-despejo-inadimplencia-2026.html,blog,BlogPosting,BlogPosting,SCHEMA_OK,valid
blog/imovel-litoral-dicas-investidor-iniciante-2026.html,blog,BlogPosting,BlogPosting,SCHEMA_OK,valid
blog/imovel-litoral-direito-doado-2026.html,blog,BlogPosting,BlogPosting,SCHEMA_OK,valid
blog/imovel-litoral-direito-doado-formalismo-2026.html,blog,BlogPosting,BlogPosting,SCHEMA_OK,valid
blog/imovel-litoral-direito-heranca-2026.html,blog,BlogPosting,BlogPosting,SCHEMA_OK,valid
blog/imovel-litoral-direito-heranca-complexo-2026.html,blog,BlogPosting,BlogPosting,SCHEMA_OK,valid
blog/imovel-litoral-direito-internacional-2026.html,blog,BlogPosting,BlogPosting,SCHEMA_OK,valid
blog/imovel-litoral-direito-preferencia-compra-2026.html,blog,BlogPosting,BlogPosting,SCHEMA_OK,valid
blog/imovel-litoral-direito-vizinhanca-barulho-2026.html,blog,BlogPosting,BlogPosting,SCHEMA_OK,valid
blog/imovel-litoral-direito-vizinhanca-condominio-2026.html,blog,BlogPosting,BlogPosting,SCHEMA_OK,valid
blog/imovel-litoral-direito-vizinhanca-obras-2026.html,blog,BlogPosting,BlogPosting,SCHEMA_OK,valid
blog/imovel-litoral-direito-vizinhanca-ruido-2026.html,blog,BlogPosting,BlogPosting,SCHEMA_OK,valid
blog/imovel-litoral-divisao-herdeiros-como-funciona-2026.html,blog,BlogPosting,BlogPosting,SCHEMA_OK,valid
blog/imovel-litoral-divulgacao-imovel-portal-2026.html,blog,BlogPosting,BlogPosting,SCHEMA_OK,valid
blog/imovel-litoral-divulgacao-imovel-tour-2026.html,blog,BlogPosting,BlogPosting,SCHEMA_OK,valid
blog/imovel-litoral-divulgacao-imovel-video-2026.html,blog,BlogPosting,BlogPosting,SCHEMA_OK,valid
blog/imovel-litoral-doacao-filhos-regras-2026.html,blog,BlogPosting,BlogPosting,SCHEMA_OK,valid
blog/imovel-litoral-documentacao-compra-coletiva-2026.html,blog,BlogPosting,BlogPosting,SCHEMA_OK,valid
blog/imovel-litoral-documentacao-compra-coletiva-alinhamento-2026.html,blog,BlogPosting,BlogPosting,SCHEMA_OK,valid
blog/imovel-litoral-documentacao-compra-coletiva-contrato-2026.html,blog,BlogPosting,BlogPosting,SCHEMA_OK,valid
blog/imovel-litoral-documentacao-compra-coletiva-passos-2026.html,blog,BlogPosting,BlogPosting,SCHEMA_OK,valid
blog/imovel-litoral-documentacao-compra-coletiva-simples-2026.html,blog,BlogPosting,BlogPosting,SCHEMA_OK,valid
blog/imovel-litoral-documentacao-compra-coletiva-verificacao-2026.html,blog,BlogPosting,BlogPosting,SCHEMA_OK,valid
blog/imovel-litoral-documentacao-compra-estrangeiro-2026.html,blog,BlogPosting,BlogPosting,SCHEMA_OK,valid
blog/imovel-litoral-documentacao-compra-verificacao-2026.html,blog,BlogPosting,BlogPosting,SCHEMA_OK,valid
blog/imovel-litoral-documentacao-consulta-online-2026.html,blog,BlogPosting,BlogPosting,SCHEMA_OK,valid
blog/imovel-litoral-documentacao-digital-armazenamento-2026.html,blog,BlogPosting,BlogPosting,SCHEMA_OK,valid
blog/imovel-litoral-documentacao-digital-assinatura-2026.html,blog,BlogPosting,BlogPosting,SCHEMA_OK,valid
blog/imovel-litoral-documentacao-heranca-passos-2026.html,blog,BlogPosting,BlogPosting,SCHEMA_OK,valid
blog/imovel-litoral-documentacao-importacao-2026.html,blog,BlogPosting,BlogPosting,SCHEMA_OK,valid
blog/imovel-litoral-duplex-imovel-2026.html,blog,BlogPosting,BlogPosting,SCHEMA_OK,valid
blog/imovel-litoral-entrega-imovel-pos-obra-2026.html,blog,BlogPosting,BlogPosting,SCHEMA_OK,valid
blog/imovel-litoral-entrega-imovel-vistoria-2026.html,blog,BlogPosting,BlogPosting,SCHEMA_OK,valid
blog/imovel-litoral-escritura-compra-venda-etapas-2026.html,blog,BlogPosting,BlogPosting,SCHEMA_OK,valid
blog/imovel-litoral-escritura-imovel-2026.html,blog,BlogPosting,BlogPosting,SCHEMA_OK,valid
blog/imovel-litoral-escritura-imovel-custo-2026.html,blog,BlogPosting,BlogPosting,SCHEMA_OK,valid
blog/imovel-litoral-escritura-publica-2026.html,blog,BlogPosting,BlogPosting,SCHEMA_OK,valid
blog/imovel-litoral-escritura-registro-custo-2026.html,blog,BlogPosting,BlogPosting,SCHEMA_OK,valid
blog/imovel-litoral-espaco-gourmet-condominio-2026.html,blog,BlogPosting,BlogPosting,SCHEMA_OK,valid
blog/imovel-litoral-estrangeiro-captar-leads-internacionais.html,blog,"BlogPosting,BreadcrumbList,FAQPage",BlogPosting,SCHEMA_OK,valid
blog/imovel-litoral-estrangeiro-compra-2026.html,blog,BlogPosting,BlogPosting,SCHEMA_OK,valid
blog/imovel-litoral-fgts-imovel-2026.html,blog,BlogPosting,BlogPosting,SCHEMA_OK,valid
blog/imovel-litoral-fgts-saque-2026.html,blog,BlogPosting,BlogPosting,SCHEMA_OK,valid
blog/imovel-litoral-financeamento-imovel-renda-extra-2026.html,blog,BlogPosting,BlogPosting,SCHEMA_OK,valid
blog/imovel-litoral-financiamento-aprovacao-2026.html,blog,BlogPosting,BlogPosting,SCHEMA_OK,valid
blog/imovel-litoral-financiamento-documentos-2026.html,blog,BlogPosting,BlogPosting,SCHEMA_OK,valid
blog/imovel-litoral-financiamento-entrada-negociacao-2026.html,blog,BlogPosting,BlogPosting,SCHEMA_OK,valid
blog/imovel-litoral-financiamento-negativado-2026.html,blog,BlogPosting,BlogPosting,SCHEMA_OK,valid
blog/imovel-litoral-financiamento-tipo-comparacao-2026.html,blog,BlogPosting,BlogPosting,SCHEMA_OK,valid
blog/imovel-litoral-follow-up-cliente-2026.html,blog,BlogPosting,BlogPosting,SCHEMA_OK,valid
blog/imovel-litoral-fundo-renda-moradia-2026.html,blog,BlogPosting,BlogPosting,SCHEMA_OK,valid
blog/imovel-litoral-fundo-reserva-condominio-aplicacao-2026.html,blog,BlogPosting,BlogPosting,SCHEMA_OK,valid
blog/imovel-litoral-gestao-aluguel-temporada-2026.html,blog,BlogPosting,BlogPosting,SCHEMA_OK,valid
blog/imovel-litoral-gestao-custo-fixo-2026.html,blog,BlogPosting,BlogPosting,SCHEMA_OK,valid
blog/imovel-litoral-gestao-imoveis-operacao-2026.html,blog,BlogPosting,BlogPosting,SCHEMA_OK,valid
blog/imovel-litoral-gestao-imoveis-rentabilidade-2026.html,blog,BlogPosting,BlogPosting,SCHEMA_OK,valid
blog/imovel-litoral-gestao-manutencao-predial-2026.html,blog,BlogPosting,BlogPosting,SCHEMA_OK,valid
blog/imovel-litoral-habitese-documentos-obtencao-2026.html,blog,BlogPosting,BlogPosting,SCHEMA_OK,valid
blog/imovel-litoral-habitese-imovel-2026.html,blog,BlogPosting,BlogPosting,SCHEMA_OK,valid
blog/imovel-litoral-habitese-imovel-condicoes-2026.html,blog,BlogPosting,BlogPosting,SCHEMA_OK,valid
blog/imovel-litoral-habitese-obtencao-2026.html,blog,BlogPosting,BlogPosting,SCHEMA_OK,valid
blog/imovel-litoral-habitese-regularizacao-2026.html,blog,BlogPosting,BlogPosting,SCHEMA_OK,valid
blog/imovel-litoral-imposto-aluguel-declaracao-2026.html,blog,BlogPosting,BlogPosting,SCHEMA_OK,valid
blog/imovel-litoral-imposto-compra-imovel-itbi-2026.html,blog,BlogPosting,BlogPosting,SCHEMA_OK,valid
blog/imovel-litoral-imposto-reforma-calculo-2026.html,blog,BlogPosting,BlogPosting,SCHEMA_OK,valid
blog/imovel-litoral-imposto-venda-imovel-ganho-capital-2026.html,blog,BlogPosting,BlogPosting,SCHEMA_OK,valid
blog/imovel-litoral-inss-obra-calculo-2026.html,blog,BlogPosting,BlogPosting,SCHEMA_OK,valid
blog/imovel-litoral-interiores-design-2026.html,blog,BlogPosting,BlogPosting,SCHEMA_OK,valid
blog/imovel-litoral-inundacao-risco-segurador-2026.html,blog,BlogPosting,BlogPosting,SCHEMA_OK,valid
blog/imovel-litoral-investidor-experiente-2026.html,blog,BlogPosting,BlogPosting,SCHEMA_OK,valid
blog/imovel-litoral-investidor-iniciante-2026.html,blog,BlogPosting,BlogPosting,SCHEMA_OK,valid
blog/imovel-litoral-investidor-rentabilidade-2026.html,blog,BlogPosting,BlogPosting,SCHEMA_OK,valid
blog/imovel-litoral-investimento-aluguel-2026.html,blog,BlogPosting,BlogPosting,SCHEMA_OK,valid
blog/imovel-litoral-investimento-compra-2026.html,blog,BlogPosting,BlogPosting,SCHEMA_OK,valid
blog/imovel-litoral-investimento-construcao-2026.html,blog,BlogPosting,BlogPosting,SCHEMA_OK,valid
blog/imovel-litoral-investimento-custo-2026.html,blog,BlogPosting,BlogPosting,SCHEMA_OK,valid
blog/imovel-litoral-investimento-imovel-novo-2026.html,blog,BlogPosting,BlogPosting,SCHEMA_OK,valid
blog/imovel-litoral-investimento-imovel-usado-2026.html,blog,BlogPosting,BlogPosting,SCHEMA_OK,valid
blog/imovel-litoral-investimento-prazo-2026.html,blog,BlogPosting,BlogPosting,SCHEMA_OK,valid
blog/imovel-litoral-investimento-reforma-2026.html,blog,BlogPosting,BlogPosting,SCHEMA_OK,valid
blog/imovel-litoral-investimento-risco-2026.html,blog,BlogPosting,BlogPosting,SCHEMA_OK,valid
blog/imovel-litoral-investimento-venda-2026.html,blog,BlogPosting,BlogPosting,SCHEMA_OK,valid
blog/imovel-litoral-jardinagem-imovel-2026.html,blog,BlogPosting,BlogPosting,SCHEMA_OK,valid
blog/imovel-litoral-leasing-imovel-2026.html,blog,BlogPosting,BlogPosting,SCHEMA_OK,valid
blog/imovel-litoral-licenca-obra-documentos-2026.html,blog,BlogPosting,BlogPosting,SCHEMA_OK,valid
blog/imovel-litoral-licenca-prefeitura-reforma-2026.html,blog,BlogPosting,BlogPosting,SCHEMA_OK,valid
blog/imovel-litoral-madeira-imovel-2026.html,blog,BlogPosting,BlogPosting,SCHEMA_OK,valid
blog/imovel-litoral-marketing-imovel-digital-2026.html,blog,BlogPosting,BlogPosting,SCHEMA_OK,valid
blog/imovel-litoral-marketing-imovel-redes-sociais-2026.html,blog,BlogPosting,BlogPosting,SCHEMA_OK,valid
blog/imovel-litoral-matricula-consultar-online-2026.html,blog,BlogPosting,BlogPosting,SCHEMA_OK,valid
blog/imovel-litoral-matricula-imovel-2026.html,blog,BlogPosting,BlogPosting,SCHEMA_OK,valid
blog/imovel-litoral-matricula-imovel-regularizacao-2026.html,blog,BlogPosting,BlogPosting,SCHEMA_OK,valid
blog/imovel-litoral-matricula-regularizacao-2026.html,blog,BlogPosting,BlogPosting,SCHEMA_OK,valid
blog/imovel-litoral-mercado-analise-tendencias-2026.html,blog,BlogPosting,BlogPosting,SCHEMA_OK,valid
blog/imovel-litoral-mercado-avaliacao-imovel-2026.html,blog,BlogPosting,BlogPosting,SCHEMA_OK,valid
blog/imovel-litoral-mercado-comparacao-cidades-2026.html,blog,BlogPosting,BlogPosting,SCHEMA_OK,valid
blog/imovel-litoral-mercado-comparacao-imoveis-2026.html,blog,BlogPosting,BlogPosting,SCHEMA_OK,valid
blog/imovel-litoral-mercado-negociacao-imovel-2026.html,blog,BlogPosting,BlogPosting,SCHEMA_OK,valid
blog/imovel-litoral-mercado-oferta-imovel-2026.html,blog,BlogPosting,BlogPosting,SCHEMA_OK,valid
blog/imovel-litoral-mercado-tendencia-2026.html,blog,BlogPosting,BlogPosting,SCHEMA_OK,valid
blog/imovel-litoral-mercado-valorizacao-2026.html,blog,BlogPosting,BlogPosting,SCHEMA_OK,valid
blog/imovel-litoral-multa-condominial-entendimento-2026.html,blog,BlogPosting,BlogPosting,SCHEMA_OK,valid
blog/imovel-litoral-negociacao-imovel-prazo-2026.html,blog,BlogPosting,BlogPosting,SCHEMA_OK,valid
blog/imovel-litoral-negociacao-imovel-preco-2026.html,blog,BlogPosting,BlogPosting,SCHEMA_OK,valid
blog/imovel-litoral-negociacao-imovel-tempo-2026.html,blog,BlogPosting,BlogPosting,SCHEMA_OK,valid
blog/imovel-litoral-norma-barulho-condominio-2026.html,blog,BlogPosting,BlogPosting,SCHEMA_OK,valid
blog/imovel-litoral-norma-garagem-visitante-2026.html,blog,BlogPosting,BlogPosting,SCHEMA_OK,valid
blog/imovel-litoral-norma-piscina-condominio-2026.html,blog,BlogPosting,BlogPosting,SCHEMA_OK,valid
blog/imovel-litoral-norma-uso-churrasqueira-condominio-2026.html,blog,BlogPosting,BlogPosting,SCHEMA_OK,valid
blog/imovel-litoral-obra-laje-estrutural-2026.html,blog,BlogPosting,BlogPosting,SCHEMA_OK,valid
blog/imovel-litoral-obra-parada-riscos-direitos-2026.html,blog,BlogPosting,BlogPosting,SCHEMA_OK,valid
blog/imovel-litoral-obra-vizinha-incômodo-direitos-2026.html,blog,BlogPosting,BlogPosting,SCHEMA_OK,valid
blog/imovel-litoral-obra-vizinha-notificacao-2026.html,blog,BlogPosting,BlogPosting,SCHEMA_OK,valid
blog/imovel-litoral-ocupacao-irregular-despejo-2026.html,blog,BlogPosting,BlogPosting,SCHEMA_OK,valid
blog/imovel-litoral-operacao-aluguel-temporada-2026.html,blog,BlogPosting,BlogPosting,SCHEMA_OK,valid
blog/imovel-litoral-paisagismo-area-lazer-2026.html,blog,BlogPosting,BlogPosting,SCHEMA_OK,valid
blog/imovel-litoral-parcelamento-imovel-2026.html,blog,BlogPosting,BlogPosting,SCHEMA_OK,valid
blog/imovel-litoral-peticao-condominio-modelo-2026.html,blog,BlogPosting,BlogPosting,SCHEMA_OK,valid
blog/imovel-litoral-piscina-imovel-2026.html,blog,BlogPosting,BlogPosting,SCHEMA_OK,valid
blog/imovel-litoral-placa-venda-aluguel-regras-2026.html,blog,BlogPosting,BlogPosting,SCHEMA_OK,valid
blog/imovel-litoral-plantas-projeto-aprovacao-prefeitura-2026.html,blog,BlogPosting,BlogPosting,SCHEMA_OK,valid
blog/imovel-litoral-plataforma-captacao-2026.html,blog,BlogPosting,BlogPosting,SCHEMA_OK,valid
blog/imovel-litoral-poco-artesiano-regras-2026.html,blog,BlogPosting,BlogPosting,SCHEMA_OK,valid
blog/imovel-litoral-posse-amanha-direitos-2026.html,blog,BlogPosting,BlogPosting,SCHEMA_OK,valid
blog/imovel-litoral-precificacao-aluguel-temporada-2026.html,blog,BlogPosting,BlogPosting,SCHEMA_OK,valid
blog/imovel-litoral-precificacao-compra-imovel-2026.html,blog,BlogPosting,BlogPosting,SCHEMA_OK,valid
blog/imovel-litoral-precificacao-venda-imovel-2026.html,blog,BlogPosting,BlogPosting,SCHEMA_OK,valid
blog/imovel-litoral-pricing-temporada-2026.html,blog,BlogPosting,BlogPosting,SCHEMA_OK,valid
blog/imovel-litoral-projeto-arquitetonico-2026.html,blog,BlogPosting,BlogPosting,SCHEMA_OK,valid
blog/imovel-litoral-promessa-compra-venda-2026.html,blog,BlogPosting,BlogPosting,SCHEMA_OK,valid
blog/imovel-litoral-proprietario-aluguel-gestao-2026.html,blog,BlogPosting,BlogPosting,SCHEMA_OK,valid
blog/imovel-litoral-proprietario-manutencao-imovel-2026.html,blog,BlogPosting,BlogPosting,SCHEMA_OK,valid
blog/imovel-litoral-proprietario-seguro-imovel-2026.html,blog,BlogPosting,BlogPosting,SCHEMA_OK,valid
blog/imovel-litoral-redes-sociais-imovel-2026.html,blog,BlogPosting,BlogPosting,SCHEMA_OK,valid
blog/imovel-litoral-reforma-cobertura-2026.html,blog,BlogPosting,BlogPosting,SCHEMA_OK,valid
blog/imovel-litoral-reforma-cozinha-area-servico-2026.html,blog,BlogPosting,BlogPosting,SCHEMA_OK,valid
blog/imovel-litoral-reforma-economica-sem-perder-qualidade-2026.html,blog,BlogPosting,BlogPosting,SCHEMA_OK,valid
blog/imovel-litoral-reforma-eletrica-2026.html,blog,BlogPosting,BlogPosting,SCHEMA_OK,valid
blog/imovel-litoral-reforma-eletrica-normas-2026.html,blog,BlogPosting,BlogPosting,SCHEMA_OK,valid
blog/imovel-litoral-reforma-energia-solar-retorno-2026.html,blog,BlogPosting,BlogPosting,SCHEMA_OK,valid
blog/imovel-litoral-reforma-estrutural-acompanhamento-2026.html,blog,BlogPosting,BlogPosting,SCHEMA_OK,valid
blog/imovel-litoral-reforma-estrutural-avaliacao-tecnica-2026.html,blog,BlogPosting,BlogPosting,SCHEMA_OK,valid
blog/imovel-litoral-reforma-estrutural-cuidados-2026.html,blog,BlogPosting,BlogPosting,SCHEMA_OK,valid
blog/imovel-litoral-reforma-estrutural-custo-2026.html,blog,BlogPosting,BlogPosting,SCHEMA_OK,valid
blog/imovel-litoral-reforma-estrutural-custo-beneficio-2026.html,blog,BlogPosting,BlogPosting,SCHEMA_OK,valid
blog/imovel-litoral-reforma-estrutural-custo-etapas-2026.html,blog,BlogPosting,BlogPosting,SCHEMA_OK,valid
blog/imovel-litoral-reforma-estrutural-detalhamento-2026.html,blog,BlogPosting,BlogPosting,SCHEMA_OK,valid
blog/imovel-litoral-reforma-estrutural-dicas-2026.html,blog,BlogPosting,BlogPosting,SCHEMA_OK,valid
blog/imovel-litoral-reforma-estrutural-documentacao-2026.html,blog,BlogPosting,BlogPosting,SCHEMA_OK,valid
blog/imovel-litoral-reforma-estrutural-duvidas-2026.html,blog,BlogPosting,BlogPosting,SCHEMA_OK,valid
blog/imovel-litoral-reforma-estrutural-execucao-2026.html,blog,BlogPosting,BlogPosting,SCHEMA_OK,valid
blog/imovel-litoral-reforma-estrutural-garantia-2026.html,blog,BlogPosting,BlogPosting,SCHEMA_OK,valid
blog/imovel-litoral-reforma-estrutural-inspecao-2026.html,blog,BlogPosting,BlogPosting,SCHEMA_OK,valid
blog/imovel-litoral-reforma-estrutural-licenca-2026.html,blog,BlogPosting,BlogPosting,SCHEMA_OK,valid
blog/imovel-litoral-reforma-estrutural-materiais-2026.html,blog,BlogPosting,BlogPosting,SCHEMA_OK,valid
blog/imovel-litoral-reforma-estrutural-monitoramento-2026.html,blog,BlogPosting,BlogPosting,SCHEMA_OK,valid
blog/imovel-litoral-reforma-estrutural-orcamento-2026.html,blog,BlogPosting,BlogPosting,SCHEMA_OK,valid
blog/imovel-litoral-reforma-estrutural-pilares-fundacoes-2026.html,blog,BlogPosting,BlogPosting,SCHEMA_OK,valid
blog/imovel-litoral-reforma-estrutural-planejamento-2026.html,blog,BlogPosting,BlogPosting,SCHEMA_OK,valid
blog/imovel-litoral-reforma-estrutural-prazo-2026.html,blog,BlogPosting,BlogPosting,SCHEMA_OK,valid
blog/imovel-litoral-reforma-estrutural-projeto-executivo-2026.html,blog,BlogPosting,BlogPosting,SCHEMA_OK,valid
blog/imovel-litoral-reforma-estrutural-qualificacao-2026.html,blog,BlogPosting,BlogPosting,SCHEMA_OK,valid
blog/imovel-litoral-reforma-estrutural-rapida-2026.html,blog,BlogPosting,BlogPosting,SCHEMA_OK,valid
blog/imovel-litoral-reforma-estrutural-rapido-2026.html,blog,BlogPosting,BlogPosting,SCHEMA_OK,valid
blog/imovel-litoral-reforma-estrutural-responsavel-2026.html,blog,BlogPosting,BlogPosting,SCHEMA_OK,valid
blog/imovel-litoral-reforma-estrutural-riscos-2026.html,blog,BlogPosting,BlogPosting,SCHEMA_OK,valid
blog/imovel-litoral-reforma-estrutural-seguro-2026.html,blog,BlogPosting,BlogPosting,SCHEMA_OK,valid
blog/imovel-litoral-reforma-estrutural-tecnica-2026.html,blog,BlogPosting,BlogPosting,SCHEMA_OK,valid
blog/imovel-litoral-reforma-estrutural-tecnologia-2026.html,blog,BlogPosting,BlogPosting,SCHEMA_OK,valid
blog/imovel-litoral-reforma-estrutural-verificacao-2026.html,blog,BlogPosting,BlogPosting,SCHEMA_OK,valid
blog/imovel-litoral-reforma-estrutural-vistoria-2026.html,blog,BlogPosting,BlogPosting,SCHEMA_OK,valid
blog/imovel-litoral-reforma-fachada-2026.html,blog,BlogPosting,BlogPosting,SCHEMA_OK,valid
blog/imovel-litoral-reforma-hidraulica-2026.html,blog,BlogPosting,BlogPosting,SCHEMA_OK,valid
blog/imovel-litoral-reforma-hidraulica-tubulacao-2026.html,blog,BlogPosting,BlogPosting,SCHEMA_OK,valid
blog/imovel-litoral-reforma-imovel-decoracao-2026.html,blog,BlogPosting,BlogPosting,SCHEMA_OK,valid
blog/imovel-litoral-reforma-imovel-espaco-2026.html,blog,BlogPosting,BlogPosting,SCHEMA_OK,valid
blog/imovel-litoral-reforma-imovel-iluminacao-2026.html,blog,BlogPosting,BlogPosting,SCHEMA_OK,valid
blog/imovel-litoral-reforma-imovel-mobiliario-2026.html,blog,BlogPosting,BlogPosting,SCHEMA_OK,valid
blog/imovel-litoral-reforma-janela-telhado-2026.html,blog,BlogPosting,BlogPosting,SCHEMA_OK,valid
blog/imovel-litoral-reforma-jardim-paisagismo-2026.html,blog,BlogPosting,BlogPosting,SCHEMA_OK,valid
blog/imovel-litoral-reforma-jardim-paisagismo-custo-2026.html,blog,BlogPosting,BlogPosting,SCHEMA_OK,valid
blog/imovel-litoral-reforma-jardim-paisagismo-manutencao-2026.html,blog,BlogPosting,BlogPosting,SCHEMA_OK,valid
blog/imovel-litoral-reforma-jardim-paisagismo-planejamento-2026.html,blog,BlogPosting,BlogPosting,SCHEMA_OK,valid
blog/imovel-litoral-reforma-jardim-paisagismo-rapido-2026.html,blog,BlogPosting,BlogPosting,SCHEMA_OK,valid
blog/imovel-litoral-reforma-jardim-paisagismo-verificacao-2026.html,blog,BlogPosting,BlogPosting,SCHEMA_OK,valid
blog/imovel-litoral-reforma-legalizacao-prefeitura-2026.html,blog,BlogPosting,BlogPosting,SCHEMA_OK,valid
blog/imovel-litoral-reforma-parede-2026.html,blog,BlogPosting,BlogPosting,SCHEMA_OK,valid
blog/imovel-litoral-reforma-parede-umida-solucoes-2026.html,blog,BlogPosting,BlogPosting,SCHEMA_OK,valid
blog/imovel-litoral-reforma-pintura-2026.html,blog,BlogPosting,BlogPosting,SCHEMA_OK,valid
blog/imovel-litoral-reforma-pintura-umidade-prevencao-2026.html,blog,BlogPosting,BlogPosting,SCHEMA_OK,valid
blog/imovel-litoral-reforma-piscina-2026.html,blog,BlogPosting,BlogPosting,SCHEMA_OK,valid
blog/imovel-litoral-reforma-piso-2026.html,blog,BlogPosting,BlogPosting,SCHEMA_OK,valid
blog/imovel-litoral-reforma-praia-corrosao-2026.html,blog,BlogPosting,BlogPosting,SCHEMA_OK,valid
blog/imovel-litoral-reforma-praia-materiais-2026.html,blog,BlogPosting,BlogPosting,SCHEMA_OK,valid
blog/imovel-litoral-reforma-praia-ventilacao-2026.html,blog,BlogPosting,BlogPosting,SCHEMA_OK,valid
blog/imovel-litoral-reforma-telhado-2026.html,blog,BlogPosting,BlogPosting,SCHEMA_OK,valid
blog/imovel-litoral-reforma-ventilacao-telhado-2026.html,blog,BlogPosting,BlogPosting,SCHEMA_OK,valid
blog/imovel-litoral-registro-imoveis-2026.html,blog,BlogPosting,BlogPosting,SCHEMA_OK,valid
blog/imovel-litoral-registro-imovel-2026.html,blog,BlogPosting,BlogPosting,SCHEMA_OK,valid
blog/imovel-litoral-registro-imovel-online-2026.html,blog,BlogPosting,BlogPosting,SCHEMA_OK,valid
blog/imovel-litoral-regularizacao-obra-prefeitura-2026.html,blog,BlogPosting,BlogPosting,SCHEMA_OK,valid
blog/imovel-litoral-responsavel-tecnico-reforma-obrigatoriedade-2026.html,blog,BlogPosting,BlogPosting,SCHEMA_OK,valid
blog/imovel-litoral-riparo-direito-2026.html,blog,BlogPosting,BlogPosting,SCHEMA_OK,valid
blog/imovel-litoral-risco-alagamento-custo-2026.html,blog,BlogPosting,BlogPosting,SCHEMA_OK,valid
blog/imovel-litoral-risco-alagamento-prevencao-2026.html,blog,BlogPosting,BlogPosting,SCHEMA_OK,valid
blog/imovel-litoral-risco-alagamento-seguro-2026.html,blog,BlogPosting,BlogPosting,SCHEMA_OK,valid
blog/imovel-litoral-seguranca-alarme-inteligente-2026.html,blog,BlogPosting,BlogPosting,SCHEMA_OK,valid
blog/imovel-litoral-seguranca-aluguel-temporada-2026.html,blog,BlogPosting,BlogPosting,SCHEMA_OK,valid
blog/imovel-litoral-seguranca-camera-monitoramento-2026.html,blog,BlogPosting,BlogPosting,SCHEMA_OK,valid
blog/imovel-litoral-seguranca-portaria-24h-2026.html,blog,BlogPosting,BlogPosting,SCHEMA_OK,valid
blog/imovel-litoral-seguranca-residencial-condominio-2026.html,blog,BlogPosting,BlogPosting,SCHEMA_OK,valid
blog/imovel-litoral-seguro-reforma-obrigatorio-2026.html,blog,BlogPosting,BlogPosting,SCHEMA_OK,valid
blog/imovel-litoral-seguro-residencial-cobertura-2026.html,blog,BlogPosting,BlogPosting,SCHEMA_OK,valid
blog/imovel-litoral-seguro-residencial-contratacao-2026.html,blog,BlogPosting,BlogPosting,SCHEMA_OK,valid
blog/imovel-litoral-seguro-residencial-valor-2026.html,blog,BlogPosting,BlogPosting,SCHEMA_OK,valid
blog/imovel-litoral-seguro-saude-imovel-2026.html,blog,BlogPosting,BlogPosting,SCHEMA_OK,valid
blog/imovel-litoral-seguro-vida-imovel-2026.html,blog,BlogPosting,BlogPosting,SCHEMA_OK,valid
blog/imovel-litoral-seo-local-imobiliaria-2026.html,blog,BlogPosting,BlogPosting,SCHEMA_OK,valid
blog/imovel-litoral-sinalizacao-seguranca-praia-2026.html,blog,BlogPosting,BlogPosting,SCHEMA_OK,valid
blog/imovel-litoral-sindico-deveres-gestao-2026.html,blog,BlogPosting,BlogPosting,SCHEMA_OK,valid
blog/imovel-litoral-sindico-eleicao-deveres-2026.html,blog,BlogPosting,BlogPosting,SCHEMA_OK,valid
blog/imovel-litoral-smart-home-automacao-2026.html,blog,BlogPosting,BlogPosting,SCHEMA_OK,valid
blog/imovel-litoral-smart-home-economia-energia-2026.html,blog,BlogPosting,BlogPosting,SCHEMA_OK,valid
blog/imovel-litoral-smart-home-seguranca-2026.html,blog,BlogPosting,BlogPosting,SCHEMA_OK,valid
blog/imovel-litoral-spc-imovel-2026.html,blog,BlogPosting,BlogPosting,SCHEMA_OK,valid
blog/imovel-litoral-spc-regularizacao-2026.html,blog,"BlogPosting,BreadcrumbList",BlogPosting,SCHEMA_OK,valid
blog/imovel-litoral-sustentabilidade-construcao-verde-2026.html,blog,BlogPosting,BlogPosting,SCHEMA_OK,valid
blog/imovel-litoral-sustentabilidade-economia-agua-2026.html,blog,BlogPosting,BlogPosting,SCHEMA_OK,valid
blog/imovel-litoral-sustentabilidade-energia-solar-2026.html,blog,BlogPosting,BlogPosting,SCHEMA_OK,valid
blog/imovel-litoral-sustentabilidade-imovel-verde-2026.html,blog,BlogPosting,BlogPosting,SCHEMA_OK,valid
blog/imovel-litoral-sustentabilidade-recuperacao-agua-2026.html,blog,BlogPosting,BlogPosting,SCHEMA_OK,valid
blog/imovel-litoral-sustentabilidade-reforma-verde-2026.html,blog,BlogPosting,BlogPosting,SCHEMA_OK,valid
blog/imovel-litoral-tecnologia-automacao-2026.html,blog,BlogPosting,BlogPosting,SCHEMA_OK,valid
blog/imovel-litoral-tecnologia-automacao-imovel-2026.html,blog,BlogPosting,BlogPosting,SCHEMA_OK,valid
blog/imovel-litoral-tecnologia-captacao-imoveis-2026.html,blog,BlogPosting,BlogPosting,SCHEMA_OK,valid
blog/imovel-litoral-tecnologia-divulgacao-imovel-2026.html,blog,BlogPosting,BlogPosting,SCHEMA_OK,valid
blog/imovel-litoral-tecnologia-economia-energia-2026.html,blog,BlogPosting,BlogPosting,SCHEMA_OK,valid
blog/imovel-litoral-tecnologia-energia-solar-2026.html,blog,BlogPosting,BlogPosting,SCHEMA_OK,valid
blog/imovel-litoral-tecnologia-ia-imobiliaria-2026.html,blog,BlogPosting,BlogPosting,SCHEMA_OK,valid
blog/imovel-litoral-tecnologia-smart-home-2026.html,blog,BlogPosting,BlogPosting,SCHEMA_OK,valid
blog/imovel-litoral-tributacao-aluguel-2026.html,blog,BlogPosting,BlogPosting,SCHEMA_OK,valid
blog/imovel-litoral-tributacao-aluguel-declaracao-2026.html,blog,BlogPosting,BlogPosting,SCHEMA_OK,valid
blog/imovel-litoral-tributacao-compra-2026.html,blog,BlogPosting,BlogPosting,SCHEMA_OK,valid
blog/imovel-litoral-tributacao-compra-itbi-2026.html,blog,BlogPosting,BlogPosting,SCHEMA_OK,valid
blog/imovel-litoral-tributacao-venda-2026.html,blog,BlogPosting,BlogPosting,SCHEMA_OK,valid
blog/imovel-litoral-tributacao-venda-calculo-2026.html,blog,BlogPosting,BlogPosting,SCHEMA_OK,valid
blog/imovel-litoral-usucapiao-como-funciona-2026.html,blog,BlogPosting,BlogPosting,SCHEMA_OK,valid
blog/imovel-litoral-usucapiao-custo-2026.html,blog,BlogPosting,BlogPosting,SCHEMA_OK,valid
blog/imovel-litoral-usucapiao-documentos-2026.html,blog,BlogPosting,BlogPosting,SCHEMA_OK,valid
blog/imovel-litoral-usucapiao-tempo-2026.html,blog,BlogPosting,BlogPosting,SCHEMA_OK,valid
blog/imovel-litoral-venda-filhos-menores-2026.html,blog,BlogPosting,BlogPosting,SCHEMA_OK,valid
blog/imovel-litoral-venda-imovel-contraproposta-2026.html,blog,BlogPosting,BlogPosting,SCHEMA_OK,valid
blog/imovel-litoral-venda-imovel-prazo-2026.html,blog,BlogPosting,BlogPosting,SCHEMA_OK,valid
blog/imovel-litoral-venda-imovel-proposta-2026.html,blog,BlogPosting,BlogPosting,SCHEMA_OK,valid
blog/imovel-litoral-venda-imovel-proposta-escrita-2026.html,blog,BlogPosting,BlogPosting,SCHEMA_OK,valid
blog/imovel-litoral-venda-primeira-venda-2026.html,blog,BlogPosting,BlogPosting,SCHEMA_OK,valid
blog/imovel-litoral-ventilacao-casa-verao-2026.html,blog,BlogPosting,BlogPosting,SCHEMA_OK,valid
blog/imovel-litoral-visita-imovel-grupo-2026.html,blog,BlogPosting,BlogPosting,SCHEMA_OK,valid
blog/imovel-litoral-visita-imovel-presencial-2026.html,blog,BlogPosting,BlogPosting,SCHEMA_OK,valid
blog/imovel-litoral-visita-imovel-virtual-2026.html,blog,BlogPosting,BlogPosting,SCHEMA_OK,valid
blog/imovel-litoral-vista-mar-jardim-valorizacao-como-escolher-2026.html,blog,BlogPosting,BlogPosting,SCHEMA_OK,valid
blog/imovel-litoral-visto-imigracao-2026.html,blog,BlogPosting,BlogPosting,SCHEMA_OK,valid
blog/imovel-litoral-vistoria-entrega-danos-2026.html,blog,BlogPosting,BlogPosting,SCHEMA_OK,valid
blog/imovel-litoral-vistoria-obra-aprovacao-2026.html,blog,BlogPosting,BlogPosting,SCHEMA_OK,valid
blog/imovel-litoral-vistoria-prefeitura-obra-2026.html,blog,BlogPosting,BlogPosting,SCHEMA_OK,valid
blog/imovel-litoral-whatsapp-imobiliaria-2026.html,blog,BlogPosting,BlogPosting,SCHEMA_OK,valid
blog/imovel-litoral-zoneamento-costeiro-2026.html,blog,BlogPosting,BlogPosting,SCHEMA_OK,valid
blog/imovel-luxo-porto-da-lua-2026.html,blog,"FAQPage,BreadcrumbList,BlogPosting,Article",BlogPosting,SCHEMA_OK,valid
blog/imovel-planta-monitorar-obra-garantir-entrega-litoral-2026.html,blog,BlogPosting,BlogPosting,SCHEMA_OK,valid
blog/imovel-pronto-temporada-litoral-2026.html,blog,"FAQPage,BreadcrumbList,BlogPosting,Article",BlogPosting,SCHEMA_OK,valid
blog/imovel-sustentavel-temporada-litoral-2026.html,blog,"FAQPage,BreadcrumbList,BlogPosting,Article",BlogPosting,SCHEMA_OK,valid
blog/imovel-temporada-praia-grande-2026.html,blog,"FAQPage,BreadcrumbList,BlogPosting,Article",BlogPosting,SCHEMA_OK,valid
blog/impactos-juros-alto-mercado-imobiliario-litoral-2026.html,blog,BlogPosting,BlogPosting,SCHEMA_OK,valid
blog/imposto-de-renda-aluguel-temporada-2026-guia.html,blog,"FAQPage,BreadcrumbList,BlogPosting",BlogPosting,SCHEMA_OK,valid
blog/imposto-renda-imoveis-litoral-2026.html,blog,"FAQPage,BreadcrumbList,BlogPosting,Article",BlogPosting,SCHEMA_OK,valid
blog/imposto-renda-varios-imoveis-patrimonio-litoral-2026.html,blog,"FAQPage,BreadcrumbList",BlogPosting,SCHEMA_MISMATCH,valid
blog/impostos-aluguel-temporada-litoral-guia-proprietario-2026.html,blog,BlogPosting,BlogPosting,SCHEMA_OK,valid
blog/impostos-aluguel-temporada-litoral-paulista-2026.html,blog,"FAQPage,BreadcrumbList,BlogPosting,Article",BlogPosting,SCHEMA_OK,valid
blog/impostos-compra-imoveis-litoral-paulista-guia-2026.html,blog,"BlogPosting,BreadcrumbList,FAQPage",BlogPosting,SCHEMA_OK,valid
blog/impostos-compra-imovel-litoral-2026.html,blog,BlogPosting,BlogPosting,SCHEMA_OK,valid
blog/impostos-compra-imovel-litoral-paulista-2026.html,blog,"FAQPage,BreadcrumbList,BlogPosting,Article",BlogPosting,SCHEMA_OK,valid
blog/impostos-compra-imovel-litoral-quem-paga-2026.html,blog,BlogPosting,BlogPosting,SCHEMA_OK,valid
blog/impostos-estrangeiros-brasil-guia-rapido-corretores.html,blog,"BlogPosting,BreadcrumbList",BlogPosting,SCHEMA_OK,valid
blog/impostos-imovel-praia-2026.html,blog,"FAQPage,BreadcrumbList,BlogPosting,Article",BlogPosting,SCHEMA_OK,valid
blog/impostos-imovel-venda-litoral-guia-2026.html,blog,BlogPosting,BlogPosting,SCHEMA_OK,valid
blog/impostos-reforma-imovel-litoral-dicas-2026.html,blog,BlogPosting,BlogPosting,SCHEMA_OK,valid
blog/impostos-venda-imovel-litoral-guia-pratico-2026.html,blog,BlogPosting,BlogPosting,SCHEMA_OK,valid
blog/impostos-venda-imovel-litoral-paulista-guia-2026.html,blog,"FAQPage,BreadcrumbList,BlogPosting,Article",BlogPosting,SCHEMA_OK,valid
blog/impostos-venda-imovel-litoral-proprietario-2026.html,blog,BlogPosting,BlogPosting,SCHEMA_OK,valid
blog/impostos-venda-locacao-litoral-paulista-2026.html,blog,"FAQPage,BreadcrumbList,BlogPosting,Article",BlogPosting,SCHEMA_OK,valid
blog/inadimplencia-alugueis-temporada-litoral-2026.html,blog,"FAQPage,BreadcrumbList,BlogPosting,Article",BlogPosting,SCHEMA_OK,valid
blog/inadimplencia-aluguel-temporada-litoral-direitos-2026.html,blog,BlogPosting,BlogPosting,SCHEMA_OK,valid
blog/inadimplencia-temporada-como-evitar.html,blog,"FAQPage,BreadcrumbList,BlogPosting,Article",BlogPosting,SCHEMA_OK,valid
blog/indenizacao-imovel-litoral-obra-vizinha-2026.html,blog,BlogPosting,BlogPosting,SCHEMA_OK,valid
blog/index.html,blog,"BreadcrumbList,Blog",BlogPosting,SCHEMA_MISMATCH,valid
blog/indexador-aluguel-temporada-litoral-2026.html,blog,BlogPosting,BlogPosting,SCHEMA_OK,valid
blog/indicacao-clientes-imobiliarias-litoral-2026.html,blog,"FAQPage,BreadcrumbList,BlogPosting,Article",BlogPosting,SCHEMA_OK,valid
blog/indicacao-imoveis-litoral-paulista-2026.html,blog,"FAQPage,BreadcrumbList,BlogPosting,Article",BlogPosting,SCHEMA_OK,valid
blog/indicacao-imoveis-litoral-paulista-programa-2026.html,blog,"FAQPage,BreadcrumbList,BlogPosting,Article",BlogPosting,SCHEMA_OK,valid
blog/indicacao-proprietarios-litoral-captacao-imoveis-2026.html,blog,BlogPosting,BlogPosting,SCHEMA_OK,valid
blog/indicadores-atendimento-imobiliarias-litoral-2026.html,blog,"FAQPage,BreadcrumbList,BlogPosting,Article",BlogPosting,SCHEMA_OK,valid
blog/indicadores-crescimento-imobiliaria-litoral-2026.html,blog,"FAQPage,BreadcrumbList,BlogPosting,Article",BlogPosting,SCHEMA_OK,valid
blog/indicadores-desempenho-imobiliaria-2026.html,blog,"FAQPage,BreadcrumbList,BlogPosting,Article",BlogPosting,SCHEMA_OK,valid
blog/indicadores-eficiencia-imobiliaria-litoral-2026.html,blog,BlogPosting,BlogPosting,SCHEMA_OK,valid
blog/indicadores-imobiliaria-litoral-2026.html,blog,"FAQPage,BreadcrumbList,BlogPosting,Article",BlogPosting,SCHEMA_OK,valid
blog/indicadores-imobiliarias-litoral-paulista-2026.html,blog,"FAQPage,BreadcrumbList,BlogPosting,Article",BlogPosting,SCHEMA_OK,valid
blog/indicadores-imobiliarios-corretores-litoral-2026.html,blog,BlogPosting,BlogPosting,SCHEMA_OK,valid
blog/indicadores-pdi-imobiliaria-litoral-2026.html,blog,"FAQPage,BreadcrumbList,BlogPosting,Article",BlogPosting,SCHEMA_OK,valid
blog/indicadores-que-todo-corretor-deve-medir-lote-2026-08-03-41.html,blog,"BlogPosting,BreadcrumbList,FAQPage",BlogPosting,SCHEMA_OK,valid
blog/indicadores-sucesso-imoveis-litoral-2026.html,blog,"FAQPage,BreadcrumbList,BlogPosting,Article",BlogPosting,SCHEMA_OK,valid
blog/indicadores-vendas-imobiliarias-litoral-2026.html,blog,"FAQPage,BreadcrumbList,BlogPosting,Article",BlogPosting,SCHEMA_OK,valid
blog/indice-semana-30-2026-07-21.html,blog,"FAQPage,BreadcrumbList,BlogPosting,Article",BlogPosting,SCHEMA_OK,valid
blog/indice-semana-31-2026-07-25.html,blog,"FAQPage,BreadcrumbList,BlogPosting,Article",BlogPosting,SCHEMA_OK,valid
blog/indice-semana-32-2026-08-01.html,blog,"FAQPage,BreadcrumbList,BlogPosting,Article",BlogPosting,SCHEMA_OK,valid
blog/indice-semana-33-2026-08-05.html,blog,"FAQPage,BreadcrumbList,BlogPosting,Article",BlogPosting,SCHEMA_OK,valid
blog/indice-semana-34-2026-08-09.html,blog,"FAQPage,BreadcrumbList,BlogPosting,Article",BlogPosting,SCHEMA_OK,valid
blog/indices-atualizacao-imovel-2026.html,blog,"FAQPage,BreadcrumbList,BlogPosting,Article",BlogPosting,SCHEMA_OK,valid
blog/influencia-social-imobiliarias-litoral-2026.html,blog,"FAQPage,BreadcrumbList,BlogPosting,Article",BlogPosting,SCHEMA_OK,valid
blog/influenciadores-digitais-litoral-paulista-2026.html,blog,"FAQPage,BreadcrumbList,BlogPosting,Article",BlogPosting,SCHEMA_OK,valid
blog/infraestrutura-condominial-imoveis-litoral-checklist-2026.html,blog,BlogPosting,BlogPosting,SCHEMA_OK,valid
blog/instagram-ads-imobiliarias-campanhas-geram-leads-litoral.html,blog,"BlogPosting,BreadcrumbList",BlogPosting,SCHEMA_OK,valid
blog/instagram-imobiliaria-litoral-paulista-2026.html,blog,"FAQPage,BreadcrumbList,BlogPosting,Article",BlogPosting,SCHEMA_OK,valid
blog/instagram-imobiliarias-litoral-roteiro-conteudo-converte.html,blog,"BlogPosting,BreadcrumbList,FAQPage",BlogPosting,SCHEMA_OK,valid
blog/instagram-reels-imobiliarias-7-modelos-leads-litoral-2026.html,blog,"BlogPosting,BreadcrumbList,FAQPage",BlogPosting,SCHEMA_OK,valid
blog/instagram-vender-imoveis-litoral-paulista-2026.html,blog,"FAQPage,BreadcrumbList,BlogPosting,Article",BlogPosting,SCHEMA_OK,valid
blog/integracao-crm-imobiliaria-litoral-2026.html,blog,"FAQPage,BreadcrumbList,BlogPosting,Article",BlogPosting,SCHEMA_OK,valid
blog/integracao-crm-imobiliarias-litoral-2026.html,blog,"FAQPage,BreadcrumbList,BlogPosting,Article",BlogPosting,SCHEMA_OK,valid
blog/integracao-multicanal-imobiliarias-litoral-2026.html,blog,"FAQPage,BreadcrumbList,BlogPosting,Article",BlogPosting,SCHEMA_OK,valid
blog/integracao-portais-imobiliarias-litoral-2026.html,blog,"FAQPage,BreadcrumbList,BlogPosting,Article",BlogPosting,SCHEMA_OK,valid
blog/integracao-whatsapp-business-imobiliaria-litoral-2026.html,blog,"FAQPage,BreadcrumbList,BlogPosting,Article",BlogPosting,SCHEMA_OK,valid
blog/inteligencia-artificial-mercado-imobiliario-2026.html,blog,"FAQPage,BreadcrumbList,BlogPosting,Article",BlogPosting,SCHEMA_OK,valid
blog/intencao-compra-litoral-requalificacao-2026.html,blog,"FAQPage,BreadcrumbList,BlogPosting,Article",BlogPosting,SCHEMA_OK,valid
blog/investidor-fora-sp-comprar-litoral.html,blog,"FAQPage,BreadcrumbList,BlogPosting,Article",BlogPosting,SCHEMA_OK,valid
blog/investidor-guaruja-zona-oeste-ia.html,blog,"FAQPage,BreadcrumbList,BlogPosting,Article",BlogPosting,SCHEMA_OK,valid
blog/investidor-imovel-litoral-aluguel-curto-prazo-2026.html,blog,BlogPosting,BlogPosting,SCHEMA_OK,valid
blog/investidor-imovel-litoral-calculadora-rentabilidade-2026.html,blog,BlogPosting,BlogPosting,SCHEMA_OK,valid
blog/investidor-imovel-litoral-receita-aluguel-tributacao-2026.html,blog,BlogPosting,BlogPosting,SCHEMA_OK,valid
blog/investidor-imovel-litoral-reforma-gasto-retorno-2026.html,blog,BlogPosting,BlogPosting,SCHEMA_OK,valid
blog/investidor-sao-vicente-ia.html,blog,"FAQPage,BreadcrumbList,BlogPosting,Article",BlogPosting,SCHEMA_OK,valid
blog/investidor-zona-sul-santos-ia.html,blog,"FAQPage,BreadcrumbList,BlogPosting,Article",BlogPosting,SCHEMA_OK,valid
blog/investimento-bertioga.html,blog,"FAQPage,BreadcrumbList,BlogPosting,Article",BlogPosting,SCHEMA_OK,valid
blog/investimento-em-imoveis-em-guaruja-em-2026-guaruja.html,blog,"FAQPage,BreadcrumbList,BlogPosting,Article",BlogPosting,SCHEMA_OK,valid
blog/investimento-em-imoveis-em-iguape-em-2026-iguape.html,blog,"FAQPage,BreadcrumbList,BlogPosting,Article",BlogPosting,SCHEMA_OK,valid
blog/investimento-em-imoveis-em-ilhabela-em-2026-ilhabela.html,blog,"FAQPage,BreadcrumbList,BlogPosting,Article",BlogPosting,SCHEMA_OK,valid
blog/investimento-em-imoveis-em-maresias-em-2026-maresias.html,blog,"FAQPage,BreadcrumbList,BlogPosting,Article",BlogPosting,SCHEMA_OK,valid
blog/investimento-em-imoveis-em-sao-sebastiao-em-2026-sao-sebastiao.html,blog,"FAQPage,BreadcrumbList,BlogPosting,Article",BlogPosting,SCHEMA_OK,valid
blog/investimento-imoveis-comerciais-vs-residenciais-litoral-comparativo-2026.html,blog,BlogPosting,BlogPosting,SCHEMA_OK,valid
blog/investimento-imoveis-litoral-paulista-2026.html,blog,"FAQPage,BreadcrumbList,BlogPosting,Article",BlogPosting,SCHEMA_OK,valid
blog/investimento-imoveis-litoral-paulista-guia-2026.html,blog,"FAQPage,BreadcrumbList,BlogPosting,Article",BlogPosting,SCHEMA_OK,valid
blog/investimento-no-litoral-bertioga.html,blog,"FAQPage,BreadcrumbList,BlogPosting,Article",BlogPosting,SCHEMA_OK,valid
blog/investimento-seguro-imovel-praia-2026.html,blog,"FAQPage,BreadcrumbList,BlogPosting,Article",BlogPosting,SCHEMA_OK,valid
blog/investimento-temporada-verao-2026.html,blog,"FAQPage,BreadcrumbList,BlogPosting,Article",BlogPosting,SCHEMA_OK,valid
blog/investir-aluguel-temporada-litoral-custo-beneficio-2026.html,blog,BlogPosting,BlogPosting,SCHEMA_OK,valid
blog/investir-consorcio-imovel-2026.html,blog,"FAQPage,BreadcrumbList,BlogPosting,Article",BlogPosting,SCHEMA_OK,valid
blog/investir-em-imovel-no-litoral-vale-a-pena-em-praia-grande-2026-07-13.html,blog,"FAQPage,BreadcrumbList,BlogPosting,Article",BlogPosting,SCHEMA_OK,valid
blog/investir-imoveis-litoral-2026.html,blog,"BreadcrumbList,Article",BlogPosting,SCHEMA_MISMATCH,valid
blog/investir-imoveis-litoral-50-mil-reais-2026.html,blog,BlogPosting,BlogPosting,SCHEMA_OK,valid
blog/investir-imoveis-litoral-paulista-2026.html,blog,"FAQPage,BreadcrumbList,BlogPosting,Article",BlogPosting,SCHEMA_OK,valid
blog/investir-imoveis-litoral-paulista-guia.html,blog,"FAQPage,BreadcrumbList,BlogPosting,Article",BlogPosting,SCHEMA_OK,valid
blog/investir-imoveis-litoral-paulista-seguranca-2026.html,blog,"FAQPage,BreadcrumbList,BlogPosting,Article",BlogPosting,SCHEMA_OK,valid
blog/investir-imoveis-litoral-renda-aluguel-2026.html,blog,BlogPosting,BlogPosting,SCHEMA_OK,valid
blog/investir-imoveis-litoral-tendencias-2026.html,blog,"FAQPage,BreadcrumbList,BlogPosting,Article",BlogPosting,SCHEMA_OK,valid
blog/investir-litoral-paulista-2026.html,blog,"FAQPage,BreadcrumbList,BlogPosting,Article",BlogPosting,SCHEMA_OK,valid
blog/investir-temporada-litoral-paulista-iniciantes-2026.html,blog,"FAQPage,BreadcrumbList,BlogPosting,Article",BlogPosting,SCHEMA_OK,valid
blog/iptu-imovel-praia-como-reducir.html,blog,"FAQPage,BreadcrumbList,BlogPosting,Article",BlogPosting,SCHEMA_OK,valid
blog/itajai-porto-gastronomia-2026-sc-2026-07-14.html,blog,"FAQPage,BreadcrumbList,BlogPosting,Article",BlogPosting,SCHEMA_OK,valid
blog/itanhaem-artigo-bairros-imoveis-2026.html,blog,"BlogPosting,BreadcrumbList",BlogPosting,SCHEMA_OK,valid
blog/itanhaem-artigo-cases-imoveis-2026.html,blog,"BlogPosting,BreadcrumbList",BlogPosting,SCHEMA_OK,valid
blog/itanhaem-artigo-compra-imoveis-2026.html,blog,"BlogPosting,BreadcrumbList",BlogPosting,SCHEMA_OK,valid
blog/itanhaem-artigo-editorial-imoveis-2026.html,blog,"BlogPosting,BreadcrumbList",BlogPosting,SCHEMA_OK,valid
blog/itanhaem-artigo-financiamento-imoveis-2026.html,blog,"BlogPosting,BreadcrumbList",BlogPosting,SCHEMA_OK,valid
blog/itanhaem-artigo-investimento-imoveis-2026.html,blog,"BlogPosting,BreadcrumbList",BlogPosting,SCHEMA_OK,valid
blog/itanhaem-artigo-juridico-imoveis-2026.html,blog,"BlogPosting,BreadcrumbList",BlogPosting,SCHEMA_OK,valid
blog/itanhaem-artigo-locacao-temporada-imoveis-2026.html,blog,"BlogPosting,BreadcrumbList",BlogPosting,SCHEMA_OK,valid
blog/itanhaem-artigo-marketing-digital-imoveis-2026.html,blog,"BlogPosting,BreadcrumbList",BlogPosting,SCHEMA_OK,valid
blog/itanhaem-artigo-parcerias-imoveis-2026.html,blog,"BlogPosting,BreadcrumbList",BlogPosting,SCHEMA_OK,valid
blog/itanhaem-artigo-seo-local-imoveis-2026.html,blog,"BlogPosting,BreadcrumbList",BlogPosting,SCHEMA_OK,valid
blog/itanhaem-automacao-ia-imoveis-2026.html,blog,"BlogPosting,BreadcrumbList",BlogPosting,SCHEMA_OK,valid
blog/itanhaem-automacao-imobiliarias-2026.html,blog,"BlogPosting,BreadcrumbList",BlogPosting,SCHEMA_INVALID,invalid_json: Expecting property name enclosed in double quotes: line 7 column 5 (char 307)
blog/itanhaem-automacao-imoveis-2026.html,blog,"BlogPosting,BreadcrumbList",BlogPosting,SCHEMA_OK,valid
blog/itanhaem-bairros-imoveis-2026.html,blog,"BlogPosting,BreadcrumbList",BlogPosting,SCHEMA_INVALID,invalid_json: Expecting property name enclosed in double quotes: line 7 column 5 (char 290)
blog/itanhaem-case-de-sucesso-fechamento-de-vendas-em-itanhaem-em-2026.html,blog,BlogPosting,BlogPosting,SCHEMA_OK,valid
blog/itanhaem-case-sucesso-automacao-imoveis-2026.html,blog,"BlogPosting,BreadcrumbList",BlogPosting,SCHEMA_OK,valid
blog/itanhaem-case-sucesso-bairros-imoveis-2026.html,blog,"BlogPosting,BreadcrumbList",BlogPosting,SCHEMA_OK,valid
blog/itanhaem-case-sucesso-cases-imoveis-2026.html,blog,"BlogPosting,BreadcrumbList",BlogPosting,SCHEMA_OK,valid
blog/itanhaem-case-sucesso-editorial-imoveis-2026.html,blog,"BlogPosting,BreadcrumbList",BlogPosting,SCHEMA_OK,valid
blog/itanhaem-case-sucesso-financiamento-imoveis-2026.html,blog,"BlogPosting,BreadcrumbList",BlogPosting,SCHEMA_OK,valid
blog/itanhaem-case-sucesso-juridico-imoveis-2026.html,blog,"BlogPosting,BreadcrumbList",BlogPosting,SCHEMA_OK,valid
blog/itanhaem-case-sucesso-marketing-digital-imoveis-2026.html,blog,"BlogPosting,BreadcrumbList",BlogPosting,SCHEMA_OK,valid
blog/itanhaem-case-sucesso-parcerias-imoveis-2026.html,blog,"BlogPosting,BreadcrumbList",BlogPosting,SCHEMA_OK,valid
blog/itanhaem-case-sucesso-seo-local-imoveis-2026.html,blog,"BlogPosting,BreadcrumbList",BlogPosting,SCHEMA_OK,valid
blog/itanhaem-cases-imoveis-2026.html,blog,"BlogPosting,BreadcrumbList",BlogPosting,SCHEMA_OK,valid
blog/itanhaem-centro-antigo-lagoa-2026-sp-2026-07-14.html,blog,"FAQPage,BreadcrumbList,BlogPosting,Article",BlogPosting,SCHEMA_OK,valid
blog/itanhaem-checklist-automacao-imoveis-2026.html,blog,"BlogPosting,BreadcrumbList",BlogPosting,SCHEMA_OK,valid
blog/itanhaem-checklist-bairros-imoveis-2026.html,blog,"BlogPosting,BreadcrumbList",BlogPosting,SCHEMA_OK,valid
blog/itanhaem-checklist-cases-imoveis-2026.html,blog,"BlogPosting,BreadcrumbList",BlogPosting,SCHEMA_OK,valid
blog/itanhaem-checklist-editorial-imoveis-2026.html,blog,"BlogPosting,BreadcrumbList",BlogPosting,SCHEMA_OK,valid
blog/itanhaem-checklist-financiamento-imoveis-2026.html,blog,"BlogPosting,BreadcrumbList",BlogPosting,SCHEMA_OK,valid
blog/itanhaem-checklist-investimento-imoveis-2026.html,blog,"BlogPosting,BreadcrumbList",BlogPosting,SCHEMA_OK,valid
blog/itanhaem-checklist-juridico-imoveis-2026.html,blog,"BlogPosting,BreadcrumbList",BlogPosting,SCHEMA_OK,valid
blog/itanhaem-checklist-locacao-temporada-imoveis-2026.html,blog,"BlogPosting,BreadcrumbList",BlogPosting,SCHEMA_OK,valid
blog/itanhaem-checklist-marketing-digital-imoveis-2026.html,blog,"BlogPosting,BreadcrumbList",BlogPosting,SCHEMA_OK,valid
blog/itanhaem-checklist-parcerias-imoveis-2026.html,blog,"BlogPosting,BreadcrumbList",BlogPosting,SCHEMA_OK,valid
blog/itanhaem-checklist-seo-local-imoveis-2026.html,blog,"BlogPosting,BreadcrumbList",BlogPosting,SCHEMA_OK,valid
blog/itanhaem-checklist-venda-imoveis-2026.html,blog,"BlogPosting,BreadcrumbList",BlogPosting,SCHEMA_OK,valid
blog/itanhaem-compra-venda-imoveis-2026.html,blog,"BlogPosting,BreadcrumbList",BlogPosting,SCHEMA_OK,valid
blog/itanhaem-curso-automacao-imoveis-2026.html,blog,"BlogPosting,BreadcrumbList",BlogPosting,SCHEMA_OK,valid
blog/itanhaem-curso-bairros-imoveis-2026.html,blog,"BlogPosting,BreadcrumbList",BlogPosting,SCHEMA_OK,valid
blog/itanhaem-curso-cases-imoveis-2026.html,blog,"BlogPosting,BreadcrumbList",BlogPosting,SCHEMA_OK,valid
blog/itanhaem-curso-corretor-imoveis-2026.html,blog,"BlogPosting,BreadcrumbList",BlogPosting,SCHEMA_OK,valid
blog/itanhaem-curso-editorial-imoveis-2026.html,blog,"BlogPosting,BreadcrumbList",BlogPosting,SCHEMA_OK,valid
blog/itanhaem-curso-financiamento-imoveis-2026.html,blog,"BlogPosting,BreadcrumbList",BlogPosting,SCHEMA_OK,valid
blog/itanhaem-curso-investimento-imoveis-2026.html,blog,"BlogPosting,BreadcrumbList",BlogPosting,SCHEMA_OK,valid
blog/itanhaem-curso-juridico-imoveis-2026.html,blog,"BlogPosting,BreadcrumbList",BlogPosting,SCHEMA_OK,valid
blog/itanhaem-curso-locacao-temporada-imoveis-2026.html,blog,"BlogPosting,BreadcrumbList",BlogPosting,SCHEMA_OK,valid
blog/itanhaem-curso-marketing-digital-imoveis-2026.html,blog,"BlogPosting,BreadcrumbList",BlogPosting,SCHEMA_OK,valid
blog/itanhaem-curso-parcerias-imoveis-2026.html,blog,"BlogPosting,BreadcrumbList",BlogPosting,SCHEMA_OK,valid
blog/itanhaem-curso-seo-local-imoveis-2026.html,blog,"BlogPosting,BreadcrumbList",BlogPosting,SCHEMA_OK,valid
blog/itanhaem-editorial-2026.html,blog,"BlogPosting,BreadcrumbList",BlogPosting,SCHEMA_OK,valid
blog/itanhaem-editorial-imoveis-2026.html,blog,"BlogPosting,BreadcrumbList",BlogPosting,SCHEMA_INVALID,invalid_json: Expecting property name enclosed in double quotes: line 7 column 5 (char 299)
blog/itanhaem-financiamento-imoveis-2026.html,blog,"BlogPosting,BreadcrumbList",BlogPosting,SCHEMA_OK,valid
blog/itanhaem-guia-investimento-imoveis-2026.html,blog,"BlogPosting,BreadcrumbList",BlogPosting,SCHEMA_OK,valid
blog/itanhaem-guia-locacao-temporada-imoveis-2026.html,blog,"BlogPosting,BreadcrumbList",BlogPosting,SCHEMA_OK,valid
blog/itanhaem-imoveis-tendencias-dicas-2026.html,blog,"FAQPage,BreadcrumbList,BlogPosting,Article",BlogPosting,SCHEMA_OK,valid
blog/itanhaem-investimento-imoveis-2026.html,blog,"BlogPosting,BreadcrumbList",BlogPosting,SCHEMA_OK,valid
blog/itanhaem-itanhaem-checklist-para-investimento-imobiliario-guia-2026.html,blog,BlogPosting,BlogPosting,SCHEMA_OK,valid
blog/itanhaem-itanhaem-checklist-para-locacao-de-temporada-guia-2026.html,blog,BlogPosting,BlogPosting,SCHEMA_OK,valid
blog/itanhaem-itanhaem-checklist-para-venda-de-imoveis-guia-2026.html,blog,BlogPosting,BlogPosting,SCHEMA_OK,valid
blog/itanhaem-itanhaem-compra-e-venda-de-imoveis-guia-2026.html,blog,BlogPosting,BlogPosting,SCHEMA_OK,valid
blog/itanhaem-itanhaem-curso-de-investimento-imobiliario-guia-2026.html,blog,BlogPosting,BlogPosting,SCHEMA_OK,valid
blog/itanhaem-itanhaem-curso-de-locacao-de-temporada-guia-2026.html,blog,BlogPosting,BlogPosting,SCHEMA_OK,valid
blog/itanhaem-itanhaem-curso-para-corretor-de-imoveis-guia-2026.html,blog,BlogPosting,BlogPosting,SCHEMA_OK,valid
blog/itanhaem-itanhaem-guia-para-investimento-imobiliario-analise-2026.html,blog,BlogPosting,BlogPosting,SCHEMA_OK,valid
blog/itanhaem-itanhaem-guia-para-locacao-de-temporada-analise-2026.html,blog,BlogPosting,BlogPosting,SCHEMA_OK,valid
blog/itanhaem-itanhaem-investimento-em-imoveis-analise-2026.html,blog,BlogPosting,BlogPosting,SCHEMA_OK,valid
blog/itanhaem-itanhaem-locacao-temporada-guia-2026.html,blog,BlogPosting,BlogPosting,SCHEMA_OK,valid
blog/itanhaem-itanhaem-marketing-digital-para-imoveis-guia-2026.html,blog,BlogPosting,BlogPosting,SCHEMA_OK,valid
blog/itanhaem-juridico-imoveis-2026.html,blog,"BlogPosting,BreadcrumbList",BlogPosting,SCHEMA_OK,valid
blog/itanhaem-locacao-temporada-imoveis-2026.html,blog,"BlogPosting,BreadcrumbList",BlogPosting,SCHEMA_OK,valid
blog/itanhaem-marketing-digital-imobiliarias-2026.html,blog,"BlogPosting,BreadcrumbList",BlogPosting,SCHEMA_INVALID,invalid_json: Expecting property name enclosed in double quotes: line 7 column 5 (char 297)
blog/itanhaem-marketing-digital-imoveis-2026.html,blog,"BlogPosting,BreadcrumbList",BlogPosting,SCHEMA_OK,valid
blog/itanhaem-parcerias-imobiliarias-2026.html,blog,"BlogPosting,BreadcrumbList",BlogPosting,SCHEMA_INVALID,invalid_json: Expecting property name enclosed in double quotes: line 7 column 5 (char 297)
blog/itanhaem-parcerias-imoveis-2026.html,blog,"BlogPosting,BreadcrumbList",BlogPosting,SCHEMA_OK,valid
blog/itanhaem-rentabilidade-imoveis-2026.html,blog,"BlogPosting,BreadcrumbList",BlogPosting,SCHEMA_INVALID,invalid_json: Expecting property name enclosed in double quotes: line 7 column 5 (char 308)
blog/itanhaem-seo-local-imoveis-2026.html,blog,"BlogPosting,BreadcrumbList",BlogPosting,SCHEMA_OK,valid
blog/itanhaem-temporada-gestao-imoveis-2026.html,blog,"BlogPosting,BreadcrumbList",BlogPosting,SCHEMA_INVALID,invalid_json: Expecting property name enclosed in double quotes: line 7 column 5 (char 297)
blog/itbi-custos-escritura-litoral-sp-2026.html,blog,BlogPosting,BlogPosting,SCHEMA_OK,valid
blog/itbi-registro-imoveis-santos-guaruja-bertioga-2026.html,blog,BlogPosting,BlogPosting,SCHEMA_OK,valid
blog/juquei-bairros-imoveis-2026.html,blog,"BlogPosting,BreadcrumbList",BlogPosting,SCHEMA_INVALID,invalid_json: Expecting property name enclosed in double quotes: line 7 column 5 (char 301)
blog/juquei-compra-venda-imoveis-2026.html,blog,"BlogPosting,BreadcrumbList",BlogPosting,SCHEMA_INVALID,invalid_json: Expecting property name enclosed in double quotes: line 7 column 5 (char 297)
blog/juquei-editorial-imoveis-2026.html,blog,"BlogPosting,BreadcrumbList",BlogPosting,SCHEMA_INVALID,invalid_json: Expecting property name enclosed in double quotes: line 7 column 5 (char 267)
blog/juquei-investimento-imoveis-2026.html,blog,"BlogPosting,BreadcrumbList",BlogPosting,SCHEMA_INVALID,invalid_json: Expecting property name enclosed in double quotes: line 7 column 5 (char 285)
blog/juquei-rentabilidade-imoveis-2026.html,blog,"BlogPosting,BreadcrumbList",BlogPosting,SCHEMA_INVALID,invalid_json: Expecting property name enclosed in double quotes: line 7 column 5 (char 283)
blog/juquei-temporada-gestao-imoveis-2026.html,blog,"BlogPosting,BreadcrumbList",BlogPosting,SCHEMA_INVALID,invalid_json: Expecting property name enclosed in double quotes: line 7 column 5 (char 262)
blog/jureia-bairros-imoveis-2026.html,blog,"BlogPosting,BreadcrumbList",BlogPosting,SCHEMA_INVALID,invalid_json: Expecting property name enclosed in double quotes: line 7 column 5 (char 301)
blog/jureia-compra-venda-imoveis-2026.html,blog,"BlogPosting,BreadcrumbList",BlogPosting,SCHEMA_INVALID,invalid_json: Expecting property name enclosed in double quotes: line 7 column 5 (char 297)
blog/jureia-editorial-imoveis-2026.html,blog,"BlogPosting,BreadcrumbList",BlogPosting,SCHEMA_INVALID,invalid_json: Expecting property name enclosed in double quotes: line 7 column 5 (char 267)
blog/jureia-investimento-imoveis-2026.html,blog,"BlogPosting,BreadcrumbList",BlogPosting,SCHEMA_INVALID,invalid_json: Expecting property name enclosed in double quotes: line 7 column 5 (char 285)
blog/jureia-rentabilidade-imoveis-2026.html,blog,"BlogPosting,BreadcrumbList",BlogPosting,SCHEMA_INVALID,invalid_json: Expecting property name enclosed in double quotes: line 7 column 5 (char 283)
blog/jureia-temporada-gestao-imoveis-2026.html,blog,"BlogPosting,BreadcrumbList",BlogPosting,SCHEMA_INVALID,invalid_json: Expecting property name enclosed in double quotes: line 7 column 5 (char 262)
blog/juridico-imoveis-luxo-litoral-2026.html,blog,"FAQPage,BreadcrumbList,BlogPosting,Article",BlogPosting,SCHEMA_OK,valid
blog/kit-abordagem-b2b-imobiliaria-litoral.html,blog,"FAQPage,BreadcrumbList,BlogPosting,Article",BlogPosting,SCHEMA_OK,valid
blog/kit-estudo-creci-2026.html,blog,"FAQPage,BreadcrumbList,BlogPosting,Article",BlogPosting,SCHEMA_OK,valid
blog/kpis-aumento-faturamento-imobiliarias-2026.html,blog,"FAQPage,BreadcrumbList,BlogPosting,Article",BlogPosting,SCHEMA_OK,valid
blog/lancamento-apto-aposentado-saovicente-ia.html,blog,"FAQPage,BreadcrumbList,BlogPosting,Article",BlogPosting,SCHEMA_OK,valid
blog/lancamento-apto-familia-zona-norte-santos-ia.html,blog,"FAQPage,BreadcrumbList,BlogPosting,Article",BlogPosting,SCHEMA_OK,valid
blog/lancamento-apto-investidor-guaruja-zona-leste-ia.html,blog,"FAQPage,BreadcrumbList,BlogPosting,Article",BlogPosting,SCHEMA_OK,valid
blog/lancamento-apto-investidor-santos-zona-norte-ia.html,blog,"FAQPage,BreadcrumbList,BlogPosting,Article",BlogPosting,SCHEMA_OK,valid
blog/lancamento-casa-familia-guaruja-zona-oeste-ia.html,blog,"FAQPage,BreadcrumbList,BlogPosting,Article",BlogPosting,SCHEMA_OK,valid
blog/lancamento-casa-familia-praiagrande-zona-sul-ia.html,blog,"FAQPage,BreadcrumbList,BlogPosting,Article",BlogPosting,SCHEMA_OK,valid
blog/lancamento-casa-investidor-peruibe-ia.html,blog,"FAQPage,BreadcrumbList,BlogPosting,Article",BlogPosting,SCHEMA_OK,valid
blog/lancamento-casa-investidor-zona-sul-santos-ia.html,blog,"FAQPage,BreadcrumbList,BlogPosting,Article",BlogPosting,SCHEMA_OK,valid
blog/lancamento-cobertura-aposentado-bertioga-ia.html,blog,"FAQPage,BreadcrumbList,BlogPosting,Article",BlogPosting,SCHEMA_OK,valid
blog/lancamento-cobertura-familia-mongagua-ia.html,blog,"FAQPage,BreadcrumbList,BlogPosting,Article",BlogPosting,SCHEMA_OK,valid
blog/lancamento-imobiliario-baixo-orcamento-2026.html,blog,"FAQPage,BreadcrumbList,BlogPosting,Article",BlogPosting,SCHEMA_OK,valid
blog/lancamento-imobiliario-litoral-2026.html,blog,"FAQPage,BreadcrumbList,BlogPosting,Article",BlogPosting,SCHEMA_OK,valid
blog/lancamentos-bertioga-riviera-ia.html,blog,"FAQPage,BreadcrumbList,BlogPosting,Article",BlogPosting,SCHEMA_OK,valid
blog/lancamentos-guaruja-ia.html,blog,"FAQPage,BreadcrumbList,BlogPosting,Article",BlogPosting,SCHEMA_OK,valid
blog/lancamentos-praiagrande-ia.html,blog,"FAQPage,BreadcrumbList,BlogPosting,Article",BlogPosting,SCHEMA_OK,valid
blog/lancamentos-santos-zona-norte-ia.html,blog,"FAQPage,BreadcrumbList,BlogPosting,Article",BlogPosting,SCHEMA_OK,valid
blog/landing-page-alta-conversao-imobiliarias-litoral-2026.html,blog,"FAQPage,BreadcrumbList,BlogPosting,Article",BlogPosting,SCHEMA_OK,valid
blog/laudo-fotografico-gratis-imoveis-2026.html,blog,"FAQPage,BreadcrumbList,BlogPosting,Article",BlogPosting,SCHEMA_OK,valid
blog/laudo-imovel-praia-2026.html,blog,"FAQPage,BreadcrumbList,BlogPosting,Article",BlogPosting,SCHEMA_OK,valid
blog/lead-magnet-imobiliarias-litoral-2026.html,blog,"FAQPage,BreadcrumbList,BlogPosting,Article",BlogPosting,SCHEMA_OK,valid
blog/lead-qualificacao-litoral-2026.html,blog,"FAQPage,BreadcrumbList,BlogPosting,Article",BlogPosting,SCHEMA_OK,valid
blog/leads-mercado-livre-olx-converter-vendas-reais.html,blog,"BlogPosting,BreadcrumbList,FAQPage",BlogPosting,SCHEMA_OK,valid
blog/leads-somem-litoral-paulista-2026.html,blog,"FAQPage,BreadcrumbList,BlogPosting,Article",BlogPosting,SCHEMA_OK,valid
blog/lealdade-cliente-litoral-fidelizacao-2026.html,blog,"FAQPage,BreadcrumbList,BlogPosting,Article",BlogPosting,SCHEMA_OK,valid
blog/lei-inquilinato-litoral-direitos-deveres-2026.html,blog,BlogPosting,BlogPosting,SCHEMA_OK,valid
blog/leilao-imoveis-litoral-paulista-guia.html,blog,"FAQPage,BreadcrumbList,BlogPosting,Article",BlogPosting,SCHEMA_OK,valid
blog/lgpd-corretores-atendimento-digital-2026.html,blog,"FAQPage,BreadcrumbList,BlogPosting,Article",BlogPosting,SCHEMA_OK,valid
blog/lgpd-imobiliarias-litoral-paulista-2026.html,blog,"FAQPage,BreadcrumbList,BlogPosting,Article",BlogPosting,SCHEMA_OK,valid
blog/licenciamento-documentacao-venda-imovel-litoral-2026-08-04.html,blog,"FAQPage,BreadcrumbList,BlogPosting,Article",BlogPosting,SCHEMA_OK,valid
blog/linkedin-imobiliarias-litoral-conteudo-networking-2026.html,blog,BlogPosting,BlogPosting,SCHEMA_OK,valid
blog/links-curtos-imoveis-convertem-litoral-2026.html,blog,"FAQPage,BreadcrumbList,BlogPosting,Article",BlogPosting,SCHEMA_OK,valid
blog/litoral-norte-bairros-imoveis-2026.html,blog,"BlogPosting,BreadcrumbList",BlogPosting,SCHEMA_OK,valid
blog/litoral-norte-editorial-imoveis-2026.html,blog,"BlogPosting,BreadcrumbList",BlogPosting,SCHEMA_OK,valid
blog/litoral-norte-guia-investidor-imoveis-2026.html,blog,"BlogPosting,BreadcrumbList",BlogPosting,SCHEMA_INVALID,invalid_json: Expecting property name enclosed in double quotes: line 7 column 5 (char 324)
blog/litoral-norte-investimento-imoveis-2026.html,blog,"BlogPosting,BreadcrumbList",BlogPosting,SCHEMA_OK,valid
blog/litoral-norte-vs-sul-imoveis-comparativo-2026.html,blog,BlogPosting,BlogPosting,SCHEMA_OK,valid
blog/litoral-paulista-artigo-cases-imoveis-2026.html,blog,"BlogPosting,BreadcrumbList",BlogPosting,SCHEMA_OK,valid
blog/litoral-paulista-artigo-financiamento-imoveis-2026.html,blog,"BlogPosting,BreadcrumbList",BlogPosting,SCHEMA_OK,valid
blog/litoral-paulista-artigo-juridico-imoveis-2026.html,blog,"BlogPosting,BreadcrumbList",BlogPosting,SCHEMA_OK,valid
blog/litoral-paulista-artigo-parcerias-imoveis-2026.html,blog,"BlogPosting,BreadcrumbList",BlogPosting,SCHEMA_OK,valid
blog/litoral-paulista-case-sucesso-bairros-imoveis-2026.html,blog,"BlogPosting,BreadcrumbList",BlogPosting,SCHEMA_OK,valid
blog/litoral-paulista-case-sucesso-cases-imoveis-2026.html,blog,"BlogPosting,BreadcrumbList",BlogPosting,SCHEMA_OK,valid
blog/litoral-paulista-case-sucesso-editorial-imoveis-2026.html,blog,"BlogPosting,BreadcrumbList",BlogPosting,SCHEMA_OK,valid
blog/litoral-paulista-case-sucesso-financiamento-imoveis-2026.html,blog,"BlogPosting,BreadcrumbList",BlogPosting,SCHEMA_OK,valid
blog/litoral-paulista-case-sucesso-juridico-imoveis-2026.html,blog,"BlogPosting,BreadcrumbList",BlogPosting,SCHEMA_OK,valid
blog/litoral-paulista-case-sucesso-parcerias-imoveis-2026.html,blog,"BlogPosting,BreadcrumbList",BlogPosting,SCHEMA_OK,valid
blog/litoral-paulista-case-sucesso-seo-local-imoveis-2026.html,blog,"BlogPosting,BreadcrumbList",BlogPosting,SCHEMA_OK,valid
blog/litoral-paulista-checklist-cases-imoveis-2026.html,blog,"BlogPosting,BreadcrumbList",BlogPosting,SCHEMA_OK,valid
blog/litoral-paulista-checklist-financiamento-imoveis-2026.html,blog,"BlogPosting,BreadcrumbList",BlogPosting,SCHEMA_OK,valid
blog/litoral-paulista-checklist-investimento-imoveis-2026.html,blog,"BlogPosting,BreadcrumbList",BlogPosting,SCHEMA_OK,valid
blog/litoral-paulista-checklist-parcerias-imoveis-2026.html,blog,"BlogPosting,BreadcrumbList",BlogPosting,SCHEMA_OK,valid
blog/litoral-paulista-curso-automacao-imoveis-2026.html,blog,"BlogPosting,BreadcrumbList",BlogPosting,SCHEMA_OK,valid
blog/litoral-paulista-curso-bairros-imoveis-2026.html,blog,"BlogPosting,BreadcrumbList",BlogPosting,SCHEMA_OK,valid
blog/litoral-paulista-curso-cases-imoveis-2026.html,blog,"BlogPosting,BreadcrumbList",BlogPosting,SCHEMA_OK,valid
blog/litoral-paulista-curso-financiamento-imoveis-2026.html,blog,"BlogPosting,BreadcrumbList",BlogPosting,SCHEMA_OK,valid
blog/litoral-paulista-curso-investimento-imoveis-2026.html,blog,"BlogPosting,BreadcrumbList",BlogPosting,SCHEMA_OK,valid
blog/litoral-paulista-curso-juridico-imoveis-2026.html,blog,"BlogPosting,BreadcrumbList",BlogPosting,SCHEMA_OK,valid
blog/litoral-paulista-curso-locacao-temporada-imoveis-2026.html,blog,"BlogPosting,BreadcrumbList",BlogPosting,SCHEMA_OK,valid
blog/litoral-paulista-curso-marketing-digital-imoveis-2026.html,blog,"BlogPosting,BreadcrumbList",BlogPosting,SCHEMA_OK,valid
blog/litoral-paulista-curso-parcerias-imoveis-2026.html,blog,"BlogPosting,BreadcrumbList",BlogPosting,SCHEMA_OK,valid
blog/litoral-paulista-curso-seo-local-imoveis-2026.html,blog,"BlogPosting,BreadcrumbList",BlogPosting,SCHEMA_OK,valid
blog/litoral-sp-aluguel-temporada-2026.html,blog,"BlogPosting,BreadcrumbList",BlogPosting,SCHEMA_OK,valid
blog/litoral-sp-compra-venda-imoveis-2026.html,blog,"BlogPosting,BreadcrumbList",BlogPosting,SCHEMA_OK,valid
blog/litoral-sp-editorial-imoveis-2026.html,blog,"BlogPosting,BreadcrumbList",BlogPosting,SCHEMA_OK,valid
blog/litoral-sp-locacao-temporada-imoveis-2026.html,blog,"BlogPosting,BreadcrumbList",BlogPosting,SCHEMA_OK,valid
blog/litoral-sul-guia-investidor-imoveis-2026.html,blog,"BlogPosting,BreadcrumbList",BlogPosting,SCHEMA_INVALID,invalid_json: Expecting property name enclosed in double quotes: line 7 column 5 (char 322)
blog/litoralnorte-como-captar-leads-no-litoral-norte-sem-investir-em-anuncios.html,blog,BlogPosting,BlogPosting,SCHEMA_OK,valid
blog/litoralnorte-como-evitar-golpes-em-temporada-no-litoral-norte.html,blog,BlogPosting,BlogPosting,SCHEMA_OK,valid
blog/litoralnorte-dicas-para-captar-imoveis-de-temporada-no-litoral-norte.html,blog,BlogPosting,BlogPosting,SCHEMA_OK,valid
blog/litoralnorte-imoveis-em-bertioga-temporada-e-mercado-em-2026.html,blog,BlogPosting,BlogPosting,SCHEMA_OK,valid
blog/litoralnorte-imoveis-em-bertioga-temporada-mercado-e-oportunidades-2026.html,blog,BlogPosting,BlogPosting,SCHEMA_OK,valid
blog/litoralnorte-imoveis-em-ilhabela-temporada-e-mercado-em-2026.html,blog,BlogPosting,BlogPosting,SCHEMA_OK,valid
blog/litoralnorte-imoveis-em-ubatuba-temporada-e-avaliacao-em-2026.html,blog,BlogPosting,BlogPosting,SCHEMA_OK,valid
blog/litoralnorte-imoveis-em-ubatuba-temporada-oferta-e-avaliacao-de-mercado-2026.html,blog,BlogPosting,BlogPosting,SCHEMA_OK,valid
blog/litoralnorte-imoveis-na-barra-velha-em-ilhabela-oferta-e-temporada-2026.html,blog,BlogPosting,BlogPosting,SCHEMA_OK,valid
blog/litoralnorte-imoveis-na-ilha-das-pecas-em-bertioga-oferta-e-temporada-2026.html,blog,BlogPosting,BlogPosting,SCHEMA_OK,valid
blog/litoralnorte-imoveis-no-centro-de-ubatuba-oferta-e-temporada-em-2026.html,blog,BlogPosting,BlogPosting,SCHEMA_OK,valid
blog/litoralnorte-modelo-de-contrato-de-temporada-para-o-litoral-norte.html,blog,BlogPosting,BlogPosting,SCHEMA_OK,valid
blog/litoralnorte-vantagens-de-investir-em-imoveis-no-litoral-norte-em-2026.html,blog,BlogPosting,BlogPosting,SCHEMA_OK,valid
blog/litoralsp-como-calcular-a-rentabilidade-de-um-imovel-de-temporada-no-litoral-de-sp-em-2026.html,blog,BlogPosting,BlogPosting,SCHEMA_OK,valid
blog/litoralsul-imoveis-em-peruibe-dicas-temporada-e-avaliacao-de-mercado-2026.html,blog,BlogPosting,BlogPosting,SCHEMA_OK,valid
blog/litoralsul-imoveis-em-peruibe-temporada-e-avaliacao-em-2026.html,blog,BlogPosting,BlogPosting,SCHEMA_OK,valid
blog/live-imovel-instagram-vender-litoral-2026.html,blog,"FAQPage,BreadcrumbList,BlogPosting,Article",BlogPosting,SCHEMA_OK,valid
blog/locacao-temporada-fiscal-documentos-2026.html,blog,BlogPosting,BlogPosting,SCHEMA_OK,valid
blog/locacao-temporada-litoral-seguro-obrigatorio-2026.html,blog,BlogPosting,BlogPosting,SCHEMA_OK,valid
blog/locacao-temporada-pet-friendly-litoral-2026.html,blog,"FAQPage,BreadcrumbList,BlogPosting,Article",BlogPosting,SCHEMA_OK,valid
blog/lucrar-aluguel-temporada-litoral-2026.html,blog,"FAQPage,BreadcrumbList,BlogPosting,Article",BlogPosting,SCHEMA_OK,valid
blog/machine-learning-imoveis-litoral.html,blog,"FAQPage,BreadcrumbList,BlogPosting,Article",BlogPosting,SCHEMA_OK,valid
blog/manual-atendimento-corretores-litoral-2026.html,blog,"FAQPage,BreadcrumbList,BlogPosting,Article",BlogPosting,SCHEMA_OK,valid
blog/mapas-bairros-seo-imobiliarias-litoral-2026.html,blog,"FAQPage,BreadcrumbList,BlogPosting,Article",BlogPosting,SCHEMA_OK,valid
blog/maresias-artigo-bairros-imoveis-2026.html,blog,"BlogPosting,BreadcrumbList",BlogPosting,SCHEMA_OK,valid
blog/maresias-artigo-cases-imoveis-2026.html,blog,"BlogPosting,BreadcrumbList",BlogPosting,SCHEMA_OK,valid
blog/maresias-artigo-compra-imoveis-2026.html,blog,"BlogPosting,BreadcrumbList",BlogPosting,SCHEMA_OK,valid
blog/maresias-artigo-editorial-imoveis-2026.html,blog,"BlogPosting,BreadcrumbList",BlogPosting,SCHEMA_OK,valid
blog/maresias-artigo-financiamento-imoveis-2026.html,blog,"BlogPosting,BreadcrumbList",BlogPosting,SCHEMA_OK,valid
blog/maresias-artigo-juridico-imoveis-2026.html,blog,"BlogPosting,BreadcrumbList",BlogPosting,SCHEMA_OK,valid
blog/maresias-artigo-locacao-temporada-imoveis-2026.html,blog,"BlogPosting,BreadcrumbList",BlogPosting,SCHEMA_OK,valid
blog/maresias-artigo-marketing-digital-imoveis-2026.html,blog,"BlogPosting,BreadcrumbList",BlogPosting,SCHEMA_OK,valid
blog/maresias-artigo-parcerias-imoveis-2026.html,blog,"BlogPosting,BreadcrumbList",BlogPosting,SCHEMA_OK,valid
blog/maresias-artigo-seo-local-imoveis-2026.html,blog,"BlogPosting,BreadcrumbList",BlogPosting,SCHEMA_OK,valid
blog/maresias-automacao-ia-imoveis-2026.html,blog,"BlogPosting,BreadcrumbList",BlogPosting,SCHEMA_OK,valid
blog/maresias-automacao-imobiliarias-2026.html,blog,"BlogPosting,BreadcrumbList",BlogPosting,SCHEMA_INVALID,invalid_json: Expecting property name enclosed in double quotes: line 7 column 5 (char 285)
blog/maresias-automacao-imoveis-2026.html,blog,"BlogPosting,BreadcrumbList",BlogPosting,SCHEMA_OK,valid
blog/maresias-bairros-imoveis-2026.html,blog,"BlogPosting,BreadcrumbList",BlogPosting,SCHEMA_INVALID,invalid_json: Expecting property name enclosed in double quotes: line 7 column 5 (char 290)
blog/maresias-case-de-sucesso-locacao-de-temporada-em-maresias-em-2026.html,blog,BlogPosting,BlogPosting,SCHEMA_OK,valid
blog/maresias-case-social-rapido-para-parcerias-em-maresias.html,blog,BlogPosting,BlogPosting,SCHEMA_OK,valid
blog/maresias-case-sucesso-automacao-imoveis-2026.html,blog,"BlogPosting,BreadcrumbList",BlogPosting,SCHEMA_OK,valid
blog/maresias-case-sucesso-cases-imoveis-2026.html,blog,"BlogPosting,BreadcrumbList",BlogPosting,SCHEMA_OK,valid
blog/maresias-case-sucesso-editorial-imoveis-2026.html,blog,"BlogPosting,BreadcrumbList",BlogPosting,SCHEMA_OK,valid
blog/maresias-case-sucesso-financiamento-imoveis-2026.html,blog,"BlogPosting,BreadcrumbList",BlogPosting,SCHEMA_OK,valid
blog/maresias-case-sucesso-juridico-imoveis-2026.html,blog,"BlogPosting,BreadcrumbList",BlogPosting,SCHEMA_OK,valid
blog/maresias-case-sucesso-marketing-digital-imoveis-2026.html,blog,"BlogPosting,BreadcrumbList",BlogPosting,SCHEMA_OK,valid
blog/maresias-case-sucesso-parcerias-imoveis-2026.html,blog,"BlogPosting,BreadcrumbList",BlogPosting,SCHEMA_OK,valid
blog/maresias-case-sucesso-seo-local-imoveis-2026.html,blog,"BlogPosting,BreadcrumbList",BlogPosting,SCHEMA_OK,valid
blog/maresias-cases-imoveis-2026.html,blog,"BlogPosting,BreadcrumbList",BlogPosting,SCHEMA_OK,valid
blog/maresias-checklist-automacao-imoveis-2026.html,blog,"BlogPosting,BreadcrumbList",BlogPosting,SCHEMA_OK,valid
blog/maresias-checklist-cases-imoveis-2026.html,blog,"BlogPosting,BreadcrumbList",BlogPosting,SCHEMA_OK,valid
blog/maresias-checklist-editorial-imoveis-2026.html,blog,"BlogPosting,BreadcrumbList",BlogPosting,SCHEMA_OK,valid
blog/maresias-checklist-financiamento-imoveis-2026.html,blog,"BlogPosting,BreadcrumbList",BlogPosting,SCHEMA_OK,valid
blog/maresias-checklist-investimento-imoveis-2026.html,blog,"BlogPosting,BreadcrumbList",BlogPosting,SCHEMA_OK,valid
blog/maresias-checklist-juridico-imoveis-2026.html,blog,"BlogPosting,BreadcrumbList",BlogPosting,SCHEMA_OK,valid
blog/maresias-checklist-locacao-temporada-imoveis-2026.html,blog,"BlogPosting,BreadcrumbList",BlogPosting,SCHEMA_OK,valid
blog/maresias-checklist-marketing-digital-imoveis-2026.html,blog,"BlogPosting,BreadcrumbList",BlogPosting,SCHEMA_OK,valid
blog/maresias-checklist-parcerias-imoveis-2026.html,blog,"BlogPosting,BreadcrumbList",BlogPosting,SCHEMA_OK,valid
blog/maresias-checklist-seo-local-imoveis-2026.html,blog,"BlogPosting,BreadcrumbList",BlogPosting,SCHEMA_OK,valid
blog/maresias-checklist-venda-imoveis-2026.html,blog,"BlogPosting,BreadcrumbList",BlogPosting,SCHEMA_OK,valid
blog/maresias-compra-venda-imoveis-2026.html,blog,"BlogPosting,BreadcrumbList",BlogPosting,SCHEMA_INVALID,invalid_json: Expecting property name enclosed in double quotes: line 7 column 5 (char 324)
blog/maresias-curso-automacao-imoveis-2026.html,blog,"BlogPosting,BreadcrumbList",BlogPosting,SCHEMA_OK,valid
blog/maresias-curso-bairros-imoveis-2026.html,blog,"BlogPosting,BreadcrumbList",BlogPosting,SCHEMA_OK,valid
blog/maresias-curso-cases-imoveis-2026.html,blog,"BlogPosting,BreadcrumbList",BlogPosting,SCHEMA_OK,valid
blog/maresias-curso-corretor-imoveis-2026.html,blog,"BlogPosting,BreadcrumbList",BlogPosting,SCHEMA_OK,valid
blog/maresias-curso-editorial-imoveis-2026.html,blog,"BlogPosting,BreadcrumbList",BlogPosting,SCHEMA_OK,valid
blog/maresias-curso-financiamento-imoveis-2026.html,blog,"BlogPosting,BreadcrumbList",BlogPosting,SCHEMA_OK,valid
blog/maresias-curso-investimento-imoveis-2026.html,blog,"BlogPosting,BreadcrumbList",BlogPosting,SCHEMA_OK,valid
blog/maresias-curso-juridico-imoveis-2026.html,blog,"BlogPosting,BreadcrumbList",BlogPosting,SCHEMA_OK,valid
blog/maresias-curso-locacao-temporada-imoveis-2026.html,blog,"BlogPosting,BreadcrumbList",BlogPosting,SCHEMA_OK,valid
blog/maresias-curso-marketing-digital-imoveis-2026.html,blog,"BlogPosting,BreadcrumbList",BlogPosting,SCHEMA_OK,valid
blog/maresias-curso-parcerias-imoveis-2026.html,blog,"BlogPosting,BreadcrumbList",BlogPosting,SCHEMA_OK,valid
blog/maresias-curso-seo-local-imoveis-2026.html,blog,"BlogPosting,BreadcrumbList",BlogPosting,SCHEMA_OK,valid
blog/maresias-editorial-2026.html,blog,"BlogPosting,BreadcrumbList",BlogPosting,SCHEMA_OK,valid
blog/maresias-editorial-imoveis-2026.html,blog,"BlogPosting,BreadcrumbList",BlogPosting,SCHEMA_INVALID,invalid_json: Expecting property name enclosed in double quotes: line 7 column 5 (char 299)
blog/maresias-financiamento-imoveis-2026.html,blog,"BlogPosting,BreadcrumbList",BlogPosting,SCHEMA_OK,valid
blog/maresias-guia-compra-imoveis-2026.html,blog,"BlogPosting,BreadcrumbList",BlogPosting,SCHEMA_OK,valid
blog/maresias-guia-investimento-imoveis-2026.html,blog,"BlogPosting,BreadcrumbList",BlogPosting,SCHEMA_OK,valid
blog/maresias-investimento-imoveis-2026.html,blog,"BlogPosting,BreadcrumbList",BlogPosting,SCHEMA_INVALID,invalid_json: Expecting property name enclosed in double quotes: line 7 column 5 (char 308)
blog/maresias-juridico-imoveis-2026.html,blog,"BlogPosting,BreadcrumbList",BlogPosting,SCHEMA_OK,valid
blog/maresias-locacao-temporada-imoveis-2026.html,blog,"BlogPosting,BreadcrumbList",BlogPosting,SCHEMA_OK,valid
blog/maresias-maresias-checklist-para-investimento-imobiliario-guia-2026.html,blog,BlogPosting,BlogPosting,SCHEMA_OK,valid
blog/maresias-maresias-checklist-para-locacao-de-temporada-guia-2026.html,blog,BlogPosting,BlogPosting,SCHEMA_OK,valid
blog/maresias-maresias-checklist-para-venda-de-imoveis-guia-2026.html,blog,BlogPosting,BlogPosting,SCHEMA_OK,valid
blog/maresias-maresias-compra-e-venda-de-imoveis-guia-2026.html,blog,BlogPosting,BlogPosting,SCHEMA_OK,valid
blog/maresias-maresias-curso-de-investimento-imobiliario-guia-2026.html,blog,BlogPosting,BlogPosting,SCHEMA_OK,valid
blog/maresias-maresias-curso-de-locacao-de-temporada-guia-2026.html,blog,BlogPosting,BlogPosting,SCHEMA_OK,valid
blog/maresias-maresias-curso-para-corretor-de-imoveis-guia-2026.html,blog,BlogPosting,BlogPosting,SCHEMA_OK,valid
blog/maresias-maresias-guia-para-compra-de-imoveis-analise-2026.html,blog,BlogPosting,BlogPosting,SCHEMA_OK,valid
blog/maresias-maresias-guia-para-investimento-imobiliario-analise-2026.html,blog,BlogPosting,BlogPosting,SCHEMA_OK,valid
blog/maresias-maresias-investimento-em-imoveis-analise-2026.html,blog,BlogPosting,BlogPosting,SCHEMA_OK,valid
blog/maresias-maresias-locacao-temporada-guia-2026.html,blog,BlogPosting,BlogPosting,SCHEMA_OK,valid
blog/maresias-maresias-marketing-digital-para-imoveis-guia-2026.html,blog,BlogPosting,BlogPosting,SCHEMA_OK,valid
blog/maresias-marketing-digital-imobiliarias-2026.html,blog,"BlogPosting,BreadcrumbList",BlogPosting,SCHEMA_INVALID,invalid_json: Expecting property name enclosed in double quotes: line 7 column 5 (char 296)
blog/maresias-marketing-digital-imoveis-2026.html,blog,"BlogPosting,BreadcrumbList",BlogPosting,SCHEMA_OK,valid
blog/maresias-parcerias-imobiliarias-2026.html,blog,"BlogPosting,BreadcrumbList",BlogPosting,SCHEMA_INVALID,invalid_json: Expecting property name enclosed in double quotes: line 7 column 5 (char 270)
blog/maresias-parcerias-imoveis-2026.html,blog,"BlogPosting,BreadcrumbList",BlogPosting,SCHEMA_OK,valid
blog/maresias-rentabilidade-imoveis-2026.html,blog,"BlogPosting,BreadcrumbList",BlogPosting,SCHEMA_INVALID,invalid_json: Expecting property name enclosed in double quotes: line 7 column 5 (char 308)
blog/maresias-seo-local-em-maresias-para-imoveis.html,blog,BlogPosting,BlogPosting,SCHEMA_OK,valid
blog/maresias-seo-local-imoveis-2026.html,blog,"BlogPosting,BreadcrumbList",BlogPosting,SCHEMA_OK,valid
blog/maresias-temporada-gestao-imoveis-2026.html,blog,"BlogPosting,BreadcrumbList",BlogPosting,SCHEMA_INVALID,invalid_json: Expecting property name enclosed in double quotes: line 7 column 5 (char 297)
blog/marina-usucapiao-averbacao-imoveis-litoral-sp-2026.html,blog,Article,BlogPosting,SCHEMA_MISMATCH,valid
blog/marketing-2026-digital-no-litoral-2026-07-21.html,blog,"FAQPage,BreadcrumbList,BlogPosting,Article",BlogPosting,SCHEMA_OK,valid
blog/marketing-2026-digital-para-corretores-2026-07-17.html,blog,"FAQPage,BreadcrumbList,BlogPosting,Article",BlogPosting,SCHEMA_OK,valid
blog/marketing-2026-imobiliário-para-corretores-2026-07-24.html,blog,"FAQPage,BreadcrumbList,BlogPosting,Article",BlogPosting,SCHEMA_OK,valid
blog/marketing-2026-no-litoral-digital-2026-07-23.html,blog,"FAQPage,BreadcrumbList,BlogPosting,Article",BlogPosting,SCHEMA_OK,valid
blog/marketing-2026-para-corretores-imobiliário-2026-08-06.html,blog,BreadcrumbList,BlogPosting,SCHEMA_MISMATCH,valid
blog/marketing-2026-redes-sociais-digital-2026-07-16.html,blog,"FAQPage,BreadcrumbList,BlogPosting,Article",BlogPosting,SCHEMA_OK,valid
blog/marketing-conteudo-imobiliarias-blog-converte-leads-2026.html,blog,"BlogPosting,BreadcrumbList,FAQPage",BlogPosting,SCHEMA_OK,valid
blog/marketing-conteudo-imobiliarias-litoral-calendario-editorial-2026.html,blog,BlogPosting,BlogPosting,SCHEMA_OK,valid
blog/marketing-de-conteudo-para-imobiliarias-blog-converte-leads-2026.html,blog,"BlogPosting,BreadcrumbList,FAQPage",BlogPosting,SCHEMA_OK,valid
blog/marketing-digital-2026-para-corretores-2026-08-01.html,blog,"FAQPage,BreadcrumbList,BlogPosting,Article",BlogPosting,SCHEMA_OK,valid
blog/marketing-digital-corretores-litoral.html,blog,"FAQPage,BreadcrumbList,BlogPosting,Article",BlogPosting,SCHEMA_OK,valid
blog/marketing-digital-imobiliaria-litoral-2026.html,blog,"FAQPage,BreadcrumbList,BlogPosting,Article",BlogPosting,SCHEMA_OK,valid
blog/marketing-digital-imobiliaria-litoral-paulista.html,blog,"FAQPage,BreadcrumbList,BlogPosting,Article",BlogPosting,SCHEMA_OK,valid
blog/marketing-digital-imobiliarias-litoral-estrategias-leads-qualificados-2026.html,blog,BlogPosting,BlogPosting,SCHEMA_OK,valid
blog/marketing-digital-imobiliarias-locais-litoral-2026.html,blog,"FAQPage,BreadcrumbList,BlogPosting,Article",BlogPosting,SCHEMA_OK,valid
blog/marketing-digital-imobiliario-gratuito-2026.html,blog,"FAQPage,BreadcrumbList,BlogPosting,Article",BlogPosting,SCHEMA_OK,valid
blog/marketing-digital-imoveis-luxo-exterior-litoral-2026.html,blog,"FAQPage,BreadcrumbList,BlogPosting,Article",BlogPosting,SCHEMA_OK,valid
blog/marketing-digital-no-litoral-2026-2026-08-03.html,blog,"BlogPosting,Article,FAQPage,BreadcrumbList",BlogPosting,SCHEMA_OK,valid
blog/marketing-digital-pequenas-imobiliarias-litoral-2026.html,blog,"FAQPage,BreadcrumbList,BlogPosting,Article",BlogPosting,SCHEMA_OK,valid
blog/marketing-imobiliaria-seo-local-litoral-2026.html,blog,BlogPosting,BlogPosting,SCHEMA_OK,valid
blog/marketing-imobiliaria-verao-2026.html,blog,"FAQPage,BreadcrumbList,BlogPosting,Article",BlogPosting,SCHEMA_OK,valid
blog/marketing-imobiliarias-instagram-litoral-2026.html,blog,BlogPosting,BlogPosting,SCHEMA_OK,valid
blog/marketing-imobiliario-redes-sociais-litoral-2026.html,blog,"FAQPage,BreadcrumbList,BlogPosting,Article",BlogPosting,SCHEMA_OK,valid
blog/marketing-imobiliário-2026-redes-sociais-2026-08-09.html,blog,BlogPosting,BlogPosting,SCHEMA_OK,valid
blog/marketing-lancamentos-imobiliarios-litoral-paulista-2026.html,blog,"FAQPage,BreadcrumbList,BlogPosting,Article",BlogPosting,SCHEMA_OK,valid
blog/marketing-local-imobiliarias-litoral-ia.html,blog,"FAQPage,BreadcrumbList,BlogPosting,Article",BlogPosting,SCHEMA_OK,valid
blog/marketing-local-imoveis-bairros-especificos-litoral-2026.html,blog,BlogPosting,BlogPosting,SCHEMA_OK,valid
blog/marketing-no-litoral-2026-redes-sociais-2026-08-11.html,blog,BlogPosting,BlogPosting,SCHEMA_OK,valid
blog/marketing-no-litoral-redes-sociais-imobiliário-2026-07-19.html,blog,"FAQPage,BreadcrumbList,BlogPosting,Article",BlogPosting,SCHEMA_OK,valid
blog/marketing-para-corretores-litoral-conteudo-vende-2026.html,blog,BlogPosting,BlogPosting,SCHEMA_OK,valid
blog/marketing-para-corretores-redes-sociais-no-litoral-2026-07-16.html,blog,"FAQPage,BreadcrumbList,BlogPosting,Article",BlogPosting,SCHEMA_OK,valid
blog/marketing-por-whatsapp-corretores-litoral-2026.html,blog,"FAQPage,BreadcrumbList,BlogPosting,Article",BlogPosting,SCHEMA_OK,valid
blog/marketing-redes-sociais-digital-no-litoral-2026-07-22.html,blog,"FAQPage,BreadcrumbList,BlogPosting,Article",BlogPosting,SCHEMA_OK,valid
blog/marketing-redes-sociais-imobiliário-digital-2026-08-18.html,blog,BlogPosting,BlogPosting,SCHEMA_OK,valid
blog/marketing-redes-sociais-imobiliário-para-corretores-2026-07-20.html,blog,"FAQPage,BreadcrumbList,BlogPosting,Article",BlogPosting,SCHEMA_OK,valid
blog/marketing-redes-sociais-no-litoral-2026-2026-07-10.html,blog,"FAQPage,BreadcrumbList,BlogPosting,Article",BlogPosting,SCHEMA_OK,valid
blog/marketing-temporada-litoral-paulista-2026.html,blog,"FAQPage,BreadcrumbList,BlogPosting,Article",BlogPosting,SCHEMA_OK,valid
blog/marketing-temporada-verao-2026.html,blog,"FAQPage,BreadcrumbList,BlogPosting,Article",BlogPosting,SCHEMA_OK,valid
blog/marketplace-imoveis-litoral-2026.html,blog,"FAQPage,BreadcrumbList,BlogPosting,Article",BlogPosting,SCHEMA_OK,valid
blog/matematica-financeira-imoveis-creci-2026.html,blog,"FAQPage,BreadcrumbList,BlogPosting,Article",BlogPosting,SCHEMA_OK,valid
blog/medir-resultados-parcerias-imobiliarias-litoral-2026-v2.html,blog,BlogPosting,BlogPosting,SCHEMA_OK,valid
blog/medir-resultados-parcerias-imobiliarias-litoral-2026.html,blog,BlogPosting,BlogPosting,SCHEMA_OK,valid
blog/medo-comprar-imovel-distancia-2026.html,blog,"FAQPage,BreadcrumbList,BlogPosting,Article",BlogPosting,SCHEMA_OK,valid
blog/melhor-bairro-investir-litoral-2026.html,blog,"FAQPage,BreadcrumbList,BlogPosting,Article",BlogPosting,SCHEMA_OK,valid
blog/melhor-cidade-investir-litoral-2026.html,blog,"FAQPage,BreadcrumbList,BlogPosting,Article",BlogPosting,SCHEMA_OK,valid
blog/melhor-dia-divulgar-imoveis-litoral-2026.html,blog,"FAQPage,BreadcrumbList,BlogPosting,Article",BlogPosting,SCHEMA_OK,valid
blog/melhor-epoca-alugar-temporada-litoral-2026.html,blog,"BreadcrumbList,Article",BlogPosting,SCHEMA_MISMATCH,valid
blog/melhor-epoca-captar-imoveis-litoral-2026.html,blog,"FAQPage,BreadcrumbList,BlogPosting,Article",BlogPosting,SCHEMA_OK,valid
blog/melhor-epoca-comprar-imovel-litoral-2026.html,blog,"FAQPage,BreadcrumbList,BlogPosting,Article",BlogPosting,SCHEMA_OK,valid
blog/melhor-regiao-investir-litoral-2026.html,blog,"FAQPage,BreadcrumbList,BlogPosting,Article",BlogPosting,SCHEMA_OK,valid
blog/melhores-bairros-investir-imobiliario-santos-guaruja-em-peruíbe-2026-07-12.html,blog,"FAQPage,BreadcrumbList,BlogPosting,Article",BlogPosting,SCHEMA_OK,valid
blog/melhores-bairros-investir-litoral-paulista-2026.html,blog,"FAQPage,BreadcrumbList,BlogPosting,Article",BlogPosting,SCHEMA_OK,valid
blog/melhores-bairros-litoral-paulista-2026.html,blog,"FAQPage,BreadcrumbList,BlogPosting,Article",BlogPosting,SCHEMA_OK,valid
blog/melhores-bairros-para-morar-em-ubatuba-familias-em-itanhaém-2026-07-13.html,blog,"FAQPage,BreadcrumbList,BlogPosting,Article",BlogPosting,SCHEMA_OK,valid
blog/melhores-cidades-investir-imoveis-litoral-2026.html,blog,"FAQPage,BreadcrumbList,BlogPosting,Article",BlogPosting,SCHEMA_OK,valid
blog/melhores-corretoras-imoveis-litoral-paulista-2026.html,blog,"FAQPage,BreadcrumbList,BlogPosting,Article",BlogPosting,SCHEMA_OK,valid
blog/melhores-praias-litoral-paulista-investir-2026.html,blog,"FAQPage,BreadcrumbList,BlogPosting,Article",BlogPosting,SCHEMA_OK,valid
blog/mensuracao-attribution-marketing-imobiliario-local-litoral-2026.html,blog,BlogPosting,BlogPosting,SCHEMA_OK,valid
blog/mercado-bertioga-2026.html,blog,"FAQPage,BreadcrumbList,BlogPosting,Article",BlogPosting,SCHEMA_OK,valid
blog/mercado-imobiliario-litoral-investidores-2026.html,blog,"FAQPage,BreadcrumbList,BlogPosting,Article",BlogPosting,SCHEMA_OK,valid
blog/mercado-imobiliario-litoral-paulista-2026.html,blog,"BreadcrumbList,Article",BlogPosting,SCHEMA_MISMATCH,valid
blog/mercado-imobiliario-verao-2026.html,blog,"FAQPage,BreadcrumbList,BlogPosting,Article",BlogPosting,SCHEMA_OK,valid
blog/mercado-internacional-imoveis-litoral-paulista-2026.html,blog,"FAQPage,BreadcrumbList,BlogPosting,Article",BlogPosting,SCHEMA_OK,valid
blog/mercado-inverno-litoral-oportunidade.html,blog,"FAQPage,BreadcrumbList,BlogPosting,Article",BlogPosting,SCHEMA_OK,valid
blog/meta-ads-imobiliarias-litoral-facebook-instagram-2026.html,blog,BlogPosting,BlogPosting,SCHEMA_OK,valid
blog/metas-okr-imobiliarias-litoral-pratico-2026.html,blog,BlogPosting,BlogPosting,SCHEMA_OK,valid
blog/metodo-comparativo-avaliacao-litoral-2026.html,blog,"FAQPage,BreadcrumbList,BlogPosting,Article",BlogPosting,SCHEMA_OK,valid
blog/metodos-pagamento-locacao-temporada-litoral-2026.html,blog,"FAQPage,BreadcrumbList,BlogPosting,Article",BlogPosting,SCHEMA_OK,valid
blog/metricas-essenciais-imobiliaria-litoral-2026.html,blog,"FAQPage,BreadcrumbList,BlogPosting,Article",BlogPosting,SCHEMA_OK,valid
blog/metricas-essenciais-para-corretores-em-bertioga-bertioga.html,blog,"FAQPage,BreadcrumbList,BlogPosting,Article",BlogPosting,SCHEMA_OK,valid
blog/metricas-essenciais-para-corretores-em-cananeia-cananeia.html,blog,"FAQPage,BreadcrumbList,BlogPosting,Article",BlogPosting,SCHEMA_OK,valid
blog/metricas-essenciais-para-corretores-em-caraguatatuba-caraguatatuba.html,blog,"FAQPage,BreadcrumbList,BlogPosting,Article",BlogPosting,SCHEMA_OK,valid
blog/metricas-essenciais-para-corretores-em-iguape-iguape.html,blog,"FAQPage,BreadcrumbList,BlogPosting,Article",BlogPosting,SCHEMA_OK,valid
blog/metricas-essenciais-para-corretores-em-ilhabela-ilhabela.html,blog,"FAQPage,BreadcrumbList,BlogPosting,Article",BlogPosting,SCHEMA_OK,valid
blog/metricas-essenciais-para-corretores-em-sao-sebastiao-sao-sebastiao.html,blog,"FAQPage,BreadcrumbList,BlogPosting,Article",BlogPosting,SCHEMA_OK,valid
blog/metricas-site-imobiliarias-litoral-2026.html,blog,"FAQPage,BreadcrumbList,BlogPosting,Article",BlogPosting,SCHEMA_OK,valid
blog/midia-profissional-imoveis-litoral-2026.html,blog,"BreadcrumbList,Article",BlogPosting,SCHEMA_MISMATCH,valid
blog/migracao-ferramentas-imobiliaria-litoral-2026.html,blog,"FAQPage,BreadcrumbList,BlogPosting,Article",BlogPosting,SCHEMA_OK,valid
blog/mini-site-imobiliaria-local-captacao-litoral-2026.html,blog,"FAQPage,BreadcrumbList,BlogPosting,Article",BlogPosting,SCHEMA_OK,valid
blog/modelo-apresentacao-imovel-corretores-2026.html,blog,"FAQPage,BreadcrumbList,BlogPosting,Article",BlogPosting,SCHEMA_OK,valid
blog/modelo-assinatura-profissional-corretores-litoral-2026.html,blog,"FAQPage,BreadcrumbList,BlogPosting,Article",BlogPosting,SCHEMA_OK,valid
blog/modelo-avaliacao-mercado-imobiliarias-litoral-2026.html,blog,"FAQPage,BreadcrumbList,BlogPosting,Article",BlogPosting,SCHEMA_OK,valid
blog/modelo-contrato-aluguel-temporada-litoral-paulista-2026.html,blog,"FAQPage,BreadcrumbList,BlogPosting,Article",BlogPosting,SCHEMA_OK,valid
blog/modelo-contrato-aluguel-temporada-litoral.html,blog,"FAQPage,BreadcrumbList,BlogPosting,Article",BlogPosting,SCHEMA_OK,valid
blog/modelo-contrato-temporada-litoral-norte-2026.html,blog,"FAQPage,BreadcrumbList,BlogPosting,Article",BlogPosting,SCHEMA_OK,valid
blog/modelo-de-apresentacao-para-imoveis-em-cananeia-cananeia.html,blog,"FAQPage,BreadcrumbList,BlogPosting,Article",BlogPosting,SCHEMA_OK,valid
blog/modelo-de-apresentacao-para-imoveis-em-caraguatatuba-caraguatatuba.html,blog,"FAQPage,BreadcrumbList,BlogPosting,Article",BlogPosting,SCHEMA_OK,valid
blog/modelo-de-apresentacao-para-imoveis-em-guaruja-guaruja.html,blog,"FAQPage,BreadcrumbList,BlogPosting,Article",BlogPosting,SCHEMA_OK,valid
blog/modelo-de-apresentacao-para-imoveis-em-iguape-iguape.html,blog,"FAQPage,BreadcrumbList,BlogPosting,Article",BlogPosting,SCHEMA_OK,valid
blog/modelo-de-apresentacao-para-imoveis-em-maresias-maresias.html,blog,"FAQPage,BreadcrumbList,BlogPosting,Article",BlogPosting,SCHEMA_OK,valid
blog/modelo-de-apresentacao-para-imoveis-em-praia-grande-praia-grande.html,blog,"FAQPage,BreadcrumbList,BlogPosting,Article",BlogPosting,SCHEMA_OK,valid
blog/modelo-de-apresentacao-para-imoveis-em-sao-sebastiao-sao-sebastiao.html,blog,"FAQPage,BreadcrumbList,BlogPosting,Article",BlogPosting,SCHEMA_OK,valid
blog/modelo-de-apresentacao-para-imoveis-em-ubatuba-ubatuba.html,blog,"FAQPage,BreadcrumbList,BlogPosting,Article",BlogPosting,SCHEMA_OK,valid
blog/modelo-de-proposta-de-venda-imovel-temporada-praia-em-ilhabela-2026-07-12.html,blog,"FAQPage,BreadcrumbList,BlogPosting,Article",BlogPosting,SCHEMA_OK,valid
blog/modelo-parceria-ganho-compartilhado-imobiliaria-litoral-paulista.html,blog,"FAQPage,BreadcrumbList,BlogPosting,Article",BlogPosting,SCHEMA_OK,valid
blog/modelo-parceria-imobiliaria-ia-litoral.html,blog,"FAQPage,BreadcrumbList,BlogPosting,Article",BlogPosting,SCHEMA_OK,valid
blog/modelo-parceria-imobiliarias-litoral-paulista-2026.html,blog,"FAQPage,BreadcrumbList,BlogPosting,Article",BlogPosting,SCHEMA_OK,valid
blog/modelo-proposta-imobiliaria-digital-litoral.html,blog,"FAQPage,BreadcrumbList,BlogPosting,Article",BlogPosting,SCHEMA_OK,valid
blog/modelo-proposta-parceria-imobiliaria-litoral-2026.html,blog,"FAQPage,BreadcrumbList,BlogPosting,Article",BlogPosting,SCHEMA_OK,valid
blog/modelo-proposta-venda-imovel-litoral-paulista-2026.html,blog,"BlogPosting,BreadcrumbList,FAQPage",BlogPosting,SCHEMA_OK,valid
blog/modelo-renda-mista-aluguel-venda-litoral-2026.html,blog,"FAQPage,BreadcrumbList,BlogPosting,Article",BlogPosting,SCHEMA_OK,valid
blog/modelo-white-label-imobiliaria-ia.html,blog,"FAQPage,BreadcrumbList,BlogPosting,Article",BlogPosting,SCHEMA_OK,valid
blog/modelos-financiamento-compra-temporada-2026.html,blog,"FAQPage,BreadcrumbList,BlogPosting,Article",BlogPosting,SCHEMA_OK,valid
blog/modelos-planilhas-corretores-litoral-2026.html,blog,"FAQPage,BreadcrumbList,BlogPosting,Article",BlogPosting,SCHEMA_OK,valid
blog/mongagua-artigo-bairros-imoveis-2026.html,blog,"BlogPosting,BreadcrumbList",BlogPosting,SCHEMA_OK,valid
blog/mongagua-artigo-cases-imoveis-2026.html,blog,"BlogPosting,BreadcrumbList",BlogPosting,SCHEMA_OK,valid
blog/mongagua-artigo-compra-imoveis-2026.html,blog,"BlogPosting,BreadcrumbList",BlogPosting,SCHEMA_OK,valid
blog/mongagua-artigo-editorial-imoveis-2026.html,blog,"BlogPosting,BreadcrumbList",BlogPosting,SCHEMA_OK,valid
blog/mongagua-artigo-financiamento-imoveis-2026.html,blog,"BlogPosting,BreadcrumbList",BlogPosting,SCHEMA_OK,valid
blog/mongagua-artigo-investimento-imoveis-2026.html,blog,"BlogPosting,BreadcrumbList",BlogPosting,SCHEMA_OK,valid
blog/mongagua-artigo-juridico-imoveis-2026.html,blog,"BlogPosting,BreadcrumbList",BlogPosting,SCHEMA_OK,valid
blog/mongagua-artigo-locacao-temporada-imoveis-2026.html,blog,"BlogPosting,BreadcrumbList",BlogPosting,SCHEMA_OK,valid
blog/mongagua-artigo-marketing-digital-imoveis-2026.html,blog,"BlogPosting,BreadcrumbList",BlogPosting,SCHEMA_OK,valid
blog/mongagua-artigo-parcerias-imoveis-2026.html,blog,"BlogPosting,BreadcrumbList",BlogPosting,SCHEMA_OK,valid
blog/mongagua-artigo-seo-local-imoveis-2026.html,blog,"BlogPosting,BreadcrumbList",BlogPosting,SCHEMA_OK,valid
blog/mongagua-automacao-ia-imoveis-2026.html,blog,"BlogPosting,BreadcrumbList",BlogPosting,SCHEMA_OK,valid
blog/mongagua-automacao-imobiliarias-2026.html,blog,"BlogPosting,BreadcrumbList",BlogPosting,SCHEMA_INVALID,invalid_json: Expecting property name enclosed in double quotes: line 7 column 5 (char 307)
blog/mongagua-automacao-imoveis-2026.html,blog,"BlogPosting,BreadcrumbList",BlogPosting,SCHEMA_OK,valid
blog/mongagua-bairros-imoveis-2026.html,blog,"BlogPosting,BreadcrumbList",BlogPosting,SCHEMA_INVALID,invalid_json: Expecting property name enclosed in double quotes: line 7 column 5 (char 290)
blog/mongagua-case-sucesso-automacao-imoveis-2026.html,blog,"BlogPosting,BreadcrumbList",BlogPosting,SCHEMA_OK,valid
blog/mongagua-case-sucesso-bairros-imoveis-2026.html,blog,"BlogPosting,BreadcrumbList",BlogPosting,SCHEMA_OK,valid
blog/mongagua-case-sucesso-cases-imoveis-2026.html,blog,"BlogPosting,BreadcrumbList",BlogPosting,SCHEMA_OK,valid
blog/mongagua-case-sucesso-editorial-imoveis-2026.html,blog,"BlogPosting,BreadcrumbList",BlogPosting,SCHEMA_OK,valid
blog/mongagua-case-sucesso-financiamento-imoveis-2026.html,blog,"BlogPosting,BreadcrumbList",BlogPosting,SCHEMA_OK,valid
blog/mongagua-case-sucesso-juridico-imoveis-2026.html,blog,"BlogPosting,BreadcrumbList",BlogPosting,SCHEMA_OK,valid
blog/mongagua-case-sucesso-marketing-digital-imoveis-2026.html,blog,"BlogPosting,BreadcrumbList",BlogPosting,SCHEMA_OK,valid
blog/mongagua-case-sucesso-parcerias-imoveis-2026.html,blog,"BlogPosting,BreadcrumbList",BlogPosting,SCHEMA_OK,valid
blog/mongagua-case-sucesso-seo-local-imoveis-2026.html,blog,"BlogPosting,BreadcrumbList",BlogPosting,SCHEMA_OK,valid
blog/mongagua-cases-imoveis-2026.html,blog,"BlogPosting,BreadcrumbList",BlogPosting,SCHEMA_OK,valid
blog/mongagua-checklist-automacao-imoveis-2026.html,blog,"BlogPosting,BreadcrumbList",BlogPosting,SCHEMA_OK,valid
blog/mongagua-checklist-bairros-imoveis-2026.html,blog,"BlogPosting,BreadcrumbList",BlogPosting,SCHEMA_OK,valid
blog/mongagua-checklist-cases-imoveis-2026.html,blog,"BlogPosting,BreadcrumbList",BlogPosting,SCHEMA_OK,valid
blog/mongagua-checklist-editorial-imoveis-2026.html,blog,"BlogPosting,BreadcrumbList",BlogPosting,SCHEMA_OK,valid
blog/mongagua-checklist-financiamento-imoveis-2026.html,blog,"BlogPosting,BreadcrumbList",BlogPosting,SCHEMA_OK,valid
blog/mongagua-checklist-investimento-imoveis-2026.html,blog,"BlogPosting,BreadcrumbList",BlogPosting,SCHEMA_OK,valid
blog/mongagua-checklist-juridico-imoveis-2026.html,blog,"BlogPosting,BreadcrumbList",BlogPosting,SCHEMA_OK,valid
blog/mongagua-checklist-locacao-temporada-imoveis-2026.html,blog,"BlogPosting,BreadcrumbList",BlogPosting,SCHEMA_OK,valid
blog/mongagua-checklist-marketing-digital-imoveis-2026.html,blog,"BlogPosting,BreadcrumbList",BlogPosting,SCHEMA_OK,valid
blog/mongagua-checklist-parcerias-imoveis-2026.html,blog,"BlogPosting,BreadcrumbList",BlogPosting,SCHEMA_OK,valid
blog/mongagua-checklist-seo-local-imoveis-2026.html,blog,"BlogPosting,BreadcrumbList",BlogPosting,SCHEMA_OK,valid
blog/mongagua-checklist-venda-imoveis-2026.html,blog,"BlogPosting,BreadcrumbList",BlogPosting,SCHEMA_OK,valid
blog/mongagua-compra-venda-imoveis-2026.html,blog,"BlogPosting,BreadcrumbList",BlogPosting,SCHEMA_INVALID,invalid_json: Expecting property name enclosed in double quotes: line 7 column 5 (char 324)
blog/mongagua-curso-automacao-imoveis-2026.html,blog,"BlogPosting,BreadcrumbList",BlogPosting,SCHEMA_OK,valid
blog/mongagua-curso-bairros-imoveis-2026.html,blog,"BlogPosting,BreadcrumbList",BlogPosting,SCHEMA_OK,valid
blog/mongagua-curso-cases-imoveis-2026.html,blog,"BlogPosting,BreadcrumbList",BlogPosting,SCHEMA_OK,valid
blog/mongagua-curso-corretor-imoveis-2026.html,blog,"BlogPosting,BreadcrumbList",BlogPosting,SCHEMA_OK,valid
blog/mongagua-curso-editorial-imoveis-2026.html,blog,"BlogPosting,BreadcrumbList",BlogPosting,SCHEMA_OK,valid
blog/mongagua-curso-financiamento-imoveis-2026.html,blog,"BlogPosting,BreadcrumbList",BlogPosting,SCHEMA_OK,valid
blog/mongagua-curso-investimento-imoveis-2026.html,blog,"BlogPosting,BreadcrumbList",BlogPosting,SCHEMA_OK,valid
blog/mongagua-curso-juridico-imoveis-2026.html,blog,"BlogPosting,BreadcrumbList",BlogPosting,SCHEMA_OK,valid
blog/mongagua-curso-locacao-temporada-imoveis-2026.html,blog,"BlogPosting,BreadcrumbList",BlogPosting,SCHEMA_OK,valid
blog/mongagua-curso-marketing-digital-imoveis-2026.html,blog,"BlogPosting,BreadcrumbList",BlogPosting,SCHEMA_OK,valid
blog/mongagua-curso-parcerias-imoveis-2026.html,blog,"BlogPosting,BreadcrumbList",BlogPosting,SCHEMA_OK,valid
blog/mongagua-curso-seo-local-imoveis-2026.html,blog,"BlogPosting,BreadcrumbList",BlogPosting,SCHEMA_OK,valid
blog/mongagua-editorial-2026.html,blog,"BlogPosting,BreadcrumbList",BlogPosting,SCHEMA_OK,valid
blog/mongagua-editorial-imoveis-2026.html,blog,"BlogPosting,BreadcrumbList",BlogPosting,SCHEMA_INVALID,invalid_json: Expecting property name enclosed in double quotes: line 7 column 5 (char 299)
blog/mongagua-financiamento-imoveis-2026.html,blog,"BlogPosting,BreadcrumbList",BlogPosting,SCHEMA_OK,valid
blog/mongagua-guia-compra-imoveis-2026.html,blog,"BlogPosting,BreadcrumbList",BlogPosting,SCHEMA_OK,valid
blog/mongagua-guia-investimento-imoveis-2026.html,blog,"BlogPosting,BreadcrumbList",BlogPosting,SCHEMA_OK,valid
blog/mongagua-guia-locacao-temporada-imoveis-2026.html,blog,"BlogPosting,BreadcrumbList",BlogPosting,SCHEMA_OK,valid
blog/mongagua-investimento-imoveis-2026.html,blog,"BlogPosting,BreadcrumbList",BlogPosting,SCHEMA_INVALID,invalid_json: Expecting property name enclosed in double quotes: line 7 column 5 (char 308)
blog/mongagua-juridico-imoveis-2026.html,blog,"BlogPosting,BreadcrumbList",BlogPosting,SCHEMA_OK,valid
blog/mongagua-locacao-temporada-imoveis-2026.html,blog,"BlogPosting,BreadcrumbList",BlogPosting,SCHEMA_OK,valid
blog/mongagua-marketing-digital-imobiliarias-2026.html,blog,"BlogPosting,BreadcrumbList",BlogPosting,SCHEMA_INVALID,invalid_json: Expecting property name enclosed in double quotes: line 7 column 5 (char 297)
blog/mongagua-marketing-digital-imoveis-2026.html,blog,"BlogPosting,BreadcrumbList",BlogPosting,SCHEMA_OK,valid
blog/mongagua-mongagua-checklist-para-investimento-imobiliario-guia-2026.html,blog,BlogPosting,BlogPosting,SCHEMA_OK,valid
blog/mongagua-mongagua-checklist-para-locacao-de-temporada-guia-2026.html,blog,BlogPosting,BlogPosting,SCHEMA_OK,valid
blog/mongagua-mongagua-checklist-para-venda-de-imoveis-guia-2026.html,blog,BlogPosting,BlogPosting,SCHEMA_OK,valid
blog/mongagua-mongagua-compra-e-venda-de-imoveis-guia-2026.html,blog,BlogPosting,BlogPosting,SCHEMA_OK,valid
blog/mongagua-mongagua-curso-de-investimento-imobiliario-guia-2026.html,blog,BlogPosting,BlogPosting,SCHEMA_OK,valid
blog/mongagua-mongagua-curso-de-locacao-de-temporada-guia-2026.html,blog,BlogPosting,BlogPosting,SCHEMA_OK,valid
blog/mongagua-mongagua-curso-para-corretor-de-imoveis-guia-2026.html,blog,BlogPosting,BlogPosting,SCHEMA_OK,valid
blog/mongagua-mongagua-guia-para-compra-de-imoveis-analise-2026.html,blog,BlogPosting,BlogPosting,SCHEMA_OK,valid
blog/mongagua-mongagua-guia-para-investimento-imobiliario-analise-2026.html,blog,BlogPosting,BlogPosting,SCHEMA_OK,valid
blog/mongagua-mongagua-guia-para-locacao-de-temporada-analise-2026.html,blog,BlogPosting,BlogPosting,SCHEMA_OK,valid
blog/mongagua-mongagua-investimento-em-imoveis-analise-2026.html,blog,BlogPosting,BlogPosting,SCHEMA_OK,valid
blog/mongagua-mongagua-locacao-temporada-guia-2026.html,blog,BlogPosting,BlogPosting,SCHEMA_OK,valid
blog/mongagua-mongagua-marketing-digital-para-imoveis-guia-2026.html,blog,BlogPosting,BlogPosting,SCHEMA_OK,valid
blog/mongagua-parcerias-imobiliarias-2026.html,blog,"BlogPosting,BreadcrumbList",BlogPosting,SCHEMA_INVALID,invalid_json: Expecting property name enclosed in double quotes: line 7 column 5 (char 297)
blog/mongagua-parcerias-imoveis-2026.html,blog,"BlogPosting,BreadcrumbList",BlogPosting,SCHEMA_OK,valid
blog/mongagua-praias-familiares-2026-sp-2026-07-14.html,blog,"FAQPage,BreadcrumbList,BlogPosting,Article",BlogPosting,SCHEMA_OK,valid
blog/mongagua-rentabilidade-imoveis-2026.html,blog,"BlogPosting,BreadcrumbList",BlogPosting,SCHEMA_INVALID,invalid_json: Expecting property name enclosed in double quotes: line 7 column 5 (char 308)
blog/mongagua-seo-local-imoveis-2026.html,blog,"BlogPosting,BreadcrumbList",BlogPosting,SCHEMA_OK,valid
blog/mongagua-temporada-gestao-imoveis-2026.html,blog,"BlogPosting,BreadcrumbList",BlogPosting,SCHEMA_INVALID,invalid_json: Expecting property name enclosed in double quotes: line 7 column 5 (char 297)
blog/montar-carteira-imoveis-aluguel-temporada-guia-investidor-litoral-2026.html,blog,BlogPosting,BlogPosting,SCHEMA_OK,valid
blog/montar-carteira-imoveis-temporada-litoral-2026.html,blog,"BlogPosting,BreadcrumbList,FAQPage",BlogPosting,SCHEMA_OK,valid
blog/montar-operacao-imobiliaria-enxuta-litoral-paulista-2026.html,blog,"BlogPosting,BreadcrumbList,FAQPage",BlogPosting,SCHEMA_OK,valid
blog/morar-litoral-paulista-guia-2026.html,blog,"FAQPage,BreadcrumbList,BlogPosting,Article",BlogPosting,SCHEMA_OK,valid
blog/multi-proprietario-gestao-temporada.html,blog,"FAQPage,BreadcrumbList,BlogPosting,Article",BlogPosting,SCHEMA_OK,valid
blog/naming-posicionamento-imobiliarias-litoral-2026.html,blog,"FAQPage,BreadcrumbList,BlogPosting,Article",BlogPosting,SCHEMA_OK,valid
blog/nao-errar-escolha-imovel-litoral-2026.html,blog,"FAQPage,BreadcrumbList,BlogPosting,Article",BlogPosting,SCHEMA_OK,valid
blog/negociacao-corretores-parceiros-lancamentos-2026.html,blog,"FAQPage,BreadcrumbList,BlogPosting,Article",BlogPosting,SCHEMA_OK,valid
blog/negociacao-de-imoveis-em-maresias-sem-perder-o-cliente-maresias.html,blog,"FAQPage,BreadcrumbList,BlogPosting,Article",BlogPosting,SCHEMA_OK,valid
blog/negociacao-de-imoveis-em-sao-sebastiao-sem-perder-o-cliente-sao-sebastiao.html,blog,"FAQPage,BreadcrumbList,BlogPosting,Article",BlogPosting,SCHEMA_OK,valid
blog/negociacao-de-imoveis-em-ubatuba-sem-perder-o-cliente-ubatuba.html,blog,"FAQPage,BreadcrumbList,BlogPosting,Article",BlogPosting,SCHEMA_OK,valid
blog/negociacao-imoveis-litoral-dados-2026.html,blog,"FAQPage,BreadcrumbList,BlogPosting,Article",BlogPosting,SCHEMA_OK,valid
blog/negociacao-imoveis-litoral-paulista-2026.html,blog,"FAQPage,BreadcrumbList,BlogPosting,Article",BlogPosting,SCHEMA_OK,valid
blog/negociar-imovel-litoral-2026.html,blog,"FAQPage,BreadcrumbList,BlogPosting,Article",BlogPosting,SCHEMA_OK,valid
blog/negociar-preco-imovel-litoral-2026.html,blog,"FAQPage,BreadcrumbList,BlogPosting,Article",BlogPosting,SCHEMA_OK,valid
blog/negociar-preco-imovel-litoral-paulista-2026.html,blog,"FAQPage,BreadcrumbList,BlogPosting,Article",BlogPosting,SCHEMA_OK,valid
blog/networking-corretores-litoral-parcerias-indicacoes-2026.html,blog,BlogPosting,BlogPosting,SCHEMA_OK,valid
blog/networking-corretores-litoral-paulista-2026.html,blog,"FAQPage,BreadcrumbList,BlogPosting,Article",BlogPosting,SCHEMA_OK,valid
blog/newsletter-imobiliaria-litoral-ia.html,blog,"FAQPage,BreadcrumbList,BlogPosting,Article",BlogPosting,SCHEMA_OK,valid
blog/newsletter-semanal-imobiliaria-litoral-2026.html,blog,"FAQPage,BreadcrumbList,BlogPosting,Article",BlogPosting,SCHEMA_OK,valid
blog/newsletter-semanal-mercado-imobiliario-litoral.html,blog,"FAQPage,BreadcrumbList,BlogPosting,Article",BlogPosting,SCHEMA_OK,valid
blog/newsletter-semanal-semana-30-2026-07-21.html,blog,"FAQPage,BreadcrumbList,BlogPosting,Article",BlogPosting,SCHEMA_OK,valid
blog/newsletter-semanal-semana-33-2026-08-05.html,blog,"FAQPage,BreadcrumbList,BlogPosting,Article",BlogPosting,SCHEMA_OK,valid
blog/newsletter-semanal-semana-34-2026-08-09.html,blog,"FAQPage,BreadcrumbList,BlogPosting,Article",BlogPosting,SCHEMA_OK,valid
blog/nomades-digitais-imoveis-litoral.html,blog,"FAQPage,BreadcrumbList,BlogPosting,Article",BlogPosting,SCHEMA_OK,valid
blog/nomades-digitais-litoral-paulista-2026.html,blog,"FAQPage,BreadcrumbList,BlogPosting,Article",BlogPosting,SCHEMA_OK,valid
blog/nomadismo-digital-morar-litoral-sp.html,blog,"FAQPage,BreadcrumbList,BlogPosting,Article",BlogPosting,SCHEMA_OK,valid
blog/normas-municipais-aluguel-temporada-litoral-sp-2026.html,blog,BlogPosting,BlogPosting,SCHEMA_OK,valid
blog/noticia-temporada-2026-2027-mercado-litoral-2026-08-16.html,blog,"NewsArticle,BreadcrumbList",BlogPosting,SCHEMA_MISMATCH,valid
blog/novos-imoveis-litoral-paulista-2026.html,blog,"FAQPage,BreadcrumbList,BlogPosting,Article",BlogPosting,SCHEMA_OK,valid
blog/nps-imobiliarias-litoral-paulista-2026.html,blog,"FAQPage,BreadcrumbList,BlogPosting,Article",BlogPosting,SCHEMA_OK,valid
blog/numeros-vendas-barra-norte-2026.html,blog,"FAQPage,BreadcrumbList,BlogPosting,Article",BlogPosting,SCHEMA_OK,valid
blog/nurturing-leads-imobiliaria-litoral-2026.html,blog,"FAQPage,BreadcrumbList,BlogPosting,Article",BlogPosting,SCHEMA_OK,valid
blog/nutricao-leads-imobiliarias-litoral-2026.html,blog,"FAQPage,BreadcrumbList,BlogPosting,Article",BlogPosting,SCHEMA_OK,valid
blog/o-que-muda-compra-imovel-usado-litoral-vs-planta-2026.html,blog,BlogPosting,BlogPosting,SCHEMA_OK,valid
blog/objecao-preco-imoveis-litoral-2026.html,blog,"FAQPage,BreadcrumbList,BlogPosting,Article",BlogPosting,SCHEMA_OK,valid
blog/objecao-valor-alto-negociacao-litoral-2026.html,blog,"FAQPage,BreadcrumbList,BlogPosting,Article",BlogPosting,SCHEMA_OK,valid
blog/objecoes-comuns-venda-imoveis-litoral-paulista-2026.html,blog,"FAQPage,BreadcrumbList,BlogPosting,Article",BlogPosting,SCHEMA_OK,valid
blog/objecoes-parcerias-imobiliarias-litoral-2026.html,blog,"FAQPage,BreadcrumbList,BlogPosting,Article",BlogPosting,SCHEMA_OK,valid
blog/objecoes-preco-imobiliaria-litoral-paulista-2026.html,blog,"FAQPage,BreadcrumbList,BlogPosting,Article",BlogPosting,SCHEMA_OK,valid
blog/ocupacao-airbnb-como-calcular.html,blog,"FAQPage,BreadcrumbList,BlogPosting,Article",BlogPosting,SCHEMA_OK,valid
blog/oferta-parceria-ganha-ganha-ia-imobiliaria.html,blog,"FAQPage,BreadcrumbList,BlogPosting,Article",BlogPosting,SCHEMA_OK,valid
blog/onboarding-corretores-imobiliarias-litoral-2026.html,blog,BlogPosting,BlogPosting,SCHEMA_OK,valid
blog/onboarding-imobiliaria-parceira-passo-a-passo-2026.html,blog,"FAQPage,BreadcrumbList,BlogPosting,Article",BlogPosting,SCHEMA_OK,valid
blog/onboarding-parceiro-imobiliario-litoral-2026.html,blog,"FAQPage,BreadcrumbList,BlogPosting,Article",BlogPosting,SCHEMA_OK,valid
blog/onboarding-parceiros-imobiliarias-litoral-2026.html,blog,"FAQPage,BreadcrumbList,BlogPosting,Article",BlogPosting,SCHEMA_OK,valid
blog/onboarding-rapido-em-novos-parceiros-imobiliarias-digitais-em-peruíbe-2026-07-12.html,blog,"FAQPage,BreadcrumbList,BlogPosting,Article",BlogPosting,SCHEMA_OK,valid
blog/onboarding-rapido-imobiliaria-litoral-sem-desenvolvedor-2026.html,blog,"FAQPage,BreadcrumbList,BlogPosting,Article",BlogPosting,SCHEMA_OK,valid
blog/onboarding-rapido-para-parceiros-em-maresias-maresias.html,blog,"FAQPage,BreadcrumbList,BlogPosting,Article",BlogPosting,SCHEMA_OK,valid
blog/onboarding-rapido-para-parceiros-em-praia-grande-praia-grande.html,blog,"FAQPage,BreadcrumbList,BlogPosting,Article",BlogPosting,SCHEMA_OK,valid
blog/onboarding-rapido-parceiros-praia-digital-2026.html,blog,"FAQPage,BreadcrumbList,BlogPosting,Article",BlogPosting,SCHEMA_OK,valid
blog/open-house-virtual-litoral.html,blog,"FAQPage,BreadcrumbList,BlogPosting,Article",BlogPosting,SCHEMA_OK,valid
blog/operacao-cadastro-imoveis-massa-litoral.html,blog,"FAQPage,BreadcrumbList,BlogPosting,Article",BlogPosting,SCHEMA_OK,valid
blog/operacao-escalavel-imoveis-litoral.html,blog,"FAQPage,BreadcrumbList,BlogPosting,Article",BlogPosting,SCHEMA_OK,valid
blog/orcamento-familiar-compra-imovel-litoral-2026.html,blog,"FAQPage,BreadcrumbList,BlogPosting,Article",BlogPosting,SCHEMA_OK,valid
blog/organizar-financiamento-antes-imovel-litoral-2026.html,blog,BlogPosting,BlogPosting,SCHEMA_OK,valid
blog/origem-referencias-praia-digital.html,blog,"FAQPage,BreadcrumbList,BlogPosting,Article",BlogPosting,SCHEMA_OK,valid
blog/otimizacao-conversao-imobiliarias-litoral-2026.html,blog,"FAQPage,BreadcrumbList,BlogPosting,Article",BlogPosting,SCHEMA_OK,valid
blog/otimizacao-seo-local-imobiliarias-litoral-passo-passo-2026.html,blog,"FAQPage,BreadcrumbList,BlogPosting,Article",BlogPosting,SCHEMA_OK,valid
blog/pacote-conteudo-redes-sociais-imobiliarias-litoral-2026.html,blog,"FAQPage,BreadcrumbList,BlogPosting,Article",BlogPosting,SCHEMA_OK,valid
blog/palavras-chave-alta-intencao-imobiliarias-litoral-2026.html,blog,"FAQPage,BreadcrumbList,BlogPosting,Article",BlogPosting,SCHEMA_OK,valid
blog/paraty-historico-ilhas-2026-rj-2026-07-14.html,blog,"FAQPage,BreadcrumbList,BlogPosting,Article",BlogPosting,SCHEMA_OK,valid
blog/parceria-administradores-condominios-imobiliarias-litoral-2026.html,blog,BlogPosting,BlogPosting,SCHEMA_OK,valid
blog/parceria-administradores-condominios-litoral-2026.html,blog,BlogPosting,BlogPosting,SCHEMA_OK,valid
blog/parceria-construtora-imobiliarias-litoral-lancamentos-2026.html,blog,BlogPosting,BlogPosting,SCHEMA_OK,valid
blog/parceria-construtoras-imobiliarias-litoral-2026.html,blog,BlogPosting,BlogPosting,SCHEMA_OK,valid
blog/parceria-empresas-turismo-imobiliarias-litoral-2026.html,blog,BlogPosting,BlogPosting,SCHEMA_OK,valid
blog/parceria-ganho-compartilhado-imobiliaria.html,blog,"FAQPage,BreadcrumbList,BlogPosting,Article",BlogPosting,SCHEMA_OK,valid
blog/parceria-sem-custo-inicial-imobiliaria-litoral-2026.html,blog,"FAQPage,BreadcrumbList,BlogPosting,Article",BlogPosting,SCHEMA_OK,valid
blog/parceria-tecnologia-imobiliarias-litoral-paulista-2026.html,blog,"FAQPage,BreadcrumbList,BlogPosting,Article",BlogPosting,SCHEMA_OK,valid
blog/parceria-white-label-70-30-imobiliaria-2026-07-28.html,blog,"FAQPage,BreadcrumbList,BlogPosting,Article",BlogPosting,SCHEMA_OK,valid
blog/parcerias-construtoras-litoral-paulista-2026.html,blog,"BlogPosting,BreadcrumbList,FAQPage",BlogPosting,SCHEMA_OK,valid
blog/parcerias-digitais-imobiliarias-litoral-2026.html,blog,"FAQPage,BreadcrumbList,BlogPosting,Article",BlogPosting,SCHEMA_OK,valid
blog/parcerias-estrategicas-litoral-construtoras-corretores-2026.html,blog,"FAQPage,BreadcrumbList,BlogPosting,Article",BlogPosting,SCHEMA_OK,valid
blog/parcerias-imobiliarias-litoral-ia.html,blog,"FAQPage,BreadcrumbList,BlogPosting,Article",BlogPosting,SCHEMA_OK,valid
blog/parcerias-imobiliarias-litoral-paulista-fechar-2026.html,blog,"FAQPage,BreadcrumbList,BlogPosting,Article",BlogPosting,SCHEMA_OK,valid
blog/parcerias-imobiliarias-litoral-praia-digital-2026.html,blog,"FAQPage,BreadcrumbList,BlogPosting,Article",BlogPosting,SCHEMA_OK,valid
blog/passeios-litoral-paulista-roteiros-imoveis-2026.html,blog,"FAQPage,BreadcrumbList,BlogPosting,Article",BlogPosting,SCHEMA_OK,valid
blog/passo-a-passo-abrir-imobiliaria-litoral-2026.html,blog,BlogPosting,BlogPosting,SCHEMA_OK,valid
blog/passo-a-passo-escolher-imovel-temporada-litoral-paulista-2026.html,blog,"FAQPage,BreadcrumbList,BlogPosting,Article",BlogPosting,SCHEMA_OK,valid
blog/passo-a-passo-implementar-ia-imobiliaria-sem-investimento-inicial.html,blog,"FAQPage,BreadcrumbList,BlogPosting,Article",BlogPosting,SCHEMA_OK,valid
blog/passo-passo-captar-imoveis-litoral-sem-investimento-2026.html,blog,"FAQPage,BreadcrumbList,BlogPosting,Article",BlogPosting,SCHEMA_OK,valid
blog/pedir-orcamento-ferramentas-imobiliarias-litoral-2026.html,blog,"FAQPage,BreadcrumbList,BlogPosting,Article",BlogPosting,SCHEMA_OK,valid
blog/pegada-ecologica-imoveis-litoral-medir-reduzir-2026-v2.html,blog,BlogPosting,BlogPosting,SCHEMA_OK,valid
blog/pegada-ecologica-imoveis-litoral-medir-reduzir-2026.html,blog,BlogPosting,BlogPosting,SCHEMA_OK,valid
blog/pendencias-documentais-compra-imovel-litoral-2026.html,blog,"FAQPage,BreadcrumbList,BlogPosting,Article",BlogPosting,SCHEMA_OK,valid
blog/pensao-alimenticia-imovel-litoral-direitos-2026.html,blog,BlogPosting,BlogPosting,SCHEMA_OK,valid
blog/performance-anuncios-imobiliarios-litoral-2026.html,blog,"FAQPage,BreadcrumbList,BlogPosting,Article",BlogPosting,SCHEMA_OK,valid
blog/permuta-imoveis-litoral-paulista-2026.html,blog,"BlogPosting,BreadcrumbList",BlogPosting,SCHEMA_OK,valid
blog/permuta-imovel-casamento-cuidados-outorga-2026.html,blog,Article,BlogPosting,SCHEMA_MISMATCH,valid
blog/peruibe-aluguel-temporada-2026.html,blog,BlogPosting,BlogPosting,SCHEMA_OK,valid
blog/peruibe-artigo-bairros-imoveis-2026.html,blog,"BlogPosting,BreadcrumbList",BlogPosting,SCHEMA_OK,valid
blog/peruibe-artigo-cases-imoveis-2026.html,blog,"BlogPosting,BreadcrumbList",BlogPosting,SCHEMA_OK,valid
blog/peruibe-artigo-editorial-imoveis-2026.html,blog,"BlogPosting,BreadcrumbList",BlogPosting,SCHEMA_OK,valid
blog/peruibe-artigo-financiamento-imoveis-2026.html,blog,"BlogPosting,BreadcrumbList",BlogPosting,SCHEMA_OK,valid
blog/peruibe-artigo-juridico-imoveis-2026.html,blog,"BlogPosting,BreadcrumbList",BlogPosting,SCHEMA_OK,valid
blog/peruibe-artigo-locacao-temporada-imoveis-2026.html,blog,"BlogPosting,BreadcrumbList",BlogPosting,SCHEMA_OK,valid
blog/peruibe-artigo-marketing-digital-imoveis-2026.html,blog,"BlogPosting,BreadcrumbList",BlogPosting,SCHEMA_OK,valid
blog/peruibe-artigo-parcerias-imoveis-2026.html,blog,"BlogPosting,BreadcrumbList",BlogPosting,SCHEMA_OK,valid
blog/peruibe-artigo-seo-local-imoveis-2026.html,blog,"BlogPosting,BreadcrumbList",BlogPosting,SCHEMA_OK,valid
blog/peruibe-automacao-ia-imoveis-2026.html,blog,"BlogPosting,BreadcrumbList",BlogPosting,SCHEMA_OK,valid
blog/peruibe-automacao-imobiliarias-2026.html,blog,"BlogPosting,BreadcrumbList",BlogPosting,SCHEMA_INVALID,invalid_json: Expecting property name enclosed in double quotes: line 7 column 5 (char 304)
blog/peruibe-automacao-imoveis-2026.html,blog,"BlogPosting,BreadcrumbList",BlogPosting,SCHEMA_OK,valid
blog/peruibe-bairros-imoveis-2026.html,blog,"BlogPosting,BreadcrumbList",BlogPosting,SCHEMA_INVALID,invalid_json: Expecting property name enclosed in double quotes: line 7 column 5 (char 289)
blog/peruibe-captacao-imoveis-para-corretores-sem-investimento-em-peruibe.html,blog,BlogPosting,BlogPosting,SCHEMA_OK,valid
blog/peruibe-case-sucesso-automacao-imoveis-2026.html,blog,"BlogPosting,BreadcrumbList",BlogPosting,SCHEMA_OK,valid
blog/peruibe-case-sucesso-bairros-imoveis-2026.html,blog,"BlogPosting,BreadcrumbList",BlogPosting,SCHEMA_OK,valid
blog/peruibe-case-sucesso-cases-imoveis-2026.html,blog,"BlogPosting,BreadcrumbList",BlogPosting,SCHEMA_OK,valid
blog/peruibe-case-sucesso-editorial-imoveis-2026.html,blog,"BlogPosting,BreadcrumbList",BlogPosting,SCHEMA_OK,valid
blog/peruibe-case-sucesso-financiamento-imoveis-2026.html,blog,"BlogPosting,BreadcrumbList",BlogPosting,SCHEMA_OK,valid
blog/peruibe-case-sucesso-juridico-imoveis-2026.html,blog,"BlogPosting,BreadcrumbList",BlogPosting,SCHEMA_OK,valid
blog/peruibe-case-sucesso-marketing-digital-imoveis-2026.html,blog,"BlogPosting,BreadcrumbList",BlogPosting,SCHEMA_OK,valid
blog/peruibe-case-sucesso-parcerias-imoveis-2026.html,blog,"BlogPosting,BreadcrumbList",BlogPosting,SCHEMA_OK,valid
blog/peruibe-case-sucesso-seo-local-imoveis-2026.html,blog,"BlogPosting,BreadcrumbList",BlogPosting,SCHEMA_OK,valid
blog/peruibe-cases-imoveis-2026.html,blog,"BlogPosting,BreadcrumbList",BlogPosting,SCHEMA_OK,valid
blog/peruibe-centro-historico-praias-2026-sp-2026-07-14.html,blog,"FAQPage,BreadcrumbList,BlogPosting,Article",BlogPosting,SCHEMA_OK,valid
blog/peruibe-checklist-automacao-imoveis-2026.html,blog,"BlogPosting,BreadcrumbList",BlogPosting,SCHEMA_OK,valid
blog/peruibe-checklist-bairros-imoveis-2026.html,blog,"BlogPosting,BreadcrumbList",BlogPosting,SCHEMA_OK,valid
blog/peruibe-checklist-cases-imoveis-2026.html,blog,"BlogPosting,BreadcrumbList",BlogPosting,SCHEMA_OK,valid
blog/peruibe-checklist-compra-imoveis-2026.html,blog,"BlogPosting,BreadcrumbList",BlogPosting,SCHEMA_INVALID,invalid_json: Expecting property name enclosed in double quotes: line 7 column 5 (char 303)
blog/peruibe-checklist-editorial-imoveis-2026.html,blog,"BlogPosting,BreadcrumbList",BlogPosting,SCHEMA_OK,valid
blog/peruibe-checklist-financiamento-imoveis-2026.html,blog,"BlogPosting,BreadcrumbList",BlogPosting,SCHEMA_OK,valid
blog/peruibe-checklist-investimento-imoveis-2026.html,blog,"BlogPosting,BreadcrumbList",BlogPosting,SCHEMA_OK,valid
blog/peruibe-checklist-juridico-imoveis-2026.html,blog,"BlogPosting,BreadcrumbList",BlogPosting,SCHEMA_OK,valid
blog/peruibe-checklist-locacao-temporada-imoveis-2026.html,blog,"BlogPosting,BreadcrumbList",BlogPosting,SCHEMA_OK,valid
blog/peruibe-checklist-marketing-digital-imoveis-2026.html,blog,"BlogPosting,BreadcrumbList",BlogPosting,SCHEMA_OK,valid
blog/peruibe-checklist-parcerias-imoveis-2026.html,blog,"BlogPosting,BreadcrumbList",BlogPosting,SCHEMA_OK,valid
blog/peruibe-checklist-seo-local-imoveis-2026.html,blog,"BlogPosting,BreadcrumbList",BlogPosting,SCHEMA_OK,valid
blog/peruibe-checklist-venda-imoveis-2026.html,blog,"BlogPosting,BreadcrumbList",BlogPosting,SCHEMA_OK,valid
blog/peruibe-compra-venda-imoveis-2026.html,blog,"BlogPosting,BreadcrumbList",BlogPosting,SCHEMA_OK,valid
blog/peruibe-curso-automacao-imoveis-2026.html,blog,"BlogPosting,BreadcrumbList",BlogPosting,SCHEMA_OK,valid
blog/peruibe-curso-bairros-imoveis-2026.html,blog,"BlogPosting,BreadcrumbList",BlogPosting,SCHEMA_OK,valid
blog/peruibe-curso-cases-imoveis-2026.html,blog,"BlogPosting,BreadcrumbList",BlogPosting,SCHEMA_OK,valid
blog/peruibe-curso-corretor-imoveis-2026.html,blog,"BlogPosting,BreadcrumbList",BlogPosting,SCHEMA_OK,valid
blog/peruibe-curso-editorial-imoveis-2026.html,blog,"BlogPosting,BreadcrumbList",BlogPosting,SCHEMA_OK,valid
blog/peruibe-curso-financiamento-imoveis-2026.html,blog,"BlogPosting,BreadcrumbList",BlogPosting,SCHEMA_OK,valid
blog/peruibe-curso-investimento-imoveis-2026.html,blog,"BlogPosting,BreadcrumbList",BlogPosting,SCHEMA_OK,valid
blog/peruibe-curso-juridico-imoveis-2026.html,blog,"BlogPosting,BreadcrumbList",BlogPosting,SCHEMA_OK,valid
blog/peruibe-curso-locacao-temporada-imoveis-2026.html,blog,"BlogPosting,BreadcrumbList",BlogPosting,SCHEMA_OK,valid
blog/peruibe-curso-marketing-digital-imoveis-2026.html,blog,"BlogPosting,BreadcrumbList",BlogPosting,SCHEMA_OK,valid
blog/peruibe-curso-parcerias-imoveis-2026.html,blog,"BlogPosting,BreadcrumbList",BlogPosting,SCHEMA_OK,valid
blog/peruibe-curso-seo-local-imoveis-2026.html,blog,"BlogPosting,BreadcrumbList",BlogPosting,SCHEMA_OK,valid
blog/peruibe-editorial-2026.html,blog,"BlogPosting,BreadcrumbList",BlogPosting,SCHEMA_OK,valid
blog/peruibe-editorial-imoveis-2026.html,blog,"BlogPosting,BreadcrumbList",BlogPosting,SCHEMA_INVALID,invalid_json: Expecting property name enclosed in double quotes: line 7 column 5 (char 298)
blog/peruibe-financiamento-imoveis-2026.html,blog,"BlogPosting,BreadcrumbList",BlogPosting,SCHEMA_OK,valid
blog/peruibe-guia-compra-imoveis-2026.html,blog,"BlogPosting,BreadcrumbList",BlogPosting,SCHEMA_OK,valid
blog/peruibe-guia-investimento-imoveis-2026.html,blog,"BlogPosting,BreadcrumbList",BlogPosting,SCHEMA_OK,valid
blog/peruibe-guia-locacao-temporada-imoveis-2026.html,blog,"BlogPosting,BreadcrumbList",BlogPosting,SCHEMA_OK,valid
blog/peruibe-imoveis-oportunidades-dicas-2026.html,blog,"FAQPage,BreadcrumbList,BlogPosting,Article",BlogPosting,SCHEMA_OK,valid
blog/peruibe-imoveis-temporada-avaliacao-2026.html,blog,"FAQPage,BreadcrumbList,BlogPosting,Article",BlogPosting,SCHEMA_OK,valid
blog/peruibe-investimento-imoveis-2026.html,blog,"BlogPosting,BreadcrumbList",BlogPosting,SCHEMA_OK,valid
blog/peruibe-juridico-imoveis-2026.html,blog,"BlogPosting,BreadcrumbList",BlogPosting,SCHEMA_OK,valid
blog/peruibe-locacao-temporada-imoveis-2026.html,blog,"BlogPosting,BreadcrumbList",BlogPosting,SCHEMA_OK,valid
blog/peruibe-marketing-digital-imobiliarias-2026.html,blog,"BlogPosting,BreadcrumbList",BlogPosting,SCHEMA_INVALID,invalid_json: Expecting property name enclosed in double quotes: line 7 column 5 (char 296)
blog/peruibe-marketing-digital-imoveis-2026.html,blog,"BlogPosting,BreadcrumbList",BlogPosting,SCHEMA_OK,valid
blog/peruibe-parcerias-imobiliarias-2026.html,blog,"BlogPosting,BreadcrumbList",BlogPosting,SCHEMA_INVALID,invalid_json: Expecting property name enclosed in double quotes: line 7 column 5 (char 296)
blog/peruibe-parcerias-imoveis-2026.html,blog,"BlogPosting,BreadcrumbList",BlogPosting,SCHEMA_OK,valid
blog/peruibe-peruibe-checklist-para-investimento-imobiliario-guia-2026.html,blog,BlogPosting,BlogPosting,SCHEMA_OK,valid
blog/peruibe-peruibe-checklist-para-locacao-de-temporada-guia-2026.html,blog,BlogPosting,BlogPosting,SCHEMA_OK,valid
blog/peruibe-peruibe-checklist-para-venda-de-imoveis-guia-2026.html,blog,BlogPosting,BlogPosting,SCHEMA_OK,valid
blog/peruibe-peruibe-compra-e-venda-de-imoveis-guia-2026.html,blog,BlogPosting,BlogPosting,SCHEMA_OK,valid
blog/peruibe-peruibe-curso-de-investimento-imobiliario-guia-2026.html,blog,BlogPosting,BlogPosting,SCHEMA_OK,valid
blog/peruibe-peruibe-curso-de-locacao-de-temporada-guia-2026.html,blog,BlogPosting,BlogPosting,SCHEMA_OK,valid
blog/peruibe-peruibe-curso-para-corretor-de-imoveis-guia-2026.html,blog,BlogPosting,BlogPosting,SCHEMA_OK,valid
blog/peruibe-peruibe-guia-para-compra-de-imoveis-analise-2026.html,blog,BlogPosting,BlogPosting,SCHEMA_OK,valid
blog/peruibe-peruibe-guia-para-investimento-imobiliario-analise-2026.html,blog,BlogPosting,BlogPosting,SCHEMA_OK,valid
blog/peruibe-peruibe-guia-para-locacao-de-temporada-analise-2026.html,blog,BlogPosting,BlogPosting,SCHEMA_OK,valid
blog/peruibe-peruibe-investimento-em-imoveis-analise-2026.html,blog,BlogPosting,BlogPosting,SCHEMA_OK,valid
blog/peruibe-peruibe-locacao-temporada-guia-2026.html,blog,BlogPosting,BlogPosting,SCHEMA_OK,valid
blog/peruibe-peruibe-marketing-digital-para-imoveis-guia-2026.html,blog,BlogPosting,BlogPosting,SCHEMA_OK,valid
blog/peruibe-rentabilidade-imoveis-2026.html,blog,"BlogPosting,BreadcrumbList",BlogPosting,SCHEMA_INVALID,invalid_json: Expecting property name enclosed in double quotes: line 7 column 5 (char 307)
blog/peruibe-seo-local-imoveis-2026.html,blog,"BlogPosting,BreadcrumbList",BlogPosting,SCHEMA_OK,valid
blog/peruibe-temporada-gestao-imoveis-2026.html,blog,"BlogPosting,BreadcrumbList",BlogPosting,SCHEMA_INVALID,invalid_json: Expecting property name enclosed in double quotes: line 7 column 5 (char 296)
blog/pesquisa-satisfacao-imobiliarias-litoral-2026.html,blog,"FAQPage,BreadcrumbList,BlogPosting,Article",BlogPosting,SCHEMA_OK,valid
blog/piloto-14dias-imobiliarias-litoral-como-funciona-2026.html,blog,"FAQPage,BreadcrumbList,BlogPosting,Article",BlogPosting,SCHEMA_OK,valid
blog/piloto-14dias-sem-custo-imobiliaria-litoral-2026.html,blog,"FAQPage,BreadcrumbList,BlogPosting,Article",BlogPosting,SCHEMA_OK,valid
blog/piloto-30-dias-imobiliaria-ia-litoral-paulista.html,blog,"FAQPage,BreadcrumbList,BlogPosting,Article",BlogPosting,SCHEMA_OK,valid
blog/piloto-sem-custo-imobiliaria-litoral-2026.html,blog,"FAQPage,BreadcrumbList,BlogPosting,Article",BlogPosting,SCHEMA_OK,valid
blog/planejamento-estrategico-imobiliaria-litoral-2026.html,blog,"FAQPage,BreadcrumbList,BlogPosting,Article",BlogPosting,SCHEMA_OK,valid
blog/planejamento-mudanca-bertioga.html,blog,"FAQPage,BreadcrumbList,BlogPosting,Article",BlogPosting,SCHEMA_OK,valid
blog/planejamento-obra-imovel-planta-litoral-2026.html,blog,BlogPosting,BlogPosting,SCHEMA_OK,valid
blog/planejamento-reveillon-2027-litoral-paulista.html,blog,BreadcrumbList,BlogPosting,SCHEMA_INVALID,"invalid_json: Expecting ',' delimiter: line 14 column 1 (char 779)"
blog/planejamento-sazonal-imoveis-litoral-ia.html,blog,"FAQPage,BreadcrumbList,BlogPosting,Article",BlogPosting,SCHEMA_OK,valid
blog/planejamento-sucessorio-imoveis-litoral-2026.html,blog,BlogPosting,BlogPosting,SCHEMA_OK,valid
blog/planejamento-temporada-litoral-paulista-2026.html,blog,"FAQPage,BreadcrumbList,BlogPosting,Article",BlogPosting,SCHEMA_OK,valid
blog/planilha-pipeline-vendas-imoveis-gratis-2026.html,blog,"FAQPage,BreadcrumbList,BlogPosting,Article",BlogPosting,SCHEMA_OK,valid
blog/plano-assinatura-profissionais-imobiliaria-2026.html,blog,"FAQPage,BreadcrumbList,BlogPosting,Article",BlogPosting,SCHEMA_OK,valid
blog/plano-captacao-ia-litoral-paulista-30-dias.html,blog,"FAQPage,BreadcrumbList,BlogPosting,Article",BlogPosting,SCHEMA_OK,valid
blog/plano-conteudo-7-dias-imobiliaria-litoral.html,blog,"FAQPage,BreadcrumbList,BlogPosting,Article",BlogPosting,SCHEMA_OK,valid
blog/plano-de-ação-de-30-dias-para-imobiliárias-do-litoral-lote-2026-08-03-42.html,blog,"BlogPosting,BreadcrumbList,FAQPage",BlogPosting,SCHEMA_OK,valid
blog/plano-gratuito-vs-pago-imobiliarias-litoral-2026.html,blog,"FAQPage,BreadcrumbList,BlogPosting,Article",BlogPosting,SCHEMA_OK,valid
blog/pocket-listing-off-market-litoral.html,blog,"FAQPage,BreadcrumbList,BlogPosting,Article",BlogPosting,SCHEMA_OK,valid
blog/politicas-atendimento-imobiliarias-litoral-2026.html,blog,"FAQPage,BreadcrumbList,BlogPosting,Article",BlogPosting,SCHEMA_OK,valid
blog/pompeia-santos-imoveis-oportunidades-2026.html,blog,"FAQPage,BreadcrumbList,BlogPosting,Article",BlogPosting,SCHEMA_OK,valid
blog/pool-imoveis-investidor-pro.html,blog,"FAQPage,BreadcrumbList,BlogPosting,Article",BlogPosting,SCHEMA_OK,valid
blog/portais-imobiliarios-gratuitos-pequenas-imobiliarias-2026.html,blog,"FAQPage,BreadcrumbList,BlogPosting,Article",BlogPosting,SCHEMA_OK,valid
blog/portal-noticias-mercado-imobiliario-litoral.html,blog,"FAQPage,BreadcrumbList,BlogPosting,Article",BlogPosting,SCHEMA_OK,valid
blog/pos-venda-corretores-litoral-ia.html,blog,"FAQPage,BreadcrumbList,BlogPosting,Article",BlogPosting,SCHEMA_OK,valid
blog/pos-venda-imobiliaria-litoral-2026.html,blog,"FAQPage,BreadcrumbList,BlogPosting,Article",BlogPosting,SCHEMA_OK,valid
blog/pos-venda-imobiliaria-litoral-indicacoes-2026.html,blog,"FAQPage,BreadcrumbList,BlogPosting,Article",BlogPosting,SCHEMA_OK,valid
blog/pos-venda-imobiliarias-litoral-2026.html,blog,"FAQPage,BreadcrumbList,BlogPosting,Article",BlogPosting,SCHEMA_OK,valid
blog/pos-venda-inverno-imobiliarias-litoral-2026.html,blog,"FAQPage,BreadcrumbList,BlogPosting,Article",BlogPosting,SCHEMA_OK,valid
blog/pos-venda-litoral-recompra-indicacoes-2026.html,blog,"FAQPage,BreadcrumbList,BlogPosting,Article",BlogPosting,SCHEMA_OK,valid
blog/pos-visita-imoveis-litoral-2026.html,blog,"FAQPage,BreadcrumbList,BlogPosting,Article",BlogPosting,SCHEMA_OK,valid
blog/pos-visita-imoveis-litoral-followup-2026.html,blog,"FAQPage,BreadcrumbList,BlogPosting,Article",BlogPosting,SCHEMA_OK,valid
blog/posso-vender-imovel-sem-autorizacao-conjuge-2026.html,blog,Article,BlogPosting,SCHEMA_MISMATCH,valid
blog/pousada-rentavel-litoral-paulista-em-bertioga-2026-07-13.html,blog,"FAQPage,BreadcrumbList,BlogPosting,Article",BlogPosting,SCHEMA_OK,valid
blog/praia-da-enseada-bairros-imoveis-2026.html,blog,"BlogPosting,BreadcrumbList",BlogPosting,SCHEMA_INVALID,invalid_json: Expecting property name enclosed in double quotes: line 7 column 5 (char 311)
blog/praia-da-enseada-compra-venda-imoveis-2026.html,blog,"BlogPosting,BreadcrumbList",BlogPosting,SCHEMA_INVALID,invalid_json: Expecting property name enclosed in double quotes: line 7 column 5 (char 307)
blog/praia-da-enseada-editorial-imoveis-2026.html,blog,"BlogPosting,BreadcrumbList",BlogPosting,SCHEMA_INVALID,invalid_json: Expecting property name enclosed in double quotes: line 7 column 5 (char 277)
blog/praia-da-enseada-investimento-imoveis-2026.html,blog,"BlogPosting,BreadcrumbList",BlogPosting,SCHEMA_INVALID,invalid_json: Expecting property name enclosed in double quotes: line 7 column 5 (char 295)
blog/praia-da-enseada-rentabilidade-imoveis-2026.html,blog,"BlogPosting,BreadcrumbList",BlogPosting,SCHEMA_INVALID,invalid_json: Expecting property name enclosed in double quotes: line 7 column 5 (char 283)
blog/praia-da-enseada-temporada-gestao-imoveis-2026.html,blog,"BlogPosting,BreadcrumbList",BlogPosting,SCHEMA_INVALID,invalid_json: Expecting property name enclosed in double quotes: line 7 column 5 (char 272)
blog/praia-grande-aluguel-temporada-2026.html,blog,"BlogPosting,BreadcrumbList",BlogPosting,SCHEMA_OK,valid
blog/praia-grande-artigo-cases-imoveis-2026.html,blog,"BlogPosting,BreadcrumbList",BlogPosting,SCHEMA_OK,valid
blog/praia-grande-artigo-compra-imoveis-2026.html,blog,"BlogPosting,BreadcrumbList",BlogPosting,SCHEMA_OK,valid
blog/praia-grande-artigo-editorial-imoveis-2026.html,blog,"BlogPosting,BreadcrumbList",BlogPosting,SCHEMA_OK,valid
blog/praia-grande-artigo-financiamento-imoveis-2026.html,blog,"BlogPosting,BreadcrumbList",BlogPosting,SCHEMA_OK,valid
blog/praia-grande-artigo-juridico-imoveis-2026.html,blog,"BlogPosting,BreadcrumbList",BlogPosting,SCHEMA_OK,valid
blog/praia-grande-artigo-locacao-temporada-imoveis-2026.html,blog,"BlogPosting,BreadcrumbList",BlogPosting,SCHEMA_OK,valid
blog/praia-grande-artigo-marketing-digital-imoveis-2026.html,blog,"BlogPosting,BreadcrumbList",BlogPosting,SCHEMA_OK,valid
blog/praia-grande-artigo-parcerias-imoveis-2026.html,blog,"BlogPosting,BreadcrumbList",BlogPosting,SCHEMA_OK,valid
blog/praia-grande-artigo-seo-local-imoveis-2026.html,blog,"BlogPosting,BreadcrumbList",BlogPosting,SCHEMA_OK,valid
blog/praia-grande-automacao-ia-imoveis-2026.html,blog,"BlogPosting,BreadcrumbList",BlogPosting,SCHEMA_OK,valid
blog/praia-grande-automacao-imobiliarias-2026.html,blog,"BlogPosting,BreadcrumbList",BlogPosting,SCHEMA_OK,valid
blog/praia-grande-automacao-imoveis-2026.html,blog,"BlogPosting,BreadcrumbList",BlogPosting,SCHEMA_OK,valid
blog/praia-grande-bairros-imoveis-2026.html,blog,"BlogPosting,BreadcrumbList",BlogPosting,SCHEMA_OK,valid
blog/praia-grande-case-sucesso-automacao-imoveis-2026.html,blog,"BlogPosting,BreadcrumbList",BlogPosting,SCHEMA_OK,valid
blog/praia-grande-case-sucesso-editorial-imoveis-2026.html,blog,"BlogPosting,BreadcrumbList",BlogPosting,SCHEMA_OK,valid
blog/praia-grande-case-sucesso-financiamento-imoveis-2026.html,blog,"BlogPosting,BreadcrumbList",BlogPosting,SCHEMA_OK,valid
blog/praia-grande-case-sucesso-juridico-imoveis-2026.html,blog,"BlogPosting,BreadcrumbList",BlogPosting,SCHEMA_OK,valid
blog/praia-grande-case-sucesso-marketing-digital-imoveis-2026.html,blog,"BlogPosting,BreadcrumbList",BlogPosting,SCHEMA_OK,valid
blog/praia-grande-case-sucesso-parcerias-imoveis-2026.html,blog,"BlogPosting,BreadcrumbList",BlogPosting,SCHEMA_OK,valid
blog/praia-grande-case-sucesso-seo-local-imoveis-2026.html,blog,"BlogPosting,BreadcrumbList",BlogPosting,SCHEMA_OK,valid
blog/praia-grande-cases-imoveis-2026.html,blog,"BlogPosting,BreadcrumbList",BlogPosting,SCHEMA_OK,valid
blog/praia-grande-checklist-automacao-imoveis-2026.html,blog,"BlogPosting,BreadcrumbList",BlogPosting,SCHEMA_OK,valid
blog/praia-grande-checklist-cases-imoveis-2026.html,blog,"BlogPosting,BreadcrumbList",BlogPosting,SCHEMA_OK,valid
blog/praia-grande-checklist-editorial-imoveis-2026.html,blog,"BlogPosting,BreadcrumbList",BlogPosting,SCHEMA_OK,valid
blog/praia-grande-checklist-financiamento-imoveis-2026.html,blog,"BlogPosting,BreadcrumbList",BlogPosting,SCHEMA_OK,valid
blog/praia-grande-checklist-investimento-imoveis-2026.html,blog,"BlogPosting,BreadcrumbList",BlogPosting,SCHEMA_OK,valid
blog/praia-grande-checklist-juridico-imoveis-2026.html,blog,"BlogPosting,BreadcrumbList",BlogPosting,SCHEMA_OK,valid
blog/praia-grande-checklist-locacao-temporada-imoveis-2026.html,blog,"BlogPosting,BreadcrumbList",BlogPosting,SCHEMA_OK,valid
blog/praia-grande-checklist-marketing-digital-imoveis-2026.html,blog,"BlogPosting,BreadcrumbList",BlogPosting,SCHEMA_OK,valid
blog/praia-grande-checklist-parcerias-imoveis-2026.html,blog,"BlogPosting,BreadcrumbList",BlogPosting,SCHEMA_OK,valid
blog/praia-grande-checklist-seo-local-imoveis-2026.html,blog,"BlogPosting,BreadcrumbList",BlogPosting,SCHEMA_OK,valid
blog/praia-grande-compra-venda-imoveis-2026.html,blog,"BlogPosting,BreadcrumbList",BlogPosting,SCHEMA_OK,valid
blog/praia-grande-curso-automacao-imoveis-2026.html,blog,"BlogPosting,BreadcrumbList",BlogPosting,SCHEMA_OK,valid
blog/praia-grande-curso-bairros-imoveis-2026.html,blog,"BlogPosting,BreadcrumbList",BlogPosting,SCHEMA_OK,valid
blog/praia-grande-curso-cases-imoveis-2026.html,blog,"BlogPosting,BreadcrumbList",BlogPosting,SCHEMA_OK,valid
blog/praia-grande-curso-corretor-imoveis-2026.html,blog,"BlogPosting,BreadcrumbList",BlogPosting,SCHEMA_OK,valid
blog/praia-grande-curso-editorial-imoveis-2026.html,blog,"BlogPosting,BreadcrumbList",BlogPosting,SCHEMA_OK,valid
blog/praia-grande-curso-financiamento-imoveis-2026.html,blog,"BlogPosting,BreadcrumbList",BlogPosting,SCHEMA_OK,valid
blog/praia-grande-curso-investimento-imoveis-2026.html,blog,"BlogPosting,BreadcrumbList",BlogPosting,SCHEMA_OK,valid
blog/praia-grande-curso-juridico-imoveis-2026.html,blog,"BlogPosting,BreadcrumbList",BlogPosting,SCHEMA_OK,valid
blog/praia-grande-curso-locacao-temporada-imoveis-2026.html,blog,"BlogPosting,BreadcrumbList",BlogPosting,SCHEMA_OK,valid
blog/praia-grande-curso-marketing-digital-imoveis-2026.html,blog,"BlogPosting,BreadcrumbList",BlogPosting,SCHEMA_OK,valid
blog/praia-grande-curso-parcerias-imoveis-2026.html,blog,"BlogPosting,BreadcrumbList",BlogPosting,SCHEMA_OK,valid
blog/praia-grande-curso-seo-local-imoveis-2026.html,blog,"BlogPosting,BreadcrumbList",BlogPosting,SCHEMA_OK,valid
blog/praia-grande-editorial-imoveis-2026.html,blog,"BlogPosting,BreadcrumbList",BlogPosting,SCHEMA_OK,valid
blog/praia-grande-financiamento-imoveis-2026.html,blog,"BlogPosting,BreadcrumbList",BlogPosting,SCHEMA_OK,valid
blog/praia-grande-guia-compra-imoveis-2026.html,blog,"BlogPosting,BreadcrumbList",BlogPosting,SCHEMA_OK,valid
blog/praia-grande-guia-investimento-imoveis-2026.html,blog,"BlogPosting,BreadcrumbList",BlogPosting,SCHEMA_OK,valid
blog/praia-grande-guia-locacao-temporada-imoveis-2026.html,blog,"BlogPosting,BreadcrumbList",BlogPosting,SCHEMA_OK,valid
blog/praia-grande-imoveis-oportunidades-2026.html,blog,"FAQPage,BreadcrumbList,BlogPosting,Article",BlogPosting,SCHEMA_OK,valid
blog/praia-grande-investimento-imoveis-2026.html,blog,"BlogPosting,BreadcrumbList",BlogPosting,SCHEMA_OK,valid
blog/praia-grande-juridico-imoveis-2026.html,blog,"BlogPosting,BreadcrumbList",BlogPosting,SCHEMA_OK,valid
blog/praia-grande-locacao-temporada-imoveis-2026.html,blog,"BlogPosting,BreadcrumbList",BlogPosting,SCHEMA_OK,valid
blog/praia-grande-marketing-digital-imobiliarias-2026.html,blog,"BlogPosting,BreadcrumbList",BlogPosting,SCHEMA_OK,valid
blog/praia-grande-marketing-digital-imoveis-2026.html,blog,"BlogPosting,BreadcrumbList",BlogPosting,SCHEMA_OK,valid
blog/praia-grande-parcerias-imobiliarias-2026.html,blog,"BlogPosting,BreadcrumbList",BlogPosting,SCHEMA_OK,valid
blog/praia-grande-parcerias-imoveis-2026.html,blog,"BlogPosting,BreadcrumbList",BlogPosting,SCHEMA_OK,valid
blog/praia-grande-praia-grande-compra-e-venda-de-imoveis-guia-2026.html,blog,BlogPosting,BlogPosting,SCHEMA_OK,valid
blog/praia-grande-praia-grande-investimento-em-imoveis-analise-2026.html,blog,BlogPosting,BlogPosting,SCHEMA_OK,valid
blog/praia-grande-rentabilidade-imoveis-2026.html,blog,"BlogPosting,BreadcrumbList",BlogPosting,SCHEMA_INVALID,invalid_json: Expecting property name enclosed in double quotes: line 7 column 5 (char 312)
blog/praia-grande-seo-local-imoveis-2026.html,blog,"BlogPosting,BreadcrumbList",BlogPosting,SCHEMA_OK,valid
blog/praia-grande-temporada-gestao-imoveis-2026.html,blog,"BlogPosting,BreadcrumbList",BlogPosting,SCHEMA_INVALID,invalid_json: Expecting property name enclosed in double quotes: line 7 column 5 (char 301)
blog/praiagrande-case-social-rapido-para-parcerias-em-praia-grande.html,blog,BlogPosting,BlogPosting,SCHEMA_OK,valid
blog/praiagrande-como-captar-leads-em-praia-grande-sem-anuncios.html,blog,BlogPosting,BlogPosting,SCHEMA_OK,valid
blog/praiagrande-investir-em-imovel-no-litoral-vale-a-pena-em-praia-grande.html,blog,BlogPosting,BlogPosting,SCHEMA_OK,valid
blog/praiagrande-melhor-cidade-para-investir-no-litoral.html,blog,BlogPosting,BlogPosting,SCHEMA_OK,valid
blog/praiagrande-praia-grande-checklist-para-investimento-imobiliario-guia-2026.html,blog,BlogPosting,BlogPosting,SCHEMA_OK,valid
blog/praiagrande-praia-grande-checklist-para-locacao-de-temporada-guia-2026.html,blog,BlogPosting,BlogPosting,SCHEMA_OK,valid
blog/praiagrande-praia-grande-curso-de-investimento-imobiliario-guia-2026.html,blog,BlogPosting,BlogPosting,SCHEMA_OK,valid
blog/praiagrande-praia-grande-curso-de-locacao-de-temporada-guia-2026.html,blog,BlogPosting,BlogPosting,SCHEMA_OK,valid
blog/praiagrande-praia-grande-curso-para-corretor-de-imoveis-guia-2026.html,blog,BlogPosting,BlogPosting,SCHEMA_OK,valid
blog/praiagrande-praia-grande-guia-para-compra-de-imoveis-analise-2026.html,blog,BlogPosting,BlogPosting,SCHEMA_OK,valid
blog/praiagrande-praia-grande-guia-para-investimento-imobiliario-analise-2026.html,blog,BlogPosting,BlogPosting,SCHEMA_OK,valid
blog/praiagrande-praia-grande-guia-para-locacao-de-temporada-analise-2026.html,blog,BlogPosting,BlogPosting,SCHEMA_OK,valid
blog/praiagrande-praia-grande-locacao-temporada-guia-2026.html,blog,BlogPosting,BlogPosting,SCHEMA_OK,valid
blog/praiagrande-praia-grande-marketing-digital-para-imoveis-guia-2026.html,blog,BlogPosting,BlogPosting,SCHEMA_OK,valid
blog/praiagrande-seo-local-em-praia-grande-para-imoveis.html,blog,BlogPosting,BlogPosting,SCHEMA_OK,valid
blog/praiagrande-seo-local-para-imobiliarias-em-praia-grande.html,blog,BlogPosting,BlogPosting,SCHEMA_OK,valid
blog/precificacao-dinamica-temporada-litoral-2026.html,blog,"FAQPage,BreadcrumbList,BlogPosting,Article",BlogPosting,SCHEMA_OK,valid
blog/precificacao-dinamica-temporada-litoral-paulista-2026.html,blog,"FAQPage,BreadcrumbList,BlogPosting,Article",BlogPosting,SCHEMA_OK,valid
blog/precificacao-imoveis-litoral-2026.html,blog,"FAQPage,BreadcrumbList,BlogPosting,Article",BlogPosting,SCHEMA_OK,valid
blog/precificacao-imovel-litoral-dados-reais-2026.html,blog,BlogPosting,BlogPosting,SCHEMA_OK,valid
blog/precificar-imovel-litoral-com-dados-reais-2026.html,blog,BlogPosting,BlogPosting,SCHEMA_OK,valid
blog/preco-justo-imovel-praia-2026.html,blog,"FAQPage,BreadcrumbList,BlogPosting,Article",BlogPosting,SCHEMA_OK,valid
blog/preco-m2-litoral-sp-analise-cidades-2026.html,blog,BlogPosting,BlogPosting,SCHEMA_OK,valid
blog/preco-medio-imovel-cidades-litoral-2026.html,blog,"FAQPage,BreadcrumbList,BlogPosting,Article",BlogPosting,SCHEMA_OK,valid
blog/precos-aluguel-temporada-verao-2026.html,blog,"FAQPage,BreadcrumbList,BlogPosting,Article",BlogPosting,SCHEMA_OK,valid
blog/predicao-mercado-imoveis-litoral-2026.html,blog,"FAQPage,BreadcrumbList,BlogPosting,Article",BlogPosting,SCHEMA_OK,valid
blog/predicao-precos-imoveis-litoral-paulista-2026.html,blog,"FAQPage,BreadcrumbList,BlogPosting,Article",BlogPosting,SCHEMA_OK,valid
blog/preparar-imobiliaria-alta-temporada-litoral-2026.html,blog,"FAQPage,BreadcrumbList,BlogPosting,Article",BlogPosting,SCHEMA_OK,valid
blog/preparar-imovel-alta-temporada-2026-2027.html,blog,BreadcrumbList,BlogPosting,SCHEMA_INVALID,"invalid_json: Expecting ',' delimiter: line 14 column 1 (char 769)"
blog/preparar-imovel-aluguel-verao-2026.html,blog,"FAQPage,BreadcrumbList,BlogPosting,Article",BlogPosting,SCHEMA_OK,valid
blog/preparar-imovel-temporada-litoral.html,blog,"FAQPage,BreadcrumbList,BlogPosting,Article",BlogPosting,SCHEMA_OK,valid
blog/previsao-vendas-imobiliaria-litoral-2026.html,blog,"FAQPage,BreadcrumbList,BlogPosting,Article",BlogPosting,SCHEMA_OK,valid
blog/pricelabs-airbnb-preco-minimo-maximo-temporada.html,blog,"BlogPosting,BreadcrumbList",BlogPosting,SCHEMA_OK,valid
blog/pricelabs-imobiliarias-litoral-aumentar-receita-temporada.html,blog,"BlogPosting,BreadcrumbList",BlogPosting,SCHEMA_OK,valid
blog/pricelabs-relatorios-metricas-gestor-temporada.html,blog,"BlogPosting,BreadcrumbList",BlogPosting,SCHEMA_OK,valid
blog/pricelabs-temporada-regras-estadia-minima-litoral.html,blog,"BlogPosting,BreadcrumbList",BlogPosting,SCHEMA_OK,valid
blog/primeira-compra-imovel-litoral-paulista-2026.html,blog,"FAQPage,BreadcrumbList,BlogPosting,Article",BlogPosting,SCHEMA_OK,valid
blog/primeira-compra-peruibe-ia.html,blog,"FAQPage,BreadcrumbList,BlogPosting,Article",BlogPosting,SCHEMA_OK,valid
blog/primeira-compra-zona-norte-santos-ia.html,blog,"FAQPage,BreadcrumbList,BlogPosting,Article",BlogPosting,SCHEMA_OK,valid
blog/primeira-locacao-temporada-litoral-guia-2026.html,blog,"FAQPage,BreadcrumbList,BlogPosting,Article",BlogPosting,SCHEMA_OK,valid
blog/primeira-renda-temporada-passos.html,blog,"FAQPage,BreadcrumbList,BlogPosting,Article",BlogPosting,SCHEMA_OK,valid
blog/primeiro-imovel-litoral-guia-iniciantes-2026.html,blog,"FAQPage,BreadcrumbList,BlogPosting,Article",BlogPosting,SCHEMA_OK,valid
blog/primeiro-imovel-litoral-sp-guia-comprar-2026.html,blog,Article,BlogPosting,SCHEMA_MISMATCH,valid
blog/priorizacao-leads-imobiliaria-litoral-2026.html,blog,"FAQPage,BreadcrumbList,BlogPosting,Article",BlogPosting,SCHEMA_OK,valid
blog/problemas-comuns-financiamento-imovel-litoral-evitare-2026.html,blog,BlogPosting,BlogPosting,SCHEMA_OK,valid
blog/processo-aluguel-temporada-etapas-2026.html,blog,BlogPosting,BlogPosting,SCHEMA_OK,valid
blog/processo-venda-imovel-litoral-passos-2026.html,blog,BlogPosting,BlogPosting,SCHEMA_OK,valid
blog/produtividade-corretores-ia-2026.html,blog,"FAQPage,BreadcrumbList,BlogPosting,Article",BlogPosting,SCHEMA_OK,valid
blog/programa-indicacao-imobiliarias-litoral-2026.html,blog,BlogPosting,BlogPosting,SCHEMA_OK,valid
blog/programa-indicacao-imoveis-litoral-2026.html,blog,"FAQPage,BreadcrumbList,BlogPosting,Article",BlogPosting,SCHEMA_OK,valid
blog/programa-parceiros-litoral-estrutura-simples-2026.html,blog,"FAQPage,BreadcrumbList,BlogPosting,Article",BlogPosting,SCHEMA_OK,valid
blog/propaganda-imobiliaria-litoral-2026.html,blog,"BreadcrumbList,Article",BlogPosting,SCHEMA_MISMATCH,valid
blog/proposta-comercial-imobiliaria-litoral-2026.html,blog,"FAQPage,BreadcrumbList,BlogPosting,Article",BlogPosting,SCHEMA_OK,valid
blog/proposta-comercial-para-iguape-iguape.html,blog,"FAQPage,BreadcrumbList,BlogPosting,Article",BlogPosting,SCHEMA_OK,valid
blog/proposta-comercial-para-ilhabela-ilhabela.html,blog,"FAQPage,BreadcrumbList,BlogPosting,Article",BlogPosting,SCHEMA_OK,valid
blog/proposta-comercial-para-praia-grande-praia-grande.html,blog,"FAQPage,BreadcrumbList,BlogPosting,Article",BlogPosting,SCHEMA_OK,valid
blog/proposta-comercial-para-ubatuba-ubatuba.html,blog,"FAQPage,BreadcrumbList,BlogPosting,Article",BlogPosting,SCHEMA_OK,valid
blog/proposta-comercial-parcerias-imobiliarias-litoral-2026.html,blog,"FAQPage,BreadcrumbList,BlogPosting,Article",BlogPosting,SCHEMA_OK,valid
blog/proposta-parceria-sem-custo-litoral-2026.html,blog,"FAQPage,BreadcrumbList,BlogPosting,Article",BlogPosting,SCHEMA_OK,valid
blog/proposta-sem-reuniao-fechar-litoral-2026.html,blog,"FAQPage,BreadcrumbList,BlogPosting,Article",BlogPosting,SCHEMA_OK,valid
blog/proposta-valor-unica-imobiliaria-litoral-2026.html,blog,"FAQPage,BreadcrumbList,BlogPosting,Article",BlogPosting,SCHEMA_OK,valid
blog/proprietario-litoral-contrato-aluguel-pronto-2026.html,blog,BlogPosting,BlogPosting,SCHEMA_OK,valid
blog/proprietario-litoral-direito-preferencia-compra-2026.html,blog,BlogPosting,BlogPosting,SCHEMA_OK,valid
blog/proprietario-litoral-fiscalizacao-aluguel-2026.html,blog,BlogPosting,BlogPosting,SCHEMA_OK,valid
blog/proprietario-litoral-reforma-antes-alugar-2026.html,blog,BlogPosting,BlogPosting,SCHEMA_OK,valid
blog/prospeccao-digital-imobiliaria-litoral-2026.html,blog,"FAQPage,BreadcrumbList,BlogPosting,Article",BlogPosting,SCHEMA_OK,valid
blog/prospeccao-digital-imobiliarias-litoral-2026.html,blog,"FAQPage,BreadcrumbList,BlogPosting,Article",BlogPosting,SCHEMA_OK,valid
blog/prospeccao-imobiliaria-litoral-metodo-pratico.html,blog,"FAQPage,BreadcrumbList,BlogPosting,Article",BlogPosting,SCHEMA_OK,valid
blog/prospeccao-imoveis-litoral-sem-custo-2026.html,blog,"FAQPage,BreadcrumbList,BlogPosting,Article",BlogPosting,SCHEMA_OK,valid
blog/prospeccao-proprietarios-imoveis-luxo-litoral-2026.html,blog,"FAQPage,BreadcrumbList,BlogPosting,Article",BlogPosting,SCHEMA_OK,valid
blog/protecao-legal-compra-imovel-litoral-2026.html,blog,BlogPosting,BlogPosting,SCHEMA_OK,valid
blog/prova-social-fechar-parcerias-imobiliarias-2026.html,blog,"FAQPage,BreadcrumbList,BlogPosting,Article",BlogPosting,SCHEMA_OK,valid
blog/prova-social-imobiliaria-litoral-2026.html,blog,"FAQPage,BreadcrumbList,BlogPosting,Article",BlogPosting,SCHEMA_OK,valid
blog/prova-social-imobiliaria-litoral-paulista-2026.html,blog,"FAQPage,BreadcrumbList,BlogPosting,Article",BlogPosting,SCHEMA_OK,valid
blog/prova-social-imoveis-litoral-2026.html,blog,"FAQPage,BreadcrumbList,BlogPosting,Article",BlogPosting,SCHEMA_OK,valid
blog/prova-social-parcerias-imobiliarias-litoral-2026.html,blog,"FAQPage,BreadcrumbList,BlogPosting,Article",BlogPosting,SCHEMA_OK,valid
blog/psicologia-venda-litoral-etica-2026.html,blog,"FAQPage,BreadcrumbList,BlogPosting,Article",BlogPosting,SCHEMA_OK,valid
blog/ptam-avaliacao-mercadologica-pratica-litoral-paulista-2026.html,blog,"BreadcrumbList,FAQPage",BlogPosting,SCHEMA_MISMATCH,valid
blog/ptam-ia-avaliacao-mercadologica-2026.html,blog,"FAQPage,BreadcrumbList,BlogPosting,Article",BlogPosting,SCHEMA_OK,valid
blog/pós-venda-imobiliaria-fidelizacao-2026.html,blog,"FAQPage,BreadcrumbList,BlogPosting,Article",BlogPosting,SCHEMA_OK,valid
blog/qualificacao-leads-corretores-litoral-paulista-2026.html,blog,"FAQPage,BreadcrumbList,BlogPosting,Article",BlogPosting,SCHEMA_OK,valid
blog/qualificacao-leads-imobiliarias-litoral-2026.html,blog,"FAQPage,BreadcrumbList,BlogPosting,Article",BlogPosting,SCHEMA_OK,valid
blog/quando-comprar-imovel-na-planta-litoral-2026.html,blog,BlogPosting,BlogPosting,SCHEMA_OK,valid
blog/quando-mudar-ferramenta-imobiliaria-litoral-2026.html,blog,"FAQPage,BreadcrumbList,BlogPosting,Article",BlogPosting,SCHEMA_OK,valid
blog/quando-vale-pena-avaliacao-profissional-imovel-litoral-2026.html,blog,BlogPosting,BlogPosting,SCHEMA_OK,valid
blog/quando-vender-imovel-litoral-paulista-momento-2026.html,blog,"FAQPage,BreadcrumbList,BlogPosting,Article",BlogPosting,SCHEMA_OK,valid
blog/quando-vender-imovel-temporada-lucro.html,blog,"FAQPage,BreadcrumbList,BlogPosting,Article",BlogPosting,SCHEMA_OK,valid
blog/quanto-custa-apartamento-praia-2026.html,blog,"FAQPage,BreadcrumbList,BlogPosting,Article",BlogPosting,SCHEMA_OK,valid
blog/quanto-custa-morar-em-bertioga-2026.html,blog,"Article,FAQPage",BlogPosting,SCHEMA_MISMATCH,valid
blog/quanto-rende-apartamento-maresias-2026.html,blog,"FAQPage,BreadcrumbList,BlogPosting,Article",BlogPosting,SCHEMA_OK,valid
blog/quanto-vale-terreno-litoral-paulista.html,blog,"FAQPage,BreadcrumbList,BlogPosting,Article",BlogPosting,SCHEMA_OK,valid
blog/quero-crescer-com-ia.html,blog,"FAQPage,BreadcrumbList,BlogPosting,Article",BlogPosting,SCHEMA_OK,valid
blog/realidade-virtual-vender-imoveis-litoral-2026.html,blog,"FAQPage,BreadcrumbList,BlogPosting,Article",BlogPosting,SCHEMA_OK,valid
blog/realidade-virtual-visitas-imobiliarias-litoral-2026.html,blog,"FAQPage,BreadcrumbList,BlogPosting,Article",BlogPosting,SCHEMA_OK,valid
blog/reativacao-base-clientes-imobiliarias-litoral-2026.html,blog,"FAQPage,BreadcrumbList,BlogPosting,Article",BlogPosting,SCHEMA_OK,valid
blog/reativacao-leads-frios-litoral-2026.html,blog,"FAQPage,BreadcrumbList,BlogPosting,Article",BlogPosting,SCHEMA_OK,valid
blog/receber-dinheiro-exterior-compra-imovel-litoral-2026.html,blog,"FAQPage,BreadcrumbList,BlogPosting,Article",BlogPosting,SCHEMA_OK,valid
blog/receber-leads-qualificados-litoral-2026.html,blog,"FAQPage,BreadcrumbList,BlogPosting,Article",BlogPosting,SCHEMA_OK,valid
blog/recomendacao-automatica-imoveis-compradores-2026.html,blog,"FAQPage,BreadcrumbList,BlogPosting,Article",BlogPosting,SCHEMA_OK,valid
blog/recomendacao-automatica-imoveis-litoral-2026.html,blog,"FAQPage,BreadcrumbList,BlogPosting,Article",BlogPosting,SCHEMA_OK,valid
blog/recomendacao-automatica-imoveis-litoral-matches-2026-07-22.html,blog,"FAQPage,BreadcrumbList,BlogPosting,Article",BlogPosting,SCHEMA_OK,valid
blog/recusa-parceria-imobiliaria-litoral-futuro-2026.html,blog,"FAQPage,BreadcrumbList,BlogPosting,Article",BlogPosting,SCHEMA_OK,valid
blog/redacao-anuncios-imoveis-convertem-litoral-2026.html,blog,"FAQPage,BreadcrumbList,BlogPosting,Article",BlogPosting,SCHEMA_OK,valid
blog/redes-sociais-corretores-conteudo-vende-litoral-2026.html,blog,"BlogPosting,BreadcrumbList,FAQPage",BlogPosting,SCHEMA_OK,valid
blog/redes-sociais-corretores-litoral-guia-conteudo-2026.html,blog,"FAQPage,BreadcrumbList,BlogPosting,Article",BlogPosting,SCHEMA_OK,valid
blog/redes-sociais-imobiliaria-litoral-conteudo-2026.html,blog,"FAQPage,BreadcrumbList,BlogPosting,Article",BlogPosting,SCHEMA_OK,valid
blog/redes-sociais-imobiliaria-roteiro-semanal-2026.html,blog,"FAQPage,BreadcrumbList,BlogPosting,Article",BlogPosting,SCHEMA_OK,valid
blog/redes-sociais-imobiliarias-litoral-2026.html,blog,"FAQPage,BreadcrumbList,BlogPosting,Article",BlogPosting,SCHEMA_OK,valid
blog/redes-sociais-imobiliarias-litoral-conteudo-2026.html,blog,BlogPosting,BlogPosting,SCHEMA_OK,valid
blog/redes-sociais-imobiliarias-litoral-o-que-postar-2026.html,blog,"FAQPage,BreadcrumbList,BlogPosting,Article",BlogPosting,SCHEMA_OK,valid
blog/redes-sociais-para-imoveis-em-cananeia-cananeia.html,blog,"FAQPage,BreadcrumbList,BlogPosting,Article",BlogPosting,SCHEMA_OK,valid
blog/redes-sociais-para-imoveis-em-caraguatatuba-caraguatatuba.html,blog,"FAQPage,BreadcrumbList,BlogPosting,Article",BlogPosting,SCHEMA_OK,valid
blog/redes-sociais-para-imoveis-em-guaruja-guaruja.html,blog,"FAQPage,BreadcrumbList,BlogPosting,Article",BlogPosting,SCHEMA_OK,valid
blog/redes-sociais-para-imoveis-em-iguape-iguape.html,blog,"FAQPage,BreadcrumbList,BlogPosting,Article",BlogPosting,SCHEMA_OK,valid
blog/redes-sociais-para-imoveis-em-ilhabela-ilhabela.html,blog,"FAQPage,BreadcrumbList,BlogPosting,Article",BlogPosting,SCHEMA_OK,valid
blog/redes-sociais-para-imoveis-em-maresias-maresias.html,blog,"FAQPage,BreadcrumbList,BlogPosting,Article",BlogPosting,SCHEMA_OK,valid
blog/redes-sociais-para-imoveis-em-ubatuba-ubatuba.html,blog,"FAQPage,BreadcrumbList,BlogPosting,Article",BlogPosting,SCHEMA_OK,valid
blog/reducao-custos-imobiliaria-litoral-2026.html,blog,"FAQPage,BreadcrumbList,BlogPosting,Article",BlogPosting,SCHEMA_OK,valid
blog/reducao-custos-imobiliarias-litoral-2026.html,blog,"FAQPage,BreadcrumbList,BlogPosting,Article",BlogPosting,SCHEMA_OK,valid
blog/reducao-custos-operacionais-imobiliarias-2026.html,blog,"FAQPage,BreadcrumbList,BlogPosting,Article",BlogPosting,SCHEMA_OK,valid
blog/reducao-custos-operacionais-imobiliarias-litoral-2026.html,blog,"FAQPage,BreadcrumbList,BlogPosting,Article",BlogPosting,SCHEMA_OK,valid
blog/reducao-vazio-ocupacional-litoral-paulista-2026.html,blog,"FAQPage,BreadcrumbList,BlogPosting,Article",BlogPosting,SCHEMA_OK,valid
blog/reduzir-custos-captacao-imoveis-litoral-2026-08-12.html,blog,"FAQPage,BreadcrumbList,BlogPosting,Article",BlogPosting,SCHEMA_OK,valid
blog/reduzir-custos-captacao-leads-imobiliarias-litoral-2026.html,blog,"FAQPage,BreadcrumbList,BlogPosting,Article",BlogPosting,SCHEMA_OK,valid
blog/reduzir-custos-compra-imovel-litoral-sem-seguranca-2026.html,blog,BlogPosting,BlogPosting,SCHEMA_OK,valid
blog/reduzir-inadimplencia-alugueis-temporada-2026.html,blog,"FAQPage,BreadcrumbList,BlogPosting,Article",BlogPosting,SCHEMA_OK,valid
blog/reduzir-tempo-fechamento-litoral-paulista-2026.html,blog,"FAQPage,BreadcrumbList,BlogPosting,Article",BlogPosting,SCHEMA_OK,valid
blog/reels-antes-depois-imoveis-litoral-2026.html,blog,"FAQPage,BreadcrumbList,BlogPosting,Article",BlogPosting,SCHEMA_OK,valid
blog/reels-curtos-imobiliarias-litoral-2026.html,blog,"FAQPage,BreadcrumbList,BlogPosting,Article",BlogPosting,SCHEMA_OK,valid
blog/reels-imoveis-litoral-paulista-2026.html,blog,"FAQPage,BreadcrumbList,BlogPosting,Article",BlogPosting,SCHEMA_OK,valid
blog/reels-imovel-litoral-7-modelos-viralizam-geram-leads.html,blog,"BlogPosting,BreadcrumbList",BlogPosting,SCHEMA_OK,valid
blog/reels-para-imobiliarias-em-bertioga-bertioga.html,blog,"FAQPage,BreadcrumbList,BlogPosting,Article",BlogPosting,SCHEMA_OK,valid
blog/reels-para-imobiliarias-em-cananeia-cananeia.html,blog,"FAQPage,BreadcrumbList,BlogPosting,Article",BlogPosting,SCHEMA_OK,valid
blog/reels-para-imobiliarias-em-caraguatatuba-caraguatatuba.html,blog,"FAQPage,BreadcrumbList,BlogPosting,Article",BlogPosting,SCHEMA_OK,valid
blog/reels-para-imobiliarias-em-guaruja-guaruja.html,blog,"FAQPage,BreadcrumbList,BlogPosting,Article",BlogPosting,SCHEMA_OK,valid
blog/reels-para-imobiliarias-em-ilhabela-ilhabela.html,blog,"FAQPage,BreadcrumbList,BlogPosting,Article",BlogPosting,SCHEMA_OK,valid
blog/reels-para-imobiliarias-em-ubatuba-ubatuba.html,blog,"FAQPage,BreadcrumbList,BlogPosting,Article",BlogPosting,SCHEMA_OK,valid
blog/refinanciamento-imovel-praia-quando-vale-pena-2026.html,blog,"BlogPosting,BreadcrumbList",BlogPosting,SCHEMA_OK,valid
blog/reforma-imovel-alugar-temporada-litoral-2026.html,blog,"FAQPage,BreadcrumbList,BlogPosting,Article",BlogPosting,SCHEMA_OK,valid
blog/reforma-imovel-aumentar-valor-litoral-2026.html,blog,BlogPosting,BlogPosting,SCHEMA_OK,valid
blog/reforma-imovel-litoral-custo-beneficio-2026.html,blog,BlogPosting,BlogPosting,SCHEMA_OK,valid
blog/reforma-imovel-litoral-licenca-prefeitura-2026.html,blog,BlogPosting,BlogPosting,SCHEMA_OK,valid
blog/reforma-imovel-litoral-rentabilidade-2026.html,blog,BlogPosting,BlogPosting,SCHEMA_OK,valid
blog/reforma-imovel-praia-2026.html,blog,"FAQPage,BreadcrumbList,BlogPosting,Article",BlogPosting,SCHEMA_OK,valid
blog/reforma-imovel-venda-litoral-paulista-2026.html,blog,"FAQPage,BreadcrumbList,BlogPosting,Article",BlogPosting,SCHEMA_OK,valid
blog/reforma-pequena-retorno-temporada.html,blog,"FAQPage,BreadcrumbList,BlogPosting,Article",BlogPosting,SCHEMA_OK,valid
blog/reforma-rapida-imovel-litoral-vender-mais-2026.html,blog,BlogPosting,BlogPosting,SCHEMA_OK,valid
blog/reforma-temporada-litoral-antes-depois-2026.html,blog,"FAQPage,BreadcrumbList,BlogPosting,Article",BlogPosting,SCHEMA_OK,valid
blog/reforma-temporada-litoral-paulista-2026.html,blog,"FAQPage,BreadcrumbList,BlogPosting,Article",BlogPosting,SCHEMA_OK,valid
blog/registro-imoveis-litoral-certidao-pratica-2026.html,blog,BlogPosting,BlogPosting,SCHEMA_OK,valid
blog/registro-imovel-litoral-cartorio-prazos-custos-2026.html,blog,BlogPosting,BlogPosting,SCHEMA_OK,valid
blog/registro-imovel-litoral-paulista-2026.html,blog,"FAQPage,BreadcrumbList,BlogPosting,Article",BlogPosting,SCHEMA_OK,valid
blog/regras-temporada-proprietarios-imoveis-litoral-2026.html,blog,"FAQPage,BreadcrumbList,BlogPosting,Article",BlogPosting,SCHEMA_OK,valid
blog/regularizacao-imovel-litoral-documentacao-essencial-2026.html,blog,BlogPosting,BlogPosting,SCHEMA_OK,valid
blog/relatorios-fechar-parcerias-imobiliarias-2026.html,blog,"FAQPage,BreadcrumbList,BlogPosting,Article",BlogPosting,SCHEMA_OK,valid
blog/relatorios-imobiliarias-litoral-2026.html,blog,"FAQPage,BreadcrumbList,BlogPosting,Article",BlogPosting,SCHEMA_OK,valid
blog/relatorios-mercado-imobiliario-ia.html,blog,"FAQPage,BreadcrumbList,BlogPosting,Article",BlogPosting,SCHEMA_OK,valid
blog/remarketing-imobiliarias-litoral-pratico-2026.html,blog,BlogPosting,BlogPosting,SCHEMA_OK,valid
blog/rentabilidade-imoveis-praia-2026.html,blog,"FAQPage,BreadcrumbList,BlogPosting,Article",BlogPosting,SCHEMA_OK,valid
blog/rentabilidade-imoveis-praia-roi-cidade-litoral-2026.html,blog,"BlogPosting,BreadcrumbList,FAQPage",BlogPosting,SCHEMA_OK,valid
blog/rentabilidade-imoveis-praia.html,blog,BlogPosting,BlogPosting,SCHEMA_OK,valid
blog/rentabilidade-imoveis-temporada-litoral-2026.html,blog,BlogPosting,BlogPosting,SCHEMA_OK,valid
blog/reputacao-digital-corretores-litoral-2026.html,blog,"FAQPage,BreadcrumbList,BlogPosting,Article",BlogPosting,SCHEMA_OK,valid
blog/reputacao-digital-imobiliaria-litoral-2026.html,blog,"FAQPage,BreadcrumbList,BlogPosting,Article",BlogPosting,SCHEMA_OK,valid
blog/reserva-imovel-praia-2026.html,blog,"FAQPage,BreadcrumbList,BlogPosting,Article",BlogPosting,SCHEMA_OK,valid
blog/resolver-duvidas-comprador-2026.html,blog,"FAQPage,BreadcrumbList,BlogPosting,Article",BlogPosting,SCHEMA_OK,valid
blog/responsabilidade-civil-aluguel-temporada-litoral-2026.html,blog,BlogPosting,BlogPosting,SCHEMA_OK,valid
blog/resultados-ia-imobiliaria-litoral.html,blog,"FAQPage,BreadcrumbList,BlogPosting,Article",BlogPosting,SCHEMA_OK,valid
blog/retencao-clientes-imobiliaria-litoral-paulista-2026.html,blog,"BlogPosting,BreadcrumbList,FAQPage",BlogPosting,SCHEMA_OK,valid
blog/retencao-clientes-imobiliarias-litoral-2026.html,blog,"FAQPage,BreadcrumbList,BlogPosting,Article",BlogPosting,SCHEMA_OK,valid
blog/retencao-clientes-litoral-metodo-pratico-2026.html,blog,"FAQPage,BreadcrumbList,BlogPosting,Article",BlogPosting,SCHEMA_OK,valid
blog/retencao-corretores-litoral-2026.html,blog,"FAQPage,BreadcrumbList,BlogPosting,Article",BlogPosting,SCHEMA_OK,valid
blog/retencao-imoveis-litoral-indicadores-2026.html,blog,BlogPosting,BlogPosting,SCHEMA_OK,valid
blog/retencao-parceiros-litoral-manter-imobiliarias-2026.html,blog,"FAQPage,BreadcrumbList,BlogPosting,Article",BlogPosting,SCHEMA_OK,valid
blog/retencao-talentos-imobiliarias-litoral-2026.html,blog,BlogPosting,BlogPosting,SCHEMA_OK,valid
blog/retomada-aluguel-temporada-2026.html,blog,"FAQPage,BreadcrumbList,BlogPosting,Article",BlogPosting,SCHEMA_OK,valid
blog/retorno-aluguel-temporada-indicadores-2026.html,blog,BlogPosting,BlogPosting,SCHEMA_OK,valid
blog/retorno-investimento-imoveis-litoral-paulista-2026.html,blog,"FAQPage,BreadcrumbList,BlogPosting,Article",BlogPosting,SCHEMA_OK,valid
blog/retorno-investimento-imoveis-praia-2026.html,blog,"FAQPage,BreadcrumbList,BlogPosting,Article",BlogPosting,SCHEMA_OK,valid
blog/retorno-parceria-imobiliaria-litoral-2026.html,blog,"FAQPage,BreadcrumbList,BlogPosting,Article",BlogPosting,SCHEMA_OK,valid
blog/retrofit-imovel-litoral-valorizacao-2026.html,blog,BlogPosting,BlogPosting,SCHEMA_OK,valid
blog/revpar-adr-occupancy-imoveis-temporada-litoral-2026.html,blog,BlogPosting,BlogPosting,SCHEMA_OK,valid
blog/risco-operacional-imobiliarias-litoral-temporada-2026.html,blog,BlogPosting,BlogPosting,SCHEMA_OK,valid
blog/riviera-de-sao-lourenco-vs-litoral-norte-sp-2026.html,blog,"Article,FAQPage",BlogPosting,SCHEMA_MISMATCH,valid
blog/riviera-vale-a-pena-2026.html,blog,"FAQPage,BreadcrumbList,BlogPosting,Article",BlogPosting,SCHEMA_OK,valid
blog/roadmap-capacitacao-imobiliaria-digital-2026.html,blog,"FAQPage,BreadcrumbList,BlogPosting,Article",BlogPosting,SCHEMA_OK,valid
blog/roi-ferramentas-imobiliarias-litoral-2026.html,blog,"FAQPage,BreadcrumbList,BlogPosting,Article",BlogPosting,SCHEMA_OK,valid
blog/roi-ia-imobiliaria-litoral-paulista.html,blog,"FAQPage,BreadcrumbList,BlogPosting,Article",BlogPosting,SCHEMA_OK,valid
blog/roi-marketing-digital-imobiliaria-litoral-2026.html,blog,"FAQPage,BreadcrumbList,BlogPosting,Article",BlogPosting,SCHEMA_OK,valid
blog/roi-real-por-cidade-litoral-paulista-2026-07-26.html,blog,"FAQPage,BreadcrumbList,BlogPosting,Article",BlogPosting,SCHEMA_OK,valid
blog/roteiro-1-dia-caraguatatuba-compradores-imoveis-2026.html,blog,"FAQPage,BreadcrumbList,BlogPosting,Article",BlogPosting,SCHEMA_OK,valid
blog/roteiro-1-dia-ilhabela-compradores-imoveis-2026.html,blog,"FAQPage,BreadcrumbList,BlogPosting,Article",BlogPosting,SCHEMA_OK,valid
blog/roteiro-captacao-whatsapp-imoveis-2026.html,blog,"FAQPage,BreadcrumbList,BlogPosting,Article",BlogPosting,SCHEMA_OK,valid
blog/roteiro-de-follow-up-por-whatsapp-em-leads-frios-imobiliarios-em-itanhaém-2026-07-12.html,blog,"FAQPage,BreadcrumbList,BlogPosting,Article",BlogPosting,SCHEMA_OK,valid
blog/roteiro-de-video-imobiliario-1-minuto-em-redes-sociais-em-são-vicente-2026-07-12.html,blog,"FAQPage,BreadcrumbList,BlogPosting,Article",BlogPosting,SCHEMA_OK,valid
blog/roteiro-email-captacao-proprietarios-litoral-paulista-2026.html,blog,"BlogPosting,BreadcrumbList,FAQPage",BlogPosting,SCHEMA_OK,valid
blog/roteiro-followup-pos-visita-imoveis-litoral-2026.html,blog,"BlogPosting,BreadcrumbList,FAQPage",BlogPosting,SCHEMA_OK,valid
blog/roteiro-pos-visita-imobiliaria-litoral-2026.html,blog,"FAQPage,BreadcrumbList,BlogPosting,Article",BlogPosting,SCHEMA_OK,valid
blog/roteiro-video-diario-assinatura-24-07-2026.html,blog,"FAQPage,BreadcrumbList,BlogPosting,Article",BlogPosting,SCHEMA_OK,valid
blog/roteiro-video-diario-avaliacao-preco-22-07-2026.html,blog,"FAQPage,BreadcrumbList,BlogPosting,Article",BlogPosting,SCHEMA_OK,valid
blog/roteiro-video-diario-bertioga-estoril-21-07-2026.html,blog,"FAQPage,BreadcrumbList,BlogPosting,Article",BlogPosting,SCHEMA_OK,valid
blog/roteiro-video-diario-corretor-litoral-2026.html,blog,"FAQPage,BreadcrumbList,BlogPosting,Article",BlogPosting,SCHEMA_OK,valid
blog/roteiro-video-diario-imoveis-litoral.html,blog,"FAQPage,BreadcrumbList,BlogPosting,Article",BlogPosting,SCHEMA_OK,valid
blog/roteiro-video-diario-recomendacao-23-07-2026.html,blog,"FAQPage,BreadcrumbList,BlogPosting,Article",BlogPosting,SCHEMA_OK,valid
blog/roteiro-video-diario-semana31-alta-temporada-25-07-2026.html,blog,"FAQPage,BreadcrumbList,BlogPosting,Article",BlogPosting,SCHEMA_OK,valid
blog/roteiro-video-diario-semana31-captacao-whatsapp-27-07-2026.html,blog,"FAQPage,BreadcrumbList,BlogPosting,Article",BlogPosting,SCHEMA_OK,valid
blog/roteiro-video-diario-semana31-roi-por-cidade-26-07-2026.html,blog,"FAQPage,BreadcrumbList,BlogPosting,Article",BlogPosting,SCHEMA_OK,valid
blog/roteiro-video-diario-semana31-whitelabel-28-07-2026.html,blog,"FAQPage,BreadcrumbList,BlogPosting,Article",BlogPosting,SCHEMA_OK,valid
blog/roteiro-video-imoveis-curto-ia.html,blog,"FAQPage,BreadcrumbList,BlogPosting,Article",BlogPosting,SCHEMA_OK,valid
blog/roteiro-video-venda-imoveis-litoral-2026.html,blog,"FAQPage,BreadcrumbList,BlogPosting,Article",BlogPosting,SCHEMA_OK,valid
blog/roteiro-videos-diarios-7dias-imobiliaria-litoral-2026.html,blog,"FAQPage,BreadcrumbList,BlogPosting,Article",BlogPosting,SCHEMA_OK,valid
blog/roteiro-visita-imoveis-litoral-observar-cada-comodo-2026.html,blog,BlogPosting,BlogPosting,SCHEMA_OK,valid
blog/roteiro-visita-imoveis-temporada-2026.html,blog,"FAQPage,BreadcrumbList,BlogPosting,Article",BlogPosting,SCHEMA_OK,valid
blog/roteiro-visita-imovel-sem-software-2026.html,blog,"FAQPage,BreadcrumbList,BlogPosting,Article",BlogPosting,SCHEMA_OK,valid
blog/roteiro-visita-imovel-video-ia.html,blog,"FAQPage,BreadcrumbList,BlogPosting,Article",BlogPosting,SCHEMA_OK,valid
blog/roteiro-whatsapp-corretores-litoral-paulista-primeiro-contato-fechamento-2026.html,blog,"BlogPosting,BreadcrumbList,FAQPage",BlogPosting,SCHEMA_OK,valid
blog/santos-alugar-apartamento-verao-santos-em-santos.html,blog,BlogPosting,BlogPosting,SCHEMA_OK,valid
blog/santos-aluguel-temporada-2026.html,blog,BlogPosting,BlogPosting,SCHEMA_OK,valid
blog/santos-artigo-cases-imoveis-2026.html,blog,"BlogPosting,BreadcrumbList",BlogPosting,SCHEMA_OK,valid
blog/santos-artigo-editorial-imoveis-2026.html,blog,"BlogPosting,BreadcrumbList",BlogPosting,SCHEMA_OK,valid
blog/santos-artigo-financiamento-imoveis-2026.html,blog,"BlogPosting,BreadcrumbList",BlogPosting,SCHEMA_OK,valid
blog/santos-artigo-investimento-imoveis-2026.html,blog,"BlogPosting,BreadcrumbList",BlogPosting,SCHEMA_OK,valid
blog/santos-artigo-juridico-imoveis-2026.html,blog,"BlogPosting,BreadcrumbList",BlogPosting,SCHEMA_OK,valid
blog/santos-artigo-locacao-temporada-imoveis-2026.html,blog,"BlogPosting,BreadcrumbList",BlogPosting,SCHEMA_OK,valid
blog/santos-artigo-marketing-digital-imoveis-2026.html,blog,"BlogPosting,BreadcrumbList",BlogPosting,SCHEMA_OK,valid
blog/santos-artigo-parcerias-imoveis-2026.html,blog,"BlogPosting,BreadcrumbList",BlogPosting,SCHEMA_OK,valid
blog/santos-artigo-seo-local-imoveis-2026.html,blog,"BlogPosting,BreadcrumbList",BlogPosting,SCHEMA_OK,valid
blog/santos-automacao-ia-imoveis-2026.html,blog,"BlogPosting,BreadcrumbList",BlogPosting,SCHEMA_OK,valid
blog/santos-automacao-imobiliarias-2026.html,blog,"BlogPosting,BreadcrumbList",BlogPosting,SCHEMA_INVALID,invalid_json: Expecting property name enclosed in double quotes: line 7 column 5 (char 305)
blog/santos-automacao-imoveis-2026.html,blog,"BlogPosting,BreadcrumbList",BlogPosting,SCHEMA_OK,valid
blog/santos-bairros-imoveis-2026.html,blog,"BlogPosting,BreadcrumbList",BlogPosting,SCHEMA_INVALID,invalid_json: Expecting property name enclosed in double quotes: line 7 column 5 (char 288)
blog/santos-captacao-de-imoveis-na-alta-temporada-em-santos.html,blog,BlogPosting,BlogPosting,SCHEMA_OK,valid
blog/santos-case-sucesso-automacao-imoveis-2026.html,blog,"BlogPosting,BreadcrumbList",BlogPosting,SCHEMA_OK,valid
blog/santos-case-sucesso-bairros-imoveis-2026.html,blog,"BlogPosting,BreadcrumbList",BlogPosting,SCHEMA_OK,valid
blog/santos-case-sucesso-editorial-imoveis-2026.html,blog,"BlogPosting,BreadcrumbList",BlogPosting,SCHEMA_OK,valid
blog/santos-case-sucesso-financiamento-imoveis-2026.html,blog,"BlogPosting,BreadcrumbList",BlogPosting,SCHEMA_OK,valid
blog/santos-case-sucesso-juridico-imoveis-2026.html,blog,"BlogPosting,BreadcrumbList",BlogPosting,SCHEMA_OK,valid
blog/santos-case-sucesso-marketing-digital-imoveis-2026.html,blog,"BlogPosting,BreadcrumbList",BlogPosting,SCHEMA_OK,valid
blog/santos-case-sucesso-parcerias-imoveis-2026.html,blog,"BlogPosting,BreadcrumbList",BlogPosting,SCHEMA_OK,valid
blog/santos-case-sucesso-seo-local-imoveis-2026.html,blog,"BlogPosting,BreadcrumbList",BlogPosting,SCHEMA_OK,valid
blog/santos-cases-imoveis-2026.html,blog,"BlogPosting,BreadcrumbList",BlogPosting,SCHEMA_OK,valid
blog/santos-checklist-automacao-imoveis-2026.html,blog,"BlogPosting,BreadcrumbList",BlogPosting,SCHEMA_OK,valid
blog/santos-checklist-bairros-imoveis-2026.html,blog,"BlogPosting,BreadcrumbList",BlogPosting,SCHEMA_OK,valid
blog/santos-checklist-cases-imoveis-2026.html,blog,"BlogPosting,BreadcrumbList",BlogPosting,SCHEMA_OK,valid
blog/santos-checklist-editorial-imoveis-2026.html,blog,"BlogPosting,BreadcrumbList",BlogPosting,SCHEMA_OK,valid
blog/santos-checklist-financiamento-imoveis-2026.html,blog,"BlogPosting,BreadcrumbList",BlogPosting,SCHEMA_OK,valid
blog/santos-checklist-investimento-imoveis-2026.html,blog,"BlogPosting,BreadcrumbList",BlogPosting,SCHEMA_OK,valid
blog/santos-checklist-juridico-imoveis-2026.html,blog,"BlogPosting,BreadcrumbList",BlogPosting,SCHEMA_OK,valid
blog/santos-checklist-locacao-temporada-imoveis-2026.html,blog,"BlogPosting,BreadcrumbList",BlogPosting,SCHEMA_OK,valid
blog/santos-checklist-marketing-digital-imoveis-2026.html,blog,"BlogPosting,BreadcrumbList",BlogPosting,SCHEMA_OK,valid
blog/santos-checklist-parcerias-imoveis-2026.html,blog,"BlogPosting,BreadcrumbList",BlogPosting,SCHEMA_OK,valid
blog/santos-checklist-seo-local-imoveis-2026.html,blog,"BlogPosting,BreadcrumbList",BlogPosting,SCHEMA_OK,valid
blog/santos-checklist-venda-imoveis-2026.html,blog,"BlogPosting,BreadcrumbList",BlogPosting,SCHEMA_OK,valid
blog/santos-compra-venda-imoveis-2026.html,blog,"BlogPosting,BreadcrumbList",BlogPosting,SCHEMA_OK,valid
blog/santos-curso-automacao-imoveis-2026.html,blog,"BlogPosting,BreadcrumbList",BlogPosting,SCHEMA_OK,valid
blog/santos-curso-bairros-imoveis-2026.html,blog,"BlogPosting,BreadcrumbList",BlogPosting,SCHEMA_OK,valid
blog/santos-curso-cases-imoveis-2026.html,blog,"BlogPosting,BreadcrumbList",BlogPosting,SCHEMA_OK,valid
blog/santos-curso-corretor-imoveis-2026.html,blog,"BlogPosting,BreadcrumbList",BlogPosting,SCHEMA_OK,valid
blog/santos-curso-editorial-imoveis-2026.html,blog,"BlogPosting,BreadcrumbList",BlogPosting,SCHEMA_OK,valid
blog/santos-curso-financiamento-imoveis-2026.html,blog,"BlogPosting,BreadcrumbList",BlogPosting,SCHEMA_OK,valid
blog/santos-curso-investimento-imoveis-2026.html,blog,"BlogPosting,BreadcrumbList",BlogPosting,SCHEMA_OK,valid
blog/santos-curso-juridico-imoveis-2026.html,blog,"BlogPosting,BreadcrumbList",BlogPosting,SCHEMA_OK,valid
blog/santos-curso-locacao-temporada-imoveis-2026.html,blog,"BlogPosting,BreadcrumbList",BlogPosting,SCHEMA_OK,valid
blog/santos-curso-marketing-digital-imoveis-2026.html,blog,"BlogPosting,BreadcrumbList",BlogPosting,SCHEMA_OK,valid
blog/santos-curso-parcerias-imoveis-2026.html,blog,"BlogPosting,BreadcrumbList",BlogPosting,SCHEMA_OK,valid
blog/santos-curso-seo-local-imoveis-2026.html,blog,"BlogPosting,BreadcrumbList",BlogPosting,SCHEMA_OK,valid
blog/santos-editorial-2026.html,blog,"BlogPosting,BreadcrumbList",BlogPosting,SCHEMA_OK,valid
blog/santos-editorial-imoveis-2026.html,blog,"BlogPosting,BreadcrumbList",BlogPosting,SCHEMA_INVALID,invalid_json: Expecting property name enclosed in double quotes: line 7 column 5 (char 297)
blog/santos-financiamento-imoveis-2026.html,blog,"BlogPosting,BreadcrumbList",BlogPosting,SCHEMA_INVALID,invalid_json: Expecting property name enclosed in double quotes: line 7 column 5 (char 297)
blog/santos-guia-compra-imoveis-2026.html,blog,"BlogPosting,BreadcrumbList",BlogPosting,SCHEMA_OK,valid
blog/santos-guia-investimento-imoveis-2026.html,blog,"BlogPosting,BreadcrumbList",BlogPosting,SCHEMA_OK,valid
blog/santos-guia-locacao-temporada-imoveis-2026.html,blog,"BlogPosting,BreadcrumbList",BlogPosting,SCHEMA_OK,valid
blog/santos-investimento-imoveis-2026.html,blog,"BlogPosting,BreadcrumbList",BlogPosting,SCHEMA_INVALID,invalid_json: Expecting property name enclosed in double quotes: line 7 column 5 (char 306)
blog/santos-juridico-imoveis-2026.html,blog,"BlogPosting,BreadcrumbList",BlogPosting,SCHEMA_OK,valid
blog/santos-locacao-temporada-imoveis-2026.html,blog,"BlogPosting,BreadcrumbList",BlogPosting,SCHEMA_OK,valid
blog/santos-marketing-digital-imobiliarias-2026.html,blog,"BlogPosting,BreadcrumbList",BlogPosting,SCHEMA_INVALID,invalid_json: Expecting property name enclosed in double quotes: line 7 column 5 (char 295)
blog/santos-marketing-digital-imoveis-2026.html,blog,"BlogPosting,BreadcrumbList",BlogPosting,SCHEMA_OK,valid
blog/santos-orla-gastronomia-passeios-2026-sp-2026-07-14.html,blog,"FAQPage,BreadcrumbList,BlogPosting,Article",BlogPosting,SCHEMA_OK,valid
blog/santos-parcerias-imobiliarias-2026.html,blog,"BlogPosting,BreadcrumbList",BlogPosting,SCHEMA_INVALID,invalid_json: Expecting property name enclosed in double quotes: line 7 column 5 (char 295)
blog/santos-parcerias-imoveis-2026.html,blog,"BlogPosting,BreadcrumbList",BlogPosting,SCHEMA_OK,valid
blog/santos-rentabilidade-imoveis-2026.html,blog,"BlogPosting,BreadcrumbList",BlogPosting,SCHEMA_INVALID,invalid_json: Expecting property name enclosed in double quotes: line 7 column 5 (char 306)
blog/santos-santos-checklist-de-automacao-imobiliaria-guia-2026.html,blog,BlogPosting,BlogPosting,SCHEMA_OK,valid
blog/santos-santos-checklist-para-investimento-imobiliario-guia-2026.html,blog,BlogPosting,BlogPosting,SCHEMA_OK,valid
blog/santos-santos-checklist-para-locacao-de-temporada-guia-2026.html,blog,BlogPosting,BlogPosting,SCHEMA_OK,valid
blog/santos-santos-checklist-para-venda-de-imoveis-guia-2026.html,blog,BlogPosting,BlogPosting,SCHEMA_OK,valid
blog/santos-santos-compra-e-venda-de-imoveis-analise-2026.html,blog,BlogPosting,BlogPosting,SCHEMA_OK,valid
blog/santos-santos-curso-de-automacao-imobiliaria-guia-2026.html,blog,BlogPosting,BlogPosting,SCHEMA_OK,valid
blog/santos-santos-curso-de-investimento-imobiliario-guia-2026.html,blog,BlogPosting,BlogPosting,SCHEMA_OK,valid
blog/santos-santos-curso-de-locacao-de-temporada-guia-2026.html,blog,BlogPosting,BlogPosting,SCHEMA_OK,valid
blog/santos-santos-curso-para-corretor-de-imoveis-guia-2026.html,blog,BlogPosting,BlogPosting,SCHEMA_OK,valid
blog/santos-santos-guia-para-compra-de-imoveis-analise-2026.html,blog,BlogPosting,BlogPosting,SCHEMA_OK,valid
blog/santos-santos-guia-para-investimento-imobiliario-analise-2026.html,blog,BlogPosting,BlogPosting,SCHEMA_OK,valid
blog/santos-santos-guia-para-locacao-de-temporada-analise-2026.html,blog,BlogPosting,BlogPosting,SCHEMA_OK,valid
blog/santos-santos-investimento-em-imoveis-analise-2026.html,blog,BlogPosting,BlogPosting,SCHEMA_OK,valid
blog/santos-santos-locacao-temporada-guia-2026.html,blog,BlogPosting,BlogPosting,SCHEMA_OK,valid
blog/santos-santos-marketing-digital-para-imoveis-guia-2026.html,blog,BlogPosting,BlogPosting,SCHEMA_OK,valid
blog/santos-seo-local-imoveis-2026.html,blog,"BlogPosting,BreadcrumbList",BlogPosting,SCHEMA_OK,valid
blog/santos-seo-local-para-imobiliarias-em-santos.html,blog,BlogPosting,BlogPosting,SCHEMA_OK,valid
blog/santos-temporada-gestao-imoveis-2026.html,blog,"BlogPosting,BreadcrumbList",BlogPosting,SCHEMA_INVALID,invalid_json: Expecting property name enclosed in double quotes: line 7 column 5 (char 295)
blog/santos-tendencias-imoveis-2027.html,blog,"BlogPosting,BreadcrumbList",BlogPosting,SCHEMA_INVALID,invalid_json: Expecting property name enclosed in double quotes: line 7 column 5 (char 304)
blog/sao-francisco-do-sul-bairros-imoveis-2026.html,blog,"BlogPosting,BreadcrumbList",BlogPosting,SCHEMA_INVALID,invalid_json: Expecting property name enclosed in double quotes: line 7 column 5 (char 309)
blog/sao-francisco-do-sul-compra-venda-imoveis-2026.html,blog,"BlogPosting,BreadcrumbList",BlogPosting,SCHEMA_INVALID,invalid_json: Expecting property name enclosed in double quotes: line 7 column 5 (char 311)
blog/sao-francisco-do-sul-editorial-imoveis-2026.html,blog,"BlogPosting,BreadcrumbList",BlogPosting,SCHEMA_INVALID,invalid_json: Expecting property name enclosed in double quotes: line 7 column 5 (char 281)
blog/sao-francisco-do-sul-investimento-imoveis-2026.html,blog,"BlogPosting,BreadcrumbList",BlogPosting,SCHEMA_INVALID,invalid_json: Expecting property name enclosed in double quotes: line 7 column 5 (char 299)
blog/sao-francisco-do-sul-rentabilidade-imoveis-2026.html,blog,"BlogPosting,BreadcrumbList",BlogPosting,SCHEMA_INVALID,invalid_json: Expecting property name enclosed in double quotes: line 7 column 5 (char 283)
blog/sao-francisco-do-sul-temporada-gestao-imoveis-2026.html,blog,"BlogPosting,BreadcrumbList",BlogPosting,SCHEMA_INVALID,invalid_json: Expecting property name enclosed in double quotes: line 7 column 5 (char 276)
blog/sao-sebastiao-administracao-aluguel-temporada-2026.html,blog,BreadcrumbList,BlogPosting,SCHEMA_INVALID,"invalid_json: Expecting ',' delimiter: line 14 column 1 (char 804)"
blog/sao-sebastiao-aluguel-temporada-2026.html,blog,"BlogPosting,BreadcrumbList",BlogPosting,SCHEMA_OK,valid
blog/sao-sebastiao-artigo-bairros-imoveis-2026.html,blog,"BlogPosting,BreadcrumbList",BlogPosting,SCHEMA_OK,valid
blog/sao-sebastiao-artigo-cases-imoveis-2026.html,blog,"BlogPosting,BreadcrumbList",BlogPosting,SCHEMA_OK,valid
blog/sao-sebastiao-artigo-compra-imoveis-2026.html,blog,"BlogPosting,BreadcrumbList",BlogPosting,SCHEMA_OK,valid
blog/sao-sebastiao-artigo-editorial-imoveis-2026.html,blog,"BlogPosting,BreadcrumbList",BlogPosting,SCHEMA_OK,valid
blog/sao-sebastiao-artigo-financiamento-imoveis-2026.html,blog,"BlogPosting,BreadcrumbList",BlogPosting,SCHEMA_OK,valid
blog/sao-sebastiao-artigo-juridico-imoveis-2026.html,blog,"BlogPosting,BreadcrumbList",BlogPosting,SCHEMA_OK,valid
blog/sao-sebastiao-artigo-locacao-temporada-imoveis-2026.html,blog,"BlogPosting,BreadcrumbList",BlogPosting,SCHEMA_OK,valid
blog/sao-sebastiao-artigo-marketing-digital-imoveis-2026.html,blog,"BlogPosting,BreadcrumbList",BlogPosting,SCHEMA_OK,valid
blog/sao-sebastiao-artigo-parcerias-imoveis-2026.html,blog,"BlogPosting,BreadcrumbList",BlogPosting,SCHEMA_OK,valid
blog/sao-sebastiao-artigo-seo-local-imoveis-2026.html,blog,"BlogPosting,BreadcrumbList",BlogPosting,SCHEMA_OK,valid
blog/sao-sebastiao-automacao-ia-imoveis-2026.html,blog,"BlogPosting,BreadcrumbList",BlogPosting,SCHEMA_OK,valid
blog/sao-sebastiao-automacao-imobiliarias-2026.html,blog,"BlogPosting,BreadcrumbList",BlogPosting,SCHEMA_INVALID,invalid_json: Expecting property name enclosed in double quotes: line 7 column 5 (char 312)
blog/sao-sebastiao-bairros-cidades-2026.html,blog,"BlogPosting,BreadcrumbList",BlogPosting,SCHEMA_OK,valid
blog/sao-sebastiao-bairros-imoveis-2026.html,blog,"BlogPosting,BreadcrumbList",BlogPosting,SCHEMA_OK,valid
blog/sao-sebastiao-case-sucesso-bairros-imoveis-2026.html,blog,"BlogPosting,BreadcrumbList",BlogPosting,SCHEMA_OK,valid
blog/sao-sebastiao-case-sucesso-cases-imoveis-2026.html,blog,"BlogPosting,BreadcrumbList",BlogPosting,SCHEMA_OK,valid
blog/sao-sebastiao-case-sucesso-editorial-imoveis-2026.html,blog,"BlogPosting,BreadcrumbList",BlogPosting,SCHEMA_OK,valid
blog/sao-sebastiao-case-sucesso-financiamento-imoveis-2026.html,blog,"BlogPosting,BreadcrumbList",BlogPosting,SCHEMA_OK,valid
blog/sao-sebastiao-case-sucesso-juridico-imoveis-2026.html,blog,"BlogPosting,BreadcrumbList",BlogPosting,SCHEMA_OK,valid
blog/sao-sebastiao-case-sucesso-marketing-digital-imoveis-2026.html,blog,"BlogPosting,BreadcrumbList",BlogPosting,SCHEMA_OK,valid
blog/sao-sebastiao-case-sucesso-parcerias-imoveis-2026.html,blog,"BlogPosting,BreadcrumbList",BlogPosting,SCHEMA_OK,valid
blog/sao-sebastiao-case-sucesso-seo-local-imoveis-2026.html,blog,"BlogPosting,BreadcrumbList",BlogPosting,SCHEMA_OK,valid
blog/sao-sebastiao-cases-imoveis-2026.html,blog,"BlogPosting,BreadcrumbList",BlogPosting,SCHEMA_OK,valid
blog/sao-sebastiao-centro-bairros-imoveis-2026.html,blog,"BlogPosting,BreadcrumbList",BlogPosting,SCHEMA_INVALID,invalid_json: Expecting property name enclosed in double quotes: line 7 column 5 (char 315)
blog/sao-sebastiao-centro-compra-venda-imoveis-2026.html,blog,"BlogPosting,BreadcrumbList",BlogPosting,SCHEMA_INVALID,invalid_json: Expecting property name enclosed in double quotes: line 7 column 5 (char 311)
blog/sao-sebastiao-centro-editorial-imoveis-2026.html,blog,"BlogPosting,BreadcrumbList",BlogPosting,SCHEMA_INVALID,invalid_json: Expecting property name enclosed in double quotes: line 7 column 5 (char 281)
blog/sao-sebastiao-centro-investimento-imoveis-2026.html,blog,"BlogPosting,BreadcrumbList",BlogPosting,SCHEMA_INVALID,invalid_json: Expecting property name enclosed in double quotes: line 7 column 5 (char 299)
blog/sao-sebastiao-centro-rentabilidade-imoveis-2026.html,blog,"BlogPosting,BreadcrumbList",BlogPosting,SCHEMA_INVALID,invalid_json: Expecting property name enclosed in double quotes: line 7 column 5 (char 283)
blog/sao-sebastiao-centro-temporada-gestao-imoveis-2026.html,blog,"BlogPosting,BreadcrumbList",BlogPosting,SCHEMA_INVALID,invalid_json: Expecting property name enclosed in double quotes: line 7 column 5 (char 276)
blog/sao-sebastiao-checklist-bairros-imoveis-2026.html,blog,"BlogPosting,BreadcrumbList",BlogPosting,SCHEMA_OK,valid
blog/sao-sebastiao-checklist-cases-imoveis-2026.html,blog,"BlogPosting,BreadcrumbList",BlogPosting,SCHEMA_OK,valid
blog/sao-sebastiao-checklist-editorial-imoveis-2026.html,blog,"BlogPosting,BreadcrumbList",BlogPosting,SCHEMA_OK,valid
blog/sao-sebastiao-checklist-financiamento-imoveis-2026.html,blog,"BlogPosting,BreadcrumbList",BlogPosting,SCHEMA_OK,valid
blog/sao-sebastiao-checklist-investimento-imoveis-2026.html,blog,"BlogPosting,BreadcrumbList",BlogPosting,SCHEMA_OK,valid
blog/sao-sebastiao-checklist-juridico-imoveis-2026.html,blog,"BlogPosting,BreadcrumbList",BlogPosting,SCHEMA_OK,valid
blog/sao-sebastiao-checklist-locacao-temporada-imoveis-2026.html,blog,"BlogPosting,BreadcrumbList",BlogPosting,SCHEMA_OK,valid
blog/sao-sebastiao-checklist-marketing-digital-imoveis-2026.html,blog,"BlogPosting,BreadcrumbList",BlogPosting,SCHEMA_OK,valid
blog/sao-sebastiao-checklist-parcerias-imoveis-2026.html,blog,"BlogPosting,BreadcrumbList",BlogPosting,SCHEMA_OK,valid
blog/sao-sebastiao-checklist-seo-local-imoveis-2026.html,blog,"BlogPosting,BreadcrumbList",BlogPosting,SCHEMA_OK,valid
blog/sao-sebastiao-checklist-venda-imoveis-2026.html,blog,"BlogPosting,BreadcrumbList",BlogPosting,SCHEMA_OK,valid
blog/sao-sebastiao-compra-venda-imoveis-2026.html,blog,"BlogPosting,BreadcrumbList",BlogPosting,SCHEMA_OK,valid
blog/sao-sebastiao-curso-automacao-imoveis-2026.html,blog,"BlogPosting,BreadcrumbList",BlogPosting,SCHEMA_OK,valid
blog/sao-sebastiao-curso-bairros-imoveis-2026.html,blog,"BlogPosting,BreadcrumbList",BlogPosting,SCHEMA_OK,valid
blog/sao-sebastiao-curso-cases-imoveis-2026.html,blog,"BlogPosting,BreadcrumbList",BlogPosting,SCHEMA_OK,valid
blog/sao-sebastiao-curso-corretor-imoveis-2026.html,blog,"BlogPosting,BreadcrumbList",BlogPosting,SCHEMA_OK,valid
blog/sao-sebastiao-curso-editorial-imoveis-2026.html,blog,"BlogPosting,BreadcrumbList",BlogPosting,SCHEMA_OK,valid
blog/sao-sebastiao-curso-financiamento-imoveis-2026.html,blog,"BlogPosting,BreadcrumbList",BlogPosting,SCHEMA_OK,valid
blog/sao-sebastiao-curso-investimento-imoveis-2026.html,blog,"BlogPosting,BreadcrumbList",BlogPosting,SCHEMA_OK,valid
blog/sao-sebastiao-curso-juridico-imoveis-2026.html,blog,"BlogPosting,BreadcrumbList",BlogPosting,SCHEMA_OK,valid
blog/sao-sebastiao-curso-locacao-temporada-imoveis-2026.html,blog,"BlogPosting,BreadcrumbList",BlogPosting,SCHEMA_OK,valid
blog/sao-sebastiao-curso-marketing-digital-imoveis-2026.html,blog,"BlogPosting,BreadcrumbList",BlogPosting,SCHEMA_OK,valid
blog/sao-sebastiao-curso-parcerias-imoveis-2026.html,blog,"BlogPosting,BreadcrumbList",BlogPosting,SCHEMA_OK,valid
blog/sao-sebastiao-curso-seo-local-imoveis-2026.html,blog,"BlogPosting,BreadcrumbList",BlogPosting,SCHEMA_OK,valid
blog/sao-sebastiao-editorial-2026.html,blog,"BlogPosting,BreadcrumbList",BlogPosting,SCHEMA_OK,valid
blog/sao-sebastiao-editorial-imoveis-2026.html,blog,"BlogPosting,BreadcrumbList",BlogPosting,SCHEMA_OK,valid
blog/sao-sebastiao-financiamento-imoveis-2026.html,blog,"BlogPosting,BreadcrumbList",BlogPosting,SCHEMA_OK,valid
blog/sao-sebastiao-guia-compra-imoveis-2026.html,blog,"BlogPosting,BreadcrumbList",BlogPosting,SCHEMA_OK,valid
blog/sao-sebastiao-guia-investimento-imoveis-2026.html,blog,"BlogPosting,BreadcrumbList",BlogPosting,SCHEMA_OK,valid
blog/sao-sebastiao-guia-locacao-temporada-imoveis-2026.html,blog,"BlogPosting,BreadcrumbList",BlogPosting,SCHEMA_OK,valid
blog/sao-sebastiao-investimento-imoveis-2026.html,blog,"BlogPosting,BreadcrumbList",BlogPosting,SCHEMA_OK,valid
blog/sao-sebastiao-juridico-imoveis-2026.html,blog,"BlogPosting,BreadcrumbList",BlogPosting,SCHEMA_OK,valid
blog/sao-sebastiao-leste-bairros-imoveis-2026.html,blog,"BlogPosting,BreadcrumbList",BlogPosting,SCHEMA_INVALID,invalid_json: Expecting property name enclosed in double quotes: line 7 column 5 (char 314)
blog/sao-sebastiao-leste-compra-venda-imoveis-2026.html,blog,"BlogPosting,BreadcrumbList",BlogPosting,SCHEMA_INVALID,invalid_json: Expecting property name enclosed in double quotes: line 7 column 5 (char 310)
blog/sao-sebastiao-leste-editorial-imoveis-2026.html,blog,"BlogPosting,BreadcrumbList",BlogPosting,SCHEMA_INVALID,invalid_json: Expecting property name enclosed in double quotes: line 7 column 5 (char 280)
blog/sao-sebastiao-leste-investimento-imoveis-2026.html,blog,"BlogPosting,BreadcrumbList",BlogPosting,SCHEMA_INVALID,invalid_json: Expecting property name enclosed in double quotes: line 7 column 5 (char 298)
blog/sao-sebastiao-leste-rentabilidade-imoveis-2026.html,blog,"BlogPosting,BreadcrumbList",BlogPosting,SCHEMA_INVALID,invalid_json: Expecting property name enclosed in double quotes: line 7 column 5 (char 283)
blog/sao-sebastiao-leste-temporada-gestao-imoveis-2026.html,blog,"BlogPosting,BreadcrumbList",BlogPosting,SCHEMA_INVALID,invalid_json: Expecting property name enclosed in double quotes: line 7 column 5 (char 275)
blog/sao-sebastiao-locacao-temporada-imoveis-2026.html,blog,"BlogPosting,BreadcrumbList",BlogPosting,SCHEMA_OK,valid
blog/sao-sebastiao-marketing-digital-imobiliarias-2026.html,blog,"BlogPosting,BreadcrumbList",BlogPosting,SCHEMA_OK,valid
blog/sao-sebastiao-marketing-digital-imoveis-2026.html,blog,"BlogPosting,BreadcrumbList",BlogPosting,SCHEMA_OK,valid
blog/sao-sebastiao-norte-bairros-imoveis-2026.html,blog,"BlogPosting,BreadcrumbList",BlogPosting,SCHEMA_INVALID,invalid_json: Expecting property name enclosed in double quotes: line 7 column 5 (char 314)
blog/sao-sebastiao-norte-compra-venda-imoveis-2026.html,blog,"BlogPosting,BreadcrumbList",BlogPosting,SCHEMA_INVALID,invalid_json: Expecting property name enclosed in double quotes: line 7 column 5 (char 310)
blog/sao-sebastiao-norte-editorial-imoveis-2026.html,blog,"BlogPosting,BreadcrumbList",BlogPosting,SCHEMA_INVALID,invalid_json: Expecting property name enclosed in double quotes: line 7 column 5 (char 280)
blog/sao-sebastiao-norte-investimento-imoveis-2026.html,blog,"BlogPosting,BreadcrumbList",BlogPosting,SCHEMA_INVALID,invalid_json: Expecting property name enclosed in double quotes: line 7 column 5 (char 298)
blog/sao-sebastiao-norte-rentabilidade-imoveis-2026.html,blog,"BlogPosting,BreadcrumbList",BlogPosting,SCHEMA_INVALID,invalid_json: Expecting property name enclosed in double quotes: line 7 column 5 (char 283)
blog/sao-sebastiao-norte-temporada-gestao-imoveis-2026.html,blog,"BlogPosting,BreadcrumbList",BlogPosting,SCHEMA_INVALID,invalid_json: Expecting property name enclosed in double quotes: line 7 column 5 (char 275)
blog/sao-sebastiao-oeste-bairros-imoveis-2026.html,blog,"BlogPosting,BreadcrumbList",BlogPosting,SCHEMA_INVALID,invalid_json: Expecting property name enclosed in double quotes: line 7 column 5 (char 314)
blog/sao-sebastiao-oeste-compra-venda-imoveis-2026.html,blog,"BlogPosting,BreadcrumbList",BlogPosting,SCHEMA_INVALID,invalid_json: Expecting property name enclosed in double quotes: line 7 column 5 (char 310)
blog/sao-sebastiao-oeste-editorial-imoveis-2026.html,blog,"BlogPosting,BreadcrumbList",BlogPosting,SCHEMA_INVALID,invalid_json: Expecting property name enclosed in double quotes: line 7 column 5 (char 280)
blog/sao-sebastiao-oeste-investimento-imoveis-2026.html,blog,"BlogPosting,BreadcrumbList",BlogPosting,SCHEMA_INVALID,invalid_json: Expecting property name enclosed in double quotes: line 7 column 5 (char 298)
blog/sao-sebastiao-oeste-rentabilidade-imoveis-2026.html,blog,"BlogPosting,BreadcrumbList",BlogPosting,SCHEMA_INVALID,invalid_json: Expecting property name enclosed in double quotes: line 7 column 5 (char 283)
blog/sao-sebastiao-oeste-temporada-gestao-imoveis-2026.html,blog,"BlogPosting,BreadcrumbList",BlogPosting,SCHEMA_INVALID,invalid_json: Expecting property name enclosed in double quotes: line 7 column 5 (char 275)
blog/sao-sebastiao-parcerias-imobiliarias-2026.html,blog,"BlogPosting,BreadcrumbList",BlogPosting,SCHEMA_OK,valid
blog/sao-sebastiao-parcerias-imoveis-2026.html,blog,"BlogPosting,BreadcrumbList",BlogPosting,SCHEMA_OK,valid
blog/sao-sebastiao-praia-bairros-imoveis-2026.html,blog,"BlogPosting,BreadcrumbList",BlogPosting,SCHEMA_INVALID,invalid_json: Expecting property name enclosed in double quotes: line 7 column 5 (char 314)
blog/sao-sebastiao-praia-compra-venda-imoveis-2026.html,blog,"BlogPosting,BreadcrumbList",BlogPosting,SCHEMA_INVALID,invalid_json: Expecting property name enclosed in double quotes: line 7 column 5 (char 310)
blog/sao-sebastiao-praia-editorial-imoveis-2026.html,blog,"BlogPosting,BreadcrumbList",BlogPosting,SCHEMA_INVALID,invalid_json: Expecting property name enclosed in double quotes: line 7 column 5 (char 280)
blog/sao-sebastiao-praia-investimento-imoveis-2026.html,blog,"BlogPosting,BreadcrumbList",BlogPosting,SCHEMA_INVALID,invalid_json: Expecting property name enclosed in double quotes: line 7 column 5 (char 298)
blog/sao-sebastiao-praia-rentabilidade-imoveis-2026.html,blog,"BlogPosting,BreadcrumbList",BlogPosting,SCHEMA_INVALID,invalid_json: Expecting property name enclosed in double quotes: line 7 column 5 (char 283)
blog/sao-sebastiao-praia-temporada-gestao-imoveis-2026.html,blog,"BlogPosting,BreadcrumbList",BlogPosting,SCHEMA_INVALID,invalid_json: Expecting property name enclosed in double quotes: line 7 column 5 (char 275)
blog/sao-sebastiao-rentabilidade-imoveis-2026.html,blog,"BlogPosting,BreadcrumbList",BlogPosting,SCHEMA_INVALID,invalid_json: Expecting property name enclosed in double quotes: line 7 column 5 (char 313)
blog/sao-sebastiao-seo-local-imoveis-2026.html,blog,"BlogPosting,BreadcrumbList",BlogPosting,SCHEMA_OK,valid
blog/sao-sebastiao-sul-bairros-imoveis-2026.html,blog,"BlogPosting,BreadcrumbList",BlogPosting,SCHEMA_INVALID,invalid_json: Expecting property name enclosed in double quotes: line 7 column 5 (char 312)
blog/sao-sebastiao-sul-compra-venda-imoveis-2026.html,blog,"BlogPosting,BreadcrumbList",BlogPosting,SCHEMA_INVALID,invalid_json: Expecting property name enclosed in double quotes: line 7 column 5 (char 308)
blog/sao-sebastiao-sul-editorial-imoveis-2026.html,blog,"BlogPosting,BreadcrumbList",BlogPosting,SCHEMA_INVALID,invalid_json: Expecting property name enclosed in double quotes: line 7 column 5 (char 278)
blog/sao-sebastiao-sul-investimento-imoveis-2026.html,blog,"BlogPosting,BreadcrumbList",BlogPosting,SCHEMA_INVALID,invalid_json: Expecting property name enclosed in double quotes: line 7 column 5 (char 296)
blog/sao-sebastiao-sul-rentabilidade-imoveis-2026.html,blog,"BlogPosting,BreadcrumbList",BlogPosting,SCHEMA_INVALID,invalid_json: Expecting property name enclosed in double quotes: line 7 column 5 (char 283)
blog/sao-sebastiao-sul-temporada-gestao-imoveis-2026.html,blog,"BlogPosting,BreadcrumbList",BlogPosting,SCHEMA_INVALID,invalid_json: Expecting property name enclosed in double quotes: line 7 column 5 (char 273)
blog/sao-sebastiao-temporada-gestao-imoveis-2026.html,blog,"BlogPosting,BreadcrumbList",BlogPosting,SCHEMA_INVALID,invalid_json: Expecting property name enclosed in double quotes: line 7 column 5 (char 302)
blog/sao-vicente-aluguel-temporada-2026.html,blog,BreadcrumbList,BlogPosting,SCHEMA_INVALID,"invalid_json: Expecting ',' delimiter: line 14 column 1 (char 740)"
blog/sao-vicente-artigo-bairros-imoveis-2026.html,blog,"BlogPosting,BreadcrumbList",BlogPosting,SCHEMA_OK,valid
blog/sao-vicente-artigo-cases-imoveis-2026.html,blog,"BlogPosting,BreadcrumbList",BlogPosting,SCHEMA_OK,valid
blog/sao-vicente-artigo-compra-imoveis-2026.html,blog,"BlogPosting,BreadcrumbList",BlogPosting,SCHEMA_OK,valid
blog/sao-vicente-artigo-editorial-imoveis-2026.html,blog,"BlogPosting,BreadcrumbList",BlogPosting,SCHEMA_OK,valid
blog/sao-vicente-artigo-financiamento-imoveis-2026.html,blog,"BlogPosting,BreadcrumbList",BlogPosting,SCHEMA_OK,valid
blog/sao-vicente-artigo-investimento-imoveis-2026.html,blog,"BlogPosting,BreadcrumbList",BlogPosting,SCHEMA_OK,valid
blog/sao-vicente-artigo-juridico-imoveis-2026.html,blog,"BlogPosting,BreadcrumbList",BlogPosting,SCHEMA_OK,valid
blog/sao-vicente-artigo-marketing-digital-imoveis-2026.html,blog,"BlogPosting,BreadcrumbList",BlogPosting,SCHEMA_OK,valid
blog/sao-vicente-artigo-parcerias-imoveis-2026.html,blog,"BlogPosting,BreadcrumbList",BlogPosting,SCHEMA_OK,valid
blog/sao-vicente-artigo-seo-local-imoveis-2026.html,blog,"BlogPosting,BreadcrumbList",BlogPosting,SCHEMA_OK,valid
blog/sao-vicente-automacao-ia-imoveis-2026.html,blog,"BlogPosting,BreadcrumbList",BlogPosting,SCHEMA_OK,valid
blog/sao-vicente-automacao-imobiliarias-2026.html,blog,"BlogPosting,BreadcrumbList",BlogPosting,SCHEMA_INVALID,invalid_json: Expecting property name enclosed in double quotes: line 7 column 5 (char 310)
blog/sao-vicente-bairros-imoveis-2026.html,blog,"BlogPosting,BreadcrumbList",BlogPosting,SCHEMA_OK,valid
blog/sao-vicente-case-sucesso-automacao-imoveis-2026.html,blog,"BlogPosting,BreadcrumbList",BlogPosting,SCHEMA_OK,valid
blog/sao-vicente-case-sucesso-bairros-imoveis-2026.html,blog,"BlogPosting,BreadcrumbList",BlogPosting,SCHEMA_OK,valid
blog/sao-vicente-case-sucesso-cases-imoveis-2026.html,blog,"BlogPosting,BreadcrumbList",BlogPosting,SCHEMA_OK,valid
blog/sao-vicente-case-sucesso-editorial-imoveis-2026.html,blog,"BlogPosting,BreadcrumbList",BlogPosting,SCHEMA_OK,valid
blog/sao-vicente-case-sucesso-financiamento-imoveis-2026.html,blog,"BlogPosting,BreadcrumbList",BlogPosting,SCHEMA_OK,valid
blog/sao-vicente-case-sucesso-juridico-imoveis-2026.html,blog,"BlogPosting,BreadcrumbList",BlogPosting,SCHEMA_OK,valid
blog/sao-vicente-case-sucesso-marketing-digital-imoveis-2026.html,blog,"BlogPosting,BreadcrumbList",BlogPosting,SCHEMA_OK,valid
blog/sao-vicente-case-sucesso-parcerias-imoveis-2026.html,blog,"BlogPosting,BreadcrumbList",BlogPosting,SCHEMA_OK,valid
blog/sao-vicente-case-sucesso-seo-local-imoveis-2026.html,blog,"BlogPosting,BreadcrumbList",BlogPosting,SCHEMA_OK,valid
blog/sao-vicente-cases-imoveis-2026.html,blog,"BlogPosting,BreadcrumbList",BlogPosting,SCHEMA_OK,valid
blog/sao-vicente-checklist-automacao-imoveis-2026.html,blog,"BlogPosting,BreadcrumbList",BlogPosting,SCHEMA_OK,valid
blog/sao-vicente-checklist-bairros-imoveis-2026.html,blog,"BlogPosting,BreadcrumbList",BlogPosting,SCHEMA_OK,valid
blog/sao-vicente-checklist-cases-imoveis-2026.html,blog,"BlogPosting,BreadcrumbList",BlogPosting,SCHEMA_OK,valid
blog/sao-vicente-checklist-editorial-imoveis-2026.html,blog,"BlogPosting,BreadcrumbList",BlogPosting,SCHEMA_OK,valid
blog/sao-vicente-checklist-financiamento-imoveis-2026.html,blog,"BlogPosting,BreadcrumbList",BlogPosting,SCHEMA_OK,valid
blog/sao-vicente-checklist-investimento-imoveis-2026.html,blog,"BlogPosting,BreadcrumbList",BlogPosting,SCHEMA_OK,valid
blog/sao-vicente-checklist-juridico-imoveis-2026.html,blog,"BlogPosting,BreadcrumbList",BlogPosting,SCHEMA_OK,valid
blog/sao-vicente-checklist-locacao-temporada-imoveis-2026.html,blog,"BlogPosting,BreadcrumbList",BlogPosting,SCHEMA_OK,valid
blog/sao-vicente-checklist-marketing-digital-imoveis-2026.html,blog,"BlogPosting,BreadcrumbList",BlogPosting,SCHEMA_OK,valid
blog/sao-vicente-checklist-parcerias-imoveis-2026.html,blog,"BlogPosting,BreadcrumbList",BlogPosting,SCHEMA_OK,valid
blog/sao-vicente-checklist-seo-local-imoveis-2026.html,blog,"BlogPosting,BreadcrumbList",BlogPosting,SCHEMA_OK,valid
blog/sao-vicente-checklist-venda-imoveis-2026.html,blog,"BlogPosting,BreadcrumbList",BlogPosting,SCHEMA_OK,valid
blog/sao-vicente-compra-venda-imoveis-2026.html,blog,"BlogPosting,BreadcrumbList",BlogPosting,SCHEMA_OK,valid
blog/sao-vicente-curso-automacao-imoveis-2026.html,blog,"BlogPosting,BreadcrumbList",BlogPosting,SCHEMA_OK,valid
blog/sao-vicente-curso-bairros-imoveis-2026.html,blog,"BlogPosting,BreadcrumbList",BlogPosting,SCHEMA_OK,valid
blog/sao-vicente-curso-cases-imoveis-2026.html,blog,"BlogPosting,BreadcrumbList",BlogPosting,SCHEMA_OK,valid
blog/sao-vicente-curso-corretor-imoveis-2026.html,blog,"BlogPosting,BreadcrumbList",BlogPosting,SCHEMA_OK,valid
blog/sao-vicente-curso-editorial-imoveis-2026.html,blog,"BlogPosting,BreadcrumbList",BlogPosting,SCHEMA_OK,valid
blog/sao-vicente-curso-financiamento-imoveis-2026.html,blog,"BlogPosting,BreadcrumbList",BlogPosting,SCHEMA_OK,valid
blog/sao-vicente-curso-investimento-imoveis-2026.html,blog,"BlogPosting,BreadcrumbList",BlogPosting,SCHEMA_OK,valid
blog/sao-vicente-curso-juridico-imoveis-2026.html,blog,"BlogPosting,BreadcrumbList",BlogPosting,SCHEMA_OK,valid
blog/sao-vicente-curso-locacao-temporada-imoveis-2026.html,blog,"BlogPosting,BreadcrumbList",BlogPosting,SCHEMA_OK,valid
blog/sao-vicente-curso-marketing-digital-imoveis-2026.html,blog,"BlogPosting,BreadcrumbList",BlogPosting,SCHEMA_OK,valid
blog/sao-vicente-curso-parcerias-imoveis-2026.html,blog,"BlogPosting,BreadcrumbList",BlogPosting,SCHEMA_OK,valid
blog/sao-vicente-curso-seo-local-imoveis-2026.html,blog,"BlogPosting,BreadcrumbList",BlogPosting,SCHEMA_OK,valid
blog/sao-vicente-editorial-2026.html,blog,"BlogPosting,BreadcrumbList",BlogPosting,SCHEMA_OK,valid
blog/sao-vicente-editorial-imoveis-2026.html,blog,"BlogPosting,BreadcrumbList",BlogPosting,SCHEMA_OK,valid
blog/sao-vicente-financiamento-imoveis-2026.html,blog,"BlogPosting,BreadcrumbList",BlogPosting,SCHEMA_OK,valid
blog/sao-vicente-guia-compra-imoveis-2026.html,blog,"BlogPosting,BreadcrumbList",BlogPosting,SCHEMA_OK,valid
blog/sao-vicente-guia-investimento-imoveis-2026.html,blog,"BlogPosting,BreadcrumbList",BlogPosting,SCHEMA_OK,valid
blog/sao-vicente-guia-locacao-temporada-imoveis-2026.html,blog,"BlogPosting,BreadcrumbList",BlogPosting,SCHEMA_OK,valid
blog/sao-vicente-historico-monumentos-2026-sp-2026-07-14.html,blog,"FAQPage,BreadcrumbList,BlogPosting,Article",BlogPosting,SCHEMA_OK,valid
blog/sao-vicente-investimento-imoveis-2026.html,blog,"BlogPosting,BreadcrumbList",BlogPosting,SCHEMA_OK,valid
blog/sao-vicente-juridico-imoveis-2026.html,blog,"BlogPosting,BreadcrumbList",BlogPosting,SCHEMA_OK,valid
blog/sao-vicente-locacao-temporada-imoveis-2026.html,blog,"BlogPosting,BreadcrumbList",BlogPosting,SCHEMA_OK,valid
blog/sao-vicente-marketing-digital-imobiliarias-2026.html,blog,"BlogPosting,BreadcrumbList",BlogPosting,SCHEMA_OK,valid
blog/sao-vicente-marketing-digital-imoveis-2026.html,blog,"BlogPosting,BreadcrumbList",BlogPosting,SCHEMA_OK,valid
blog/sao-vicente-parcerias-imobiliarias-2026.html,blog,"BlogPosting,BreadcrumbList",BlogPosting,SCHEMA_OK,valid
blog/sao-vicente-parcerias-imoveis-2026.html,blog,"BlogPosting,BreadcrumbList",BlogPosting,SCHEMA_OK,valid
blog/sao-vicente-rentabilidade-imoveis-2026.html,blog,"BlogPosting,BreadcrumbList",BlogPosting,SCHEMA_INVALID,invalid_json: Expecting property name enclosed in double quotes: line 7 column 5 (char 311)
blog/sao-vicente-seo-local-imoveis-2026.html,blog,"BlogPosting,BreadcrumbList",BlogPosting,SCHEMA_OK,valid
blog/sao-vicente-temporada-gestao-imoveis-2026.html,blog,"BlogPosting,BreadcrumbList",BlogPosting,SCHEMA_INVALID,invalid_json: Expecting property name enclosed in double quotes: line 7 column 5 (char 300)
blog/saosebastiao-case-de-sucesso-automacao-imobiliaria-em-sao-sebastiao-em-2026.html,blog,BlogPosting,BlogPosting,SCHEMA_OK,valid
blog/saosebastiao-follow.html,blog,BlogPosting,BlogPosting,SCHEMA_OK,valid
blog/saosebastiao-sao-sebastiao-checklist-para-investimento-imobiliario-guia-2026.html,blog,BlogPosting,BlogPosting,SCHEMA_OK,valid
blog/saosebastiao-sao-sebastiao-checklist-para-locacao-de-temporada-guia-2026.html,blog,BlogPosting,BlogPosting,SCHEMA_OK,valid
blog/saosebastiao-sao-sebastiao-checklist-para-venda-de-imoveis-guia-2026.html,blog,BlogPosting,BlogPosting,SCHEMA_OK,valid
blog/saosebastiao-sao-sebastiao-compra-e-venda-de-imoveis-guia-2026.html,blog,BlogPosting,BlogPosting,SCHEMA_OK,valid
blog/saosebastiao-sao-sebastiao-curso-de-investimento-imobiliario-guia-2026.html,blog,BlogPosting,BlogPosting,SCHEMA_OK,valid
blog/saosebastiao-sao-sebastiao-curso-de-locacao-de-temporada-guia-2026.html,blog,BlogPosting,BlogPosting,SCHEMA_OK,valid
blog/saosebastiao-sao-sebastiao-curso-para-corretor-de-imoveis-guia-2026.html,blog,BlogPosting,BlogPosting,SCHEMA_OK,valid
blog/saosebastiao-sao-sebastiao-guia-para-compra-de-imoveis-analise-2026.html,blog,BlogPosting,BlogPosting,SCHEMA_OK,valid
blog/saosebastiao-sao-sebastiao-guia-para-investimento-imobiliario-analise-2026.html,blog,BlogPosting,BlogPosting,SCHEMA_OK,valid
blog/saosebastiao-sao-sebastiao-guia-para-locacao-de-temporada-analise-2026.html,blog,BlogPosting,BlogPosting,SCHEMA_OK,valid
blog/saosebastiao-sao-sebastiao-investimento-em-imoveis-analise-2026.html,blog,BlogPosting,BlogPosting,SCHEMA_OK,valid
blog/saosebastiao-sao-sebastiao-locacao-temporada-guia-2026.html,blog,BlogPosting,BlogPosting,SCHEMA_OK,valid
blog/saosebastiao-sao-sebastiao-marketing-digital-para-imoveis-guia-2026.html,blog,BlogPosting,BlogPosting,SCHEMA_OK,valid
blog/saovicente-comprar-casa-na-praia-primeiro-imovel-em-sao-vicente.html,blog,BlogPosting,BlogPosting,SCHEMA_OK,valid
blog/saovicente-imoveis-em-sao-vicente-temporada-oportunidades-e-avaliacao-2026.html,blog,BlogPosting,BlogPosting,SCHEMA_OK,valid
blog/saovicente-sao-vicente-checklist-para-investimento-imobiliario-guia-2026.html,blog,BlogPosting,BlogPosting,SCHEMA_OK,valid
blog/saovicente-sao-vicente-checklist-para-locacao-de-temporada-guia-2026.html,blog,BlogPosting,BlogPosting,SCHEMA_OK,valid
blog/saovicente-sao-vicente-checklist-para-venda-de-imoveis-guia-2026.html,blog,BlogPosting,BlogPosting,SCHEMA_OK,valid
blog/saovicente-sao-vicente-compra-e-venda-de-imoveis-guia-2026.html,blog,BlogPosting,BlogPosting,SCHEMA_OK,valid
blog/saovicente-sao-vicente-curso-de-investimento-imobiliario-guia-2026.html,blog,BlogPosting,BlogPosting,SCHEMA_OK,valid
blog/saovicente-sao-vicente-curso-de-locacao-de-temporada-guia-2026.html,blog,BlogPosting,BlogPosting,SCHEMA_OK,valid
blog/saovicente-sao-vicente-curso-para-corretor-de-imoveis-guia-2026.html,blog,BlogPosting,BlogPosting,SCHEMA_OK,valid
blog/saovicente-sao-vicente-guia-para-compra-de-imoveis-analise-2026.html,blog,BlogPosting,BlogPosting,SCHEMA_OK,valid
blog/saovicente-sao-vicente-guia-para-investimento-imobiliario-analise-2026.html,blog,BlogPosting,BlogPosting,SCHEMA_OK,valid
blog/saovicente-sao-vicente-guia-para-locacao-de-temporada-analise-2026.html,blog,BlogPosting,BlogPosting,SCHEMA_OK,valid
blog/saovicente-sao-vicente-investimento-em-imoveis-analise-2026.html,blog,BlogPosting,BlogPosting,SCHEMA_OK,valid
blog/saovicente-sao-vicente-locacao-de-temporada-analise-2026.html,blog,BlogPosting,BlogPosting,SCHEMA_OK,valid
blog/saovicente-sao-vicente-marketing-digital-para-imoveis-guia-2026.html,blog,BlogPosting,BlogPosting,SCHEMA_OK,valid
blog/satisfacao-cliente-imobiliarias-litoral-2026.html,blog,"FAQPage,BreadcrumbList,BlogPosting,Article",BlogPosting,SCHEMA_OK,valid
blog/sazonalidade-diarias-litoral.html,blog,"FAQPage,BreadcrumbList,BlogPosting,Article",BlogPosting,SCHEMA_OK,valid
blog/schema-realestatelisting-imoveis-litoral-2026.html,blog,BlogPosting,BlogPosting,SCHEMA_OK,valid
blog/schema-structured-data-local-imobiliarias-litoral-2026.html,blog,BlogPosting,BlogPosting,SCHEMA_OK,valid
blog/script-followup-corretores-sem-parecer-desesperado-2026.html,blog,"FAQPage,BreadcrumbList,BlogPosting,Article",BlogPosting,SCHEMA_OK,valid
blog/scripts-em-são-vicente-2026-07-12.html,blog,"FAQPage,BreadcrumbList,BlogPosting,Article",BlogPosting,SCHEMA_OK,valid
blog/scripts-ligacao-rapida-corretores-litoral-2026.html,blog,"FAQPage,BreadcrumbList,BlogPosting,Article",BlogPosting,SCHEMA_OK,valid
blog/Segmento-aluguel-temporada-litoral-2026.html,blog,"BlogPosting,BreadcrumbList,FAQPage",BlogPosting,SCHEMA_OK,valid
blog/segmento-luxo-imoveis-litoral-2026.html,blog,"FAQPage,BreadcrumbList,BlogPosting,Article",BlogPosting,SCHEMA_OK,valid
blog/seguranca-comprar-imovel-litoral-2026.html,blog,"FAQPage,BreadcrumbList,BlogPosting,Article",BlogPosting,SCHEMA_OK,valid
blog/seguranca-imoveis-litoral-dicas-2026.html,blog,"FAQPage,BreadcrumbList,BlogPosting,Article",BlogPosting,SCHEMA_OK,valid
blog/seguranca-imovel-praia-checklist-2026.html,blog,"FAQPage,BreadcrumbList,BlogPosting,Article",BlogPosting,SCHEMA_OK,valid
blog/seguranca-publica-bairro-litoral-como-avaliar-antes-comprar-2026.html,blog,BlogPosting,BlogPosting,SCHEMA_OK,valid
blog/seguro-aluguel-temporada-praia-sao-paulo-em-ilhabela-2026-07-13.html,blog,"FAQPage,BreadcrumbList,BlogPosting,Article",BlogPosting,SCHEMA_OK,valid
blog/seguro-fianca-aluguel-temporada-2026.html,blog,"BlogPosting,BreadcrumbList",BlogPosting,SCHEMA_OK,valid
blog/seguro-imovel-aluguel-2026.html,blog,"FAQPage,BreadcrumbList,BlogPosting,Article",BlogPosting,SCHEMA_OK,valid
blog/seguro-imovel-litoral-aluguel-temporada-2026.html,blog,BlogPosting,BlogPosting,SCHEMA_OK,valid
blog/seguro-imovel-litoral-tipos-contratacao-2026.html,blog,BlogPosting,BlogPosting,SCHEMA_OK,valid
blog/seguro-imovel-praia-2026.html,blog,"FAQPage,BreadcrumbList,BlogPosting,Article",BlogPosting,SCHEMA_OK,valid
blog/seguro-imovel-temporada-litoral-2026.html,blog,"FAQPage,BreadcrumbList,BlogPosting,Article",BlogPosting,SCHEMA_OK,valid
blog/seguro-imovel-temporada-proprietario-litoral-2026.html,blog,"FAQPage,BreadcrumbList",BlogPosting,SCHEMA_MISMATCH,valid
blog/seguro-incendio-temporada-obrigatorio.html,blog,"FAQPage,BreadcrumbList,BlogPosting,Article",BlogPosting,SCHEMA_OK,valid
blog/seguro-residencial-imovel-litoral-2026.html,blog,BlogPosting,BlogPosting,SCHEMA_OK,valid
blog/seguro-residencial-litoral-cobertura-seus-direitos-2026.html,blog,BlogPosting,BlogPosting,SCHEMA_OK,valid
blog/selecao-imoveis-temporada-litoral-passo-a-passo-2026.html,blog,"FAQPage,BreadcrumbList,BlogPosting,Article",BlogPosting,SCHEMA_OK,valid
blog/selecao-leads-qualificados-litoral-2026.html,blog,"FAQPage,BreadcrumbList,BlogPosting,Article",BlogPosting,SCHEMA_OK,valid
blog/seo-2026-litoral-imobiliária-2026-07-17.html,blog,"FAQPage,BreadcrumbList,BlogPosting,Article",BlogPosting,SCHEMA_OK,valid
blog/seo-blog-google-2026-2026-08-03.html,blog,"BlogPosting,Article,FAQPage,BreadcrumbList",BlogPosting,SCHEMA_OK,valid
blog/seo-captar-compradores-litoral-2026.html,blog,"FAQPage,BreadcrumbList,BlogPosting,Article",BlogPosting,SCHEMA_OK,valid
blog/seo-captar-proprietarios-litoral-2026.html,blog,"FAQPage,BreadcrumbList,BlogPosting,Article",BlogPosting,SCHEMA_OK,valid
blog/seo-construtoras-incorporadoras-litoral-paulista-2026.html,blog,BlogPosting,BlogPosting,SCHEMA_OK,valid
blog/seo-conteúdo-blog-2026-2026-08-05.html,blog,BreadcrumbList,BlogPosting,SCHEMA_MISMATCH,valid
blog/seo-conteúdo-imobiliária-google-2026-07-23.html,blog,"FAQPage,BreadcrumbList,BlogPosting,Article",BlogPosting,SCHEMA_OK,valid
blog/seo-google-2026-imobiliária-2026-08-04.html,blog,"BreadcrumbList,BlogPosting",BlogPosting,SCHEMA_OK,valid
blog/seo-google-blog-litoral-2026-08-17.html,blog,BlogPosting,BlogPosting,SCHEMA_OK,valid
blog/seo-google-litoral-2026-2026-08-19.html,blog,BlogPosting,BlogPosting,SCHEMA_OK,valid
blog/seo-imobiliarias-litoral-paulista-guia-pratico-2026.html,blog,"FAQPage,BreadcrumbList,BlogPosting,Article",BlogPosting,SCHEMA_OK,valid
blog/seo-imobiliária-2026-litoral-2026-08-11.html,blog,BlogPosting,BlogPosting,SCHEMA_OK,valid
blog/seo-imobiliária-blog-2026-2026-07-18.html,blog,"BlogPosting,BreadcrumbList,FAQPage",BlogPosting,SCHEMA_OK,valid
blog/seo-imobiliária-blog-litoral-2026-08-14.html,blog,BlogPosting,BlogPosting,SCHEMA_OK,valid
blog/seo-imobiliária-google-blog-2026-07-16.html,blog,"FAQPage,BreadcrumbList,BlogPosting,Article",BlogPosting,SCHEMA_OK,valid
blog/seo-internacional-imobiliarias-litoral-paulista-2026.html,blog,"FAQPage,BreadcrumbList,BlogPosting,Article",BlogPosting,SCHEMA_OK,valid
blog/seo-litoral-conteúdo-blog-2026-07-16.html,blog,"FAQPage,BreadcrumbList,BlogPosting,Article",BlogPosting,SCHEMA_OK,valid
blog/seo-local-bairros-litoral-paulista-2026.html,blog,"FAQPage,BreadcrumbList,BlogPosting,Article",BlogPosting,SCHEMA_OK,valid
blog/seo-local-bairros-litoral-paulista-captura-2026.html,blog,"FAQPage,BreadcrumbList,BlogPosting,Article",BlogPosting,SCHEMA_OK,valid
blog/seo-local-condominios-litoral-2026.html,blog,"FAQPage,BreadcrumbList,BlogPosting,Article",BlogPosting,SCHEMA_OK,valid
blog/seo-local-em-bertioga-para-imoveis-bertioga.html,blog,"FAQPage,BreadcrumbList,BlogPosting,Article",BlogPosting,SCHEMA_OK,valid
blog/seo-local-em-caraguatatuba-para-imoveis-caraguatatuba.html,blog,"FAQPage,BreadcrumbList,BlogPosting,Article",BlogPosting,SCHEMA_OK,valid
blog/seo-local-em-guaruja-para-imoveis-guaruja.html,blog,"FAQPage,BreadcrumbList,BlogPosting,Article",BlogPosting,SCHEMA_OK,valid
blog/seo-local-em-iguape-para-imoveis-iguape.html,blog,"FAQPage,BreadcrumbList,BlogPosting,Article",BlogPosting,SCHEMA_OK,valid
blog/seo-local-em-maresias-para-imoveis-maresias.html,blog,"FAQPage,BreadcrumbList,BlogPosting,Article",BlogPosting,SCHEMA_OK,valid
blog/seo-local-em-praia-grande-para-imoveis-praia-grande.html,blog,"FAQPage,BreadcrumbList,BlogPosting,Article",BlogPosting,SCHEMA_OK,valid
blog/seo-local-ilhas-areas-remotas-litoral-2026.html,blog,BlogPosting,BlogPosting,SCHEMA_OK,valid
blog/seo-local-imobiliaria-litoral-2026.html,blog,"BreadcrumbList,Article",BlogPosting,SCHEMA_MISMATCH,valid
blog/seo-local-imobiliaria-litoral-passo-a-passo-2026-08-11.html,blog,"FAQPage,BreadcrumbList,BlogPosting,Article",BlogPosting,SCHEMA_OK,valid
blog/seo-local-imobiliaria-litoral-paulista-2026.html,blog,"BlogPosting,BreadcrumbList,FAQPage",BlogPosting,SCHEMA_OK,valid
blog/seo-local-imobiliaria-praiagrande.html,blog,"FAQPage,BreadcrumbList,BlogPosting,Article",BlogPosting,SCHEMA_OK,valid
blog/seo-local-imobiliaria-santos.html,blog,"FAQPage,BreadcrumbList,BlogPosting,Article",BlogPosting,SCHEMA_OK,valid
blog/seo-local-imobiliarias-litoral-anatomia.html,blog,"FAQPage,BreadcrumbList,BlogPosting,Article",BlogPosting,SCHEMA_OK,valid
blog/seo-local-imobiliarias-litoral-google-maps-pack-local-2026.html,blog,BlogPosting,BlogPosting,SCHEMA_OK,valid
blog/seo-local-imobiliarias-litoral-paulista-2026.html,blog,"FAQPage,BreadcrumbList,BlogPosting,Article",BlogPosting,SCHEMA_OK,valid
blog/seo-local-iniciantes-imobiliarias-litoral-2026.html,blog,BlogPosting,BlogPosting,SCHEMA_OK,valid
blog/seo-local-massa-imobiliaria-litoral-2026.html,blog,"FAQPage,BreadcrumbList,BlogPosting,Article",BlogPosting,SCHEMA_OK,valid
blog/seo-local-para-imobiliárias-do-litoral-passo-a-passo-lote-2026-08-03-13.html,blog,"BlogPosting,BreadcrumbList,FAQPage",BlogPosting,SCHEMA_OK,valid
blog/seo-local-para-imobiliárias-em-2026-atualize-antes-do-verão-2026-07-12-praia-digital.html,blog,"FAQPage,BreadcrumbList,BlogPosting,Article",BlogPosting,SCHEMA_OK,valid
blog/seo-local-pequenos-negocios-litoral-iniciantes-2026.html,blog,BlogPosting,BlogPosting,SCHEMA_OK,valid
blog/seo-local-vs-anuncios-pagos-litoral-2026.html,blog,"BlogPosting,BreadcrumbList,FAQPage",BlogPosting,SCHEMA_OK,valid
blog/seo-local-vs-seo-internacional-imobiliarias-litoral-2026.html,blog,"BlogPosting,BreadcrumbList,FAQPage",BlogPosting,SCHEMA_OK,valid
blog/seo-por-bairro-imobiliarias-litoral-2026.html,blog,"BlogPosting,BreadcrumbList,FAQPage",BlogPosting,SCHEMA_OK,valid
blog/seo-tecnico-imobiliarias-litoral-paulista-2026.html,blog,"BlogPosting,BreadcrumbList,FAQPage",BlogPosting,SCHEMA_OK,valid
blog/sequencia-emails-captacao-imoveis-gratis-2026.html,blog,"BlogPosting,BreadcrumbList,FAQPage",BlogPosting,SCHEMA_OK,valid
blog/seriedade-ferramentas-gratuitas-imobiliarias-litoral-2026.html,blog,"BlogPosting,BreadcrumbList,FAQPage",BlogPosting,SCHEMA_OK,valid
blog/shoppings-centros-comerciais-litoral-paulista-2026.html,blog,"BlogPosting,BreadcrumbList,FAQPage",BlogPosting,SCHEMA_OK,valid
blog/simulados-gratis-creci-2026.html,blog,"BlogPosting,BreadcrumbList,FAQPage",BlogPosting,SCHEMA_OK,valid
blog/site-imobiliaria-litoral-estrutura-converte-visitantes-leads.html,blog,"BlogPosting,BreadcrumbList,FAQPage",BlogPosting,SCHEMA_OK,valid
blog/site-multilingue-imobiliarias-litoral-2026.html,blog,"FAQPage,BreadcrumbList,BlogPosting,Article",BlogPosting,SCHEMA_OK,valid
blog/stack-gratuito-imobiliaria-litoral-2026.html,blog,"FAQPage,BreadcrumbList,BlogPosting,Article",BlogPosting,SCHEMA_OK,valid
blog/stories-enquete-captar-leads-litoral-2026.html,blog,"BlogPosting,BreadcrumbList,FAQPage",BlogPosting,SCHEMA_OK,valid
blog/storytelling-vender-imoveis-litoral-2026.html,blog,"BlogPosting,BreadcrumbList,FAQPage",BlogPosting,SCHEMA_OK,valid
blog/storytelling-video-imoveis-litoral-2026.html,blog,"FAQPage,BreadcrumbList,BlogPosting,Article",BlogPosting,SCHEMA_OK,valid
blog/studio-litoral-norte-2026.html,blog,"FAQPage,BreadcrumbList,BlogPosting,Article",BlogPosting,SCHEMA_OK,valid
blog/studio-praia-sul-2026.html,blog,"FAQPage,BreadcrumbList,BlogPosting,Article",BlogPosting,SCHEMA_OK,valid
blog/sucesso-cliente-imobiliarias-digitais-litoral-2026.html,blog,"FAQPage,BreadcrumbList,BlogPosting,Article",BlogPosting,SCHEMA_OK,valid
blog/sucesso-cliente-litoral-medir-melhorar-2026.html,blog,"FAQPage,BreadcrumbList,BlogPosting,Article",BlogPosting,SCHEMA_OK,valid
blog/sustentabilidade-imoveis-litoral-certificacoes-2026.html,blog,BlogPosting,BlogPosting,SCHEMA_OK,valid
blog/sustentabilidade-imoveis-praia-2026.html,blog,"FAQPage,BreadcrumbList,BlogPosting,Article",BlogPosting,SCHEMA_OK,valid
blog/sustentabilidade-tecnologia-imoveis-litoral.html,blog,"FAQPage,BreadcrumbList,BlogPosting,Article",BlogPosting,SCHEMA_OK,valid
blog/swot-imobiliaria-litoral-paulista-2026.html,blog,"FAQPage,BreadcrumbList,BlogPosting,Article",BlogPosting,SCHEMA_OK,valid
blog/tabela-precos-imoveis-litoral-sp-2026.html,blog,BlogPosting,BlogPosting,SCHEMA_OK,valid
blog/taxa-ocupacao-alta-temporada-litoral-imoveis-2026.html,blog,"FAQPage,BreadcrumbList,BlogPosting,Article",BlogPosting,SCHEMA_OK,valid
blog/taxa-ocupacao-media-temporada-litoral.html,blog,"BlogPosting,BreadcrumbList",BlogPosting,SCHEMA_OK,valid
blog/tecnicas-em-praia-grande-2026-07-12.html,blog,"FAQPage,BreadcrumbList,BlogPosting,Article",BlogPosting,SCHEMA_OK,valid
blog/tecnicas-negociacao-corretores-fechar-vendas-litoral-2026.html,blog,BlogPosting,BlogPosting,SCHEMA_OK,valid
blog/tecnicas-negociacao-parcerias-imobiliarias-litoral-2026.html,blog,"FAQPage,BreadcrumbList,BlogPosting,Article",BlogPosting,SCHEMA_OK,valid
blog/tecnologia-blockchain-imoveis-praia-2026.html,blog,"FAQPage,BreadcrumbList,BlogPosting,Article",BlogPosting,SCHEMA_OK,valid
blog/tecnologia-corretores-litoral-paulista-2026.html,blog,"FAQPage,BreadcrumbList,BlogPosting,Article",BlogPosting,SCHEMA_OK,valid
blog/tecnologia-imobiliaria-litoral-2026.html,blog,"FAQPage,BreadcrumbList,BlogPosting,Article",BlogPosting,SCHEMA_OK,valid
blog/tecnologia-propriedades-aluguel-curto-litoral-2026.html,blog,"FAQPage,BreadcrumbList,BlogPosting,Article",BlogPosting,SCHEMA_OK,valid
blog/tecnologia-smart-home-imoveis-litoral-2026.html,blog,BlogPosting,BlogPosting,SCHEMA_OK,valid
blog/tecnologias-atendimento-imobiliario-2026.html,blog,"FAQPage,BreadcrumbList,BlogPosting,Article",BlogPosting,SCHEMA_OK,valid
blog/tecnologias-visitas-agendamentos-imoveis-2026.html,blog,"FAQPage,BreadcrumbList,BlogPosting,Article",BlogPosting,SCHEMA_OK,valid
blog/tempo-atendimento-imobiliarias-litoral-2026.html,blog,"FAQPage,BreadcrumbList,BlogPosting,Article",BlogPosting,SCHEMA_OK,valid
blog/tempo-resposta-conversao-litoral-paulista-2026.html,blog,"FAQPage,BreadcrumbList,BlogPosting,Article",BlogPosting,SCHEMA_OK,valid
blog/temporada-alta-litoral-paulista-2026.html,blog,"FAQPage,BreadcrumbList,BlogPosting,Article",BlogPosting,SCHEMA_OK,valid
blog/temporada-conteudo-seo-imobiliarias-litoral-2026.html,blog,"FAQPage,BreadcrumbList,BlogPosting,Article",BlogPosting,SCHEMA_OK,valid
blog/temporada-litoral-paulista-2026-2027.html,blog,"BreadcrumbList,Article",BlogPosting,SCHEMA_MISMATCH,valid
blog/temporada-litoral-paulista-guia-preparacao-imobiliarias-investidores-2026.html,blog,"BlogPosting,BreadcrumbList,FAQPage",BlogPosting,SCHEMA_OK,valid
blog/temporada-litoral-paulista-guia-proprietarios-2026.html,blog,"FAQPage,BreadcrumbList,BlogPosting,Article",BlogPosting,SCHEMA_OK,valid
blog/temporada-litoral-receita-imovel-2026.html,blog,"FAQPage,BreadcrumbList,BlogPosting,Article",BlogPosting,SCHEMA_OK,valid
blog/temporada-para-aposentadoria.html,blog,"FAQPage,BreadcrumbList,BlogPosting,Article",BlogPosting,SCHEMA_OK,valid
blog/temporada-verao-2026-dicas-corretores.html,blog,"FAQPage,BreadcrumbList,BlogPosting,Article",BlogPosting,SCHEMA_OK,valid
blog/temporada-verao-imovel-praia.html,blog,"FAQPage,BreadcrumbList,BlogPosting,Article",BlogPosting,SCHEMA_OK,valid
blog/temporada-verao-litoral-paulista-2026.html,blog,"FAQPage,BreadcrumbList,BlogPosting,Article",BlogPosting,SCHEMA_OK,valid
blog/tendencias-decoracao-imoveis-temporada-verao-litoral-em-bertioga-2026-07-12.html,blog,"FAQPage,BreadcrumbList,BlogPosting,Article",BlogPosting,SCHEMA_OK,valid
blog/tendencias-ia-imobiliaria-2027.html,blog,"BlogPosting,BreadcrumbList,FAQPage",BlogPosting,SCHEMA_OK,valid
blog/tendencias-imoveis-litoral-paulista-2026-2027-o-que-muda-para-corretores.html,blog,"FAQPage,BreadcrumbList,BlogPosting,Article",BlogPosting,SCHEMA_OK,valid
blog/tendencias-mercado-imobiliario-litoral-2026.html,blog,"FAQPage,BreadcrumbList,BlogPosting,Article",BlogPosting,SCHEMA_OK,valid
blog/tendencias-tecnologia-imobiliaria-2026.html,blog,"FAQPage,BreadcrumbList,BlogPosting,Article",BlogPosting,SCHEMA_OK,valid
blog/terreno-litoral-matricula-irregular-regularizacao-2026.html,blog,BlogPosting,BlogPosting,SCHEMA_OK,valid
blog/tiktok-imobiliarias-litoral-conteudo-video-2026.html,blog,BlogPosting,BlogPosting,SCHEMA_OK,valid
blog/tiktok-imoveis-litoral-corretores.html,blog,"FAQPage,BreadcrumbList,BlogPosting,Article",BlogPosting,SCHEMA_OK,valid
blog/toque-toque-bairros-imoveis-2026.html,blog,"BlogPosting,BreadcrumbList",BlogPosting,SCHEMA_INVALID,invalid_json: Expecting property name enclosed in double quotes: line 7 column 5 (char 306)
blog/toque-toque-compra-venda-imoveis-2026.html,blog,"BlogPosting,BreadcrumbList",BlogPosting,SCHEMA_INVALID,invalid_json: Expecting property name enclosed in double quotes: line 7 column 5 (char 302)
blog/toque-toque-editorial-imoveis-2026.html,blog,"BlogPosting,BreadcrumbList",BlogPosting,SCHEMA_INVALID,invalid_json: Expecting property name enclosed in double quotes: line 7 column 5 (char 272)
blog/toque-toque-investimento-imoveis-2026.html,blog,"BlogPosting,BreadcrumbList",BlogPosting,SCHEMA_INVALID,invalid_json: Expecting property name enclosed in double quotes: line 7 column 5 (char 290)
blog/toque-toque-rentabilidade-imoveis-2026.html,blog,"BlogPosting,BreadcrumbList",BlogPosting,SCHEMA_INVALID,invalid_json: Expecting property name enclosed in double quotes: line 7 column 5 (char 283)
blog/toque-toque-temporada-gestao-imoveis-2026.html,blog,"BlogPosting,BreadcrumbList",BlogPosting,SCHEMA_INVALID,invalid_json: Expecting property name enclosed in double quotes: line 7 column 5 (char 267)
blog/tour-virtual-video-imoveis-litoral-2026.html,blog,"FAQPage,BreadcrumbList,BlogPosting,Article",BlogPosting,SCHEMA_OK,valid
blog/tour-virtual-videos-imoveis-litoral-paulista-2026.html,blog,"FAQPage,BreadcrumbList,BlogPosting,Article",BlogPosting,SCHEMA_OK,valid
blog/tours-virtuais-3d-imoveis-litoral.html,blog,"FAQPage,BreadcrumbList,BlogPosting,Article",BlogPosting,SCHEMA_OK,valid
blog/transferencia-imovel-litoral-paulista-2026.html,blog,"FAQPage,BreadcrumbList,BlogPosting,Article",BlogPosting,SCHEMA_OK,valid
blog/transformar-visitas-contratos-litoral-paulista-2026.html,blog,"FAQPage,BreadcrumbList,BlogPosting,Article",BlogPosting,SCHEMA_OK,valid
blog/treinamento-corretores-imoveis-litoral-2026.html,blog,"FAQPage,BreadcrumbList,BlogPosting,Article",BlogPosting,SCHEMA_OK,valid
blog/tributacao-aluguel-temporada-litoral-guia-pratico-2026.html,blog,BlogPosting,BlogPosting,SCHEMA_OK,valid
blog/tributacao-ganho-capital-venda-imovel-litoral-2026.html,blog,BlogPosting,BlogPosting,SCHEMA_OK,valid
blog/tributacao-imoveis-litoral-paulista-2026.html,blog,"FAQPage,BreadcrumbList,BlogPosting,Article",BlogPosting,SCHEMA_OK,valid
blog/tupi-santos-imoveis-precos-oportunidades-2026.html,blog,"FAQPage,BreadcrumbList,BlogPosting,Article",BlogPosting,SCHEMA_OK,valid
blog/turismo-praia-qualidade-vida-litoral.html,blog,"FAQPage,BreadcrumbList,BlogPosting,Article",BlogPosting,SCHEMA_OK,valid
blog/turistas-internacionais-litoral-2026.html,blog,"FAQPage,BreadcrumbList,BlogPosting,Article",BlogPosting,SCHEMA_OK,valid
blog/tutorial-checkin-litoral-2026.html,blog,"FAQPage,BreadcrumbList,BlogPosting,Article",BlogPosting,SCHEMA_OK,valid
blog/ubatuba-artigo-cases-imoveis-2026.html,blog,"BlogPosting,BreadcrumbList",BlogPosting,SCHEMA_OK,valid
blog/ubatuba-artigo-compra-imoveis-2026.html,blog,"BlogPosting,BreadcrumbList",BlogPosting,SCHEMA_OK,valid
blog/ubatuba-artigo-editorial-imoveis-2026.html,blog,"BlogPosting,BreadcrumbList",BlogPosting,SCHEMA_OK,valid
blog/ubatuba-artigo-financiamento-imoveis-2026.html,blog,"BlogPosting,BreadcrumbList",BlogPosting,SCHEMA_OK,valid
blog/ubatuba-artigo-investimento-imoveis-2026.html,blog,"BlogPosting,BreadcrumbList",BlogPosting,SCHEMA_OK,valid
blog/ubatuba-artigo-juridico-imoveis-2026.html,blog,"BlogPosting,BreadcrumbList",BlogPosting,SCHEMA_OK,valid
blog/ubatuba-artigo-locacao-temporada-imoveis-2026.html,blog,"BlogPosting,BreadcrumbList",BlogPosting,SCHEMA_OK,valid
blog/ubatuba-artigo-marketing-digital-imoveis-2026.html,blog,"BlogPosting,BreadcrumbList",BlogPosting,SCHEMA_OK,valid
blog/ubatuba-artigo-parcerias-imoveis-2026.html,blog,"BlogPosting,BreadcrumbList",BlogPosting,SCHEMA_OK,valid
blog/ubatuba-artigo-seo-local-imoveis-2026.html,blog,"BlogPosting,BreadcrumbList",BlogPosting,SCHEMA_OK,valid
blog/ubatuba-automacao-ia-imoveis-2026.html,blog,"BlogPosting,BreadcrumbList",BlogPosting,SCHEMA_OK,valid
blog/ubatuba-automacao-imobiliarias-2026.html,blog,"BlogPosting,BreadcrumbList",BlogPosting,SCHEMA_INVALID,invalid_json: Expecting property name enclosed in double quotes: line 7 column 5 (char 306)
blog/ubatuba-automacao-imoveis-2026.html,blog,"BlogPosting,BreadcrumbList",BlogPosting,SCHEMA_OK,valid
blog/ubatuba-bairros-imoveis-2026.html,blog,"BlogPosting,BreadcrumbList",BlogPosting,SCHEMA_INVALID,invalid_json: Expecting property name enclosed in double quotes: line 7 column 5 (char 289)
blog/ubatuba-case-social-rapido-para-parcerias-em-ubatuba.html,blog,BlogPosting,BlogPosting,SCHEMA_OK,valid
blog/ubatuba-case-sucesso-automacao-imoveis-2026.html,blog,"BlogPosting,BreadcrumbList",BlogPosting,SCHEMA_OK,valid
blog/ubatuba-case-sucesso-editorial-imoveis-2026.html,blog,"BlogPosting,BreadcrumbList",BlogPosting,SCHEMA_OK,valid
blog/ubatuba-case-sucesso-financiamento-imoveis-2026.html,blog,"BlogPosting,BreadcrumbList",BlogPosting,SCHEMA_OK,valid
blog/ubatuba-case-sucesso-juridico-imoveis-2026.html,blog,"BlogPosting,BreadcrumbList",BlogPosting,SCHEMA_OK,valid
blog/ubatuba-case-sucesso-marketing-digital-imoveis-2026.html,blog,"BlogPosting,BreadcrumbList",BlogPosting,SCHEMA_OK,valid
blog/ubatuba-case-sucesso-parcerias-imoveis-2026.html,blog,"BlogPosting,BreadcrumbList",BlogPosting,SCHEMA_OK,valid
blog/ubatuba-case-sucesso-seo-local-imoveis-2026.html,blog,"BlogPosting,BreadcrumbList",BlogPosting,SCHEMA_OK,valid
blog/ubatuba-cases-imoveis-2026.html,blog,"BlogPosting,BreadcrumbList",BlogPosting,SCHEMA_OK,valid
blog/ubatuba-checklist-automacao-imoveis-2026.html,blog,"BlogPosting,BreadcrumbList",BlogPosting,SCHEMA_OK,valid
blog/ubatuba-checklist-cases-imoveis-2026.html,blog,"BlogPosting,BreadcrumbList",BlogPosting,SCHEMA_OK,valid
blog/ubatuba-checklist-compra-imoveis-2026.html,blog,"BlogPosting,BreadcrumbList",BlogPosting,SCHEMA_OK,valid
blog/ubatuba-checklist-editorial-imoveis-2026.html,blog,"BlogPosting,BreadcrumbList",BlogPosting,SCHEMA_OK,valid
blog/ubatuba-checklist-financiamento-imoveis-2026.html,blog,"BlogPosting,BreadcrumbList",BlogPosting,SCHEMA_OK,valid
blog/ubatuba-checklist-investimento-imoveis-2026.html,blog,"BlogPosting,BreadcrumbList",BlogPosting,SCHEMA_OK,valid
blog/ubatuba-checklist-juridico-imoveis-2026.html,blog,"BlogPosting,BreadcrumbList",BlogPosting,SCHEMA_OK,valid
blog/ubatuba-checklist-locacao-temporada-imoveis-2026.html,blog,"BlogPosting,BreadcrumbList",BlogPosting,SCHEMA_OK,valid
blog/ubatuba-checklist-marketing-digital-imoveis-2026.html,blog,"BlogPosting,BreadcrumbList",BlogPosting,SCHEMA_OK,valid
blog/ubatuba-checklist-parcerias-imoveis-2026.html,blog,"BlogPosting,BreadcrumbList",BlogPosting,SCHEMA_OK,valid
blog/ubatuba-checklist-seo-local-imoveis-2026.html,blog,"BlogPosting,BreadcrumbList",BlogPosting,SCHEMA_OK,valid
blog/ubatuba-como-captar-leads-em-ubatuba-sem-anuncios.html,blog,BlogPosting,BlogPosting,SCHEMA_OK,valid
blog/ubatuba-compra-venda-imoveis-2026.html,blog,"BlogPosting,BreadcrumbList",BlogPosting,SCHEMA_OK,valid
blog/ubatuba-curso-automacao-imoveis-2026.html,blog,"BlogPosting,BreadcrumbList",BlogPosting,SCHEMA_OK,valid
blog/ubatuba-curso-bairros-imoveis-2026.html,blog,"BlogPosting,BreadcrumbList",BlogPosting,SCHEMA_OK,valid
blog/ubatuba-curso-cases-imoveis-2026.html,blog,"BlogPosting,BreadcrumbList",BlogPosting,SCHEMA_OK,valid
blog/ubatuba-curso-corretor-imoveis-2026.html,blog,"BlogPosting,BreadcrumbList",BlogPosting,SCHEMA_OK,valid
blog/ubatuba-curso-editorial-imoveis-2026.html,blog,"BlogPosting,BreadcrumbList",BlogPosting,SCHEMA_OK,valid
blog/ubatuba-curso-financiamento-imoveis-2026.html,blog,"BlogPosting,BreadcrumbList",BlogPosting,SCHEMA_OK,valid
blog/ubatuba-curso-investimento-imoveis-2026.html,blog,"BlogPosting,BreadcrumbList",BlogPosting,SCHEMA_OK,valid
blog/ubatuba-curso-juridico-imoveis-2026.html,blog,"BlogPosting,BreadcrumbList",BlogPosting,SCHEMA_OK,valid
blog/ubatuba-curso-locacao-temporada-imoveis-2026.html,blog,"BlogPosting,BreadcrumbList",BlogPosting,SCHEMA_OK,valid
blog/ubatuba-curso-marketing-digital-imoveis-2026.html,blog,"BlogPosting,BreadcrumbList",BlogPosting,SCHEMA_OK,valid
blog/ubatuba-curso-parcerias-imoveis-2026.html,blog,"BlogPosting,BreadcrumbList",BlogPosting,SCHEMA_OK,valid
blog/ubatuba-curso-seo-local-imoveis-2026.html,blog,"BlogPosting,BreadcrumbList",BlogPosting,SCHEMA_OK,valid
blog/ubatuba-editorial-2026.html,blog,"BlogPosting,BreadcrumbList",BlogPosting,SCHEMA_OK,valid
blog/ubatuba-editorial-imoveis-2026.html,blog,"BlogPosting,BreadcrumbList",BlogPosting,SCHEMA_INVALID,invalid_json: Expecting property name enclosed in double quotes: line 7 column 5 (char 298)
blog/ubatuba-financiamento-imoveis-2026.html,blog,"BlogPosting,BreadcrumbList",BlogPosting,SCHEMA_OK,valid
blog/ubatuba-follow.html,blog,BlogPosting,BlogPosting,SCHEMA_OK,valid
blog/ubatuba-guia-compra-imoveis-2026.html,blog,"BlogPosting,BreadcrumbList",BlogPosting,SCHEMA_OK,valid
blog/ubatuba-guia-investimento-imoveis-2026.html,blog,"BlogPosting,BreadcrumbList",BlogPosting,SCHEMA_OK,valid
blog/ubatuba-guia-locacao-temporada-imoveis-2026.html,blog,"BlogPosting,BreadcrumbList",BlogPosting,SCHEMA_OK,valid
blog/ubatuba-imoveis-temporada-avaliacao-2026.html,blog,"FAQPage,BreadcrumbList,BlogPosting,Article",BlogPosting,SCHEMA_OK,valid
blog/ubatuba-investimento-imoveis-2026.html,blog,"BlogPosting,BreadcrumbList",BlogPosting,SCHEMA_OK,valid
blog/ubatuba-juridico-imoveis-2026.html,blog,"BlogPosting,BreadcrumbList",BlogPosting,SCHEMA_OK,valid
blog/ubatuba-locacao-temporada-imoveis-2026.html,blog,"BlogPosting,BreadcrumbList",BlogPosting,SCHEMA_OK,valid
blog/ubatuba-marketing-digital-imobiliarias-2026.html,blog,"BlogPosting,BreadcrumbList",BlogPosting,SCHEMA_INVALID,invalid_json: Expecting property name enclosed in double quotes: line 7 column 5 (char 296)
blog/ubatuba-marketing-digital-imoveis-2026.html,blog,"BlogPosting,BreadcrumbList",BlogPosting,SCHEMA_OK,valid
blog/ubatuba-parcerias-imobiliarias-2026.html,blog,"BlogPosting,BreadcrumbList",BlogPosting,SCHEMA_INVALID,invalid_json: Expecting property name enclosed in double quotes: line 7 column 5 (char 296)
blog/ubatuba-parcerias-imoveis-2026.html,blog,"BlogPosting,BreadcrumbList",BlogPosting,SCHEMA_OK,valid
blog/ubatuba-rentabilidade-imoveis-2026.html,blog,"BlogPosting,BreadcrumbList",BlogPosting,SCHEMA_INVALID,invalid_json: Expecting property name enclosed in double quotes: line 7 column 5 (char 307)
blog/ubatuba-seo-local-imoveis-2026.html,blog,"BlogPosting,BreadcrumbList",BlogPosting,SCHEMA_OK,valid
blog/ubatuba-temporada-gestao-imoveis-2026.html,blog,"BlogPosting,BreadcrumbList",BlogPosting,SCHEMA_INVALID,invalid_json: Expecting property name enclosed in double quotes: line 7 column 5 (char 296)
blog/ubatuba-tendencias-imoveis-2027.html,blog,"BlogPosting,BreadcrumbList",BlogPosting,SCHEMA_INVALID,invalid_json: Expecting property name enclosed in double quotes: line 7 column 5 (char 305)
blog/ubatuba-trilhas-praias-guia-2026-sp-2026-07-14.html,blog,"FAQPage,BreadcrumbList,BlogPosting,Article",BlogPosting,SCHEMA_OK,valid
blog/ubatuba-ubatuba-checklist-para-compra-de-imoveis-analise-2026.html,blog,BlogPosting,BlogPosting,SCHEMA_OK,valid
blog/ubatuba-ubatuba-checklist-para-investimento-imobiliario-guia-2026.html,blog,BlogPosting,BlogPosting,SCHEMA_OK,valid
blog/ubatuba-ubatuba-checklist-para-locacao-de-temporada-guia-2026.html,blog,BlogPosting,BlogPosting,SCHEMA_OK,valid
blog/ubatuba-ubatuba-compra-e-venda-de-imoveis-guia-2026.html,blog,BlogPosting,BlogPosting,SCHEMA_OK,valid
blog/ubatuba-ubatuba-curso-de-investimento-imobiliario-guia-2026.html,blog,BlogPosting,BlogPosting,SCHEMA_OK,valid
blog/ubatuba-ubatuba-curso-de-locacao-de-temporada-guia-2026.html,blog,BlogPosting,BlogPosting,SCHEMA_OK,valid
blog/ubatuba-ubatuba-curso-para-corretor-de-imoveis-guia-2026.html,blog,BlogPosting,BlogPosting,SCHEMA_OK,valid
blog/ubatuba-ubatuba-guia-para-compra-de-imoveis-analise-2026.html,blog,BlogPosting,BlogPosting,SCHEMA_OK,valid
blog/ubatuba-ubatuba-guia-para-investimento-imobiliario-analise-2026.html,blog,BlogPosting,BlogPosting,SCHEMA_OK,valid
blog/ubatuba-ubatuba-guia-para-locacao-de-temporada-analise-2026.html,blog,BlogPosting,BlogPosting,SCHEMA_OK,valid
blog/ubatuba-ubatuba-investimento-em-imoveis-analise-2026.html,blog,BlogPosting,BlogPosting,SCHEMA_OK,valid
blog/ubatuba-ubatuba-locacao-temporada-guia-2026.html,blog,BlogPosting,BlogPosting,SCHEMA_OK,valid
blog/ubatuba-ubatuba-marketing-digital-para-imoveis-guia-2026.html,blog,BlogPosting,BlogPosting,SCHEMA_OK,valid
blog/upgrade-plano-crescer-litoral-praia-digital.html,blog,"FAQPage,BreadcrumbList,BlogPosting,Article",BlogPosting,SCHEMA_OK,valid
blog/urgencia-sem-pressao-imoveis-litoral-2026.html,blog,"FAQPage,BreadcrumbList,BlogPosting,Article",BlogPosting,SCHEMA_OK,valid
blog/urgencia-venda-imoveis-litoral-paulista-2026.html,blog,"FAQPage,BreadcrumbList,BlogPosting,Article",BlogPosting,SCHEMA_OK,valid
blog/usar-dados-locais-fechar-vendas-imoveis-litoral-2026.html,blog,"BlogPosting,BreadcrumbList,FAQPage",BlogPosting,SCHEMA_OK,valid
blog/usucapiao-imoveis-litoral-como-funciona-cuidados-2026.html,blog,BlogPosting,BlogPosting,SCHEMA_OK,valid
blog/usucapiao-imoveis-litoral-sp-2026.html,blog,BlogPosting,BlogPosting,SCHEMA_OK,valid
blog/vale-pena-comprar-imovel-litoral-paulista-2026.html,blog,"FAQPage,BreadcrumbList,BlogPosting,Article",BlogPosting,SCHEMA_OK,valid
blog/vale-pena-investir-imovel-litoral-2026.html,blog,"FAQPage,BreadcrumbList,BlogPosting,Article",BlogPosting,SCHEMA_OK,valid
blog/valorizacao-imovel-litoral-infraestrutura-urbana-como-medir-2026.html,blog,BlogPosting,BlogPosting,SCHEMA_OK,valid
blog/vantagens-investir-imoveis-litoral-norte-2026.html,blog,"FAQPage,BreadcrumbList,BlogPosting,Article",BlogPosting,SCHEMA_OK,valid
blog/vantagens-morar-bertioga.html,blog,"FAQPage,BreadcrumbList,BlogPosting,Article",BlogPosting,SCHEMA_OK,valid
blog/venda-imovel-heranca-2026.html,blog,"FAQPage,BreadcrumbList,BlogPosting,Article",BlogPosting,SCHEMA_OK,valid
blog/venda-imovel-herdado-litoral-paulista-2026.html,blog,"FAQPage,BreadcrumbList,BlogPosting,Article",BlogPosting,SCHEMA_OK,valid
blog/venda-imovel-litoral-anuncio-classificados-eficacia-2026.html,blog,BlogPosting,BlogPosting,SCHEMA_OK,valid
blog/venda-imovel-litoral-anuncio-fotos-profissionais-2026.html,blog,BlogPosting,BlogPosting,SCHEMA_OK,valid
blog/venda-imovel-litoral-anuncio-online-funciona-2026.html,blog,BlogPosting,BlogPosting,SCHEMA_OK,valid
blog/venda-imovel-litoral-clausula-rescisoria-2026.html,blog,BlogPosting,BlogPosting,SCHEMA_OK,valid
blog/venda-imovel-litoral-despejo-inadimplencia-2026.html,blog,BlogPosting,BlogPosting,SCHEMA_OK,valid
blog/venda-imovel-litoral-inclusao-cotas-condominio-2026.html,blog,BlogPosting,BlogPosting,SCHEMA_OK,valid
blog/venda-imovel-litoral-itbi-quem-paga-2026.html,blog,BlogPosting,BlogPosting,SCHEMA_OK,valid
blog/venda-imovel-litoral-promessa-compra-venda-2026.html,blog,BlogPosting,BlogPosting,SCHEMA_OK,valid
blog/venda-imovel-litoral-proposta-escrita-aceite-2026.html,blog,BlogPosting,BlogPosting,SCHEMA_OK,valid
blog/venda-imovel-litoral-proposta-escrita-comparacao-2026.html,blog,BlogPosting,BlogPosting,SCHEMA_OK,valid
blog/venda-imovel-litoral-proposta-escrita-contraproposta-2026.html,blog,BlogPosting,BlogPosting,SCHEMA_OK,valid
blog/venda-imovel-litoral-proposta-escrita-dicas-2026.html,blog,BlogPosting,BlogPosting,SCHEMA_OK,valid
blog/venda-imovel-litoral-proposta-escrita-formalizacao-2026.html,blog,BlogPosting,BlogPosting,SCHEMA_OK,valid
blog/venda-imovel-litoral-proposta-escrita-importancia-2026.html,blog,BlogPosting,BlogPosting,SCHEMA_OK,valid
blog/venda-imovel-litoral-proposta-escrita-negociacao-2026.html,blog,BlogPosting,BlogPosting,SCHEMA_OK,valid
blog/venda-imovel-litoral-proposta-escrita-prazo-2026.html,blog,BlogPosting,BlogPosting,SCHEMA_OK,valid
blog/venda-imovel-litoral-proposta-escrita-timeline-2026.html,blog,BlogPosting,BlogPosting,SCHEMA_OK,valid
blog/venda-imovel-litoral-proposta-formal-aceite-2026.html,blog,BlogPosting,BlogPosting,SCHEMA_OK,valid
blog/venda-imovel-litoral-rapido-2026.html,blog,"FAQPage,BreadcrumbList,BlogPosting,Article",BlogPosting,SCHEMA_OK,valid
blog/venda-imovel-litoral-saida-casa-propria-2026.html,blog,BlogPosting,BlogPosting,SCHEMA_OK,valid
blog/venda-imovel-litoral-staging-dicas-rapidas-2026.html,blog,BlogPosting,BlogPosting,SCHEMA_OK,valid
blog/venda-imovel-litoral-tempo-venda-mercado-2026.html,blog,BlogPosting,BlogPosting,SCHEMA_OK,valid
blog/venda-imovel-litoral-visita-decorada-primeira-impressao-2026.html,blog,BlogPosting,BlogPosting,SCHEMA_OK,valid
blog/venda-imovel-litoral-visita-pos-venda-acompanhamento-2026.html,blog,BlogPosting,BlogPosting,SCHEMA_OK,valid
blog/vendas-imoveis-litoral-com-ia.html,blog,"FAQPage,BreadcrumbList,BlogPosting,Article",BlogPosting,SCHEMA_OK,valid
blog/vendas-imoveis-temporada-verao-2026.html,blog,"FAQPage,BreadcrumbList,BlogPosting,Article",BlogPosting,SCHEMA_OK,valid
blog/vender-imoveis-litoral-brasileiros-exterior-2026.html,blog,"FAQPage,BreadcrumbList,BlogPosting,Article",BlogPosting,SCHEMA_OK,valid
blog/vender-imovel-rapido-litoral-2026.html,blog,"BlogPosting,BreadcrumbList,FAQPage",BlogPosting,SCHEMA_OK,valid
blog/vender-imovel-rapido-litoral-paulista-tecnicas-2026.html,blog,"FAQPage,BreadcrumbList,BlogPosting,Article",BlogPosting,SCHEMA_OK,valid
blog/vender-para-estrangeiros-litoral-2026.html,blog,"FAQPage,BreadcrumbList,BlogPosting,Article",BlogPosting,SCHEMA_OK,valid
blog/verao-2026-imoveis-litoral-paulista.html,blog,"FAQPage,BreadcrumbList,BlogPosting,Article",BlogPosting,SCHEMA_OK,valid
blog/verao-imovel-litoral-2026.html,blog,"FAQPage,BreadcrumbList,BlogPosting,Article",BlogPosting,SCHEMA_OK,valid
blog/verificar-antes-comprar-vender-permutar-imovel-pessoa-casada-2026.html,blog,Article,BlogPosting,SCHEMA_MISMATCH,valid
blog/video-bts-imoveis-litoral-2026.html,blog,"FAQPage,BreadcrumbList,BlogPosting,Article",BlogPosting,SCHEMA_OK,valid
blog/video-imobiliario-profissional-aumentar-vendas-2026.html,blog,"FAQPage,BreadcrumbList,BlogPosting,Article",BlogPosting,SCHEMA_OK,valid
blog/video-marketing-imobiliarias-litoral-2026.html,blog,"FAQPage,BreadcrumbList,BlogPosting,Article",BlogPosting,SCHEMA_OK,valid
blog/video-seo-imoveis-litoral-paulista-2026.html,blog,"FAQPage,BreadcrumbList,BlogPosting,Article",BlogPosting,SCHEMA_OK,valid
blog/videos-imoveis-convertem-litoral-2026.html,blog,"FAQPage,BreadcrumbList,BlogPosting,Article",BlogPosting,SCHEMA_OK,valid
blog/videos-recomendados-creci-2026.html,blog,"FAQPage,BreadcrumbList,BlogPosting,Article",BlogPosting,SCHEMA_OK,valid
blog/visita-guiada-imoveis-litoral-2026.html,blog,"FAQPage,BreadcrumbList,BlogPosting,Article",BlogPosting,SCHEMA_OK,valid
blog/visita-imoveis-litoral-checklist-rapido.html,blog,"FAQPage,BreadcrumbList,BlogPosting,Article",BlogPosting,SCHEMA_OK,valid
blog/visita-imovel-converter-venda-2026.html,blog,"FAQPage,BreadcrumbList,BlogPosting,Article",BlogPosting,SCHEMA_OK,valid
blog/visita-imovel-litoral-2026.html,blog,"FAQPage,BreadcrumbList,BlogPosting,Article",BlogPosting,SCHEMA_OK,valid
blog/visita-imovel-litoral-perguntas-fazer-corretor-2026.html,blog,BlogPosting,BlogPosting,SCHEMA_OK,valid
blog/visita-imovel-litoral-roteiro-avaliacao-2026.html,blog,BlogPosting,BlogPosting,SCHEMA_OK,valid
blog/visita-imovel-litoral-roteiro-pratico-2026.html,blog,"FAQPage,BreadcrumbList,BlogPosting,Article",BlogPosting,SCHEMA_OK,valid
blog/visita-imovel-litoral-tecnica-inspector-imovel-2026.html,blog,BlogPosting,BlogPosting,SCHEMA_OK,valid
blog/visita-virtual-imoveis-litoral-2026.html,blog,"FAQPage,BreadcrumbList,BlogPosting,Article",BlogPosting,SCHEMA_OK,valid
blog/visitar-imoveis-decidir-melhor-litoral-2026.html,blog,"FAQPage,BreadcrumbList,BlogPosting,Article",BlogPosting,SCHEMA_OK,valid
blog/visto-residencia-comprar-imovel-brasil-guia-corretor.html,blog,"BlogPosting,BreadcrumbList,FAQPage",BlogPosting,SCHEMA_OK,valid
blog/vistoria-imovel-litoral-contrato-locacao-2026.html,blog,BlogPosting,BlogPosting,SCHEMA_OK,valid
blog/webinar-ia-imobiliaria-litoral.html,blog,"FAQPage,BreadcrumbList,BlogPosting,Article",BlogPosting,SCHEMA_OK,valid
blog/webinar-imobiliarias-litoral-2026.html,blog,"FAQPage,BreadcrumbList,BlogPosting,Article",BlogPosting,SCHEMA_OK,valid
blog/webinar-imobiliarias-litoral-paulista-2026.html,blog,"FAQPage,BreadcrumbList,BlogPosting,Article",BlogPosting,SCHEMA_OK,valid
blog/whatsapp-assistente-virtual-imobiliaria.html,blog,"FAQPage,BreadcrumbList,BlogPosting,Article",BlogPosting,SCHEMA_OK,valid
blog/whatsapp-business-imobiliaria-gratis-2026.html,blog,"FAQPage,BreadcrumbList,BlogPosting,Article",BlogPosting,SCHEMA_OK,valid
blog/whatsapp-business-imobiliarias-litoral-2026.html,blog,"FAQPage,BreadcrumbList,BlogPosting,Article",BlogPosting,SCHEMA_OK,valid
blog/whatsapp-business-imobiliarias-litoral-guia-2026.html,blog,"FAQPage,BreadcrumbList,BlogPosting,Article",BlogPosting,SCHEMA_OK,valid
blog/whatsapp-business-para-imobiliárias-automação-passo-a-passo-lote-2026-08-03-21.html,blog,"BlogPosting,BreadcrumbList,FAQPage",BlogPosting,SCHEMA_OK,valid
blog/whatsapp-imobiliaria-primeiro-contato-litoral-2026.html,blog,"FAQPage,BreadcrumbList,BlogPosting,Article",BlogPosting,SCHEMA_OK,valid
blog/whatsapp-para-imobiliarias-em-caraguatatuba-caraguatatuba.html,blog,"FAQPage,BreadcrumbList,BlogPosting,Article",BlogPosting,SCHEMA_OK,valid
blog/whatsapp-para-imobiliarias-em-guaruja-guaruja.html,blog,"FAQPage,BreadcrumbList,BlogPosting,Article",BlogPosting,SCHEMA_OK,valid
blog/whatsapp-para-imobiliarias-em-iguape-iguape.html,blog,"FAQPage,BreadcrumbList,BlogPosting,Article",BlogPosting,SCHEMA_OK,valid
blog/whatsapp-para-imobiliarias-em-maresias-maresias.html,blog,"FAQPage,BreadcrumbList,BlogPosting,Article",BlogPosting,SCHEMA_OK,valid
blog/whatsapp-para-imobiliarias-em-sao-sebastiao-sao-sebastiao.html,blog,"FAQPage,BreadcrumbList,BlogPosting,Article",BlogPosting,SCHEMA_OK,valid
blog/zona-bertioga-imoveis-ia.html,blog,"FAQPage,BreadcrumbList,BlogPosting,Article",BlogPosting,SCHEMA_OK,valid
blog/zona-itanhaem-imoveis-ia.html,blog,"FAQPage,BreadcrumbList,BlogPosting,Article",BlogPosting,SCHEMA_OK,valid
blog/zona-itapua-santos-imoveis-ia.html,blog,"FAQPage,BreadcrumbList,BlogPosting,Article",BlogPosting,SCHEMA_OK,valid
blog/zona-leste-guaruja-imoveis-ia.html,blog,"FAQPage,BreadcrumbList,BlogPosting,Article",BlogPosting,SCHEMA_OK,valid
blog/zona-mongagua-imoveis-ia.html,blog,"FAQPage,BreadcrumbList,BlogPosting,Article",BlogPosting,SCHEMA_OK,valid
blog/zona-norte-santos-imoveis-ia.html,blog,"FAQPage,BreadcrumbList,BlogPosting,Article",BlogPosting,SCHEMA_OK,valid
blog/zona-oeste-guaruja-imoveis-ia.html,blog,"FAQPage,BreadcrumbList,BlogPosting,Article",BlogPosting,SCHEMA_OK,valid
blog/zona-peruibe-imoveis-ia.html,blog,"FAQPage,BreadcrumbList,BlogPosting,Article",BlogPosting,SCHEMA_OK,valid
blog/zona-praiagrande-imoveis-ia.html,blog,"FAQPage,BreadcrumbList,BlogPosting,Article",BlogPosting,SCHEMA_OK,valid
blog/zona-sao-vicente-imoveis-ia.html,blog,"FAQPage,BreadcrumbList,BlogPosting,Article",BlogPosting,SCHEMA_OK,valid
blog/zona-sul-santos-imoveis-ia.html,blog,"FAQPage,BreadcrumbList,BlogPosting,Article",BlogPosting,SCHEMA_OK,valid
cidades/bertioga-academia.html,cidades,"FAQPage,Article,FAQPage,Service,BreadcrumbList,Organization,RealEstateListing",Place,SCHEMA_MISMATCH,valid
cidades/bertioga-comercial.html,cidades,"FAQPage,Article,FAQPage,Service,BreadcrumbList,Organization,RealEstateListing",Place,SCHEMA_MISMATCH,valid
cidades/bertioga-compra-programada.html,cidades,"FAQPage,Article,FAQPage,Service,BreadcrumbList,Organization,RealEstateListing",Place,SCHEMA_MISMATCH,valid
cidades/bertioga-elevador.html,cidades,"FAQPage,Article,FAQPage,Service,BreadcrumbList,Organization,RealEstateListing",Place,SCHEMA_MISMATCH,valid
cidades/bertioga-gestao-de-imovel.html,cidades,"FAQPage,Article,FAQPage,Service,BreadcrumbList,Organization,RealEstateListing",Place,SCHEMA_MISMATCH,valid
cidades/bertioga-imoveis-venda.html,cidades,"RealEstateAgent,Article,FAQPage,WebPage,BreadcrumbList,FAQPage,Organization,RealEstateListing",Place,SCHEMA_GENERIC,valid
cidades/bertioga-midia-profissional.html,cidades,"FAQPage,Article,FAQPage,Service,BreadcrumbList,Organization,RealEstateListing",Place,SCHEMA_MISMATCH,valid
cidades/bertioga-pet-friendly.html,cidades,"FAQPage,Article,FAQPage,Service,BreadcrumbList,Organization,RealEstateListing",Place,SCHEMA_MISMATCH,valid
cidades/bertioga-propaganda-imobiliaria.html,cidades,"FAQPage,Article,FAQPage,Service,BreadcrumbList,Organization,RealEstateListing",Place,SCHEMA_MISMATCH,valid
cidades/bertioga-residencial.html,cidades,"FAQPage,Article,FAQPage,Service,BreadcrumbList,Organization,RealEstateListing",Place,SCHEMA_MISMATCH,valid
cidades/bertioga-sacada.html,cidades,"FAQPage,Article,FAQPage,Service,BreadcrumbList,Organization,RealEstateListing",Place,SCHEMA_MISMATCH,valid
cidades/bertioga-sauna.html,cidades,"FAQPage,Article,FAQPage,Service,BreadcrumbList,Organization,RealEstateListing",Place,SCHEMA_MISMATCH,valid
cidades/bertioga-seguranca.html,cidades,"FAQPage,Article,FAQPage,Service,BreadcrumbList,Organization,RealEstateListing",Place,SCHEMA_MISMATCH,valid
cidades/bertioga-varanda.html,cidades,"FAQPage,Article,FAQPage,Service,BreadcrumbList,Organization,RealEstateListing",Place,SCHEMA_MISMATCH,valid
cidades/bertioga-venda-rapida.html,cidades,"FAQPage,Article,FAQPage,Service,BreadcrumbList,Organization,RealEstateListing",Place,SCHEMA_MISMATCH,valid
cidades/bertioga.html,cidades,"LocalBusiness,Article,FAQPage,FAQPage,BreadcrumbList,Organization,RealEstateListing",Place,SCHEMA_MISMATCH,valid
cidades/cananeia.html,cidades,"BreadcrumbList,LocalBusiness,RealEstateListing",Place,SCHEMA_MISMATCH,valid
cidades/caraguatatuba.html,cidades,"BreadcrumbList,LocalBusiness,RealEstateListing",Place,SCHEMA_MISMATCH,valid
cidades/guaruja-academia.html,cidades,"FAQPage,Article,Service,BreadcrumbList,Organization,RealEstateListing",Place,SCHEMA_MISMATCH,valid
cidades/guaruja-comercial.html,cidades,"FAQPage,Article,Service,BreadcrumbList,Organization,RealEstateListing",Place,SCHEMA_MISMATCH,valid
cidades/guaruja-compra-programada.html,cidades,"FAQPage,Article,FAQPage,Service,BreadcrumbList,Organization,RealEstateListing",Place,SCHEMA_MISMATCH,valid
cidades/guaruja-elevador.html,cidades,"FAQPage,Article,FAQPage,Service,BreadcrumbList,Organization,RealEstateListing",Place,SCHEMA_MISMATCH,valid
cidades/guaruja-gestao-de-imovel.html,cidades,"FAQPage,Article,FAQPage,Service,BreadcrumbList,Organization,RealEstateListing",Place,SCHEMA_MISMATCH,valid
cidades/guaruja-imoveis-venda.html,cidades,"RealEstateAgent,Article,FAQPage,WebPage,BreadcrumbList,FAQPage,Organization,RealEstateListing",Place,SCHEMA_GENERIC,valid
cidades/guaruja-midia-profissional.html,cidades,"FAQPage,Article,FAQPage,Service,BreadcrumbList,Organization,RealEstateListing",Place,SCHEMA_MISMATCH,valid
cidades/guaruja-pet-friendly.html,cidades,"FAQPage,Article,FAQPage,Service,BreadcrumbList,Organization,RealEstateListing",Place,SCHEMA_MISMATCH,valid
cidades/guaruja-propaganda-imobiliaria.html,cidades,"FAQPage,Article,FAQPage,Service,BreadcrumbList,Organization,RealEstateListing",Place,SCHEMA_MISMATCH,valid
cidades/guaruja-residencial.html,cidades,"FAQPage,Article,FAQPage,Service,BreadcrumbList,Organization,RealEstateListing",Place,SCHEMA_MISMATCH,valid
cidades/guaruja-sacada.html,cidades,"FAQPage,Article,FAQPage,Service,BreadcrumbList,Organization,RealEstateListing",Place,SCHEMA_MISMATCH,valid
cidades/guaruja-sauna.html,cidades,"FAQPage,Article,FAQPage,Service,BreadcrumbList,Organization,RealEstateListing",Place,SCHEMA_MISMATCH,valid
cidades/guaruja-seguranca.html,cidades,"FAQPage,Article,FAQPage,Service,BreadcrumbList,Organization,RealEstateListing",Place,SCHEMA_MISMATCH,valid
cidades/guaruja-varanda.html,cidades,"FAQPage,Article,FAQPage,Service,BreadcrumbList,Organization,RealEstateListing",Place,SCHEMA_MISMATCH,valid
cidades/guaruja-venda-rapida.html,cidades,"FAQPage,Article,FAQPage,Service,BreadcrumbList,Organization,RealEstateListing",Place,SCHEMA_MISMATCH,valid
cidades/guaruja.html,cidades,"BreadcrumbList,LocalBusiness,RealEstateListing",Place,SCHEMA_MISMATCH,valid
cidades/ilhabela.html,cidades,"BreadcrumbList,LocalBusiness,RealEstateListing",Place,SCHEMA_MISMATCH,valid
cidades/index.html,cidades,"BreadcrumbList,WebSite",Place,SCHEMA_MISMATCH,valid
cidades/itanhaem-academia.html,cidades,"FAQPage,Article,FAQPage,Service,BreadcrumbList,Organization,RealEstateListing",Place,SCHEMA_MISMATCH,valid
cidades/itanhaem-comercial.html,cidades,"FAQPage,Article,FAQPage,Service,BreadcrumbList,Organization,RealEstateListing",Place,SCHEMA_MISMATCH,valid
cidades/itanhaem-compra-programada.html,cidades,"FAQPage,Article,FAQPage,Service,BreadcrumbList,Organization,RealEstateListing",Place,SCHEMA_MISMATCH,valid
cidades/itanhaem-elevador.html,cidades,"FAQPage,Article,FAQPage,Service,BreadcrumbList,Organization,RealEstateListing",Place,SCHEMA_MISMATCH,valid
cidades/itanhaem-gestao-de-imovel.html,cidades,"FAQPage,Article,FAQPage,Service,BreadcrumbList,Organization,RealEstateListing",Place,SCHEMA_MISMATCH,valid
cidades/itanhaem-imoveis-venda.html,cidades,"RealEstateAgent,Article,FAQPage,WebPage,BreadcrumbList,FAQPage,Organization,RealEstateListing",Place,SCHEMA_GENERIC,valid
cidades/itanhaem-midia-profissional.html,cidades,"FAQPage,Article,FAQPage,Service,BreadcrumbList,Organization,RealEstateListing",Place,SCHEMA_MISMATCH,valid
cidades/itanhaem-pet-friendly.html,cidades,"FAQPage,Article,FAQPage,Service,BreadcrumbList,Organization,RealEstateListing",Place,SCHEMA_MISMATCH,valid
cidades/itanhaem-propaganda-imobiliaria.html,cidades,"FAQPage,Article,FAQPage,Service,BreadcrumbList,Organization,RealEstateListing",Place,SCHEMA_MISMATCH,valid
cidades/itanhaem-residencial.html,cidades,"FAQPage,Article,FAQPage,Service,BreadcrumbList,Organization,RealEstateListing",Place,SCHEMA_MISMATCH,valid
cidades/itanhaem-sacada.html,cidades,"FAQPage,Article,FAQPage,Service,BreadcrumbList,Organization,RealEstateListing",Place,SCHEMA_MISMATCH,valid
cidades/itanhaem-sauna.html,cidades,"FAQPage,Article,FAQPage,Service,BreadcrumbList,Organization,RealEstateListing",Place,SCHEMA_MISMATCH,valid
cidades/itanhaem-seguranca.html,cidades,"FAQPage,Article,FAQPage,Service,BreadcrumbList,Organization,RealEstateListing",Place,SCHEMA_MISMATCH,valid
cidades/itanhaem-varanda.html,cidades,"FAQPage,Article,FAQPage,Service,BreadcrumbList,Organization,RealEstateListing",Place,SCHEMA_MISMATCH,valid
cidades/itanhaem-venda-rapida.html,cidades,"FAQPage,Article,FAQPage,Service,BreadcrumbList,Organization,RealEstateListing",Place,SCHEMA_MISMATCH,valid
cidades/itanhaem.html,cidades,"BreadcrumbList,LocalBusiness,RealEstateListing",Place,SCHEMA_MISMATCH,valid
cidades/mongagua-academia.html,cidades,"FAQPage,Article,FAQPage,Service,BreadcrumbList,Organization,RealEstateListing",Place,SCHEMA_MISMATCH,valid
cidades/mongagua-comercial.html,cidades,"FAQPage,Article,FAQPage,Service,BreadcrumbList,Organization,RealEstateListing",Place,SCHEMA_MISMATCH,valid
cidades/mongagua-compra-programada.html,cidades,"FAQPage,Article,FAQPage,Service,BreadcrumbList,Organization,RealEstateListing",Place,SCHEMA_MISMATCH,valid
cidades/mongagua-elevador.html,cidades,"FAQPage,Article,FAQPage,Service,BreadcrumbList,Organization,RealEstateListing",Place,SCHEMA_MISMATCH,valid
cidades/mongagua-gestao-de-imovel.html,cidades,"FAQPage,Article,FAQPage,Service,BreadcrumbList,Organization,RealEstateListing",Place,SCHEMA_MISMATCH,valid
cidades/mongagua-imoveis-venda.html,cidades,"RealEstateAgent,Article,FAQPage,WebPage,BreadcrumbList,FAQPage,Organization,RealEstateListing",Place,SCHEMA_GENERIC,valid
cidades/mongagua-midia-profissional.html,cidades,"FAQPage,Article,FAQPage,Service,BreadcrumbList,Organization,RealEstateListing",Place,SCHEMA_MISMATCH,valid
cidades/mongagua-pet-friendly.html,cidades,"FAQPage,Article,FAQPage,Service,BreadcrumbList,Organization,RealEstateListing",Place,SCHEMA_MISMATCH,valid
cidades/mongagua-propaganda-imobiliaria.html,cidades,"FAQPage,Article,FAQPage,Service,BreadcrumbList,Organization,RealEstateListing",Place,SCHEMA_MISMATCH,valid
cidades/mongagua-residencial.html,cidades,"FAQPage,Article,FAQPage,Service,BreadcrumbList,Organization,RealEstateListing",Place,SCHEMA_MISMATCH,valid
cidades/mongagua-sacada.html,cidades,"FAQPage,Article,FAQPage,Service,BreadcrumbList,Organization,RealEstateListing",Place,SCHEMA_MISMATCH,valid
cidades/mongagua-sauna.html,cidades,"FAQPage,Article,FAQPage,Service,BreadcrumbList,Organization,RealEstateListing",Place,SCHEMA_MISMATCH,valid
cidades/mongagua-seguranca.html,cidades,"FAQPage,Article,FAQPage,Service,BreadcrumbList,Organization,RealEstateListing",Place,SCHEMA_MISMATCH,valid
cidades/mongagua-varanda.html,cidades,"FAQPage,Article,FAQPage,Service,BreadcrumbList,Organization,RealEstateListing",Place,SCHEMA_MISMATCH,valid
cidades/mongagua-venda-rapida.html,cidades,"FAQPage,Article,FAQPage,Service,BreadcrumbList,Organization,RealEstateListing",Place,SCHEMA_MISMATCH,valid
cidades/mongagua.html,cidades,"BreadcrumbList,LocalBusiness,RealEstateListing",Place,SCHEMA_MISMATCH,valid
cidades/peruibe-academia.html,cidades,"FAQPage,Article,FAQPage,Service,BreadcrumbList,Organization,RealEstateListing",Place,SCHEMA_MISMATCH,valid
cidades/peruibe-comercial.html,cidades,"FAQPage,Article,FAQPage,Service,BreadcrumbList,Organization,RealEstateListing",Place,SCHEMA_MISMATCH,valid
cidades/peruibe-compra-programada.html,cidades,"FAQPage,Article,FAQPage,Service,BreadcrumbList,Organization,RealEstateListing",Place,SCHEMA_MISMATCH,valid
cidades/peruibe-elevador.html,cidades,"FAQPage,Article,FAQPage,Service,BreadcrumbList,Organization,RealEstateListing",Place,SCHEMA_MISMATCH,valid
cidades/peruibe-gestao-de-imovel.html,cidades,"FAQPage,Article,FAQPage,Service,BreadcrumbList,Organization,RealEstateListing",Place,SCHEMA_MISMATCH,valid
cidades/peruibe-imoveis-venda.html,cidades,"RealEstateAgent,Article,FAQPage,WebPage,BreadcrumbList,FAQPage,Organization,RealEstateListing",Place,SCHEMA_GENERIC,valid
cidades/peruibe-midia-profissional.html,cidades,"FAQPage,Article,FAQPage,Service,BreadcrumbList,Organization,RealEstateListing",Place,SCHEMA_MISMATCH,valid
cidades/peruibe-pet-friendly.html,cidades,"FAQPage,Article,FAQPage,Service,BreadcrumbList,Organization,RealEstateListing",Place,SCHEMA_MISMATCH,valid
cidades/peruibe-propaganda-imobiliaria.html,cidades,"FAQPage,Article,FAQPage,Service,BreadcrumbList,Organization,RealEstateListing",Place,SCHEMA_MISMATCH,valid
cidades/peruibe-residencial.html,cidades,"FAQPage,Article,FAQPage,Service,BreadcrumbList,Organization,RealEstateListing",Place,SCHEMA_MISMATCH,valid
cidades/peruibe-sacada.html,cidades,"FAQPage,Article,FAQPage,Service,BreadcrumbList,Organization,RealEstateListing",Place,SCHEMA_MISMATCH,valid
cidades/peruibe-sauna.html,cidades,"FAQPage,Article,FAQPage,Service,BreadcrumbList,Organization,RealEstateListing",Place,SCHEMA_MISMATCH,valid
cidades/peruibe-seguranca.html,cidades,"FAQPage,Article,FAQPage,Service,BreadcrumbList,Organization,RealEstateListing",Place,SCHEMA_MISMATCH,valid
cidades/peruibe-varanda.html,cidades,"FAQPage,Article,FAQPage,Service,BreadcrumbList,Organization,RealEstateListing",Place,SCHEMA_MISMATCH,valid
cidades/peruibe-venda-rapida.html,cidades,"FAQPage,Article,FAQPage,Service,BreadcrumbList,Organization,RealEstateListing",Place,SCHEMA_MISMATCH,valid
cidades/peruibe.html,cidades,"BreadcrumbList,LocalBusiness,RealEstateListing",Place,SCHEMA_MISMATCH,valid
cidades/praia-grande-academia.html,cidades,"FAQPage,Article,FAQPage,Service,BreadcrumbList,Organization,RealEstateListing",Place,SCHEMA_MISMATCH,valid
cidades/praia-grande-comercial.html,cidades,"FAQPage,Article,FAQPage,Service,BreadcrumbList,Organization,RealEstateListing",Place,SCHEMA_MISMATCH,valid
cidades/praia-grande-compra-programada.html,cidades,"FAQPage,Article,FAQPage,Service,BreadcrumbList,Organization,RealEstateListing",Place,SCHEMA_MISMATCH,valid
cidades/praia-grande-elevador.html,cidades,"FAQPage,Article,FAQPage,Service,BreadcrumbList,Organization,RealEstateListing",Place,SCHEMA_MISMATCH,valid
cidades/praia-grande-gestao-de-imovel.html,cidades,"FAQPage,Article,FAQPage,Service,BreadcrumbList,Organization,RealEstateListing",Place,SCHEMA_MISMATCH,valid
cidades/praia-grande-imoveis-venda.html,cidades,"RealEstateAgent,Article,FAQPage,WebPage,BreadcrumbList,FAQPage,Organization,RealEstateListing",Place,SCHEMA_GENERIC,valid
cidades/praia-grande-midia-profissional.html,cidades,"FAQPage,Article,FAQPage,Service,BreadcrumbList,Organization,RealEstateListing",Place,SCHEMA_MISMATCH,valid
cidades/praia-grande-pet-friendly.html,cidades,"FAQPage,Article,FAQPage,Service,BreadcrumbList,Organization,RealEstateListing",Place,SCHEMA_MISMATCH,valid
cidades/praia-grande-propaganda-imobiliaria.html,cidades,"FAQPage,Article,FAQPage,Service,BreadcrumbList,Organization,RealEstateListing",Place,SCHEMA_MISMATCH,valid
cidades/praia-grande-residencial.html,cidades,"FAQPage,Article,FAQPage,Service,BreadcrumbList,Organization,RealEstateListing",Place,SCHEMA_MISMATCH,valid
cidades/praia-grande-sacada.html,cidades,"FAQPage,Article,FAQPage,Service,BreadcrumbList,Organization,RealEstateListing",Place,SCHEMA_MISMATCH,valid
cidades/praia-grande-sauna.html,cidades,"FAQPage,Article,FAQPage,Service,BreadcrumbList,Organization,RealEstateListing",Place,SCHEMA_MISMATCH,valid
cidades/praia-grande-seguranca.html,cidades,"FAQPage,Article,FAQPage,Service,BreadcrumbList,Organization,RealEstateListing",Place,SCHEMA_MISMATCH,valid
cidades/praia-grande-varanda.html,cidades,"FAQPage,Article,FAQPage,Service,BreadcrumbList,Organization,RealEstateListing",Place,SCHEMA_MISMATCH,valid
cidades/praia-grande-venda-rapida.html,cidades,"FAQPage,Article,FAQPage,Service,BreadcrumbList,Organization,RealEstateListing",Place,SCHEMA_MISMATCH,valid
cidades/praia-grande.html,cidades,"BreadcrumbList,LocalBusiness,RealEstateListing",Place,SCHEMA_MISMATCH,valid
cidades/santos-academia.html,cidades,"FAQPage,Article,FAQPage,Service,BreadcrumbList,Organization,RealEstateListing",Place,SCHEMA_MISMATCH,valid
cidades/santos-comercial.html,cidades,"FAQPage,Article,FAQPage,Service,BreadcrumbList,Organization,RealEstateListing",Place,SCHEMA_MISMATCH,valid
cidades/santos-compra-programada.html,cidades,"FAQPage,Article,FAQPage,Service,BreadcrumbList,Organization,RealEstateListing",Place,SCHEMA_MISMATCH,valid
cidades/santos-elevador.html,cidades,"FAQPage,Article,FAQPage,Service,BreadcrumbList,Organization,RealEstateListing",Place,SCHEMA_MISMATCH,valid
cidades/santos-gestao-de-imovel.html,cidades,"FAQPage,Article,FAQPage,Service,BreadcrumbList,Organization,RealEstateListing",Place,SCHEMA_MISMATCH,valid
cidades/santos-imoveis-venda.html,cidades,"RealEstateAgent,Article,FAQPage,WebPage,BreadcrumbList,FAQPage,Organization,RealEstateListing",Place,SCHEMA_GENERIC,valid
cidades/santos-midia-profissional.html,cidades,"FAQPage,Article,FAQPage,Service,BreadcrumbList,Organization,RealEstateListing",Place,SCHEMA_MISMATCH,valid
cidades/santos-pet-friendly.html,cidades,"FAQPage,Article,FAQPage,Service,BreadcrumbList,Organization,RealEstateListing",Place,SCHEMA_MISMATCH,valid
cidades/santos-propaganda-imobiliaria.html,cidades,"FAQPage,Article,FAQPage,Service,BreadcrumbList,Organization,RealEstateListing",Place,SCHEMA_MISMATCH,valid
cidades/santos-residencial.html,cidades,"FAQPage,Article,FAQPage,Service,BreadcrumbList,Organization,RealEstateListing",Place,SCHEMA_MISMATCH,valid
cidades/santos-sacada.html,cidades,"FAQPage,Article,FAQPage,Service,BreadcrumbList,Organization,RealEstateListing",Place,SCHEMA_MISMATCH,valid
cidades/santos-sauna.html,cidades,"FAQPage,Article,FAQPage,Service,BreadcrumbList,Organization,RealEstateListing",Place,SCHEMA_MISMATCH,valid
cidades/santos-seguranca.html,cidades,"FAQPage,Article,FAQPage,Service,BreadcrumbList,Organization,RealEstateListing",Place,SCHEMA_MISMATCH,valid
cidades/santos-varanda.html,cidades,"FAQPage,Article,FAQPage,Service,BreadcrumbList,Organization,RealEstateListing",Place,SCHEMA_MISMATCH,valid
cidades/santos-venda-rapida.html,cidades,"FAQPage,Article,FAQPage,Service,BreadcrumbList,Organization,RealEstateListing",Place,SCHEMA_MISMATCH,valid
cidades/santos.html,cidades,"BreadcrumbList,LocalBusiness,RealEstateListing",Place,SCHEMA_MISMATCH,valid
cidades/sao-sebastiao.html,cidades,"BreadcrumbList,LocalBusiness,RealEstateListing",Place,SCHEMA_MISMATCH,valid
cidades/sao-vicente-academia.html,cidades,"FAQPage,Article,FAQPage,Service,BreadcrumbList,Organization,RealEstateListing",Place,SCHEMA_MISMATCH,valid
cidades/sao-vicente-comercial.html,cidades,"FAQPage,Article,FAQPage,Service,BreadcrumbList,Organization,RealEstateListing",Place,SCHEMA_MISMATCH,valid
cidades/sao-vicente-compra-programada.html,cidades,"FAQPage,Article,FAQPage,Service,BreadcrumbList,Organization,RealEstateListing",Place,SCHEMA_MISMATCH,valid
cidades/sao-vicente-elevador.html,cidades,"FAQPage,Article,FAQPage,Service,BreadcrumbList,Organization,RealEstateListing",Place,SCHEMA_MISMATCH,valid
cidades/sao-vicente-gestao-de-imovel.html,cidades,"FAQPage,Article,FAQPage,Service,BreadcrumbList,Organization,RealEstateListing",Place,SCHEMA_MISMATCH,valid
cidades/sao-vicente-imoveis-venda.html,cidades,"RealEstateAgent,Article,FAQPage,WebPage,BreadcrumbList,FAQPage,Organization,RealEstateListing",Place,SCHEMA_GENERIC,valid
cidades/sao-vicente-midia-profissional.html,cidades,"FAQPage,Article,FAQPage,Service,BreadcrumbList,Organization,RealEstateListing",Place,SCHEMA_MISMATCH,valid
cidades/sao-vicente-pet-friendly.html,cidades,"FAQPage,Article,FAQPage,Service,BreadcrumbList,Organization,RealEstateListing",Place,SCHEMA_MISMATCH,valid
cidades/sao-vicente-propaganda-imobiliaria.html,cidades,"FAQPage,Article,FAQPage,Service,BreadcrumbList,Organization,RealEstateListing",Place,SCHEMA_MISMATCH,valid
cidades/sao-vicente-residencial.html,cidades,"FAQPage,Article,FAQPage,Service,BreadcrumbList,Organization,RealEstateListing",Place,SCHEMA_MISMATCH,valid
cidades/sao-vicente-sacada.html,cidades,"FAQPage,Article,FAQPage,Service,BreadcrumbList,Organization,RealEstateListing",Place,SCHEMA_MISMATCH,valid
cidades/sao-vicente-sauna.html,cidades,"FAQPage,Article,FAQPage,Service,BreadcrumbList,Organization,RealEstateListing",Place,SCHEMA_MISMATCH,valid
cidades/sao-vicente-seguranca.html,cidades,"FAQPage,Article,FAQPage,Service,BreadcrumbList,Organization,RealEstateListing",Place,SCHEMA_MISMATCH,valid
cidades/sao-vicente-varanda.html,cidades,"FAQPage,Article,FAQPage,Service,BreadcrumbList,Organization,RealEstateListing",Place,SCHEMA_MISMATCH,valid
cidades/sao-vicente-venda-rapida.html,cidades,"FAQPage,Article,FAQPage,Service,BreadcrumbList,Organization,RealEstateListing",Place,SCHEMA_MISMATCH,valid
cidades/sao-vicente.html,cidades,"BreadcrumbList,LocalBusiness,RealEstateListing",Place,SCHEMA_MISMATCH,valid
cidades/ubatuba.html,cidades,"BreadcrumbList,LocalBusiness,RealEstateListing",Place,SCHEMA_MISMATCH,valid
servicos/automacao.html,servicos,"FAQPage,WebSite,LocalBusiness,Service,Organization,BreadcrumbList",Service,SCHEMA_OK,valid
servicos/avaliacao.html,servicos,"FAQPage,WebSite,LocalBusiness,Service,Organization,BreadcrumbList",Service,SCHEMA_OK,valid
servicos/captacao.html,servicos,"FAQPage,WebSite,LocalBusiness,Service,Organization,BreadcrumbList",Service,SCHEMA_OK,valid
servicos/captura-rapida.html,servicos,"Service,RealEstateAgent,FAQPage,WebPage,Organization,BreadcrumbList",Service,SCHEMA_OK,valid
servicos/checklist-leads.html,servicos,"Service,RealEstateAgent,FAQPage,WebPage,Organization,BreadcrumbList",Service,SCHEMA_OK,valid
servicos/consulta-rapida.html,servicos,"FAQPage,Service,Organization,BreadcrumbList",Service,SCHEMA_OK,valid
servicos/consultoria-proptech.html,servicos,"FAQPage,WebSite,LocalBusiness,Service,Organization,BreadcrumbList",Service,SCHEMA_OK,valid
servicos/descricao-ia.html,servicos,"FAQPage,WebSite,LocalBusiness,Service,Organization,BreadcrumbList",Service,SCHEMA_OK,valid
servicos/gestao-imoveis.html,servicos,Service,Service,SCHEMA_INVALID,"invalid_json: Expecting ',' delimiter: line 7 column 7 (char 212)"
servicos/guia-aluguel-temporada.html,servicos,"Service,RealEstateAgent,Article,FAQPage,BreadcrumbList",Service,SCHEMA_OK,valid
servicos/index.html,servicos,"BreadcrumbList,Service",Service,SCHEMA_OK,valid
servicos/midia-profissional.html,servicos,Service,Service,SCHEMA_OK,valid
servicos/propaganda-imobiliaria.html,servicos,Service,Service,SCHEMA_INVALID,"invalid_json: Expecting ',' delimiter: line 7 column 7 (char 212)"
servicos/quero-vender-imovel-litoral.html,servicos,"Service,RealEstateAgent,FAQPage,WebPage,Organization,BreadcrumbList",Service,SCHEMA_OK,valid
servicos/template-cidade-servico.html,servicos,"FAQPage,Service,Organization,BreadcrumbList",Service,SCHEMA_OK,valid
servicos/venda-imovel.html,servicos,"FAQPage,WebSite,LocalBusiness,Service,Organization,BreadcrumbList",Service,SCHEMA_OK,valid
servicos/cidade-servico/bertioga-automacao.html,servicos,"Service,BreadcrumbList,FAQPage,RealEstateListing",Service,SCHEMA_OK,valid
servicos/cidade-servico/bertioga-avaliacao.html,servicos,"Service,BreadcrumbList,FAQPage,RealEstateListing",Service,SCHEMA_OK,valid
servicos/cidade-servico/bertioga-captacao.html,servicos,"Service,BreadcrumbList,FAQPage,RealEstateListing",Service,SCHEMA_OK,valid
servicos/cidade-servico/bertioga-consultoria.html,servicos,"Service,BreadcrumbList,FAQPage,RealEstateListing",Service,SCHEMA_OK,valid
servicos/cidade-servico/bertioga-descricao-ia.html,servicos,"Service,BreadcrumbList,FAQPage,RealEstateListing",Service,SCHEMA_OK,valid
servicos/cidade-servico/bertioga-venda-imovel.html,servicos,"Service,BreadcrumbList,FAQPage,RealEstateListing",Service,SCHEMA_OK,valid
servicos/cidade-servico/guaruja-automacao.html,servicos,"Service,BreadcrumbList,FAQPage,RealEstateListing",Service,SCHEMA_OK,valid
servicos/cidade-servico/guaruja-avaliacao.html,servicos,"Service,BreadcrumbList,FAQPage,RealEstateListing",Service,SCHEMA_OK,valid
servicos/cidade-servico/guaruja-captacao.html,servicos,"Service,BreadcrumbList,FAQPage,RealEstateListing",Service,SCHEMA_OK,valid
servicos/cidade-servico/guaruja-consultoria.html,servicos,"Service,BreadcrumbList,FAQPage,RealEstateListing",Service,SCHEMA_OK,valid
servicos/cidade-servico/guaruja-descricao-ia.html,servicos,"Service,BreadcrumbList,FAQPage,RealEstateListing",Service,SCHEMA_OK,valid
servicos/cidade-servico/guaruja-venda-imovel.html,servicos,"Service,BreadcrumbList,FAQPage,RealEstateListing",Service,SCHEMA_OK,valid
servicos/cidade-servico/itanhaem-automacao.html,servicos,"Service,BreadcrumbList,FAQPage,RealEstateListing",Service,SCHEMA_OK,valid
servicos/cidade-servico/itanhaem-avaliacao.html,servicos,"Service,BreadcrumbList,FAQPage,RealEstateListing",Service,SCHEMA_OK,valid
servicos/cidade-servico/itanhaem-captacao.html,servicos,"Service,BreadcrumbList,FAQPage,RealEstateListing",Service,SCHEMA_OK,valid
servicos/cidade-servico/itanhaem-consultoria.html,servicos,"Service,BreadcrumbList,FAQPage,RealEstateListing",Service,SCHEMA_OK,valid
servicos/cidade-servico/itanhaem-descricao-ia.html,servicos,"Service,BreadcrumbList,FAQPage,RealEstateListing",Service,SCHEMA_OK,valid
servicos/cidade-servico/itanhaem-venda-imovel.html,servicos,"Service,BreadcrumbList,FAQPage,RealEstateListing",Service,SCHEMA_OK,valid
servicos/cidade-servico/mongagua-automacao.html,servicos,"Service,BreadcrumbList,FAQPage,RealEstateListing",Service,SCHEMA_OK,valid
servicos/cidade-servico/mongagua-avaliacao.html,servicos,"Service,BreadcrumbList,FAQPage,RealEstateListing",Service,SCHEMA_OK,valid
servicos/cidade-servico/mongagua-captacao.html,servicos,"Service,BreadcrumbList,FAQPage,RealEstateListing",Service,SCHEMA_OK,valid
servicos/cidade-servico/mongagua-consultoria.html,servicos,"Service,BreadcrumbList,FAQPage,RealEstateListing",Service,SCHEMA_OK,valid
servicos/cidade-servico/mongagua-descricao-ia.html,servicos,"Service,BreadcrumbList,FAQPage,RealEstateListing",Service,SCHEMA_OK,valid
servicos/cidade-servico/mongagua-venda-imovel.html,servicos,"Service,BreadcrumbList,FAQPage,RealEstateListing",Service,SCHEMA_OK,valid
servicos/cidade-servico/peruibe-automacao.html,servicos,"Service,BreadcrumbList,FAQPage,RealEstateListing",Service,SCHEMA_OK,valid
servicos/cidade-servico/peruibe-avaliacao.html,servicos,"Service,BreadcrumbList,FAQPage,RealEstateListing",Service,SCHEMA_OK,valid
servicos/cidade-servico/peruibe-captacao.html,servicos,"Service,BreadcrumbList,FAQPage,RealEstateListing",Service,SCHEMA_OK,valid
servicos/cidade-servico/peruibe-consultoria.html,servicos,"Service,BreadcrumbList,FAQPage,RealEstateListing",Service,SCHEMA_OK,valid
servicos/cidade-servico/peruibe-descricao-ia.html,servicos,"Service,BreadcrumbList,FAQPage,RealEstateListing",Service,SCHEMA_OK,valid
servicos/cidade-servico/peruibe-venda-imovel.html,servicos,"Service,BreadcrumbList,FAQPage,RealEstateListing",Service,SCHEMA_OK,valid
servicos/cidade-servico/praia-grande-automacao.html,servicos,"Service,BreadcrumbList,FAQPage,RealEstateListing",Service,SCHEMA_OK,valid
servicos/cidade-servico/praia-grande-avaliacao.html,servicos,"Service,BreadcrumbList,FAQPage,RealEstateListing",Service,SCHEMA_OK,valid
servicos/cidade-servico/praia-grande-captacao.html,servicos,"Service,BreadcrumbList,FAQPage,RealEstateListing",Service,SCHEMA_OK,valid
servicos/cidade-servico/praia-grande-consultoria.html,servicos,"Service,BreadcrumbList,FAQPage,RealEstateListing",Service,SCHEMA_OK,valid
servicos/cidade-servico/praia-grande-descricao-ia.html,servicos,"Service,BreadcrumbList,FAQPage,RealEstateListing",Service,SCHEMA_OK,valid
servicos/cidade-servico/praia-grande-venda-imovel.html,servicos,"Service,BreadcrumbList,FAQPage,RealEstateListing",Service,SCHEMA_OK,valid
servicos/cidade-servico/santos-automacao.html,servicos,"Service,BreadcrumbList,FAQPage,RealEstateListing",Service,SCHEMA_OK,valid
servicos/cidade-servico/santos-avaliacao.html,servicos,"Service,BreadcrumbList,FAQPage,RealEstateListing",Service,SCHEMA_OK,valid
servicos/cidade-servico/santos-captacao.html,servicos,"Service,BreadcrumbList,FAQPage,RealEstateListing",Service,SCHEMA_OK,valid
servicos/cidade-servico/santos-consultoria.html,servicos,"Service,BreadcrumbList,FAQPage,RealEstateListing",Service,SCHEMA_OK,valid
servicos/cidade-servico/santos-descricao-ia.html,servicos,"Service,BreadcrumbList,FAQPage,RealEstateListing",Service,SCHEMA_OK,valid
servicos/cidade-servico/santos-venda-imovel.html,servicos,"Service,BreadcrumbList,FAQPage,RealEstateListing",Service,SCHEMA_OK,valid
servicos/cidade-servico/sao-vicente-automacao.html,servicos,"Service,BreadcrumbList,FAQPage,RealEstateListing",Service,SCHEMA_OK,valid
servicos/cidade-servico/sao-vicente-avaliacao.html,servicos,"Service,BreadcrumbList,FAQPage,RealEstateListing",Service,SCHEMA_OK,valid
servicos/cidade-servico/sao-vicente-captacao.html,servicos,"Service,BreadcrumbList,FAQPage,RealEstateListing",Service,SCHEMA_OK,valid
servicos/cidade-servico/sao-vicente-consultoria.html,servicos,"Service,BreadcrumbList,FAQPage,RealEstateListing",Service,SCHEMA_OK,valid
servicos/cidade-servico/sao-vicente-descricao-ia.html,servicos,"Service,BreadcrumbList,FAQPage,RealEstateListing",Service,SCHEMA_OK,valid
servicos/cidade-servico/sao-vicente-venda-imovel.html,servicos,"Service,BreadcrumbList,FAQPage,RealEstateListing",Service,SCHEMA_OK,valid
cases/case-automacao-imobiliarias-litoral-sp-2026.html,cases,"FAQPage,Article,FAQPage,Organization,BreadcrumbList",CaseStudy,SCHEMA_MISMATCH,valid
cases/case-fechamento-centro-historico-2026.html,cases,"FAQPage,Article,FAQPage,Organization,BreadcrumbList",CaseStudy,SCHEMA_MISMATCH,valid
cases/case-imobiliaria-porto-da-lua-35-leads-2026.html,cases,"FAQPage,Article,FAQPage,Organization,BreadcrumbList",CaseStudy,SCHEMA_MISMATCH,valid
cases/case-recomendacao-automatica-imoveis-2026.html,cases,"FAQPage,Article,FAQPage,Organization,BreadcrumbList",CaseStudy,SCHEMA_MISMATCH,valid
cases/case-reducao-tempo-resposta-costa-verde-2026.html,cases,"FAQPage,Article,FAQPage,Organization,BreadcrumbList",CaseStudy,SCHEMA_MISMATCH,valid
cases/case-roi-imobiliaria-litoral-2026.html,cases,"FAQPage,Article,FAQPage,Organization,BreadcrumbList",CaseStudy,SCHEMA_MISMATCH,valid
curso/apostila-completa.html,curso,"FAQPage,Organization,BreadcrumbList",Course,SCHEMA_MISMATCH,valid
curso/bonus-email-prospeccao.html,curso,"FAQPage,Organization,BreadcrumbList",Course,SCHEMA_MISMATCH,valid
curso/bonus-prospeccao.html,curso,"FAQPage,Organization,BreadcrumbList",Course,SCHEMA_MISMATCH,valid
curso/certificado.html,curso,"FAQPage,Organization,BreadcrumbList",Course,SCHEMA_MISMATCH,valid
curso/exercicios.html,curso,"FAQPage,Organization,BreadcrumbList",Course,SCHEMA_MISMATCH,valid
curso/index.html,curso,"FAQPage,Organization,BreadcrumbList",Course,SCHEMA_MISMATCH,valid
landings/landing-corretores-autonomos.html,landings,"FAQPage,Organization,BreadcrumbList",WebPage,SCHEMA_MISMATCH,valid
landings/landing-costa-verde.html,landings,"FAQPage,Organization,BreadcrumbList",WebPage,SCHEMA_MISMATCH,valid
landings/landing-financiamento-imovel-litoral-2026.html,landings,"LeadGenerationPage,BreadcrumbList,Organization",WebPage,SCHEMA_MISMATCH,valid
landings/landing-investidores-seed.html,landings,"FAQPage,Organization,BreadcrumbList",WebPage,SCHEMA_MISMATCH,valid
landings/landing-parcerias-imobiliarias.html,landings,"FAQPage,Organization,BreadcrumbList",WebPage,SCHEMA_MISMATCH,valid
landings/landing-porto-da-lua.html,landings,"FAQPage,Organization,BreadcrumbList",WebPage,SCHEMA_MISMATCH,valid
landings/landing-praia-grande.html,landings,"FAQPage,Organization,BreadcrumbList",WebPage,SCHEMA_MISMATCH,valid
landings/landing-primeiro-imovel-litoral-2026.html,landings,"LeadGenerationPage,BreadcrumbList,Organization",WebPage,SCHEMA_MISMATCH,valid
landings/landing-seguranca-imovel-litoral-2026.html,landings,"LeadGenerationPage,BreadcrumbList,Organization",WebPage,SCHEMA_MISMATCH,valid
landings/onboarding-parceiros.html,landings,"FAQPage,Organization,BreadcrumbList",WebPage,SCHEMA_MISMATCH,valid
landings/pitch-deck-investidores.html,landings,"FAQPage,Organization,BreadcrumbList",WebPage,SCHEMA_MISMATCH,valid
personas/airbnb-ia-2026.html,personas,"FAQPage,Article,FAQPage,Organization,BreadcrumbList",WebPage,SCHEMA_MISMATCH,valid
personas/corretor-ia-2026.html,personas,"FAQPage,Article,FAQPage,Organization,BreadcrumbList",WebPage,SCHEMA_MISMATCH,valid
personas/credito-ia-2026.html,personas,"FAQPage,Article,FAQPage,Organization,BreadcrumbList",WebPage,SCHEMA_MISMATCH,valid
personas/documentacao-ia-2026.html,personas,"FAQPage,Article,FAQPage,Organization,BreadcrumbList",WebPage,SCHEMA_MISMATCH,valid
personas/familia.html,personas,"WebPage,Article,FAQPage,FAQPage,Organization",WebPage,SCHEMA_OK,valid
personas/investidor-ia-2026.html,personas,"FAQPage,Article,FAQPage,Organization,BreadcrumbList",WebPage,SCHEMA_MISMATCH,valid
personas/investidor.html,personas,"WebPage,Article,FAQPage,FAQPage,Organization",WebPage,SCHEMA_OK,valid
personas/primeiro-imovel.html,personas,"WebPage,Article,FAQPage,FAQPage,Organization",WebPage,SCHEMA_OK,valid
personas/temporada.html,personas,"WebPage,Article,FAQPage,FAQPage,Organization",WebPage,SCHEMA_OK,valid
ferramentas/airbnb-admin.html,ferramentas,"FAQPage,Organization,BreadcrumbList",WebPage,SCHEMA_MISMATCH,valid
ferramentas/assistente-virtual.html,ferramentas,"FAQPage,Organization,BreadcrumbList",WebPage,SCHEMA_MISMATCH,valid
ferramentas/avaliacao-preco.html,ferramentas,"BreadcrumbList,WebApplication",WebPage,SCHEMA_MISMATCH,valid
ferramentas/calculadora-diaria-ideal-airbnb-2026.html,ferramentas,"BreadcrumbList,WebApplication",WebPage,SCHEMA_MISMATCH,valid
ferramentas/calculadora-limpeza-airbnb-2026.html,ferramentas,"BreadcrumbList,WebApplication",WebPage,SCHEMA_MISMATCH,valid
ferramentas/calculadora-ocupacao-airbnb-2026.html,ferramentas,"BreadcrumbList,WebApplication",WebPage,SCHEMA_MISMATCH,valid
ferramentas/calculadora-roi-temporada.html,ferramentas,"BreadcrumbList,WebApplication",WebPage,SCHEMA_MISMATCH,valid
ferramentas/calendario-eventos-airbnb-2026.html,ferramentas,"FAQPage,Organization,BreadcrumbList",WebPage,SCHEMA_MISMATCH,valid
ferramentas/comparador-airbnb-aluguel-tradicional-2026.html,ferramentas,"FAQPage,Organization,BreadcrumbList",WebPage,SCHEMA_MISMATCH,valid
ferramentas/estimativa-faturamento-anual-airbnb-2026.html,ferramentas,"FAQPage,Organization,BreadcrumbList",WebPage,SCHEMA_MISMATCH,valid
ferramentas/geracao-descricoes.html,ferramentas,"FAQPage,Organization,BreadcrumbList",WebPage,SCHEMA_MISMATCH,valid
ferramentas/index.html,ferramentas,"BreadcrumbList,WebPage",WebPage,SCHEMA_OK,valid
ferramentas/pre-qualificacao-credito-2026.html,ferramentas,"FAQPage,Organization,BreadcrumbList",WebPage,SCHEMA_MISMATCH,valid
ferramentas/pricelabs-airbnb-2026.html,ferramentas,"FAQPage,Organization,BreadcrumbList",WebPage,SCHEMA_MISMATCH,valid
ferramentas/recomendacao-imoveis.html,ferramentas,"FAQPage,Organization,BreadcrumbList",WebPage,SCHEMA_MISMATCH,valid
ferramentas/simulador-rendimento-airbnb-2026.html,ferramentas,"BreadcrumbList,WebApplication",WebPage,SCHEMA_MISMATCH,valid
ferramentas/stays-airbnb-2026.html,ferramentas,"FAQPage,Organization,BreadcrumbList",WebPage,SCHEMA_MISMATCH,valid
ferramentas/vale-a-pena-comprar-2026.html,ferramentas,"FAQPage,Organization,BreadcrumbList",WebPage,SCHEMA_MISMATCH,valid
anfitrioes/central-airbnb.html,anfitrioes,"FAQPage,Article,FAQPage,Organization,BreadcrumbList",WebPage,SCHEMA_MISMATCH,valid
anfitrioes/central-booking.html,anfitrioes,"FAQPage,Article,FAQPage,Organization,BreadcrumbList",WebPage,SCHEMA_MISMATCH,valid
anfitrioes/central-priceplabs.html,anfitrioes,"FAQPage,Article,FAQPage,Organization,BreadcrumbList",WebPage,SCHEMA_MISMATCH,valid
anfitrioes/central-stays.html,anfitrioes,"FAQPage,Article,FAQPage,Organization,BreadcrumbList",WebPage,SCHEMA_MISMATCH,valid
anfitrioes/checklists-anfitrioes.html,anfitrioes,"FAQPage,Article,FAQPage,Organization,BreadcrumbList",WebPage,SCHEMA_MISMATCH,valid
anfitrioes/diagnosticos-anfitrioes.html,anfitrioes,"FAQPage,Article,FAQPage,Organization,BreadcrumbList",WebPage,SCHEMA_MISMATCH,valid
anfitrioes/index.html,anfitrioes,"FAQPage,Article,FAQPage,Organization,BreadcrumbList",WebPage,SCHEMA_MISMATCH,valid
anfitrioes/tutoriais-anfitrioes.html,anfitrioes,"FAQPage,Article,FAQPage,Organization,BreadcrumbList",WebPage,SCHEMA_MISMATCH,valid
ia/chat-central.html,ia,"FAQPage,Organization,BreadcrumbList",WebPage,SCHEMA_MISMATCH,valid
ia/ia-atendimento.html,ia,"FAQPage,Organization,BreadcrumbList",WebPage,SCHEMA_MISMATCH,valid
ia/ia-avaliacao.html,ia,"FAQPage,Organization,BreadcrumbList",WebPage,SCHEMA_MISMATCH,valid
ia/ia-captacao.html,ia,"FAQPage,Organization,BreadcrumbList",WebPage,SCHEMA_MISMATCH,valid
ia/ia-comercial.html,ia,"FAQPage,Organization,BreadcrumbList",WebPage,SCHEMA_MISMATCH,valid
ia/ia-conteudo.html,ia,"FAQPage,Organization,BreadcrumbList",WebPage,SCHEMA_MISMATCH,valid
ia/ia-gestao.html,ia,"FAQPage,Organization,BreadcrumbList",WebPage,SCHEMA_MISMATCH,valid
ia/ia-imagens.html,ia,"FAQPage,Organization,BreadcrumbList",WebPage,SCHEMA_MISMATCH,valid
ia/ia-investidores.html,ia,"FAQPage,Organization,BreadcrumbList",WebPage,SCHEMA_MISMATCH,valid
ia/ia-juridica.html,ia,"FAQPage,Organization,BreadcrumbList",WebPage,SCHEMA_MISMATCH,valid
ia/ia-marketing.html,ia,"FAQPage,Organization,BreadcrumbList",WebPage,SCHEMA_MISMATCH,valid
ia/ia-mercado.html,ia,"FAQPage,Organization,BreadcrumbList",WebPage,SCHEMA_MISMATCH,valid
ia/ia-portais.html,ia,"FAQPage,Organization,BreadcrumbList",WebPage,SCHEMA_MISMATCH,valid
ia/ia-temporada.html,ia,"FAQPage,Organization,BreadcrumbList",WebPage,SCHEMA_MISMATCH,valid
ia/ia-videos.html,ia,"FAQPage,Organization,BreadcrumbList",WebPage,SCHEMA_MISMATCH,valid
ia/index.html,ia,"FAQPage,Organization,BreadcrumbList",WebPage,SCHEMA_MISMATCH,valid
investidores/index.html,investidores,WebPage,WebPage,SCHEMA_INVALID,"invalid_json: Expecting ',' delimiter: line 7 column 7 (char 212)"
investidores/one-pager-2026.html,investidores,"FAQPage,Article,FAQPage,Organization,BreadcrumbList",WebPage,SCHEMA_MISMATCH,valid
investidores/pitch-deck-2026.html,investidores,"FAQPage,Article,FAQPage,Organization,BreadcrumbList",WebPage,SCHEMA_MISMATCH,valid
investidores/pitch-deck-proptech-2026.html,investidores,"FAQPage,Article,FAQPage,Organization,BreadcrumbList",WebPage,SCHEMA_MISMATCH,valid
parcerias-norte/parceria-caraguatatuba.html,parcerias-norte,"FAQPage,Organization,BreadcrumbList",WebPage,SCHEMA_MISMATCH,valid
parcerias-norte/parceria-ilhabela.html,parcerias-norte,"FAQPage,Organization,BreadcrumbList",WebPage,SCHEMA_MISMATCH,valid
parcerias-norte/parceria-sao-sebastiao.html,parcerias-norte,"FAQPage,Organization,BreadcrumbList",WebPage,SCHEMA_MISMATCH,valid
parcerias-norte/parceria-ubatuba.html,parcerias-norte,"FAQPage,Organization,BreadcrumbList",WebPage,SCHEMA_MISMATCH,valid
proptech/home.html,proptech,"FAQPage,Organization,BreadcrumbList",WebPage,SCHEMA_MISMATCH,valid
proptech/index.html,proptech,"FAQPage,Organization,BreadcrumbList",WebPage,SCHEMA_MISMATCH,valid
proptech/plano-7-dias.html,proptech,"FAQPage,Organization,BreadcrumbList",WebPage,SCHEMA_MISMATCH,valid
proptech/servicos-ia.html,proptech,"FAQPage,Organization,BreadcrumbList",WebPage,SCHEMA_MISMATCH,valid
contato.html,contato.html,"BreadcrumbList,Organization",WebPage,SCHEMA_MISMATCH,valid
