url,status,categoria,prioridade,substituta_local
https://praia.digital/blog/administracao-imoveis-longe-litoral-paulista-2026.html,404,REPARAR_LINK,1,/blog/administracao-imoveis-longe-litoral-paulista-2026.html
https://praia.digital/blog/como-declarar-imovel-comprado-ir-litoral-2026.html,404,REPARAR_LINK,1,/blog/como-declarar-imovel-comprado-ir-litoral-2026.html
https://praia.digital/blog/como-escolher-administradora-imoveis-litoral-2026.html,404,REPARAR_LINK,1,/blog/como-escolher-administradora-imoveis-litoral-2026.html
https://praia.digital/blog/documentacao-estrangeiro-compra-imovel-brasil-litoral-2026.html,404,REPARAR_LINK,1,/blog/documentacao-estrangeiro-compra-imovel-brasil-litoral-2026.html
https://praia.digital/blog/gestao-profissional-imoveis-litoral-paulista-2026.html,404,REPARAR_LINK,1,/blog/gestao-profissional-imoveis-litoral-paulista-2026.html
https://praia.digital/blog/heranca-inventario-transferencia-imovel-brasil-pratica-2026.html,404,REPARAR_LINK,1,/blog/heranca-inventario-transferencia-imovel-brasil-pratica-2026.html
https://praia.digital/blog/imposto-renda-varios-imoveis-patrimonio-litoral-2026.html,404,REPARAR_LINK,1,/blog/imposto-renda-varios-imoveis-patrimonio-litoral-2026.html
https://praia.digital/blog/maresias-checklist-juridico-imoveis-2026.html,503,REPARAR_LINK,1,/blog/maresias-checklist-juridico-imoveis-2026.html
https://praia.digital/blog/ptam-avaliacao-mercadologica-pratica-litoral-paulista-2026.html,404,REPARAR_LINK,1,/blog/ptam-avaliacao-mercadologica-pratica-litoral-paulista-2026.html
https://praia.digital/blog/seguro-imovel-temporada-proprietario-litoral-2026.html,404,REPARAR_LINK,1,/blog/seguro-imovel-temporada-proprietario-litoral-2026.html
https://praia.digital/outreach/convites-demo-15min/itanhaém-elite-itanhaém-imobiliaria.html,503,REPARAR_LINK,1,/outreach/convites-demo-15min/itanhaém-elite-itanhaém-imobiliaria.html
https://praia.digital/outreach/convites-demo-15min/santos-smart-home-santos-construtora.html,503,REPARAR_LINK,1,/outreach/convites-demo-15min/santos-smart-home-santos-construtora.html
https://praia.digital/outreach/emails-followup-d3-20prontos-2026-07-11.html,503,REPARAR_LINK,1,/outreach/emails-followup-d3-20prontos-2026-07-11.html
https://praia.digital/outreach/lote-prospeccao-10-2026-08-03.html,404,REMOVER_REFERENCIA,4,
https://praia.digital/outreach/lote-prospeccao-244-sao-vicente-2026-07-14.html,404,REMOVER_REFERENCIA,4,
https://praia.digital/outreach/lote-prospeccao-245-bertioga-2026-07-14.html,404,REMOVER_REFERENCIA,4,
https://praia.digital/outreach/lote-prospeccao-246-itanhaem-2026-07-14.html,404,REMOVER_REFERENCIA,4,
https://praia.digital/outreach/lote-prospeccao-247-itanhaem-2026-07-14.html,404,REMOVER_REFERENCIA,4,
https://praia.digital/outreach/lote-prospeccao-248-mongagua-2026-07-14.html,404,REMOVER_REFERENCIA,4,
https://praia.digital/outreach/lote-prospeccao-249-santos-2026-07-14.html,404,REMOVER_REFERENCIA,4,
https://praia.digital/outreach/lote-prospeccao-25-2026-07-12.html,404,REMOVER_REFERENCIA,4,
https://praia.digital/outreach/lote-prospeccao-250-peruibe-2026-07-14.html,404,REMOVER_REFERENCIA,4,
https://praia.digital/outreach/lote-prospeccao-251-bertioga-2026-07-14.html,404,REMOVER_REFERENCIA,4,
https://praia.digital/outreach/lote-prospeccao-252-peruibe-2026-07-14.html,404,REMOVER_REFERENCIA,4,
https://praia.digital/outreach/lote-prospeccao-253-itanhaem-2026-07-14.html,404,REMOVER_REFERENCIA,4,
https://praia.digital/outreach/lote-prospeccao-254-bertioga-2026-07-14.html,404,REMOVER_REFERENCIA,4,
https://praia.digital/outreach/lote-prospeccao-255-bertioga-2026-07-14.html,404,REMOVER_REFERENCIA,4,
https://praia.digital/outreach/lote-prospeccao-256-bertioga-2026-07-14.html,404,REMOVER_REFERENCIA,4,
https://praia.digital/outreach/lote-prospeccao-257-itanhaem-2026-07-14.html,404,REMOVER_REFERENCIA,4,
https://praia.digital/outreach/lote-prospeccao-258-mongagua-2026-07-14.html,404,REMOVER_REFERENCIA,4,
https://praia.digital/outreach/lote-prospeccao-259-praia-grande-2026-07-14.html,404,REMOVER_REFERENCIA,4,
https://praia.digital/outreach/lote-prospeccao-26-2026-07-12.html,404,REMOVER_REFERENCIA,4,
https://praia.digital/outreach/lote-prospeccao-260-guaruja-2026-07-14.html,404,REMOVER_REFERENCIA,4,
https://praia.digital/outreach/lote-prospeccao-261-santos-2026-07-14.html,404,REMOVER_REFERENCIA,4,
https://praia.digital/outreach/lote-prospeccao-262-bertioga-2026-07-14.html,404,REMOVER_REFERENCIA,4,
https://praia.digital/outreach/lote-prospeccao-263-sao-vicente-2026-07-14.html,404,REMOVER_REFERENCIA,4,
https://praia.digital/outreach/lote-prospeccao-264-guaruja-2026-07-14.html,404,REMOVER_REFERENCIA,4,
https://praia.digital/outreach/lote-prospeccao-265-guaruja-2026-07-14.html,404,REMOVER_REFERENCIA,4,
https://praia.digital/outreach/lote-prospeccao-266-itanhaem-2026-07-14.html,404,REMOVER_REFERENCIA,4,
https://praia.digital/outreach/lote-prospeccao-267-itanhaem-2026-07-14.html,404,REMOVER_REFERENCIA,4,
https://praia.digital/outreach/lote-prospeccao-268-praia-grande-2026-07-14.html,404,REMOVER_REFERENCIA,4,
https://praia.digital/outreach/lote-prospeccao-269-santos-2026-07-14.html,404,REMOVER_REFERENCIA,4,
https://praia.digital/outreach/lote-prospeccao-27-2026-07-12.html,404,REMOVER_REFERENCIA,4,
https://praia.digital/outreach/lote-prospeccao-270-bertioga-2026-07-14.html,404,REMOVER_REFERENCIA,4,
https://praia.digital/outreach/lote-prospeccao-271-mongagua-2026-07-14.html,404,REMOVER_REFERENCIA,4,
https://praia.digital/outreach/lote-prospeccao-272-bertioga-2026-07-14.html,404,REMOVER_REFERENCIA,4,
https://praia.digital/outreach/lote-prospeccao-273-praia-grande-2026-07-14.html,404,REMOVER_REFERENCIA,4,
https://praia.digital/outreach/lote-prospeccao-274-sao-vicente-2026-07-14.html,404,REMOVER_REFERENCIA,4,
https://praia.digital/outreach/lote-prospeccao-275-praia-grande-2026-07-14.html,404,REMOVER_REFERENCIA,4,
https://praia.digital/outreach/lote-prospeccao-276-peruibe-2026-07-14.html,404,REMOVER_REFERENCIA,4,
https://praia.digital/outreach/lote-prospeccao-277-guaruja-2026-07-14.html,404,REMOVER_REFERENCIA,4,
https://praia.digital/outreach/lote-prospeccao-278-santos-2026-07-14.html,404,REMOVER_REFERENCIA,4,
https://praia.digital/outreach/lote-prospeccao-279-guaruja-2026-07-14.html,404,REMOVER_REFERENCIA,4,
https://praia.digital/outreach/lote-prospeccao-28-2026-07-12.html,404,REMOVER_REFERENCIA,4,
https://praia.digital/outreach/lote-prospeccao-280-peruibe-2026-07-14.html,404,REMOVER_REFERENCIA,4,
https://praia.digital/outreach/lote-prospeccao-281-praia-grande-2026-07-14.html,404,REMOVER_REFERENCIA,4,
https://praia.digital/outreach/lote-prospeccao-282-itanhaem-2026-07-14.html,404,REMOVER_REFERENCIA,4,
https://praia.digital/outreach/lote-prospeccao-283-sao-vicente-2026-07-14.html,404,REMOVER_REFERENCIA,4,
https://praia.digital/outreach/lote-prospeccao-284-sao-vicente-2026-07-14.html,404,REMOVER_REFERENCIA,4,
https://praia.digital/outreach/lote-prospeccao-285-peruibe-2026-07-14.html,404,REMOVER_REFERENCIA,4,
https://praia.digital/outreach/lote-prospeccao-286-mongagua-2026-07-14.html,404,REMOVER_REFERENCIA,4,
https://praia.digital/outreach/lote-prospeccao-287-itanhaem-2026-07-14.html,404,REMOVER_REFERENCIA,4,
https://praia.digital/outreach/lote-prospeccao-288-peruibe-2026-07-14.html,404,REMOVER_REFERENCIA,4,
https://praia.digital/outreach/lote-prospeccao-289-guaruja-2026-07-14.html,404,REMOVER_REFERENCIA,4,
https://praia.digital/outreach/lote-prospeccao-29-2026-07-12.html,404,REMOVER_REFERENCIA,4,
https://praia.digital/outreach/lote-prospeccao-290-peruibe-2026-07-14.html,404,REMOVER_REFERENCIA,4,
https://praia.digital/outreach/lote-prospeccao-291-sao-vicente-2026-07-14.html,404,REMOVER_REFERENCIA,4,
https://praia.digital/outreach/lote-prospeccao-292-guaruja-2026-07-14.html,404,REMOVER_REFERENCIA,4,
https://praia.digital/outreach/lote-prospeccao-293-bertioga-2026-07-14.html,404,REMOVER_REFERENCIA,4,
https://praia.digital/outreach/lote-prospeccao-294-itanhaem-2026-07-14.html,404,REMOVER_REFERENCIA,4,
https://praia.digital/outreach/lote-prospeccao-295-itanhaem-2026-07-14.html,404,REMOVER_REFERENCIA,4,
https://praia.digital/outreach/lote-prospeccao-296-peruibe-2026-07-14.html,404,REMOVER_REFERENCIA,4,
https://praia.digital/outreach/lote-prospeccao-297-peruibe-2026-07-14.html,404,REMOVER_REFERENCIA,4,
https://praia.digital/outreach/lote-prospeccao-298-peruibe-2026-07-14.html,404,REMOVER_REFERENCIA,4,
https://praia.digital/outreach/lote-prospeccao-299-bertioga-2026-07-14.html,404,REMOVER_REFERENCIA,4,
https://praia.digital/outreach/lote-prospeccao-3-2026-07-12.html,404,REMOVER_REFERENCIA,4,
https://praia.digital/outreach/lote-prospeccao-30-2026-07-12.html,404,REMOVER_REFERENCIA,4,
https://praia.digital/outreach/lote-prospeccao-300-mongagua-2026-07-14.html,404,REMOVER_REFERENCIA,4,
https://praia.digital/outreach/lote-prospeccao-301-bertioga-2026-07-14.html,404,REMOVER_REFERENCIA,4,
https://praia.digital/outreach/lote-prospeccao-302-praia-grande-2026-07-14.html,404,REMOVER_REFERENCIA,4,
https://praia.digital/outreach/lote-prospeccao-303-itanhaem-2026-07-14.html,404,REMOVER_REFERENCIA,4,
https://praia.digital/outreach/lote-prospeccao-304-itanhaem-2026-07-14.html,404,REMOVER_REFERENCIA,4,
https://praia.digital/outreach/lote-prospeccao-305-sao-vicente-2026-07-14.html,404,REMOVER_REFERENCIA,4,
https://praia.digital/outreach/lote-prospeccao-306-santos-2026-07-14.html,404,REMOVER_REFERENCIA,4,
https://praia.digital/outreach/lote-prospeccao-307-mongagua-2026-07-14.html,404,REMOVER_REFERENCIA,4,
https://praia.digital/outreach/lote-prospeccao-308-praia-grande-2026-07-14.html,404,REMOVER_REFERENCIA,4,
https://praia.digital/outreach/lote-prospeccao-309-mongagua-2026-07-14.html,404,REMOVER_REFERENCIA,4,
https://praia.digital/outreach/lote-prospeccao-31-2026-07-12.html,404,REMOVER_REFERENCIA,4,
https://praia.digital/outreach/lote-prospeccao-310-sao-vicente-2026-07-14.html,404,REMOVER_REFERENCIA,4,
https://praia.digital/outreach/lote-prospeccao-311-bertioga-2026-07-14.html,404,REMOVER_REFERENCIA,4,
https://praia.digital/outreach/lote-prospeccao-312-guaruja-2026-07-14.html,404,REMOVER_REFERENCIA,4,
https://praia.digital/outreach/lote-prospeccao-313-bertioga-2026-07-14.html,404,REMOVER_REFERENCIA,4,
https://praia.digital/outreach/lote-prospeccao-314-guaruja-2026-07-14.html,404,REMOVER_REFERENCIA,4,
https://praia.digital/outreach/lote-prospeccao-315-bertioga-2026-07-14.html,404,REMOVER_REFERENCIA,4,
https://praia.digital/outreach/lote-prospeccao-316-itanhaem-2026-07-14.html,404,REMOVER_REFERENCIA,4,
https://praia.digital/outreach/lote-prospeccao-317-mongagua-2026-07-14.html,404,REMOVER_REFERENCIA,4,
https://praia.digital/outreach/lote-prospeccao-318-peruibe-2026-07-14.html,404,REMOVER_REFERENCIA,4,
https://praia.digital/outreach/lote-prospeccao-319-bertioga-2026-07-14.html,404,REMOVER_REFERENCIA,4,
https://praia.digital/outreach/lote-prospeccao-32-2026-07-12.html,404,REMOVER_REFERENCIA,4,
https://praia.digital/outreach/lote-prospeccao-320-praia-grande-2026-07-14.html,404,REMOVER_REFERENCIA,4,
https://praia.digital/outreach/lote-prospeccao-321-guaruja-2026-07-14.html,404,REMOVER_REFERENCIA,4,
https://praia.digital/outreach/lote-prospeccao-322-bertioga-2026-07-14.html,404,REMOVER_REFERENCIA,4,
https://praia.digital/outreach/lote-prospeccao-323-mongagua-2026-07-14.html,404,REMOVER_REFERENCIA,4,
https://praia.digital/outreach/lote-prospeccao-324-itanhaem-2026-07-14.html,404,REMOVER_REFERENCIA,4,
https://praia.digital/outreach/lote-prospeccao-325-itanhaem-2026-07-14.html,404,REMOVER_REFERENCIA,4,
https://praia.digital/outreach/lote-prospeccao-326-praia-grande-2026-07-14.html,404,REMOVER_REFERENCIA,4,
https://praia.digital/outreach/lote-prospeccao-327-guaruja-2026-07-14.html,404,REMOVER_REFERENCIA,4,
https://praia.digital/outreach/lote-prospeccao-328-itanhaem-2026-07-14.html,404,REMOVER_REFERENCIA,4,
https://praia.digital/outreach/lote-prospeccao-329-santos-2026-07-14.html,404,REMOVER_REFERENCIA,4,
https://praia.digital/outreach/lote-prospeccao-33-2026-07-12.html,404,REMOVER_REFERENCIA,4,
https://praia.digital/outreach/lote-prospeccao-330-guaruja-2026-07-14.html,404,REMOVER_REFERENCIA,4,
https://praia.digital/outreach/lote-prospeccao-331-santos-2026-07-14.html,404,REMOVER_REFERENCIA,4,
https://praia.digital/outreach/lote-prospeccao-332-itanhaem-2026-07-14.html,404,REMOVER_REFERENCIA,4,
https://praia.digital/outreach/lote-prospeccao-333-mongagua-2026-07-14.html,404,REMOVER_REFERENCIA,4,
https://praia.digital/outreach/lote-prospeccao-334-itanhaem-2026-07-14.html,404,REMOVER_REFERENCIA,4,
https://praia.digital/outreach/lote-prospeccao-335-mongagua-2026-07-14.html,404,REMOVER_REFERENCIA,4,
https://praia.digital/outreach/lote-prospeccao-336-santos-2026-07-14.html,404,REMOVER_REFERENCIA,4,
https://praia.digital/outreach/lote-prospeccao-337-peruibe-2026-07-14.html,404,REMOVER_REFERENCIA,4,
https://praia.digital/outreach/lote-prospeccao-338-mongagua-2026-07-14.html,404,REMOVER_REFERENCIA,4,
https://praia.digital/outreach/lote-prospeccao-339-santos-2026-07-14.html,404,REMOVER_REFERENCIA,4,
https://praia.digital/outreach/lote-prospeccao-34-2026-07-12.html,404,REMOVER_REFERENCIA,4,
https://praia.digital/outreach/lote-prospeccao-340-bertioga-2026-07-14.html,404,REMOVER_REFERENCIA,4,
https://praia.digital/outreach/lote-prospeccao-341-guaruja-2026-07-14.html,404,REMOVER_REFERENCIA,4,
https://praia.digital/outreach/lote-prospeccao-342-mongagua-2026-07-14.html,404,REMOVER_REFERENCIA,4,
https://praia.digital/outreach/lote-prospeccao-343-santos-2026-07-14.html,404,REMOVER_REFERENCIA,4,
https://praia.digital/outreach/lote-prospeccao-344-praia-grande-2026-07-14.html,404,REMOVER_REFERENCIA,4,
https://praia.digital/outreach/lote-prospeccao-345-bertioga-2026-07-14.html,404,REMOVER_REFERENCIA,4,
https://praia.digital/outreach/lote-prospeccao-346-bertioga-2026-07-14.html,404,REMOVER_REFERENCIA,4,
https://praia.digital/outreach/lote-prospeccao-347-santos-2026-07-14.html,404,REMOVER_REFERENCIA,4,
https://praia.digital/outreach/lote-prospeccao-348-itanhaem-2026-07-14.html,404,REMOVER_REFERENCIA,4,
https://praia.digital/outreach/lote-prospeccao-349-praia-grande-2026-07-14.html,404,REMOVER_REFERENCIA,4,
https://praia.digital/outreach/lote-prospeccao-35-2026-07-12.html,404,REMOVER_REFERENCIA,4,
https://praia.digital/outreach/lote-prospeccao-350-sao-vicente-2026-07-14.html,404,REMOVER_REFERENCIA,4,
https://praia.digital/outreach/lote-prospeccao-351-praia-grande-2026-07-14.html,404,REMOVER_REFERENCIA,4,
https://praia.digital/outreach/lote-prospeccao-352-peruibe-2026-07-14.html,404,REMOVER_REFERENCIA,4,
https://praia.digital/outreach/lote-prospeccao-353-santos-2026-07-14.html,404,REMOVER_REFERENCIA,4,
https://praia.digital/outreach/lote-prospeccao-354-mongagua-2026-07-14.html,404,REMOVER_REFERENCIA,4,
https://praia.digital/outreach/lote-prospeccao-355-mongagua-2026-07-14.html,404,REMOVER_REFERENCIA,4,
https://praia.digital/outreach/lote-prospeccao-356-mongagua-2026-07-14.html,404,REMOVER_REFERENCIA,4,
https://praia.digital/outreach/lote-prospeccao-357-guaruja-2026-07-14.html,404,REMOVER_REFERENCIA,4,
https://praia.digital/outreach/lote-prospeccao-358-peruibe-2026-07-14.html,404,REMOVER_REFERENCIA,4,
https://praia.digital/outreach/lote-prospeccao-359-bertioga-2026-07-14.html,404,REMOVER_REFERENCIA,4,
https://praia.digital/outreach/lote-prospeccao-36-2026-07-12.html,404,REMOVER_REFERENCIA,4,
https://praia.digital/outreach/lote-prospeccao-360-praia-grande-2026-07-14.html,404,REMOVER_REFERENCIA,4,
https://praia.digital/outreach/lote-prospeccao-361-praia-grande-2026-07-14.html,404,REMOVER_REFERENCIA,4,
https://praia.digital/outreach/lote-prospeccao-362-sao-vicente-2026-07-14.html,404,REMOVER_REFERENCIA,4,
https://praia.digital/outreach/lote-prospeccao-363-guaruja-2026-07-14.html,404,REMOVER_REFERENCIA,4,
https://praia.digital/outreach/lote-prospeccao-364-bertioga-2026-07-14.html,404,REMOVER_REFERENCIA,4,
https://praia.digital/outreach/lote-prospeccao-365-santos-2026-07-14.html,404,REMOVER_REFERENCIA,4,
https://praia.digital/outreach/lote-prospeccao-366-itanhaem-2026-07-14.html,404,REMOVER_REFERENCIA,4,
https://praia.digital/outreach/lote-prospeccao-367-bertioga-2026-07-14.html,404,REMOVER_REFERENCIA,4,
https://praia.digital/outreach/lote-prospeccao-368-guaruja-2026-07-14.html,404,REMOVER_REFERENCIA,4,
https://praia.digital/outreach/lote-prospeccao-369-santos-2026-07-14.html,404,REMOVER_REFERENCIA,4,
https://praia.digital/outreach/lote-prospeccao-370-praia-grande-2026-07-14.html,404,REMOVER_REFERENCIA,4,
https://praia.digital/outreach/lote-prospeccao-371-praia-grande-2026-07-14.html,404,REMOVER_REFERENCIA,4,
https://praia.digital/outreach/lote-prospeccao-372-peruibe-2026-07-14.html,404,REMOVER_REFERENCIA,4,
https://praia.digital/outreach/lote-prospeccao-373-bertioga-2026-07-14.html,404,REMOVER_REFERENCIA,4,
https://praia.digital/outreach/lote-prospeccao-374-itanhaem-2026-07-14.html,404,REMOVER_REFERENCIA,4,
https://praia.digital/outreach/lote-prospeccao-375-bertioga-2026-07-14.html,404,REMOVER_REFERENCIA,4,
https://praia.digital/outreach/lote-prospeccao-376-praia-grande-2026-07-14.html,404,REMOVER_REFERENCIA,4,
https://praia.digital/outreach/lote-prospeccao-377-guaruja-2026-07-14.html,404,REMOVER_REFERENCIA,4,
https://praia.digital/outreach/lote-prospeccao-378-sao-vicente-2026-07-14.html,404,REMOVER_REFERENCIA,4,
https://praia.digital/outreach/lote-prospeccao-379-peruibe-2026-07-14.html,404,REMOVER_REFERENCIA,4,
https://praia.digital/outreach/lote-prospeccao-38-2026-07-12.html,404,REMOVER_REFERENCIA,4,
https://praia.digital/outreach/lote-prospeccao-380-guaruja-2026-07-14.html,404,REMOVER_REFERENCIA,4,
https://praia.digital/outreach/lote-prospeccao-381-santos-2026-07-14.html,404,REMOVER_REFERENCIA,4,
https://praia.digital/outreach/lote-prospeccao-382-santos-2026-07-14.html,404,REMOVER_REFERENCIA,4,
https://praia.digital/outreach/lote-prospeccao-383-santos-2026-07-14.html,404,REMOVER_REFERENCIA,4,
https://praia.digital/outreach/lote-prospeccao-384-mongagua-2026-07-14.html,404,REMOVER_REFERENCIA,4,
https://praia.digital/outreach/lote-prospeccao-385-itanhaem-2026-07-14.html,404,REMOVER_REFERENCIA,4,
https://praia.digital/outreach/lote-prospeccao-386-santos-2026-07-14.html,404,REMOVER_REFERENCIA,4,
https://praia.digital/outreach/lote-prospeccao-387-guaruja-2026-07-14.html,404,REMOVER_REFERENCIA,4,
https://praia.digital/outreach/lote-prospeccao-388-peruibe-2026-07-14.html,404,REMOVER_REFERENCIA,4,
https://praia.digital/outreach/lote-prospeccao-389-sao-vicente-2026-07-14.html,404,REMOVER_REFERENCIA,4,
https://praia.digital/outreach/lote-prospeccao-39-2026-07-12.html,404,REMOVER_REFERENCIA,4,
https://praia.digital/outreach/lote-prospeccao-390-guaruja-2026-07-14.html,404,REMOVER_REFERENCIA,4,
https://praia.digital/outreach/lote-prospeccao-391-sao-vicente-2026-07-14.html,404,REMOVER_REFERENCIA,4,
https://praia.digital/outreach/lote-prospeccao-392-guaruja-2026-07-14.html,404,REMOVER_REFERENCIA,4,
https://praia.digital/outreach/lote-prospeccao-393-sao-vicente-2026-07-14.html,404,REMOVER_REFERENCIA,4,
https://praia.digital/outreach/lote-prospeccao-394-peruibe-2026-07-14.html,404,REMOVER_REFERENCIA,4,
https://praia.digital/outreach/lote-prospeccao-395-santos-2026-07-14.html,404,REMOVER_REFERENCIA,4,
https://praia.digital/outreach/lote-prospeccao-396-peruibe-2026-07-14.html,404,REMOVER_REFERENCIA,4,
https://praia.digital/outreach/lote-prospeccao-397-praia-grande-2026-07-14.html,404,REMOVER_REFERENCIA,4,
https://praia.digital/outreach/lote-prospeccao-398-guaruja-2026-07-14.html,404,REMOVER_REFERENCIA,4,
https://praia.digital/outreach/lote-prospeccao-399-guaruja-2026-07-14.html,404,REMOVER_REFERENCIA,4,
https://praia.digital/outreach/lote-prospeccao-4-2026-07-12.html,404,REMOVER_REFERENCIA,4,
https://praia.digital/outreach/lote-prospeccao-40-2026-07-12.html,404,REMOVER_REFERENCIA,4,
https://praia.digital/outreach/lote-prospeccao-40-santos-2026-07-14.html,404,REMOVER_REFERENCIA,4,
https://praia.digital/outreach/lote-prospeccao-400-itanhaem-2026-07-14.html,404,REMOVER_REFERENCIA,4,
https://praia.digital/outreach/lote-prospeccao-401-peruibe-2026-07-14.html,404,REMOVER_REFERENCIA,4,
https://praia.digital/outreach/lote-prospeccao-402-bertioga-2026-07-14.html,404,REMOVER_REFERENCIA,4,
https://praia.digital/outreach/lote-prospeccao-403-sao-vicente-2026-07-14.html,404,REMOVER_REFERENCIA,4,
https://praia.digital/outreach/lote-prospeccao-404-mongagua-2026-07-14.html,404,REMOVER_REFERENCIA,4,
https://praia.digital/outreach/lote-prospeccao-405-santos-2026-07-14.html,404,REMOVER_REFERENCIA,4,
https://praia.digital/outreach/lote-prospeccao-406-peruibe-2026-07-14.html,404,REMOVER_REFERENCIA,4,
https://praia.digital/outreach/lote-prospeccao-407-praia-grande-2026-07-14.html,404,REMOVER_REFERENCIA,4,
https://praia.digital/outreach/lote-prospeccao-408-guaruja-2026-07-14.html,404,REMOVER_REFERENCIA,4,
https://praia.digital/outreach/lote-prospeccao-409-mongagua-2026-07-14.html,404,REMOVER_REFERENCIA,4,
https://praia.digital/outreach/lote-prospeccao-41-2026-07-12.html,404,REMOVER_REFERENCIA,4,
https://praia.digital/outreach/lote-prospeccao-41-santos-2026-07-14.html,404,REMOVER_REFERENCIA,4,
https://praia.digital/outreach/lote-prospeccao-410-santos-2026-07-14.html,404,REMOVER_REFERENCIA,4,
https://praia.digital/outreach/lote-prospeccao-411-santos-2026-07-14.html,404,REMOVER_REFERENCIA,4,
https://praia.digital/outreach/lote-prospeccao-412-sao-vicente-2026-07-14.html,404,REMOVER_REFERENCIA,4,
https://praia.digital/outreach/lote-prospeccao-413-bertioga-2026-07-14.html,404,REMOVER_REFERENCIA,4,
https://praia.digital/outreach/lote-prospeccao-414-mongagua-2026-07-14.html,404,REMOVER_REFERENCIA,4,
https://praia.digital/outreach/lote-prospeccao-415-bertioga-2026-07-14.html,404,REMOVER_REFERENCIA,4,
https://praia.digital/outreach/lote-prospeccao-416-itanhaem-2026-07-14.html,404,REMOVER_REFERENCIA,4,
https://praia.digital/outreach/lote-prospeccao-417-santos-2026-07-14.html,404,REMOVER_REFERENCIA,4,
https://praia.digital/outreach/lote-prospeccao-418-santos-2026-07-14.html,404,REMOVER_REFERENCIA,4,
https://praia.digital/outreach/lote-prospeccao-419-praia-grande-2026-07-14.html,404,REMOVER_REFERENCIA,4,
https://praia.digital/outreach/lote-prospeccao-42-2026-07-12.html,404,REMOVER_REFERENCIA,4,
https://praia.digital/outreach/lote-prospeccao-42-santos-2026-07-14.html,404,REMOVER_REFERENCIA,4,
https://praia.digital/outreach/lote-prospeccao-420-itanhaem-2026-07-14.html,404,REMOVER_REFERENCIA,4,
https://praia.digital/outreach/lote-prospeccao-421-itanhaem-2026-07-14.html,404,REMOVER_REFERENCIA,4,
https://praia.digital/outreach/lote-prospeccao-422-mongagua-2026-07-14.html,404,REMOVER_REFERENCIA,4,
https://praia.digital/outreach/lote-prospeccao-423-sao-vicente-2026-07-14.html,404,REMOVER_REFERENCIA,4,
https://praia.digital/outreach/lote-prospeccao-424-guaruja-2026-07-14.html,404,REMOVER_REFERENCIA,4,
https://praia.digital/outreach/lote-prospeccao-425-bertioga-2026-07-14.html,404,REMOVER_REFERENCIA,4,
https://praia.digital/outreach/lote-prospeccao-426-bertioga-2026-07-14.html,404,REMOVER_REFERENCIA,4,
https://praia.digital/outreach/lote-prospeccao-427-sao-vicente-2026-07-14.html,404,REMOVER_REFERENCIA,4,
https://praia.digital/outreach/lote-prospeccao-428-itanhaem-2026-07-14.html,404,REMOVER_REFERENCIA,4,
https://praia.digital/outreach/lote-prospeccao-429-mongagua-2026-07-14.html,404,REMOVER_REFERENCIA,4,
https://praia.digital/outreach/lote-prospeccao-43-2026-07-12.html,404,REMOVER_REFERENCIA,4,
https://praia.digital/outreach/lote-prospeccao-43-santos-2026-07-14.html,404,REMOVER_REFERENCIA,4,
https://praia.digital/outreach/lote-prospeccao-430-guaruja-2026-07-14.html,404,REMOVER_REFERENCIA,4,
https://praia.digital/outreach/lote-prospeccao-431-peruibe-2026-07-14.html,404,REMOVER_REFERENCIA,4,
https://praia.digital/outreach/lote-prospeccao-432-peruibe-2026-07-14.html,404,REMOVER_REFERENCIA,4,
https://praia.digital/outreach/lote-prospeccao-433-guaruja-2026-07-14.html,404,REMOVER_REFERENCIA,4,
https://praia.digital/outreach/lote-prospeccao-434-peruibe-2026-07-14.html,404,REMOVER_REFERENCIA,4,
https://praia.digital/outreach/lote-prospeccao-435-peruibe-2026-07-14.html,404,REMOVER_REFERENCIA,4,
https://praia.digital/outreach/lote-prospeccao-436-peruibe-2026-07-14.html,404,REMOVER_REFERENCIA,4,
https://praia.digital/outreach/lote-prospeccao-437-sao-vicente-2026-07-14.html,404,REMOVER_REFERENCIA,4,
https://praia.digital/outreach/lote-prospeccao-438-sao-vicente-2026-07-14.html,404,REMOVER_REFERENCIA,4,
https://praia.digital/outreach/lote-prospeccao-439-peruibe-2026-07-14.html,404,REMOVER_REFERENCIA,4,
https://praia.digital/outreach/lote-prospeccao-44-2026-07-12.html,404,REMOVER_REFERENCIA,4,
https://praia.digital/outreach/lote-prospeccao-44-santos-2026-07-14.html,404,REMOVER_REFERENCIA,4,
https://praia.digital/outreach/lote-prospeccao-440-praia-grande-2026-07-14.html,404,REMOVER_REFERENCIA,4,
https://praia.digital/outreach/lote-prospeccao-441-praia-grande-2026-07-14.html,404,REMOVER_REFERENCIA,4,
https://praia.digital/outreach/lote-prospeccao-442-mongagua-2026-07-14.html,404,REMOVER_REFERENCIA,4,
https://praia.digital/outreach/lote-prospeccao-443-itanhaem-2026-07-14.html,404,REMOVER_REFERENCIA,4,
https://praia.digital/outreach/lote-prospeccao-444-guaruja-2026-07-14.html,404,REMOVER_REFERENCIA,4,
https://praia.digital/outreach/lote-prospeccao-445-praia-grande-2026-07-14.html,404,REMOVER_REFERENCIA,4,
https://praia.digital/outreach/lote-prospeccao-446-santos-2026-07-14.html,404,REMOVER_REFERENCIA,4,
https://praia.digital/outreach/lote-prospeccao-447-bertioga-2026-07-14.html,404,REMOVER_REFERENCIA,4,
https://praia.digital/outreach/lote-prospeccao-448-santos-2026-07-14.html,404,REMOVER_REFERENCIA,4,
https://praia.digital/outreach/lote-prospeccao-449-guaruja-2026-07-14.html,404,REMOVER_REFERENCIA,4,
https://praia.digital/outreach/lote-prospeccao-45-2026-07-12.html,404,REMOVER_REFERENCIA,4,
https://praia.digital/outreach/lote-prospeccao-45-santos-2026-07-14.html,404,REMOVER_REFERENCIA,4,
https://praia.digital/outreach/lote-prospeccao-450-sao-vicente-2026-07-14.html,404,REMOVER_REFERENCIA,4,
https://praia.digital/outreach/lote-prospeccao-451-santos-2026-07-14.html,404,REMOVER_REFERENCIA,4,
https://praia.digital/outreach/lote-prospeccao-452-mongagua-2026-07-14.html,404,REMOVER_REFERENCIA,4,
https://praia.digital/outreach/lote-prospeccao-453-sao-vicente-2026-07-14.html,404,REMOVER_REFERENCIA,4,
https://praia.digital/outreach/lote-prospeccao-454-santos-2026-07-14.html,404,REMOVER_REFERENCIA,4,
https://praia.digital/outreach/lote-prospeccao-455-santos-2026-07-14.html,404,REMOVER_REFERENCIA,4,
https://praia.digital/outreach/lote-prospeccao-456-sao-vicente-2026-07-14.html,404,REMOVER_REFERENCIA,4,
https://praia.digital/outreach/lote-prospeccao-457-mongagua-2026-07-14.html,404,REMOVER_REFERENCIA,4,
https://praia.digital/outreach/lote-prospeccao-458-sao-vicente-2026-07-14.html,404,REMOVER_REFERENCIA,4,
https://praia.digital/outreach/lote-prospeccao-459-bertioga-2026-07-14.html,404,REMOVER_REFERENCIA,4,
https://praia.digital/outreach/lote-prospeccao-46-2026-07-12.html,404,REMOVER_REFERENCIA,4,
https://praia.digital/outreach/lote-prospeccao-46-santos-2026-07-14.html,404,REMOVER_REFERENCIA,4,
https://praia.digital/outreach/lote-prospeccao-460-itanhaem-2026-07-14.html,404,REMOVER_REFERENCIA,4,
https://praia.digital/outreach/lote-prospeccao-461-mongagua-2026-07-14.html,404,REMOVER_REFERENCIA,4,
https://praia.digital/outreach/lote-prospeccao-462-guaruja-2026-07-14.html,404,REMOVER_REFERENCIA,4,
https://praia.digital/outreach/lote-prospeccao-463-bertioga-2026-07-14.html,404,REMOVER_REFERENCIA,4,
https://praia.digital/outreach/lote-prospeccao-464-santos-2026-07-14.html,404,REMOVER_REFERENCIA,4,
https://praia.digital/outreach/lote-prospeccao-465-santos-2026-07-14.html,404,REMOVER_REFERENCIA,4,
https://praia.digital/outreach/lote-prospeccao-466-itanhaem-2026-07-14.html,404,REMOVER_REFERENCIA,4,
https://praia.digital/outreach/lote-prospeccao-467-itanhaem-2026-07-14.html,404,REMOVER_REFERENCIA,4,
https://praia.digital/outreach/lote-prospeccao-468-peruibe-2026-07-14.html,404,REMOVER_REFERENCIA,4,
https://praia.digital/outreach/lote-prospeccao-469-itanhaem-2026-07-14.html,404,REMOVER_REFERENCIA,4,
https://praia.digital/outreach/lote-prospeccao-47-2026-07-12.html,404,REMOVER_REFERENCIA,4,
https://praia.digital/outreach/lote-prospeccao-47-santos-2026-07-14.html,404,REMOVER_REFERENCIA,4,
https://praia.digital/outreach/lote-prospeccao-470-guaruja-2026-07-14.html,404,REMOVER_REFERENCIA,4,
https://praia.digital/outreach/lote-prospeccao-471-mongagua-2026-07-14.html,404,REMOVER_REFERENCIA,4,
https://praia.digital/outreach/lote-prospeccao-472-santos-2026-07-14.html,404,REMOVER_REFERENCIA,4,
https://praia.digital/outreach/lote-prospeccao-473-peruibe-2026-07-14.html,404,REMOVER_REFERENCIA,4,
https://praia.digital/outreach/lote-prospeccao-474-guaruja-2026-07-14.html,404,REMOVER_REFERENCIA,4,
https://praia.digital/outreach/lote-prospeccao-475-itanhaem-2026-07-14.html,404,REMOVER_REFERENCIA,4,
https://praia.digital/outreach/lote-prospeccao-476-santos-2026-07-14.html,404,REMOVER_REFERENCIA,4,
https://praia.digital/outreach/lote-prospeccao-477-guaruja-2026-07-14.html,404,REMOVER_REFERENCIA,4,
https://praia.digital/outreach/lote-prospeccao-478-peruibe-2026-07-14.html,404,REMOVER_REFERENCIA,4,
https://praia.digital/outreach/lote-prospeccao-479-itanhaem-2026-07-14.html,404,REMOVER_REFERENCIA,4,
https://praia.digital/outreach/lote-prospeccao-48-2026-07-12.html,404,REMOVER_REFERENCIA,4,
https://praia.digital/outreach/lote-prospeccao-48-santos-2026-07-14.html,404,REMOVER_REFERENCIA,4,
https://praia.digital/outreach/lote-prospeccao-480-peruibe-2026-07-14.html,404,REMOVER_REFERENCIA,4,
https://praia.digital/outreach/lote-prospeccao-481-guaruja-2026-07-14.html,404,REMOVER_REFERENCIA,4,
https://praia.digital/outreach/lote-prospeccao-482-guaruja-2026-07-14.html,404,REMOVER_REFERENCIA,4,
https://praia.digital/outreach/lote-prospeccao-483-sao-vicente-2026-07-14.html,404,REMOVER_REFERENCIA,4,
https://praia.digital/outreach/lote-prospeccao-484-guaruja-2026-07-14.html,404,REMOVER_REFERENCIA,4,
https://praia.digital/outreach/lote-prospeccao-485-guaruja-2026-07-14.html,404,REMOVER_REFERENCIA,4,
https://praia.digital/outreach/lote-prospeccao-486-mongagua-2026-07-14.html,404,REMOVER_REFERENCIA,4,
https://praia.digital/outreach/lote-prospeccao-487-mongagua-2026-07-14.html,404,REMOVER_REFERENCIA,4,
https://praia.digital/outreach/lote-prospeccao-488-itanhaem-2026-07-14.html,404,REMOVER_REFERENCIA,4,
https://praia.digital/outreach/lote-prospeccao-489-sao-vicente-2026-07-14.html,404,REMOVER_REFERENCIA,4,
https://praia.digital/outreach/lote-prospeccao-49-2026-07-12.html,404,REMOVER_REFERENCIA,4,
https://praia.digital/outreach/lote-prospeccao-49-santos-2026-07-14.html,404,REMOVER_REFERENCIA,4,
https://praia.digital/outreach/lote-prospeccao-490-guaruja-2026-07-14.html,404,REMOVER_REFERENCIA,4,
https://praia.digital/outreach/lote-prospeccao-491-sao-vicente-2026-07-14.html,404,REMOVER_REFERENCIA,4,
https://praia.digital/outreach/lote-prospeccao-492-itanhaem-2026-07-14.html,404,REMOVER_REFERENCIA,4,
https://praia.digital/outreach/lote-prospeccao-493-sao-vicente-2026-07-14.html,404,REMOVER_REFERENCIA,4,
https://praia.digital/outreach/lote-prospeccao-494-bertioga-2026-07-14.html,404,REMOVER_REFERENCIA,4,
https://praia.digital/outreach/lote-prospeccao-495-praia-grande-2026-07-14.html,404,REMOVER_REFERENCIA,4,
https://praia.digital/outreach/lote-prospeccao-496-peruibe-2026-07-14.html,404,REMOVER_REFERENCIA,4,
https://praia.digital/outreach/lote-prospeccao-497-sao-vicente-2026-07-14.html,404,REMOVER_REFERENCIA,4,
https://praia.digital/outreach/lote-prospeccao-498-praia-grande-2026-07-14.html,404,REMOVER_REFERENCIA,4,
https://praia.digital/outreach/lote-prospeccao-499-guaruja-2026-07-14.html,404,REMOVER_REFERENCIA,4,
https://praia.digital/outreach/lote-prospeccao-5-2026-07-12.html,404,REMOVER_REFERENCIA,4,
https://praia.digital/outreach/lote-prospeccao-50-2026-07-12.html,404,REMOVER_REFERENCIA,4,
https://praia.digital/outreach/lote-prospeccao-50-santos-2026-07-14.html,404,REMOVER_REFERENCIA,4,
https://praia.digital/outreach/lote-prospeccao-500-bertioga-2026-07-14.html,404,REMOVER_REFERENCIA,4,
https://praia.digital/outreach/lote-prospeccao-501-peruibe-2026-07-14.html,404,REMOVER_REFERENCIA,4,
https://praia.digital/outreach/lote-prospeccao-502-praia-grande-2026-07-14.html,404,REMOVER_REFERENCIA,4,
https://praia.digital/outreach/lote-prospeccao-503-bertioga-2026-07-14.html,404,REMOVER_REFERENCIA,4,
https://praia.digital/outreach/lote-prospeccao-504-bertioga-2026-07-14.html,404,REMOVER_REFERENCIA,4,
https://praia.digital/outreach/lote-prospeccao-505-bertioga-2026-07-14.html,404,REMOVER_REFERENCIA,4,
https://praia.digital/outreach/lote-prospeccao-506-sao-vicente-2026-07-14.html,404,REMOVER_REFERENCIA,4,
https://praia.digital/outreach/lote-prospeccao-507-guaruja-2026-07-14.html,404,REMOVER_REFERENCIA,4,
https://praia.digital/outreach/lote-prospeccao-508-itanhaem-2026-07-14.html,404,REMOVER_REFERENCIA,4,
https://praia.digital/outreach/lote-prospeccao-509-guaruja-2026-07-14.html,404,REMOVER_REFERENCIA,4,
https://praia.digital/outreach/lote-prospeccao-51-2026-07-12.html,404,REMOVER_REFERENCIA,4,
https://praia.digital/outreach/lote-prospeccao-51-santos-2026-07-14.html,404,REMOVER_REFERENCIA,4,
https://praia.digital/outreach/lote-prospeccao-510-sao-vicente-2026-07-14.html,404,REMOVER_REFERENCIA,4,
https://praia.digital/outreach/lote-prospeccao-511-itanhaem-2026-07-14.html,404,REMOVER_REFERENCIA,4,
https://praia.digital/outreach/lote-prospeccao-512-sao-vicente-2026-07-14.html,404,REMOVER_REFERENCIA,4,
https://praia.digital/outreach/lote-prospeccao-513-peruibe-2026-07-14.html,404,REMOVER_REFERENCIA,4,
https://praia.digital/outreach/lote-prospeccao-514-santos-2026-07-14.html,404,REMOVER_REFERENCIA,4,
https://praia.digital/outreach/lote-prospeccao-515-peruibe-2026-07-14.html,404,REMOVER_REFERENCIA,4,
https://praia.digital/outreach/lote-prospeccao-516-guaruja-2026-07-14.html,404,REMOVER_REFERENCIA,4,
https://praia.digital/outreach/lote-prospeccao-517-santos-2026-07-14.html,404,REMOVER_REFERENCIA,4,
https://praia.digital/outreach/lote-prospeccao-518-guaruja-2026-07-14.html,404,REMOVER_REFERENCIA,4,
https://praia.digital/outreach/lote-prospeccao-519-praia-grande-2026-07-14.html,404,REMOVER_REFERENCIA,4,
https://praia.digital/outreach/lote-prospeccao-52-2026-07-12.html,404,REMOVER_REFERENCIA,4,
https://praia.digital/outreach/lote-prospeccao-52-guaruja-2026-07-14.html,404,REMOVER_REFERENCIA,4,
https://praia.digital/outreach/lote-prospeccao-520-bertioga-2026-07-14.html,404,REMOVER_REFERENCIA,4,
https://praia.digital/outreach/lote-prospeccao-521-peruibe-2026-07-14.html,404,REMOVER_REFERENCIA,4,
https://praia.digital/outreach/lote-prospeccao-522-peruibe-2026-07-14.html,404,REMOVER_REFERENCIA,4,
https://praia.digital/outreach/lote-prospeccao-523-sao-vicente-2026-07-14.html,404,REMOVER_REFERENCIA,4,
https://praia.digital/outreach/lote-prospeccao-524-bertioga-2026-07-14.html,404,REMOVER_REFERENCIA,4,
https://praia.digital/outreach/lote-prospeccao-525-guaruja-2026-07-14.html,404,REMOVER_REFERENCIA,4,
https://praia.digital/outreach/lote-prospeccao-526-itanhaem-2026-07-14.html,404,REMOVER_REFERENCIA,4,
https://praia.digital/outreach/lote-prospeccao-527-bertioga-2026-07-14.html,404,REMOVER_REFERENCIA,4,
https://praia.digital/outreach/lote-prospeccao-528-praia-grande-2026-07-14.html,404,REMOVER_REFERENCIA,4,
https://praia.digital/outreach/lote-prospeccao-529-bertioga-2026-07-14.html,404,REMOVER_REFERENCIA,4,
https://praia.digital/outreach/lote-prospeccao-53-2026-07-12.html,404,REMOVER_REFERENCIA,4,
https://praia.digital/outreach/lote-prospeccao-53-praia-grande-2026-07-14.html,404,REMOVER_REFERENCIA,4,
https://praia.digital/outreach/lote-prospeccao-530-peruibe-2026-07-14.html,404,REMOVER_REFERENCIA,4,
https://praia.digital/outreach/lote-prospeccao-531-praia-grande-2026-07-14.html,404,REMOVER_REFERENCIA,4,
https://praia.digital/outreach/lote-prospeccao-532-santos-2026-07-14.html,404,REMOVER_REFERENCIA,4,
https://praia.digital/outreach/lote-prospeccao-533-mongagua-2026-07-14.html,404,REMOVER_REFERENCIA,4,
https://praia.digital/outreach/lote-prospeccao-534-peruibe-2026-07-14.html,404,REMOVER_REFERENCIA,4,
https://praia.digital/outreach/lote-prospeccao-535-sao-vicente-2026-07-14.html,404,REMOVER_REFERENCIA,4,
https://praia.digital/outreach/lote-prospeccao-536-praia-grande-2026-07-14.html,404,REMOVER_REFERENCIA,4,
https://praia.digital/outreach/lote-prospeccao-537-guaruja-2026-07-14.html,404,REMOVER_REFERENCIA,4,
https://praia.digital/outreach/lote-prospeccao-538-praia-grande-2026-07-14.html,404,REMOVER_REFERENCIA,4,
https://praia.digital/outreach/lote-prospeccao-539-peruibe-2026-07-14.html,404,REMOVER_REFERENCIA,4,
https://praia.digital/outreach/lote-prospeccao-54-2026-07-12.html,404,REMOVER_REFERENCIA,4,
https://praia.digital/outreach/lote-prospeccao-54-itanhaem-2026-07-14.html,404,REMOVER_REFERENCIA,4,
https://praia.digital/outreach/lote-prospeccao-540-itanhaem-2026-07-14.html,404,REMOVER_REFERENCIA,4,
https://praia.digital/outreach/lote-prospeccao-541-guaruja-2026-07-14.html,404,REMOVER_REFERENCIA,4,
https://praia.digital/outreach/lote-prospeccao-542-itanhaem-2026-07-14.html,404,REMOVER_REFERENCIA,4,
https://praia.digital/outreach/lote-prospeccao-543-santos-2026-07-14.html,404,REMOVER_REFERENCIA,4,
https://praia.digital/outreach/lote-prospeccao-544-santos-2026-07-14.html,404,REMOVER_REFERENCIA,4,
https://praia.digital/outreach/lote-prospeccao-545-mongagua-2026-07-14.html,404,REMOVER_REFERENCIA,4,
https://praia.digital/outreach/lote-prospeccao-546-peruibe-2026-07-14.html,404,REMOVER_REFERENCIA,4,
https://praia.digital/outreach/lote-prospeccao-547-sao-vicente-2026-07-14.html,404,REMOVER_REFERENCIA,4,
https://praia.digital/outreach/lote-prospeccao-548-itanhaem-2026-07-14.html,404,REMOVER_REFERENCIA,4,
https://praia.digital/outreach/lote-prospeccao-549-peruibe-2026-07-14.html,404,REMOVER_REFERENCIA,4,
https://praia.digital/outreach/lote-prospeccao-55-2026-07-12.html,404,REMOVER_REFERENCIA,4,
https://praia.digital/outreach/lote-prospeccao-55-bertioga-2026-07-14.html,404,REMOVER_REFERENCIA,4,
https://praia.digital/outreach/lote-prospeccao-550-santos-2026-07-14.html,404,REMOVER_REFERENCIA,4,
https://praia.digital/outreach/lote-prospeccao-551-praia-grande-2026-07-14.html,404,REMOVER_REFERENCIA,4,
https://praia.digital/outreach/lote-prospeccao-552-guaruja-2026-07-14.html,404,REMOVER_REFERENCIA,4,
https://praia.digital/outreach/lote-prospeccao-553-guaruja-2026-07-14.html,404,REMOVER_REFERENCIA,4,
https://praia.digital/outreach/lote-prospeccao-554-praia-grande-2026-07-14.html,404,REMOVER_REFERENCIA,4,
https://praia.digital/outreach/lote-prospeccao-555-sao-vicente-2026-07-14.html,404,REMOVER_REFERENCIA,4,
https://praia.digital/outreach/lote-prospeccao-556-sao-vicente-2026-07-14.html,404,REMOVER_REFERENCIA,4,
https://praia.digital/outreach/lote-prospeccao-557-peruibe-2026-07-14.html,404,REMOVER_REFERENCIA,4,
https://praia.digital/outreach/lote-prospeccao-558-bertioga-2026-07-14.html,404,REMOVER_REFERENCIA,4,
https://praia.digital/outreach/lote-prospeccao-559-bertioga-2026-07-14.html,404,REMOVER_REFERENCIA,4,
https://praia.digital/outreach/lote-prospeccao-56-2026-07-12.html,404,REMOVER_REFERENCIA,4,
https://praia.digital/outreach/lote-prospeccao-56-bertioga-2026-07-14.html,404,REMOVER_REFERENCIA,4,
https://praia.digital/outreach/lote-prospeccao-560-mongagua-2026-07-14.html,404,REMOVER_REFERENCIA,4,
https://praia.digital/outreach/lote-prospeccao-561-mongagua-2026-07-14.html,404,REMOVER_REFERENCIA,4,
https://praia.digital/outreach/lote-prospeccao-562-peruibe-2026-07-14.html,404,REMOVER_REFERENCIA,4,
https://praia.digital/outreach/lote-prospeccao-563-sao-vicente-2026-07-14.html,404,REMOVER_REFERENCIA,4,
https://praia.digital/outreach/lote-prospeccao-564-peruibe-2026-07-14.html,404,REMOVER_REFERENCIA,4,
https://praia.digital/outreach/lote-prospeccao-565-praia-grande-2026-07-14.html,404,REMOVER_REFERENCIA,4,
https://praia.digital/outreach/lote-prospeccao-566-guaruja-2026-07-14.html,404,REMOVER_REFERENCIA,4,
https://praia.digital/outreach/lote-prospeccao-567-guaruja-2026-07-14.html,404,REMOVER_REFERENCIA,4,
https://praia.digital/outreach/lote-prospeccao-568-praia-grande-2026-07-14.html,404,REMOVER_REFERENCIA,4,
https://praia.digital/outreach/lote-prospeccao-569-peruibe-2026-07-14.html,404,REMOVER_REFERENCIA,4,
https://praia.digital/outreach/lote-prospeccao-57-2026-07-12.html,404,REMOVER_REFERENCIA,4,
https://praia.digital/outreach/lote-prospeccao-57-bertioga-2026-07-14.html,404,REMOVER_REFERENCIA,4,
https://praia.digital/outreach/lote-prospeccao-570-santos-2026-07-14.html,404,REMOVER_REFERENCIA,4,
https://praia.digital/outreach/lote-prospeccao-571-mongagua-2026-07-14.html,404,REMOVER_REFERENCIA,4,
https://praia.digital/outreach/lote-prospeccao-572-itanhaem-2026-07-14.html,404,REMOVER_REFERENCIA,4,
https://praia.digital/outreach/lote-prospeccao-573-guaruja-2026-07-14.html,404,REMOVER_REFERENCIA,4,
https://praia.digital/outreach/lote-prospeccao-574-sao-vicente-2026-07-14.html,404,REMOVER_REFERENCIA,4,
https://praia.digital/outreach/lote-prospeccao-575-praia-grande-2026-07-14.html,404,REMOVER_REFERENCIA,4,
https://praia.digital/outreach/lote-prospeccao-576-guaruja-2026-07-14.html,404,REMOVER_REFERENCIA,4,
https://praia.digital/outreach/lote-prospeccao-577-guaruja-2026-07-14.html,404,REMOVER_REFERENCIA,4,
https://praia.digital/outreach/lote-prospeccao-578-mongagua-2026-07-14.html,404,REMOVER_REFERENCIA,4,
https://praia.digital/outreach/lote-prospeccao-579-guaruja-2026-07-14.html,404,REMOVER_REFERENCIA,4,
https://praia.digital/outreach/lote-prospeccao-58-2026-07-12.html,404,REMOVER_REFERENCIA,4,
https://praia.digital/outreach/lote-prospeccao-58-bertioga-2026-07-14.html,404,REMOVER_REFERENCIA,4,
https://praia.digital/outreach/lote-prospeccao-580-guaruja-2026-07-14.html,404,REMOVER_REFERENCIA,4,
https://praia.digital/outreach/lote-prospeccao-581-bertioga-2026-07-14.html,404,REMOVER_REFERENCIA,4,
https://praia.digital/outreach/lote-prospeccao-582-praia-grande-2026-07-14.html,404,REMOVER_REFERENCIA,4,
https://praia.digital/outreach/lote-prospeccao-583-itanhaem-2026-07-14.html,404,REMOVER_REFERENCIA,4,
https://praia.digital/outreach/lote-prospeccao-584-peruibe-2026-07-14.html,404,REMOVER_REFERENCIA,4,
https://praia.digital/outreach/lote-prospeccao-585-bertioga-2026-07-14.html,404,REMOVER_REFERENCIA,4,
https://praia.digital/outreach/lote-prospeccao-586-sao-vicente-2026-07-14.html,404,REMOVER_REFERENCIA,4,
https://praia.digital/outreach/lote-prospeccao-587-guaruja-2026-07-14.html,404,REMOVER_REFERENCIA,4,
https://praia.digital/outreach/lote-prospeccao-588-sao-vicente-2026-07-14.html,404,REMOVER_REFERENCIA,4,
https://praia.digital/outreach/lote-prospeccao-589-santos-2026-07-14.html,404,REMOVER_REFERENCIA,4,
https://praia.digital/outreach/lote-prospeccao-59-2026-07-12.html,404,REMOVER_REFERENCIA,4,
https://praia.digital/outreach/lote-prospeccao-59-santos-2026-07-14.html,404,REMOVER_REFERENCIA,4,
https://praia.digital/outreach/lote-prospeccao-590-bertioga-2026-07-14.html,404,REMOVER_REFERENCIA,4,
https://praia.digital/outreach/lote-prospeccao-591-praia-grande-2026-07-14.html,404,REMOVER_REFERENCIA,4,
https://praia.digital/outreach/lote-prospeccao-592-praia-grande-2026-07-14.html,404,REMOVER_REFERENCIA,4,
https://praia.digital/outreach/lote-prospeccao-593-guaruja-2026-07-14.html,404,REMOVER_REFERENCIA,4,
https://praia.digital/outreach/lote-prospeccao-594-bertioga-2026-07-14.html,404,REMOVER_REFERENCIA,4,
https://praia.digital/outreach/lote-prospeccao-595-santos-2026-07-14.html,404,REMOVER_REFERENCIA,4,
https://praia.digital/outreach/lote-prospeccao-596-peruibe-2026-07-14.html,404,REMOVER_REFERENCIA,4,
https://praia.digital/outreach/lote-prospeccao-597-peruibe-2026-07-14.html,404,REMOVER_REFERENCIA,4,
https://praia.digital/outreach/lote-prospeccao-598-guaruja-2026-07-14.html,404,REMOVER_REFERENCIA,4,
https://praia.digital/outreach/lote-prospeccao-599-santos-2026-07-14.html,404,REMOVER_REFERENCIA,4,
https://praia.digital/outreach/lote-prospeccao-6-2026-07-12.html,404,REMOVER_REFERENCIA,4,
https://praia.digital/outreach/lote-prospeccao-60-2026-07-12.html,404,REMOVER_REFERENCIA,4,
https://praia.digital/outreach/lote-prospeccao-60-peruibe-2026-07-14.html,404,REMOVER_REFERENCIA,4,
https://praia.digital/outreach/lote-prospeccao-600-santos-2026-07-14.html,404,REMOVER_REFERENCIA,4,
https://praia.digital/outreach/lote-prospeccao-601-praia-grande-2026-07-14.html,404,REMOVER_REFERENCIA,4,
https://praia.digital/outreach/lote-prospeccao-602-peruibe-2026-07-14.html,404,REMOVER_REFERENCIA,4,
https://praia.digital/outreach/lote-prospeccao-603-santos-2026-07-14.html,404,REMOVER_REFERENCIA,4,
https://praia.digital/outreach/lote-prospeccao-604-peruibe-2026-07-14.html,404,REMOVER_REFERENCIA,4,
https://praia.digital/outreach/lote-prospeccao-605-itanhaem-2026-07-14.html,404,REMOVER_REFERENCIA,4,
https://praia.digital/outreach/lote-prospeccao-606-sao-vicente-2026-07-14.html,404,REMOVER_REFERENCIA,4,
https://praia.digital/outreach/lote-prospeccao-607-bertioga-2026-07-14.html,404,REMOVER_REFERENCIA,4,
https://praia.digital/outreach/lote-prospeccao-608-guaruja-2026-07-14.html,404,REMOVER_REFERENCIA,4,
https://praia.digital/outreach/lote-prospeccao-609-bertioga-2026-07-14.html,404,REMOVER_REFERENCIA,4,
https://praia.digital/outreach/lote-prospeccao-61-2026-07-12.html,404,REMOVER_REFERENCIA,4,
https://praia.digital/outreach/lote-prospeccao-61-santos-2026-07-14.html,404,REMOVER_REFERENCIA,4,
https://praia.digital/outreach/lote-prospeccao-610-itanhaem-2026-07-14.html,404,REMOVER_REFERENCIA,4,
https://praia.digital/outreach/lote-prospeccao-611-guaruja-2026-07-14.html,404,REMOVER_REFERENCIA,4,
https://praia.digital/outreach/lote-prospeccao-612-santos-2026-07-14.html,404,REMOVER_REFERENCIA,4,
https://praia.digital/outreach/lote-prospeccao-613-guaruja-2026-07-14.html,404,REMOVER_REFERENCIA,4,
https://praia.digital/outreach/lote-prospeccao-614-santos-2026-07-14.html,404,REMOVER_REFERENCIA,4,
https://praia.digital/outreach/lote-prospeccao-615-bertioga-2026-07-14.html,404,REMOVER_REFERENCIA,4,
https://praia.digital/outreach/lote-prospeccao-616-itanhaem-2026-07-14.html,404,REMOVER_REFERENCIA,4,
https://praia.digital/outreach/lote-prospeccao-617-guaruja-2026-07-14.html,404,REMOVER_REFERENCIA,4,
https://praia.digital/outreach/lote-prospeccao-618-santos-2026-07-14.html,404,REMOVER_REFERENCIA,4,
https://praia.digital/outreach/lote-prospeccao-619-peruibe-2026-07-14.html,404,REMOVER_REFERENCIA,4,
https://praia.digital/outreach/lote-prospeccao-62-2026-07-12.html,404,REMOVER_REFERENCIA,4,
https://praia.digital/outreach/lote-prospeccao-62-praia-grande-2026-07-14.html,404,REMOVER_REFERENCIA,4,
https://praia.digital/outreach/lote-prospeccao-620-praia-grande-2026-07-14.html,404,REMOVER_REFERENCIA,4,
https://praia.digital/outreach/lote-prospeccao-621-praia-grande-2026-07-14.html,404,REMOVER_REFERENCIA,4,
https://praia.digital/outreach/lote-prospeccao-622-peruibe-2026-07-14.html,404,REMOVER_REFERENCIA,4,
https://praia.digital/outreach/lote-prospeccao-623-peruibe-2026-07-14.html,404,REMOVER_REFERENCIA,4,
https://praia.digital/outreach/lote-prospeccao-624-peruibe-2026-07-14.html,404,REMOVER_REFERENCIA,4,
https://praia.digital/outreach/lote-prospeccao-63-2026-07-14.html,404,REMOVER_REFERENCIA,4,
https://praia.digital/outreach/lote-prospeccao-63-praia-grande-2026-07-14.html,404,REMOVER_REFERENCIA,4,
https://praia.digital/outreach/lote-prospeccao-64-2026-07-14.html,404,REMOVER_REFERENCIA,4,
https://praia.digital/outreach/lote-prospeccao-64-bertioga-2026-07-14.html,404,REMOVER_REFERENCIA,4,
https://praia.digital/outreach/lote-prospeccao-65-2026-07-14.html,404,REMOVER_REFERENCIA,4,
https://praia.digital/outreach/lote-prospeccao-65-praia-grande-2026-07-14.html,404,REMOVER_REFERENCIA,4,
https://praia.digital/outreach/lote-prospeccao-66-2026-07-14.html,404,REMOVER_REFERENCIA,4,
https://praia.digital/outreach/lote-prospeccao-66-bertioga-2026-07-14.html,404,REMOVER_REFERENCIA,4,
https://praia.digital/outreach/lote-prospeccao-67-2026-07-14.html,404,REMOVER_REFERENCIA,4,
https://praia.digital/outreach/lote-prospeccao-67-praia-grande-2026-07-14.html,404,REMOVER_REFERENCIA,4,
https://praia.digital/outreach/lote-prospeccao-68-2026-07-14.html,404,REMOVER_REFERENCIA,4,
https://praia.digital/outreach/lote-prospeccao-68-bertioga-2026-07-14.html,404,REMOVER_REFERENCIA,4,
https://praia.digital/outreach/lote-prospeccao-69-2026-07-14.html,404,REMOVER_REFERENCIA,4,
https://praia.digital/outreach/lote-prospeccao-69-bertioga-2026-07-14.html,404,REMOVER_REFERENCIA,4,
https://praia.digital/outreach/lote-prospeccao-7-2026-07-12.html,404,REMOVER_REFERENCIA,4,
https://praia.digital/outreach/lote-prospeccao-70-2026-07-14.html,404,REMOVER_REFERENCIA,4,
https://praia.digital/outreach/lote-prospeccao-70-praia-grande-2026-07-14.html,404,REMOVER_REFERENCIA,4,
https://praia.digital/outreach/lote-prospeccao-71-2026-07-14.html,404,REMOVER_REFERENCIA,4,
https://praia.digital/outreach/lote-prospeccao-71-praia-grande-2026-07-14.html,404,REMOVER_REFERENCIA,4,
https://praia.digital/outreach/lote-prospeccao-72-2026-07-14.html,404,REMOVER_REFERENCIA,4,
https://praia.digital/outreach/lote-prospeccao-72-bertioga-2026-07-14.html,404,REMOVER_REFERENCIA,4,
https://praia.digital/outreach/lote-prospeccao-73-2026-07-14.html,404,REMOVER_REFERENCIA,4,
https://praia.digital/outreach/lote-prospeccao-73-praia-grande-2026-07-14.html,404,REMOVER_REFERENCIA,4,
https://praia.digital/outreach/lote-prospeccao-74-bertioga-2026-07-14.html,404,REMOVER_REFERENCIA,4,
https://praia.digital/outreach/lote-prospeccao-75-2026-07-14.html,404,REMOVER_REFERENCIA,4,
https://praia.digital/outreach/lote-prospeccao-75-praia-grande-2026-07-14.html,404,REMOVER_REFERENCIA,4,
https://praia.digital/outreach/lote-prospeccao-76-2026-07-14.html,404,REMOVER_REFERENCIA,4,
https://praia.digital/outreach/lote-prospeccao-76-praia-grande-2026-07-14.html,404,REMOVER_REFERENCIA,4,
https://praia.digital/outreach/lote-prospeccao-77-2026-07-14.html,404,REMOVER_REFERENCIA,4,
https://praia.digital/outreach/lote-prospeccao-77-santos-2026-07-14.html,404,REMOVER_REFERENCIA,4,
https://praia.digital/outreach/lote-prospeccao-78-2026-07-14.html,404,REMOVER_REFERENCIA,4,
https://praia.digital/outreach/lote-prospeccao-78-praia-grande-2026-07-14.html,404,REMOVER_REFERENCIA,4,
https://praia.digital/outreach/lote-prospeccao-79-2026-07-14.html,404,REMOVER_REFERENCIA,4,
https://praia.digital/outreach/lote-prospeccao-79-guaruja-2026-07-14.html,404,REMOVER_REFERENCIA,4,
https://praia.digital/outreach/lote-prospeccao-8-2026-07-12.html,404,REMOVER_REFERENCIA,4,
https://praia.digital/outreach/lote-prospeccao-80-2026-07-14.html,404,REMOVER_REFERENCIA,4,
https://praia.digital/outreach/lote-prospeccao-80-santos-2026-07-14.html,404,REMOVER_REFERENCIA,4,
https://praia.digital/outreach/lote-prospeccao-81-2026-07-14.html,404,REMOVER_REFERENCIA,4,
https://praia.digital/outreach/lote-prospeccao-81-bertioga-2026-07-14.html,404,REMOVER_REFERENCIA,4,
https://praia.digital/outreach/lote-prospeccao-82-2026-07-14.html,404,REMOVER_REFERENCIA,4,
https://praia.digital/outreach/lote-prospeccao-82-santos-2026-07-14.html,404,REMOVER_REFERENCIA,4,
https://praia.digital/outreach/lote-prospeccao-83-2026-07-14.html,404,REMOVER_REFERENCIA,4,
https://praia.digital/outreach/lote-prospeccao-83-santos-2026-07-14.html,404,REMOVER_REFERENCIA,4,
https://praia.digital/outreach/lote-prospeccao-84-2026-07-14.html,404,REMOVER_REFERENCIA,4,
https://praia.digital/outreach/lote-prospeccao-84-bertioga-2026-07-14.html,404,REMOVER_REFERENCIA,4,
https://praia.digital/outreach/lote-prospeccao-85-2026-07-14.html,404,REMOVER_REFERENCIA,4,
https://praia.digital/outreach/lote-prospeccao-85-santos-2026-07-14.html,404,REMOVER_REFERENCIA,4,
https://praia.digital/outreach/lote-prospeccao-86-2026-07-14.html,404,REMOVER_REFERENCIA,4,
https://praia.digital/outreach/lote-prospeccao-86-peruibe-2026-07-14.html,404,REMOVER_REFERENCIA,4,
https://praia.digital/outreach/lote-prospeccao-87-2026-07-14.html,404,REMOVER_REFERENCIA,4,
https://praia.digital/outreach/lote-prospeccao-87-santos-2026-07-14.html,404,REMOVER_REFERENCIA,4,
https://praia.digital/outreach/lote-prospeccao-88-2026-07-14.html,404,REMOVER_REFERENCIA,4,
https://praia.digital/outreach/lote-prospeccao-88-santos-2026-07-14.html,404,REMOVER_REFERENCIA,4,
https://praia.digital/outreach/lote-prospeccao-89-2026-07-14.html,404,REMOVER_REFERENCIA,4,
https://praia.digital/outreach/lote-prospeccao-89-peruibe-2026-07-14.html,404,REMOVER_REFERENCIA,4,
https://praia.digital/outreach/lote-prospeccao-9-2026-07-12.html,404,REMOVER_REFERENCIA,4,
https://praia.digital/outreach/lote-prospeccao-90-2026-07-14.html,404,REMOVER_REFERENCIA,4,
https://praia.digital/outreach/lote-prospeccao-90-santos-2026-07-14.html,404,REMOVER_REFERENCIA,4,
https://praia.digital/outreach/lote-prospeccao-91-2026-07-14.html,404,REMOVER_REFERENCIA,4,
https://praia.digital/outreach/lote-prospeccao-91-santos-2026-07-14.html,404,REMOVER_REFERENCIA,4,
https://praia.digital/outreach/lote-prospeccao-92-2026-07-14.html,404,REMOVER_REFERENCIA,4,
https://praia.digital/outreach/lote-prospeccao-92-peruibe-2026-07-14.html,404,REMOVER_REFERENCIA,4,
https://praia.digital/outreach/lote-prospeccao-93-2026-07-14.html,404,REMOVER_REFERENCIA,4,
https://praia.digital/outreach/lote-prospeccao-93-santos-2026-07-14.html,404,REMOVER_REFERENCIA,4,
https://praia.digital/outreach/lote-prospeccao-94-2026-07-14.html,404,REMOVER_REFERENCIA,4,
https://praia.digital/outreach/lote-prospeccao-94-santos-2026-07-14.html,404,REMOVER_REFERENCIA,4,
https://praia.digital/outreach/lote-prospeccao-95-2026-07-14.html,404,REMOVER_REFERENCIA,4,
https://praia.digital/outreach/lote-prospeccao-95-peruibe-2026-07-14.html,404,REMOVER_REFERENCIA,4,
https://praia.digital/outreach/lote-prospeccao-96-2026-07-14.html,404,REMOVER_REFERENCIA,4,
https://praia.digital/outreach/lote-prospeccao-96-santos-2026-07-14.html,404,REMOVER_REFERENCIA,4,
https://praia.digital/outreach/lote-prospeccao-97-2026-07-14.html,404,REMOVER_REFERENCIA,4,
https://praia.digital/outreach/lote-prospeccao-97-santos-2026-07-14.html,404,REMOVER_REFERENCIA,4,
https://praia.digital/outreach/lote-prospeccao-98-2026-07-14.html,404,REMOVER_REFERENCIA,4,
https://praia.digital/outreach/lote-prospeccao-98-peruibe-2026-07-14.html,404,REMOVER_REFERENCIA,4,
https://praia.digital/outreach/lote-prospeccao-99-2026-07-14.html,404,REMOVER_REFERENCIA,4,
https://praia.digital/outreach/lote-prospeccao-99-peruibe-2026-07-14.html,404,REMOVER_REFERENCIA,4,
https://praia.digital/outreach/template-followup-curto-leads-silenciosos-2026.html,404,REMOVER_REFERENCIA,4,
https://praia.digital/outreach/template-followup-pos-reuniao-parcerias-2026.html,404,REMOVER_REFERENCIA,4,
https://praia.digital/outreach/template-followup-pos-visita.html,404,REMOVER_REFERENCIA,4,
https://praia.digital/outreach/template-followup-proprietario-temporada.html,404,REMOVER_REFERENCIA,4,
https://praia.digital/outreach/template-followup-sem-insistir.html,404,REMOVER_REFERENCIA,4,
https://praia.digital/proprietarios/santos-apartamento-pd-000001.html,404,REMOVER_REFERENCIA,4,
https://praia.digital/rss.xml,404,REMOVER_REFERENCIA,4,
https://praia.digital/servicos/consultoria.html,404,REMOVER_REFERENCIA,4,
https://praia.digital/servicos/gestao-de-imovel.html,404,REMOVER_REFERENCIA,4,
https://academy.praia.digital/cases-de-sucesso-imobiliarias-litoral,"HTTPSConnectionPool(host='academy.praia.digital', port=443): Max retries exceeded with url: /cases-de-sucesso-imobiliarias-litoral (Caused by NameResolutionError(""HTTPSConnection(host='academy.praia.digital', port=443): Failed to resolve 'academy.praia.digital' ([Errno 11001] getaddrinfo failed)""))",MANTER_404,5,
https://academy.praia.digital/cases/imobiliarias-crescimento-litoral,"HTTPSConnectionPool(host='academy.praia.digital', port=443): Max retries exceeded with url: /cases/imobiliarias-crescimento-litoral (Caused by NameResolutionError(""HTTPSConnection(host='academy.praia.digital', port=443): Failed to resolve 'academy.praia.digital' ([Errno 11001] getaddrinfo failed)""))",MANTER_404,5,
https://academy.praia.digital/courses/aluguel-temporada-litoral,"HTTPSConnectionPool(host='academy.praia.digital', port=443): Max retries exceeded with url: /courses/aluguel-temporada-litoral (Caused by NameResolutionError(""HTTPSConnection(host='academy.praia.digital', port=443): Failed to resolve 'academy.praia.digital' ([Errno 11001] getaddrinfo failed)""))",MANTER_404,5,
https://academy.praia.digital/courses/analise-mercado,"HTTPSConnectionPool(host='academy.praia.digital', port=443): Max retries exceeded with url: /courses/analise-mercado (Caused by NameResolutionError(""HTTPSConnection(host='academy.praia.digital', port=443): Failed to resolve 'academy.praia.digital' ([Errno 11001] getaddrinfo failed)""))",MANTER_404,5,
https://academy.praia.digital/courses/atendimento-ao-cliente-para-corretores,"HTTPSConnectionPool(host='academy.praia.digital', port=443): Max retries exceeded with url: /courses/atendimento-ao-cliente-para-corretores (Caused by NameResolutionError(""HTTPSConnection(host='academy.praia.digital', port=443): Failed to resolve 'academy.praia.digital' ([Errno 11001] getaddrinfo failed)""))",MANTER_404,5,
https://academy.praia.digital/courses/atendimento-clientes-internacionais-imobiliarias,"HTTPSConnectionPool(host='academy.praia.digital', port=443): Max retries exceeded with url: /courses/atendimento-clientes-internacionais-imobiliarias (Caused by NameResolutionError(""HTTPSConnection(host='academy.praia.digital', port=443): Failed to resolve 'academy.praia.digital' ([Errno 11001] getaddrinfo failed)""))",MANTER_404,5,
https://academy.praia.digital/courses/atendimento-imobiliario,"HTTPSConnectionPool(host='academy.praia.digital', port=443): Max retries exceeded with url: /courses/atendimento-imobiliario (Caused by NameResolutionError(""HTTPSConnection(host='academy.praia.digital', port=443): Failed to resolve 'academy.praia.digital' ([Errno 11001] getaddrinfo failed)""))",MANTER_404,5,
https://academy.praia.digital/courses/automacao-comercial,"HTTPSConnectionPool(host='academy.praia.digital', port=443): Max retries exceeded with url: /courses/automacao-comercial (Caused by NameResolutionError(""HTTPSConnection(host='academy.praia.digital', port=443): Failed to resolve 'academy.praia.digital' ([Errno 11001] getaddrinfo failed)""))",MANTER_404,5,
https://academy.praia.digital/courses/avaliacao-imoveis,"HTTPSConnectionPool(host='academy.praia.digital', port=443): Max retries exceeded with url: /courses/avaliacao-imoveis (Caused by NameResolutionError(""HTTPSConnection(host='academy.praia.digital', port=443): Failed to resolve 'academy.praia.digital' ([Errno 11001] getaddrinfo failed)""))",MANTER_404,5,
https://academy.praia.digital/courses/avaliacao-imoveis-litoral,"HTTPSConnectionPool(host='academy.praia.digital', port=443): Max retries exceeded with url: /courses/avaliacao-imoveis-litoral (Caused by NameResolutionError(""HTTPSConnection(host='academy.praia.digital', port=443): Failed to resolve 'academy.praia.digital' ([Errno 11001] getaddrinfo failed)""))",MANTER_404,5,
https://academy.praia.digital/courses/captacao-digital-imobiliarias-litoral,"HTTPSConnectionPool(host='academy.praia.digital', port=443): Max retries exceeded with url: /courses/captacao-digital-imobiliarias-litoral (Caused by NameResolutionError(""HTTPSConnection(host='academy.praia.digital', port=443): Failed to resolve 'academy.praia.digital' ([Errno 11001] getaddrinfo failed)""))",MANTER_404,5,
https://academy.praia.digital/courses/captacao-imoveis-corretores,"HTTPSConnectionPool(host='academy.praia.digital', port=443): Max retries exceeded with url: /courses/captacao-imoveis-corretores (Caused by NameResolutionError(""HTTPSConnection(host='academy.praia.digital', port=443): Failed to resolve 'academy.praia.digital' ([Errno 11001] getaddrinfo failed)""))",MANTER_404,5,
https://academy.praia.digital/courses/captacao-imoveis-economicos-litoral,"HTTPSConnectionPool(host='academy.praia.digital', port=443): Max retries exceeded with url: /courses/captacao-imoveis-economicos-litoral (Caused by NameResolutionError(""HTTPSConnection(host='academy.praia.digital', port=443): Failed to resolve 'academy.praia.digital' ([Errno 11001] getaddrinfo failed)""))",MANTER_404,5,
https://academy.praia.digital/courses/captacao-imoveis-internacionais-litoral,"HTTPSConnectionPool(host='academy.praia.digital', port=443): Max retries exceeded with url: /courses/captacao-imoveis-internacionais-litoral (Caused by NameResolutionError(""HTTPSConnection(host='academy.praia.digital', port=443): Failed to resolve 'academy.praia.digital' ([Errno 11001] getaddrinfo failed)""))",MANTER_404,5,
https://academy.praia.digital/courses/carteira-temporada-imoveis-litoral,"HTTPSConnectionPool(host='academy.praia.digital', port=443): Max retries exceeded with url: /courses/carteira-temporada-imoveis-litoral (Caused by NameResolutionError(""HTTPSConnection(host='academy.praia.digital', port=443): Failed to resolve 'academy.praia.digital' ([Errno 11001] getaddrinfo failed)""))",MANTER_404,5,
https://academy.praia.digital/courses/comercial-imobiliaria,"HTTPSConnectionPool(host='academy.praia.digital', port=443): Max retries exceeded with url: /courses/comercial-imobiliaria (Caused by NameResolutionError(""HTTPSConnection(host='academy.praia.digital', port=443): Failed to resolve 'academy.praia.digital' ([Errno 11001] getaddrinfo failed)""))",MANTER_404,5,
https://academy.praia.digital/courses/compra-imoveis-litoral,"HTTPSConnectionPool(host='academy.praia.digital', port=443): Max retries exceeded with url: /courses/compra-imoveis-litoral (Caused by NameResolutionError(""HTTPSConnection(host='academy.praia.digital', port=443): Failed to resolve 'academy.praia.digital' ([Errno 11001] getaddrinfo failed)""))",MANTER_404,5,
https://academy.praia.digital/courses/documentacao-compra-imovel-litoral,"HTTPSConnectionPool(host='academy.praia.digital', port=443): Max retries exceeded with url: /courses/documentacao-compra-imovel-litoral (Caused by NameResolutionError(""HTTPSConnection(host='academy.praia.digital', port=443): Failed to resolve 'academy.praia.digital' ([Errno 11001] getaddrinfo failed)""))",MANTER_404,5,
https://academy.praia.digital/courses/estrategia-imobiliaria-litoral,"HTTPSConnectionPool(host='academy.praia.digital', port=443): Max retries exceeded with url: /courses/estrategia-imobiliaria-litoral (Caused by NameResolutionError(""HTTPSConnection(host='academy.praia.digital', port=443): Failed to resolve 'academy.praia.digital' ([Errno 11001] getaddrinfo failed)""))",MANTER_404,5,
https://academy.praia.digital/courses/fechamento-vendas-imoveis-litoral,"HTTPSConnectionPool(host='academy.praia.digital', port=443): Max retries exceeded with url: /courses/fechamento-vendas-imoveis-litoral (Caused by NameResolutionError(""HTTPSConnection(host='academy.praia.digital', port=443): Failed to resolve 'academy.praia.digital' ([Errno 11001] getaddrinfo failed)""))",MANTER_404,5,
https://academy.praia.digital/courses/ferramentas-imobiliarias,"HTTPSConnectionPool(host='academy.praia.digital', port=443): Max retries exceeded with url: /courses/ferramentas-imobiliarias (Caused by NameResolutionError(""HTTPSConnection(host='academy.praia.digital', port=443): Failed to resolve 'academy.praia.digital' ([Errno 11001] getaddrinfo failed)""))",MANTER_404,5,
https://academy.praia.digital/courses/fidelizacao-clientes-imobiliarias,"HTTPSConnectionPool(host='academy.praia.digital', port=443): Max retries exceeded with url: /courses/fidelizacao-clientes-imobiliarias (Caused by NameResolutionError(""HTTPSConnection(host='academy.praia.digital', port=443): Failed to resolve 'academy.praia.digital' ([Errno 11001] getaddrinfo failed)""))",MANTER_404,5,
https://academy.praia.digital/courses/financiamento-imobiliario,"HTTPSConnectionPool(host='academy.praia.digital', port=443): Max retries exceeded with url: /courses/financiamento-imobiliario (Caused by NameResolutionError(""HTTPSConnection(host='academy.praia.digital', port=443): Failed to resolve 'academy.praia.digital' ([Errno 11001] getaddrinfo failed)""))",MANTER_404,5,
https://academy.praia.digital/courses/financiamento-imoveis-litoral,"HTTPSConnectionPool(host='academy.praia.digital', port=443): Max retries exceeded with url: /courses/financiamento-imoveis-litoral (Caused by NameResolutionError(""HTTPSConnection(host='academy.praia.digital', port=443): Failed to resolve 'academy.praia.digital' ([Errno 11001] getaddrinfo failed)""))",MANTER_404,5,
https://academy.praia.digital/courses/formacao-corretores,"HTTPSConnectionPool(host='academy.praia.digital', port=443): Max retries exceeded with url: /courses/formacao-corretores (Caused by NameResolutionError(""HTTPSConnection(host='academy.praia.digital', port=443): Failed to resolve 'academy.praia.digital' ([Errno 11001] getaddrinfo failed)""))",MANTER_404,5,
https://academy.praia.digital/courses/gestao-comercial-imobiliarias,"HTTPSConnectionPool(host='academy.praia.digital', port=443): Max retries exceeded with url: /courses/gestao-comercial-imobiliarias (Caused by NameResolutionError(""HTTPSConnection(host='academy.praia.digital', port=443): Failed to resolve 'academy.praia.digital' ([Errno 11001] getaddrinfo failed)""))",MANTER_404,5,
https://academy.praia.digital/courses/gestao-temporada-imoveis,"HTTPSConnectionPool(host='academy.praia.digital', port=443): Max retries exceeded with url: /courses/gestao-temporada-imoveis (Caused by NameResolutionError(""HTTPSConnection(host='academy.praia.digital', port=443): Failed to resolve 'academy.praia.digital' ([Errno 11001] getaddrinfo failed)""))",MANTER_404,5,
https://academy.praia.digital/courses/gestao-temporada-imoveis-litoral,"HTTPSConnectionPool(host='academy.praia.digital', port=443): Max retries exceeded with url: /courses/gestao-temporada-imoveis-litoral (Caused by NameResolutionError(""HTTPSConnection(host='academy.praia.digital', port=443): Failed to resolve 'academy.praia.digital' ([Errno 11001] getaddrinfo failed)""))",MANTER_404,5,
https://academy.praia.digital/courses/ia-imobiliarias-litoral,"HTTPSConnectionPool(host='academy.praia.digital', port=443): Max retries exceeded with url: /courses/ia-imobiliarias-litoral (Caused by NameResolutionError(""HTTPSConnection(host='academy.praia.digital', port=443): Failed to resolve 'academy.praia.digital' ([Errno 11001] getaddrinfo failed)""))",MANTER_404,5,
https://academy.praia.digital/courses/ia-para-imobiliarias,"HTTPSConnectionPool(host='academy.praia.digital', port=443): Max retries exceeded with url: /courses/ia-para-imobiliarias (Caused by NameResolutionError(""HTTPSConnection(host='academy.praia.digital', port=443): Failed to resolve 'academy.praia.digital' ([Errno 11001] getaddrinfo failed)""))",MANTER_404,5,
https://academy.praia.digital/courses/instagram-imobiliarias,"HTTPSConnectionPool(host='academy.praia.digital', port=443): Max retries exceeded with url: /courses/instagram-imobiliarias (Caused by NameResolutionError(""HTTPSConnection(host='academy.praia.digital', port=443): Failed to resolve 'academy.praia.digital' ([Errno 11001] getaddrinfo failed)""))",MANTER_404,5,
https://academy.praia.digital/courses/instagram-para-corretores,"HTTPSConnectionPool(host='academy.praia.digital', port=443): Max retries exceeded with url: /courses/instagram-para-corretores (Caused by NameResolutionError(""HTTPSConnection(host='academy.praia.digital', port=443): Failed to resolve 'academy.praia.digital' ([Errno 11001] getaddrinfo failed)""))",MANTER_404,5,
https://academy.praia.digital/courses/instagram-reels-imobiliarias-litoral,"HTTPSConnectionPool(host='academy.praia.digital', port=443): Max retries exceeded with url: /courses/instagram-reels-imobiliarias-litoral (Caused by NameResolutionError(""HTTPSConnection(host='academy.praia.digital', port=443): Failed to resolve 'academy.praia.digital' ([Errno 11001] getaddrinfo failed)""))",MANTER_404,5,
https://academy.praia.digital/courses/investimento-imoveis-litoral,"HTTPSConnectionPool(host='academy.praia.digital', port=443): Max retries exceeded with url: /courses/investimento-imoveis-litoral (Caused by NameResolutionError(""HTTPSConnection(host='academy.praia.digital', port=443): Failed to resolve 'academy.praia.digital' ([Errno 11001] getaddrinfo failed)""))",MANTER_404,5,
https://academy.praia.digital/courses/investimento-imovel-litoral,"HTTPSConnectionPool(host='academy.praia.digital', port=443): Max retries exceeded with url: /courses/investimento-imovel-litoral (Caused by NameResolutionError(""HTTPSConnection(host='academy.praia.digital', port=443): Failed to resolve 'academy.praia.digital' ([Errno 11001] getaddrinfo failed)""))",MANTER_404,5,
https://academy.praia.digital/courses/leads-internacionais-imoveis,"HTTPSConnectionPool(host='academy.praia.digital', port=443): Max retries exceeded with url: /courses/leads-internacionais-imoveis (Caused by NameResolutionError(""HTTPSConnection(host='academy.praia.digital', port=443): Failed to resolve 'academy.praia.digital' ([Errno 11001] getaddrinfo failed)""))",MANTER_404,5,
https://academy.praia.digital/courses/locacao-temporada-litoral,"HTTPSConnectionPool(host='academy.praia.digital', port=443): Max retries exceeded with url: /courses/locacao-temporada-litoral (Caused by NameResolutionError(""HTTPSConnection(host='academy.praia.digital', port=443): Failed to resolve 'academy.praia.digital' ([Errno 11001] getaddrinfo failed)""))",MANTER_404,5,
https://academy.praia.digital/courses/marketing-conteudo-imobiliarias-litoral,"HTTPSConnectionPool(host='academy.praia.digital', port=443): Max retries exceeded with url: /courses/marketing-conteudo-imobiliarias-litoral (Caused by NameResolutionError(""HTTPSConnection(host='academy.praia.digital', port=443): Failed to resolve 'academy.praia.digital' ([Errno 11001] getaddrinfo failed)""))",MANTER_404,5,
https://academy.praia.digital/courses/marketing-digital-imobiliarias,"HTTPSConnectionPool(host='academy.praia.digital', port=443): Max retries exceeded with url: /courses/marketing-digital-imobiliarias (Caused by NameResolutionError(""HTTPSConnection(host='academy.praia.digital', port=443): Failed to resolve 'academy.praia.digital' ([Errno 11001] getaddrinfo failed)""))",MANTER_404,5,
https://academy.praia.digital/courses/marketing-digital-imobiliarias-litoral,"HTTPSConnectionPool(host='academy.praia.digital', port=443): Max retries exceeded with url: /courses/marketing-digital-imobiliarias-litoral (Caused by NameResolutionError(""HTTPSConnection(host='academy.praia.digital', port=443): Failed to resolve 'academy.praia.digital' ([Errno 11001] getaddrinfo failed)""))",MANTER_404,5,
https://academy.praia.digital/courses/marketing-imobiliario,"HTTPSConnectionPool(host='academy.praia.digital', port=443): Max retries exceeded with url: /courses/marketing-imobiliario (Caused by NameResolutionError(""HTTPSConnection(host='academy.praia.digital', port=443): Failed to resolve 'academy.praia.digital' ([Errno 11001] getaddrinfo failed)""))",MANTER_404,5,
https://academy.praia.digital/courses/mercado-premium-imoveis-litoral,"HTTPSConnectionPool(host='academy.praia.digital', port=443): Max retries exceeded with url: /courses/mercado-premium-imoveis-litoral (Caused by NameResolutionError(""HTTPSConnection(host='academy.praia.digital', port=443): Failed to resolve 'academy.praia.digital' ([Errno 11001] getaddrinfo failed)""))",MANTER_404,5,
https://academy.praia.digital/courses/negociacao-imoveis-litoral,"HTTPSConnectionPool(host='academy.praia.digital', port=443): Max retries exceeded with url: /courses/negociacao-imoveis-litoral (Caused by NameResolutionError(""HTTPSConnection(host='academy.praia.digital', port=443): Failed to resolve 'academy.praia.digital' ([Errno 11001] getaddrinfo failed)""))",MANTER_404,5,
https://academy.praia.digital/courses/operacao-imobiliaria-enxuta,"HTTPSConnectionPool(host='academy.praia.digital', port=443): Max retries exceeded with url: /courses/operacao-imobiliaria-enxuta (Caused by NameResolutionError(""HTTPSConnection(host='academy.praia.digital', port=443): Failed to resolve 'academy.praia.digital' ([Errno 11001] getaddrinfo failed)""))",MANTER_404,5,
https://academy.praia.digital/courses/parcerias-construtoras-litoral,"HTTPSConnectionPool(host='academy.praia.digital', port=443): Max retries exceeded with url: /courses/parcerias-construtoras-litoral (Caused by NameResolutionError(""HTTPSConnection(host='academy.praia.digital', port=443): Failed to resolve 'academy.praia.digital' ([Errno 11001] getaddrinfo failed)""))",MANTER_404,5,
https://academy.praia.digital/courses/priceplabs,"HTTPSConnectionPool(host='academy.praia.digital', port=443): Max retries exceeded with url: /courses/priceplabs (Caused by NameResolutionError(""HTTPSConnection(host='academy.praia.digital', port=443): Failed to resolve 'academy.praia.digital' ([Errno 11001] getaddrinfo failed)""))",MANTER_404,5,
https://academy.praia.digital/courses/retencao-clientes-imobiliarias,"HTTPSConnectionPool(host='academy.praia.digital', port=443): Max retries exceeded with url: /courses/retencao-clientes-imobiliarias (Caused by NameResolutionError(""HTTPSConnection(host='academy.praia.digital', port=443): Failed to resolve 'academy.praia.digital' ([Errno 11001] getaddrinfo failed)""))",MANTER_404,5,
https://academy.praia.digital/courses/seo-local-imobiliarias,"HTTPSConnectionPool(host='academy.praia.digital', port=443): Max retries exceeded with url: /courses/seo-local-imobiliarias (Caused by NameResolutionError(""HTTPSConnection(host='academy.praia.digital', port=443): Failed to resolve 'academy.praia.digital' ([Errno 11001] getaddrinfo failed)""))",MANTER_404,5,
https://academy.praia.digital/courses/seo-local-imobiliarias-litoral,"HTTPSConnectionPool(host='academy.praia.digital', port=443): Max retries exceeded with url: /courses/seo-local-imobiliarias-litoral (Caused by NameResolutionError(""HTTPSConnection(host='academy.praia.digital', port=443): Failed to resolve 'academy.praia.digital' ([Errno 11001] getaddrinfo failed)""))",MANTER_404,5,
https://academy.praia.digital/courses/seo-para-corretores,"HTTPSConnectionPool(host='academy.praia.digital', port=443): Max retries exceeded with url: /courses/seo-para-corretores (Caused by NameResolutionError(""HTTPSConnection(host='academy.praia.digital', port=443): Failed to resolve 'academy.praia.digital' ([Errno 11001] getaddrinfo failed)""))",MANTER_404,5,
https://academy.praia.digital/courses/temporada-imoveis-litoral,"HTTPSConnectionPool(host='academy.praia.digital', port=443): Max retries exceeded with url: /courses/temporada-imoveis-litoral (Caused by NameResolutionError(""HTTPSConnection(host='academy.praia.digital', port=443): Failed to resolve 'academy.praia.digital' ([Errno 11001] getaddrinfo failed)""))",MANTER_404,5,
https://academy.praia.digital/courses/venda-imoveis-litoral,"HTTPSConnectionPool(host='academy.praia.digital', port=443): Max retries exceeded with url: /courses/venda-imoveis-litoral (Caused by NameResolutionError(""HTTPSConnection(host='academy.praia.digital', port=443): Failed to resolve 'academy.praia.digital' ([Errno 11001] getaddrinfo failed)""))",MANTER_404,5,
https://academy.praia.digital/courses/vendas-imobiliarias,"HTTPSConnectionPool(host='academy.praia.digital', port=443): Max retries exceeded with url: /courses/vendas-imobiliarias (Caused by NameResolutionError(""HTTPSConnection(host='academy.praia.digital', port=443): Failed to resolve 'academy.praia.digital' ([Errno 11001] getaddrinfo failed)""))",MANTER_404,5,
https://academy.praia.digital/courses/vendas-imobiliarias-litoral,"HTTPSConnectionPool(host='academy.praia.digital', port=443): Max retries exceeded with url: /courses/vendas-imobiliarias-litoral (Caused by NameResolutionError(""HTTPSConnection(host='academy.praia.digital', port=443): Failed to resolve 'academy.praia.digital' ([Errno 11001] getaddrinfo failed)""))",MANTER_404,5,
https://academy.praia.digital/courses/whatsapp-corretores-litoral,"HTTPSConnectionPool(host='academy.praia.digital', port=443): Max retries exceeded with url: /courses/whatsapp-corretores-litoral (Caused by NameResolutionError(""HTTPSConnection(host='academy.praia.digital', port=443): Failed to resolve 'academy.praia.digital' ([Errno 11001] getaddrinfo failed)""))",MANTER_404,5,
https://praia.digital/assets/css/main.css,404,MANTER_404,5,
https://praia.digital/assets/css/style.css,404,MANTER_404,5,
https://praia.digital/backup/meta-descriptions/gestao-leads-imobiliarias-litoral-2026.html,503,MANTER_404,5,
https://praia.digital/blog/analise-mercado-imobiliario-litoral.html,404,MANTER_404,5,
https://praia.digital/blog/ferramentas-gratuitas-para-corretores-do-litoral-em-2026-lote-2026-08-03-31.html,404,MANTER_404,5,
https://praia.digital/blog/seo-local-imobiliaria-litoral-paulista.html,404,MANTER_404,5,
https://praia.digital/blog/vender-imovel-rapido-litoral.html,404,MANTER_404,5,
https://praia.digital/cidades/maresias.html,404,MANTER_404,5,
https://praia.digital/dashboards/65/index.html,503,MANTER_404,5,
https://praia.digital/docs/materiais/onboarding-parceiro-221.html,503,MANTER_404,5,
https://praia.digital/docs/materiais/onboarding-parceiro-583.html,503,MANTER_404,5,
https://praia.digital/docs/playbook-operacional-2026-08-03.md,404,MANTER_404,5,
https://praia.digital/docs/sales/lote-whatsapp-2026-08-08.html,404,MANTER_404,5,
https://praia.digital/docs/sales/lote-whatsapp-2026-08-10.html,404,MANTER_404,5,
https://praia.digital/docs/sales/lote-whatsapp-2026-08-12.html,404,MANTER_404,5,
https://praia.digital/docs/sales/lote-whatsapp-2026-08-15.html,404,MANTER_404,5,
https://praia.digital/docs/sales/modelos-email-parceiros-b2b-2026-08-03.html,404,MANTER_404,5,
https://praia.digital/docs/sales/relatorio-diario-outbound-2026-08-08.html,404,MANTER_404,5,
https://praia.digital/docs/sales/relatorio-diario-outbound-2026-08-10.html,404,MANTER_404,5,
https://praia.digital/docs/sales/relatorio-diario-outbound-2026-08-12.html,404,MANTER_404,5,
https://praia.digital/docs/sales/relatorio-diario-outbound-2026-08-15.html,404,MANTER_404,5,
https://praia.digital/ferramentas-gratuitas-imobiliarias/,404,MANTER_404,5,
https://praia.digital/ferramentas-gratuitas/imobiliarias/,404,MANTER_404,5,
https://praia.digital/ferramentas-gratuitas/imobiliarias/simulador-temporada-litoral.html,503,MANTER_404,5,
https://praia.digital/ferramentas/simulador-roi-imovel-litoral-2026.html,404,MANTER_404,5,
https://praia.digital/financiamento-imobiliario-litoral-sp-2026/,404,MANTER_404,5,
https://praia.digital/ia/ia-conteudo.html,503,MANTER_404,5,
https://praia.digital/imoveis/chale-pe-na-areia-peruibe.html,503,MANTER_404,5,
https://praia.digital/imoveis/imovel-002-praia-grande-imoveis-2026.html,404,MANTER_404,5,
https://praia.digital/imoveis/imovel-003-guaruja-prime-2026.html,404,MANTER_404,5,
https://praia.digital/imoveis/imovel-004-bertioga-realty-2026.html,404,MANTER_404,5,
https://praia.digital/imoveis/imovel-008-santos-gonzaga-2026.html,503,MANTER_404,5,
https://praia.digital/imoveis/imovel-012-praia-grande-luxo-2026.html,404,MANTER_404,5,
https://praia.digital/imoveis/imovel-013-guaruja-beach-2026.html,404,MANTER_404,5,
https://praia.digital/imoveis/imovel-014-mongagua-center-2026.html,404,MANTER_404,5,
https://praia.digital/imoveis/imovel-021-santos-gonzaga-2026.html,404,MANTER_404,5,
https://praia.digital/imoveis/imovel-022-praia-grande-premium-2026.html,404,MANTER_404,5,
https://praia.digital/imoveis/imovel-023-guaruja-premium-2026.html,404,MANTER_404,5,
https://praia.digital/imoveis/imovel-024-santos-tower-2026.html,404,MANTER_404,5,
https://praia.digital/imoveis/imovel-032-mongagua-luxo-2026.html,404,MANTER_404,5,
https://praia.digital/imoveis/imovel-033-guaruja-luxo-2026.html,404,MANTER_404,5,
https://praia.digital/imoveis/imovel-034-santos-view-2026.html,404,MANTER_404,5,
https://praia.digital/imoveis/imovel-042-mongagua-home-2026.html,404,MANTER_404,5,
https://praia.digital/imoveis/imovel-043-guaruja-home-2026.html,404,MANTER_404,5,
https://praia.digital/imoveis/imovel-044-santos-costa-2026.html,404,MANTER_404,5,
https://praia.digital/landings/simulacao-financiamento-imovel-litoral-gratuita.html,404,MANTER_404,5,
https://praia.digital/litoral-prime-imoveis/backups/metricas/20260812_093515/docs/relatorio-diario-litoral-prime.html,404,MANTER_404,5,
https://praia.digital/litoral-prime-imoveis/backups/metricas/20260813_090218/docs/relatorio-diario-litoral-prime.html,404,MANTER_404,5,
https://praia.digital/litoral-prime-imoveis/backups/metricas/20260814_090707/docs/relatorio-diario-litoral-prime.html,404,MANTER_404,5,
https://praia.digital/litoral-prime-imoveis/backups/metricas/20260815_090451/docs/relatorio-diario-litoral-prime.html,404,MANTER_404,5,
https://praia.digital/litoral-prime-imoveis/backups/metricas/20260816_090212/docs/relatorio-diario-litoral-prime.html,404,MANTER_404,5,
https://praia.digital/marketing/posts-redes-sociais-semana-30-2026-08-03.html,404,MANTER_404,5,
https://praia.digital/outreach/lote-whatsapp-20-prontos-2026-07-11.html,404,MANTER_404,5,
https://praia.digital/outreach/mailer-lote-2026-07-12.html,404,MANTER_404,5,
https://praia.digital/outreach/mestre-prospeccao-42-50-2026-07-12.html,404,MANTER_404,5,
https://praia.digital/outreach/modelo-proposta-comercial-padrao-praia-digital-2026.html,404,MANTER_404,5,
https://praia.digital/outreach/modelos-email-confirmacao-visita-2026.html,404,MANTER_404,5,
https://praia.digital/outreach/modelos-email-objecoes-2026.html,404,MANTER_404,5,
https://praia.digital/outreach/modelos-email-proposta-fechamento-2026.html,404,MANTER_404,5,
https://praia.digital/outreach/negociacao-avancada-por-lead-2026.html,404,MANTER_404,5,
https://praia.digital/outreach/notificacao-b2b-pronta-2026-07-22.html,404,MANTER_404,5,
https://praia.digital/outreach/novo-ciclo/envio-novociclo-bertioga-center.html,404,MANTER_404,5,
https://praia.digital/outreach/novo-ciclo/envio-novociclo-bertioga-executive.html,404,MANTER_404,5,
https://praia.digital/outreach/novo-ciclo/envio-novociclo-bertioga-praia.html,404,MANTER_404,5,
https://praia.digital/outreach/novo-ciclo/envio-novociclo-guarujá-blue.html,404,MANTER_404,5,
https://praia.digital/outreach/novo-ciclo/envio-novociclo-guarujá-digital.html,404,MANTER_404,5,
https://praia.digital/outreach/novo-ciclo/envio-novociclo-guarujá-platinum.html,404,MANTER_404,5,
https://praia.digital/outreach/novo-ciclo/envio-novociclo-ilhabela-center.html,404,MANTER_404,5,
https://praia.digital/outreach/novo-ciclo/envio-novociclo-ilhabela-executive.html,404,MANTER_404,5,
https://praia.digital/outreach/novo-ciclo/envio-novociclo-ilhabela-praia.html,404,MANTER_404,5,
https://praia.digital/outreach/novo-ciclo/envio-novociclo-itanhaém-launch.html,404,MANTER_404,5,
https://praia.digital/outreach/novo-ciclo/envio-novociclo-itanhaém-premium.html,404,MANTER_404,5,
https://praia.digital/outreach/novo-ciclo/envio-novociclo-itanhaém-smart.html,404,MANTER_404,5,
https://praia.digital/outreach/novo-ciclo/envio-novociclo-mongaguá-connect.html,404,MANTER_404,5,
https://praia.digital/outreach/novo-ciclo/envio-novociclo-mongaguá-green.html,404,MANTER_404,5,
https://praia.digital/outreach/novo-ciclo/envio-novociclo-mongaguá-tech.html,404,MANTER_404,5,
https://praia.digital/outreach/novo-ciclo/envio-novociclo-peruíbe-blue.html,404,MANTER_404,5,
https://praia.digital/outreach/novo-ciclo/envio-novociclo-peruíbe-digital.html,404,MANTER_404,5,
https://praia.digital/outreach/novo-ciclo/envio-novociclo-peruíbe-platinum.html,404,MANTER_404,5,
https://praia.digital/outreach/novo-ciclo/envio-novociclo-praia-grande-connect.html,404,MANTER_404,5,
https://praia.digital/outreach/novo-ciclo/envio-novociclo-praia-grande-green.html,404,MANTER_404,5,
https://praia.digital/outreach/novo-ciclo/envio-novociclo-praia-grande-tech.html,404,MANTER_404,5,
https://praia.digital/outreach/novo-ciclo/envio-novociclo-santos-launch.html,404,MANTER_404,5,
https://praia.digital/outreach/novo-ciclo/envio-novociclo-santos-premium.html,404,MANTER_404,5,
https://praia.digital/outreach/novo-ciclo/envio-novociclo-santos-smart.html,404,MANTER_404,5,
https://praia.digital/outreach/novo-ciclo/envio-novociclo-são-vicente-elite.html,404,MANTER_404,5,
https://praia.digital/outreach/novo-ciclo/envio-novociclo-são-vicente-litoral.html,404,MANTER_404,5,
https://praia.digital/outreach/novo-ciclo/envio-novociclo-são-vicente-view.html,404,MANTER_404,5,
https://praia.digital/outreach/novo-ciclo/envio-novociclo-ubatuba-elite.html,404,MANTER_404,5,
https://praia.digital/outreach/novo-ciclo/envio-novociclo-ubatuba-litoral.html,404,MANTER_404,5,
https://praia.digital/outreach/novo-ciclo/envio-novociclo-ubatuba-view.html,404,MANTER_404,5,
https://praia.digital/outreach/oferta-inicial-parceria-imobiliaria-2026.html,404,MANTER_404,5,
https://praia.digital/outreach/oferta-parceria-101.html,404,MANTER_404,5,
https://praia.digital/outreach/oferta-parceria-121.html,404,MANTER_404,5,
https://praia.digital/outreach/oferta-parceria-129.html,404,MANTER_404,5,
https://praia.digital/outreach/oferta-parceria-141.html,404,MANTER_404,5,
https://praia.digital/outreach/oferta-parceria-161.html,404,MANTER_404,5,
https://praia.digital/outreach/oferta-parceria-176.html,404,MANTER_404,5,
https://praia.digital/outreach/oferta-parceria-184.html,404,MANTER_404,5,
https://praia.digital/outreach/oferta-parceria-186.html,404,MANTER_404,5,
https://praia.digital/outreach/oferta-parceria-194.html,404,MANTER_404,5,
https://praia.digital/outreach/oferta-parceria-201.html,404,MANTER_404,5,
https://praia.digital/outreach/oferta-parceria-209.html,404,MANTER_404,5,
https://praia.digital/outreach/oferta-parceria-216.html,404,MANTER_404,5,
https://praia.digital/outreach/oferta-parceria-24.html,404,MANTER_404,5,
https://praia.digital/outreach/oferta-parceria-41.html,404,MANTER_404,5,
https://praia.digital/outreach/oferta-parceria-51.html,404,MANTER_404,5,
https://praia.digital/outreach/oferta-parceria-6.html,404,MANTER_404,5,
https://praia.digital/outreach/oferta-parceria-66.html,404,MANTER_404,5,
https://praia.digital/outreach/oferta-parceria-76.html,404,MANTER_404,5,
https://praia.digital/outreach/oferta-parceria-8.html,404,MANTER_404,5,
https://praia.digital/outreach/oferta-parceria-91.html,404,MANTER_404,5,
https://praia.digital/outreach/onboarding-parceria-automatizado.html,404,MANTER_404,5,
https://praia.digital/outreach/pagina-acao-imediata-crm-eleads.html,404,MANTER_404,5,
https://praia.digital/outreach/painel-execucao-diaria.html,404,MANTER_404,5,
https://praia.digital/outreach/painel-prospeccao.html,404,MANTER_404,5,
https://praia.digital/outreach/personalizados/email-personalizado-agenor-de-campos.html,404,MANTER_404,5,
https://praia.digital/outreach/personalizados/email-personalizado-alpha-imóveis-blue.html,404,MANTER_404,5,
https://praia.digital/outreach/personalizados/email-personalizado-alpha-imóveis-centro.html,404,MANTER_404,5,
https://praia.digital/outreach/personalizados/email-personalizado-alpha-imóveis-digital.html,404,MANTER_404,5,
https://praia.digital/outreach/personalizados/email-personalizado-alpha-imóveis-praia.html,404,MANTER_404,5,
https://praia.digital/outreach/personalizados/email-personalizado-alpha-imóveis-prime.html,404,MANTER_404,5,
https://praia.digital/outreach/personalizados/email-personalizado-alpha-imóveis-site.html,404,MANTER_404,5,
https://praia.digital/outreach/personalizados/email-personalizado-alpha-imóveis-tech.html,404,MANTER_404,5,
https://praia.digital/outreach/personalizados/email-personalizado-alpha-imóveis-view.html,404,MANTER_404,5,
https://praia.digital/outreach/personalizados/email-personalizado-atlântico-imóveis-blue.html,404,MANTER_404,5,
https://praia.digital/outreach/personalizados/email-personalizado-atlântico-imóveis-centro.html,404,MANTER_404,5,
https://praia.digital/outreach/personalizados/email-personalizado-atlântico-imóveis-prime.html,404,MANTER_404,5,
https://praia.digital/outreach/personalizados/email-personalizado-atlântico-imóveis-site.html,404,MANTER_404,5,
https://praia.digital/outreach/personalizados/email-personalizado-baixio-digital.html,404,MANTER_404,5,
https://praia.digital/outreach/personalizados/email-personalizado-balneário-conchas.html,404,MANTER_404,5,
https://praia.digital/outreach/personalizados/email-personalizado-barra-de-peruíbe.html,404,MANTER_404,5,
https://praia.digital/outreach/personalizados/email-personalizado-barra-digital-centro.html,404,MANTER_404,5,
https://praia.digital/outreach/personalizados/email-personalizado-barra-digital-digital.html,404,MANTER_404,5,
https://praia.digital/outreach/personalizados/email-personalizado-barra-digital-imóveis.html,404,MANTER_404,5,
https://praia.digital/outreach/personalizados/email-personalizado-barra-digital-litoral.html,404,MANTER_404,5,
https://praia.digital/outreach/personalizados/email-personalizado-barra-digital-praia.html,404,MANTER_404,5,
https://praia.digital/outreach/personalizados/email-personalizado-barra-digital-site.html,404,MANTER_404,5,
https://praia.digital/outreach/personalizados/email-personalizado-barra-digital-tech.html,404,MANTER_404,5,
https://praia.digital/outreach/personalizados/email-personalizado-barra-digital-view.html,404,MANTER_404,5,
https://praia.digital/outreach/personalizados/email-personalizado-barra-digital.html,404,MANTER_404,5,
https://praia.digital/outreach/personalizados/email-personalizado-barra-elite.html,404,MANTER_404,5,
https://praia.digital/outreach/personalizados/email-personalizado-barra-executive.html,404,MANTER_404,5,
https://praia.digital/outreach/personalizados/email-personalizado-barra-norte.html,404,MANTER_404,5,
https://praia.digital/outreach/personalizados/email-personalizado-barra-peruíbe-sul.html,404,MANTER_404,5,
https://praia.digital/outreach/personalizados/email-personalizado-barra-platinum.html,404,MANTER_404,5,
https://praia.digital/outreach/personalizados/email-personalizado-bertioga-centro.html,404,MANTER_404,5,
https://praia.digital/outreach/personalizados/email-personalizado-bertioga-elite.html,404,MANTER_404,5,
https://praia.digital/outreach/personalizados/email-personalizado-bertioga-executive.html,404,MANTER_404,5,
https://praia.digital/outreach/personalizados/email-personalizado-bertioga-green.html,404,MANTER_404,5,
https://praia.digital/outreach/personalizados/email-personalizado-bertioga-inovação.html,404,MANTER_404,5,
https://praia.digital/outreach/personalizados/email-personalizado-bertioga-launch.html,404,MANTER_404,5,
https://praia.digital/outreach/personalizados/email-personalizado-bertioga-platinum.html,404,MANTER_404,5,
https://praia.digital/outreach/personalizados/email-personalizado-bertioga-premium.html,404,MANTER_404,5,
https://praia.digital/outreach/personalizados/email-personalizado-bertioga-prime.html,404,MANTER_404,5,
https://praia.digital/outreach/personalizados/email-personalizado-bertioga-riviera-tech.html,404,MANTER_404,5,
https://praia.digital/outreach/personalizados/email-personalizado-bertioga-riviera.html,404,MANTER_404,5,
https://praia.digital/outreach/personalizados/email-personalizado-bertioga-smart.html,404,MANTER_404,5,
https://praia.digital/outreach/personalizados/email-personalizado-bertioga-vision.html,404,MANTER_404,5,
https://praia.digital/outreach/personalizados/email-personalizado-beta-imóveis-blue.html,404,MANTER_404,5,
https://praia.digital/outreach/personalizados/email-personalizado-beta-imóveis-centro.html,404,MANTER_404,5,
https://praia.digital/outreach/personalizados/email-personalizado-beta-imóveis-litoral.html,404,MANTER_404,5,
https://praia.digital/outreach/personalizados/email-personalizado-beta-imóveis-praia.html,404,MANTER_404,5,
https://praia.digital/outreach/personalizados/email-personalizado-beta-imóveis-site.html,404,MANTER_404,5,
https://praia.digital/outreach/personalizados/email-personalizado-beta-imóveis-tech.html,404,MANTER_404,5,
https://praia.digital/outreach/personalizados/email-personalizado-beta-imóveis-view.html,404,MANTER_404,5,
https://praia.digital/outreach/personalizados/email-personalizado-boqueirão-imóveis.html,404,MANTER_404,5,
https://praia.digital/outreach/personalizados/email-personalizado-boqueirão-norte.html,404,MANTER_404,5,
https://praia.digital/outreach/personalizados/email-personalizado-caiçara-conectada.html,404,MANTER_404,5,
https://praia.digital/outreach/personalizados/email-personalizado-caiçara-digital-blue.html,404,MANTER_404,5,
https://praia.digital/outreach/personalizados/email-personalizado-caiçara-digital-digital.html,404,MANTER_404,5,
https://praia.digital/outreach/personalizados/email-personalizado-caiçara-digital-imóveis.html,404,MANTER_404,5,
https://praia.digital/outreach/personalizados/email-personalizado-caiçara-digital-litoral.html,404,MANTER_404,5,
https://praia.digital/outreach/personalizados/email-personalizado-caiçara-digital-praia.html,404,MANTER_404,5,
https://praia.digital/outreach/personalizados/email-personalizado-caiçara-digital-prime.html,404,MANTER_404,5,
https://praia.digital/outreach/personalizados/email-personalizado-caiçara-digital-site.html,404,MANTER_404,5,
https://praia.digital/outreach/personalizados/email-personalizado-caiçara-digital-tech.html,404,MANTER_404,5,
https://praia.digital/outreach/personalizados/email-personalizado-caiçara-digital-view.html,404,MANTER_404,5,
https://praia.digital/outreach/personalizados/email-personalizado-caiçara-digital.html,404,MANTER_404,5,
https://praia.digital/outreach/personalizados/email-personalizado-caiçara-elite.html,404,MANTER_404,5,
https://praia.digital/outreach/personalizados/email-personalizado-caiçara-executive.html,404,MANTER_404,5,
https://praia.digital/outreach/personalizados/email-personalizado-caiçara-imóveis.html,404,MANTER_404,5,
https://praia.digital/outreach/personalizados/email-personalizado-caiçara-norte.html,404,MANTER_404,5,
https://praia.digital/outreach/personalizados/email-personalizado-caiçara-platinum.html,404,MANTER_404,5,
https://praia.digital/outreach/personalizados/email-personalizado-catiapoã-digital.html,404,MANTER_404,5,
https://praia.digital/outreach/personalizados/email-personalizado-catiapoã-elite.html,404,MANTER_404,5,
https://praia.digital/outreach/personalizados/email-personalizado-catiapoã-executive.html,404,MANTER_404,5,
https://praia.digital/outreach/personalizados/email-personalizado-catiapoã-nature.html,404,MANTER_404,5,
https://praia.digital/outreach/personalizados/email-personalizado-catiapoã-norte.html,404,MANTER_404,5,
https://praia.digital/outreach/personalizados/email-personalizado-catiapoã-platinum.html,404,MANTER_404,5,
https://praia.digital/outreach/personalizados/email-personalizado-catiapoã-sul.html,404,MANTER_404,5,
https://praia.digital/outreach/personalizados/email-personalizado-cibratel-imóveis.html,404,MANTER_404,5,
https://praia.digital/outreach/personalizados/email-personalizado-costa-azul--prime.html,404,MANTER_404,5,
https://praia.digital/outreach/personalizados/email-personalizado-costa-azul--prop.html,404,MANTER_404,5,
https://praia.digital/outreach/personalizados/email-personalizado-costa-azul-blue.html,404,MANTER_404,5,
https://praia.digital/outreach/personalizados/email-personalizado-costa-azul-digital.html,404,MANTER_404,5,
https://praia.digital/outreach/personalizados/email-personalizado-costa-azul-imóveis.html,404,MANTER_404,5,
https://praia.digital/outreach/personalizados/email-personalizado-costa-azul-prime.html,404,MANTER_404,5,
https://praia.digital/outreach/personalizados/email-personalizado-costa-azul-prop.html,404,MANTER_404,5,
https://praia.digital/outreach/personalizados/email-personalizado-costa-azul-site.html,404,MANTER_404,5,
https://praia.digital/outreach/personalizados/email-personalizado-costa-azul-view.html,404,MANTER_404,5,
https://praia.digital/outreach/personalizados/email-personalizado-costa-do-mar-blue.html,404,MANTER_404,5,
https://praia.digital/outreach/personalizados/email-personalizado-costa-do-mar-centro.html,404,MANTER_404,5,
https://praia.digital/outreach/personalizados/email-personalizado-costa-do-mar-digital.html,404,MANTER_404,5,
https://praia.digital/outreach/personalizados/email-personalizado-costa-do-mar-prime.html,404,MANTER_404,5,
https://praia.digital/outreach/personalizados/email-personalizado-costa-verde-blue.html,404,MANTER_404,5,
https://praia.digital/outreach/personalizados/email-personalizado-costa-verde-centro.html,404,MANTER_404,5,
https://praia.digital/outreach/personalizados/email-personalizado-costa-verde-digital.html,404,MANTER_404,5,
https://praia.digital/outreach/personalizados/email-personalizado-costa-verde-imóveis.html,404,MANTER_404,5,
https://praia.digital/outreach/personalizados/email-personalizado-costa-verde-litoral.html,404,MANTER_404,5,
https://praia.digital/outreach/personalizados/email-personalizado-costa-verde-prime.html,404,MANTER_404,5,
https://praia.digital/outreach/personalizados/email-personalizado-costa-verde-site.html,404,MANTER_404,5,
https://praia.digital/outreach/personalizados/email-personalizado-costa-verde-tech.html,404,MANTER_404,5,
https://praia.digital/outreach/personalizados/email-personalizado-costa-verde-view.html,404,MANTER_404,5,
https://praia.digital/outreach/personalizados/email-personalizado-edifica-praia-blue.html,404,MANTER_404,5,
https://praia.digital/outreach/personalizados/email-personalizado-edifica-praia-centro.html,404,MANTER_404,5,
https://praia.digital/outreach/personalizados/email-personalizado-edifica-praia-digital.html,404,MANTER_404,5,
https://praia.digital/outreach/personalizados/email-personalizado-edifica-praia-imóveis.html,404,MANTER_404,5,
https://praia.digital/outreach/personalizados/email-personalizado-edifica-praia-litoral.html,404,MANTER_404,5,
https://praia.digital/outreach/personalizados/email-personalizado-edifica-praia-praia.html,404,MANTER_404,5,
https://praia.digital/outreach/personalizados/email-personalizado-edifica-praia-prime.html,404,MANTER_404,5,
https://praia.digital/outreach/personalizados/email-personalizado-edifica-praia-prop.html,404,MANTER_404,5,
https://praia.digital/outreach/personalizados/email-personalizado-edifica-praia-tech.html,404,MANTER_404,5,
https://praia.digital/outreach/personalizados/email-personalizado-edifica-praia-view.html,404,MANTER_404,5,
https://praia.digital/outreach/personalizados/email-personalizado-embaré-conecta.html,404,MANTER_404,5,
https://praia.digital/outreach/personalizados/email-personalizado-embaré-digital.html,404,MANTER_404,5,
https://praia.digital/outreach/personalizados/email-personalizado-embaré-elite.html,404,MANTER_404,5,
https://praia.digital/outreach/personalizados/email-personalizado-embaré-executive.html,404,MANTER_404,5,
https://praia.digital/outreach/personalizados/email-personalizado-embaré-platinum.html,404,MANTER_404,5,
https://praia.digital/outreach/personalizados/email-personalizado-embaré-tech.html,404,MANTER_404,5,
https://praia.digital/outreach/personalizados/email-personalizado-enseada-digital.html,404,MANTER_404,5,
https://praia.digital/outreach/personalizados/email-personalizado-gaivota-imóveis.html,404,MANTER_404,5,
https://praia.digital/outreach/personalizados/email-personalizado-gonzaga-digital.html,404,MANTER_404,5,
https://praia.digital/outreach/personalizados/email-personalizado-gonzaga-elite.html,404,MANTER_404,5,
https://praia.digital/outreach/personalizados/email-personalizado-gonzaga-executive.html,404,MANTER_404,5,
https://praia.digital/outreach/personalizados/email-personalizado-gonzaga-norte.html,404,MANTER_404,5,
https://praia.digital/outreach/personalizados/email-personalizado-gonzaga-platinum.html,404,MANTER_404,5,
https://praia.digital/outreach/personalizados/email-personalizado-gonzaga-premium.html,404,MANTER_404,5,
https://praia.digital/outreach/personalizados/email-personalizado-gonzaga-smart.html,404,MANTER_404,5,
https://praia.digital/outreach/personalizados/email-personalizado-gonzaga-sul.html,404,MANTER_404,5,
https://praia.digital/outreach/personalizados/email-personalizado-guarujá-blue-tech.html,404,MANTER_404,5,
https://praia.digital/outreach/personalizados/email-personalizado-guarujá-blue.html,404,MANTER_404,5,
https://praia.digital/outreach/personalizados/email-personalizado-guarujá-coast-imóveis.html,404,MANTER_404,5,
https://praia.digital/outreach/personalizados/email-personalizado-guarujá-conecta.html,404,MANTER_404,5,
https://praia.digital/outreach/personalizados/email-personalizado-guarujá-elite.html,404,MANTER_404,5,
https://praia.digital/outreach/personalizados/email-personalizado-guarujá-executive.html,404,MANTER_404,5,
https://praia.digital/outreach/personalizados/email-personalizado-guarujá-launch.html,404,MANTER_404,5,
https://praia.digital/outreach/personalizados/email-personalizado-guarujá-mar-digital.html,404,MANTER_404,5,
https://praia.digital/outreach/personalizados/email-personalizado-guarujá-norte-digital.html,404,MANTER_404,5,
https://praia.digital/outreach/personalizados/email-personalizado-guarujá-platinum.html,404,MANTER_404,5,
https://praia.digital/outreach/personalizados/email-personalizado-guarujá-premium.html,404,MANTER_404,5,
https://praia.digital/outreach/personalizados/email-personalizado-guarujá-prime.html,404,MANTER_404,5,
https://praia.digital/outreach/personalizados/email-personalizado-guarujá-smart.html,404,MANTER_404,5,
https://praia.digital/outreach/personalizados/email-personalizado-guarujá-vision.html,404,MANTER_404,5,
https://praia.digital/outreach/personalizados/email-personalizado-guarujá-zen.html,404,MANTER_404,5,
https://praia.digital/outreach/personalizados/email-personalizado-imobiliária-litoral-litoral.html,404,MANTER_404,5,
https://praia.digital/outreach/personalizados/email-personalizado-itanhaém-centro.html,404,MANTER_404,5,
https://praia.digital/outreach/personalizados/email-personalizado-itanhaém-elite.html,404,MANTER_404,5,
https://praia.digital/outreach/personalizados/email-personalizado-itanhaém-executive.html,404,MANTER_404,5,
https://praia.digital/outreach/personalizados/email-personalizado-itanhaém-launch.html,404,MANTER_404,5,
https://praia.digital/outreach/personalizados/email-personalizado-itanhaém-mar.html,404,MANTER_404,5,
https://praia.digital/outreach/personalizados/email-personalizado-itanhaém-norte.html,404,MANTER_404,5,
https://praia.digital/outreach/personalizados/email-personalizado-itanhaém-platinum.html,404,MANTER_404,5,
https://praia.digital/outreach/personalizados/email-personalizado-itanhaém-premium-blue.html,404,MANTER_404,5,
https://praia.digital/outreach/personalizados/email-personalizado-itanhaém-premium-imóveis.html,404,MANTER_404,5,
https://praia.digital/outreach/personalizados/email-personalizado-itanhaém-premium-prime.html,404,MANTER_404,5,
https://praia.digital/outreach/personalizados/email-personalizado-itanhaém-premium-site.html,404,MANTER_404,5,
https://praia.digital/outreach/personalizados/email-personalizado-itanhaém-premium-tech.html,404,MANTER_404,5,
https://praia.digital/outreach/personalizados/email-personalizado-itanhaém-premium-view.html,404,MANTER_404,5,
https://praia.digital/outreach/personalizados/email-personalizado-itanhaém-premium.html,404,MANTER_404,5,
https://praia.digital/outreach/personalizados/email-personalizado-itanhaém-surf.html,404,MANTER_404,5,
https://praia.digital/outreach/personalizados/email-personalizado-itanhaém-view.html,404,MANTER_404,5,
https://praia.digital/outreach/personalizados/email-personalizado-itinguçu-imóveis.html,404,MANTER_404,5,
https://praia.digital/outreach/personalizados/email-personalizado-jardim-grandesp.html,404,MANTER_404,5,
https://praia.digital/outreach/personalizados/email-personalizado-jardim-rio-branco.html,404,MANTER_404,5,
https://praia.digital/outreach/personalizados/email-personalizado-josé-menino-premium.html,404,MANTER_404,5,
https://praia.digital/outreach/personalizados/email-personalizado-jussara-digital.html,404,MANTER_404,5,
https://praia.digital/outreach/personalizados/email-personalizado-litoral-blue.html,404,MANTER_404,5,
https://praia.digital/outreach/personalizados/email-personalizado-litoral-brasil-praia.html,404,MANTER_404,5,
https://praia.digital/outreach/personalizados/email-personalizado-litoral-brasil-prime.html,404,MANTER_404,5,
https://praia.digital/outreach/personalizados/email-personalizado-litoral-norte-imóveis.html,404,MANTER_404,5,
https://praia.digital/outreach/personalizados/email-personalizado-litoral-norte-premium.html,404,MANTER_404,5,
https://praia.digital/outreach/personalizados/email-personalizado-litoral-premium-imóveis.html,404,MANTER_404,5,
https://praia.digital/outreach/personalizados/email-personalizado-litoral-premium-praia.html,404,MANTER_404,5,
https://praia.digital/outreach/personalizados/email-personalizado-litoral-premium-sant.html,404,MANTER_404,5,
https://praia.digital/outreach/personalizados/email-personalizado-litoral-premium-site.html,404,MANTER_404,5,
https://praia.digital/outreach/personalizados/email-personalizado-litoral-premium-tech.html,404,MANTER_404,5,
https://praia.digital/outreach/personalizados/email-personalizado-litoral-sul-imóveis.html,404,MANTER_404,5,
https://praia.digital/outreach/personalizados/email-personalizado-mar--sol-blue.html,404,MANTER_404,5,
https://praia.digital/outreach/personalizados/email-personalizado-mar--sol-centro.html,404,MANTER_404,5,
https://praia.digital/outreach/personalizados/email-personalizado-mar--sol-digital.html,404,MANTER_404,5,
https://praia.digital/outreach/personalizados/email-personalizado-mar--sol-imóveis.html,404,MANTER_404,5,
https://praia.digital/outreach/personalizados/email-personalizado-mar--sol-litoral.html,404,MANTER_404,5,
https://praia.digital/outreach/personalizados/email-personalizado-mar--sol-praia.html,404,MANTER_404,5,
https://praia.digital/outreach/personalizados/email-personalizado-mar--sol-prime.html,404,MANTER_404,5,
https://praia.digital/outreach/personalizados/email-personalizado-mar--sol-site.html,404,MANTER_404,5,
https://praia.digital/outreach/personalizados/email-personalizado-mar--sol-tech.html,404,MANTER_404,5,
https://praia.digital/outreach/personalizados/email-personalizado-mar--sol-view.html,404,MANTER_404,5,
https://praia.digital/outreach/personalizados/email-personalizado-mar-blue.html,404,MANTER_404,5,
https://praia.digital/outreach/personalizados/email-personalizado-mar-brasil-blue.html,404,MANTER_404,5,
https://praia.digital/outreach/personalizados/email-personalizado-mar-brasil-centro.html,404,MANTER_404,5,
https://praia.digital/outreach/personalizados/email-personalizado-mar-brasil-digital.html,404,MANTER_404,5,
https://praia.digital/outreach/personalizados/email-personalizado-mar-brasil-prime.html,404,MANTER_404,5,
https://praia.digital/outreach/personalizados/email-personalizado-mar-view.html,404,MANTER_404,5,
https://praia.digital/outreach/personalizados/email-personalizado-maresias-imóveis.html,404,MANTER_404,5,
https://praia.digital/outreach/personalizados/email-personalizado-maresias-tech.html,404,MANTER_404,5,
https://praia.digital/outreach/personalizados/email-personalizado-mongaguá-atlântica.html,404,MANTER_404,5,
https://praia.digital/outreach/personalizados/email-personalizado-mongaguá-beach.html,404,MANTER_404,5,
https://praia.digital/outreach/personalizados/email-personalizado-mongaguá-blue.html,404,MANTER_404,5,
https://praia.digital/outreach/personalizados/email-personalizado-mongaguá-centro.html,404,MANTER_404,5,
https://praia.digital/outreach/personalizados/email-personalizado-mongaguá-elite.html,404,MANTER_404,5,
https://praia.digital/outreach/personalizados/email-personalizado-mongaguá-executive.html,404,MANTER_404,5,
https://praia.digital/outreach/personalizados/email-personalizado-mongaguá-imóveis-digital.html,404,MANTER_404,5,
https://praia.digital/outreach/personalizados/email-personalizado-mongaguá-imóveis-imóveis.html,404,MANTER_404,5,
https://praia.digital/outreach/personalizados/email-personalizado-mongaguá-imóveis-litoral.html,404,MANTER_404,5,
https://praia.digital/outreach/personalizados/email-personalizado-mongaguá-imóveis-praia.html,404,MANTER_404,5,
https://praia.digital/outreach/personalizados/email-personalizado-mongaguá-imóveis-site.html,404,MANTER_404,5,
https://praia.digital/outreach/personalizados/email-personalizado-mongaguá-imóveis-tech.html,404,MANTER_404,5,
https://praia.digital/outreach/personalizados/email-personalizado-mongaguá-launch.html,404,MANTER_404,5,
https://praia.digital/outreach/personalizados/email-personalizado-mongaguá-platinum.html,404,MANTER_404,5,
https://praia.digital/outreach/personalizados/email-personalizado-mongaguá-relax.html,404,MANTER_404,5,
https://praia.digital/outreach/personalizados/email-personalizado-mongaguá-sul.html,404,MANTER_404,5,
https://praia.digital/outreach/personalizados/email-personalizado-mongaguá-tropical.html,404,MANTER_404,5,
https://praia.digital/outreach/personalizados/email-personalizado-norte-imóveis-blue.html,404,MANTER_404,5,
https://praia.digital/outreach/personalizados/email-personalizado-norte-imóveis-prime.html,404,MANTER_404,5,
https://praia.digital/outreach/personalizados/email-personalizado-norte-imóveis-site.html,404,MANTER_404,5,
https://praia.digital/outreach/personalizados/email-personalizado-norte-imóveis-view.html,404,MANTER_404,5,
https://praia.digital/outreach/personalizados/email-personalizado-norte-sul-blue.html,404,MANTER_404,5,
https://praia.digital/outreach/personalizados/email-personalizado-norte-sul-centro.html,404,MANTER_404,5,
https://praia.digital/outreach/personalizados/email-personalizado-norte-sul-digital.html,404,MANTER_404,5,
https://praia.digital/outreach/personalizados/email-personalizado-norte-sul-imóveis.html,404,MANTER_404,5,
https://praia.digital/outreach/personalizados/email-personalizado-norte-sul-litoral.html,404,MANTER_404,5,
https://praia.digital/outreach/personalizados/email-personalizado-norte-sul-praia.html,404,MANTER_404,5,
https://praia.digital/outreach/personalizados/email-personalizado-norte-sul-prime.html,404,MANTER_404,5,
https://praia.digital/outreach/personalizados/email-personalizado-norte-sul-site.html,404,MANTER_404,5,
https://praia.digital/outreach/personalizados/email-personalizado-ocean-blue-blue.html,404,MANTER_404,5,
https://praia.digital/outreach/personalizados/email-personalizado-ocean-blue-centro.html,404,MANTER_404,5,
https://praia.digital/outreach/personalizados/email-personalizado-ocean-blue-digital.html,404,MANTER_404,5,
https://praia.digital/outreach/personalizados/email-personalizado-ocean-blue-imóveis.html,404,MANTER_404,5,
https://praia.digital/outreach/personalizados/email-personalizado-ocean-blue-litoral.html,404,MANTER_404,5,
https://praia.digital/outreach/personalizados/email-personalizado-ocean-blue-praia.html,404,MANTER_404,5,
https://praia.digital/outreach/personalizados/email-personalizado-ocean-blue-prime.html,404,MANTER_404,5,
https://praia.digital/outreach/personalizados/email-personalizado-ocean-blue-view.html,404,MANTER_404,5,
https://praia.digital/outreach/personalizados/email-personalizado-peruíbe-centro-digital.html,404,MANTER_404,5,
https://praia.digital/outreach/personalizados/email-personalizado-peruíbe-coast.html,404,MANTER_404,5,
https://praia.digital/outreach/personalizados/email-personalizado-peruíbe-eco.html,404,MANTER_404,5,
https://praia.digital/outreach/personalizados/email-personalizado-peruíbe-ecologic.html,404,MANTER_404,5,
https://praia.digital/outreach/personalizados/email-personalizado-peruíbe-elite.html,404,MANTER_404,5,
https://praia.digital/outreach/personalizados/email-personalizado-peruíbe-executive.html,404,MANTER_404,5,
https://praia.digital/outreach/personalizados/email-personalizado-peruíbe-launch.html,404,MANTER_404,5,
https://praia.digital/outreach/personalizados/email-personalizado-peruíbe-nature.html,404,MANTER_404,5,
https://praia.digital/outreach/personalizados/email-personalizado-peruíbe-natureza.html,404,MANTER_404,5,
https://praia.digital/outreach/personalizados/email-personalizado-peruíbe-norte.html,404,MANTER_404,5,
https://praia.digital/outreach/personalizados/email-personalizado-peruíbe-platinum.html,404,MANTER_404,5,
https://praia.digital/outreach/personalizados/email-personalizado-peruíbe-sol.html,404,MANTER_404,5,
https://praia.digital/outreach/personalizados/email-personalizado-ponta-da-praia.html,404,MANTER_404,5,
https://praia.digital/outreach/personalizados/email-personalizado-porto-da-lua-blue.html,404,MANTER_404,5,
https://praia.digital/outreach/personalizados/email-personalizado-porto-da-lua-centro.html,404,MANTER_404,5,
https://praia.digital/outreach/personalizados/email-personalizado-porto-da-lua-digital.html,404,MANTER_404,5,
https://praia.digital/outreach/personalizados/email-personalizado-porto-da-lua-litoral.html,404,MANTER_404,5,
https://praia.digital/outreach/personalizados/email-personalizado-porto-da-lua-praia.html,404,MANTER_404,5,
https://praia.digital/outreach/personalizados/email-personalizado-porto-da-lua-prime.html,404,MANTER_404,5,
https://praia.digital/outreach/personalizados/email-personalizado-porto-da-lua-prop.html,404,MANTER_404,5,
https://praia.digital/outreach/personalizados/email-personalizado-porto-da-lua-site.html,404,MANTER_404,5,
https://praia.digital/outreach/personalizados/email-personalizado-porto-da-lua-tech.html,404,MANTER_404,5,
https://praia.digital/outreach/personalizados/email-personalizado-praia-blue.html,404,MANTER_404,5,
https://praia.digital/outreach/personalizados/email-personalizado-praia-digital-digital.html,404,MANTER_404,5,
https://praia.digital/outreach/personalizados/email-personalizado-praia-digital-litoral.html,404,MANTER_404,5,
https://praia.digital/outreach/personalizados/email-personalizado-praia-digital-praia.html,404,MANTER_404,5,
https://praia.digital/outreach/personalizados/email-personalizado-praia-digital-tech.html,404,MANTER_404,5,
https://praia.digital/outreach/personalizados/email-personalizado-praia-digital-view.html,404,MANTER_404,5,
https://praia.digital/outreach/personalizados/email-personalizado-praia-grande-business.html,404,MANTER_404,5,
https://praia.digital/outreach/personalizados/email-personalizado-praia-grande-center.html,404,MANTER_404,5,
https://praia.digital/outreach/personalizados/email-personalizado-praia-grande-elite.html,404,MANTER_404,5,
https://praia.digital/outreach/personalizados/email-personalizado-praia-grande-estrutura.html,404,MANTER_404,5,
https://praia.digital/outreach/personalizados/email-personalizado-praia-grande-executive.html,404,MANTER_404,5,
https://praia.digital/outreach/personalizados/email-personalizado-praia-grande-imóveis.html,404,MANTER_404,5,
https://praia.digital/outreach/personalizados/email-personalizado-praia-grande-launch.html,404,MANTER_404,5,
https://praia.digital/outreach/personalizados/email-personalizado-praia-grande-norte.html,404,MANTER_404,5,
https://praia.digital/outreach/personalizados/email-personalizado-praia-grande-park.html,404,MANTER_404,5,
https://praia.digital/outreach/personalizados/email-personalizado-praia-grande-platinum.html,404,MANTER_404,5,
https://praia.digital/outreach/personalizados/email-personalizado-praia-grande-prime.html,404,MANTER_404,5,
https://praia.digital/outreach/personalizados/email-personalizado-praia-grande-relax.html,404,MANTER_404,5,
https://praia.digital/outreach/personalizados/email-personalizado-praia-grande-site-blue.html,404,MANTER_404,5,
https://praia.digital/outreach/personalizados/email-personalizado-praia-grande-site-centro.html,404,MANTER_404,5,
https://praia.digital/outreach/personalizados/email-personalizado-praia-grande-site-digital.html,404,MANTER_404,5,
https://praia.digital/outreach/personalizados/email-personalizado-praia-grande-site-imóveis.html,404,MANTER_404,5,
https://praia.digital/outreach/personalizados/email-personalizado-praia-grande-site-litoral.html,404,MANTER_404,5,
https://praia.digital/outreach/personalizados/email-personalizado-praia-grande-site-prop.html,404,MANTER_404,5,
https://praia.digital/outreach/personalizados/email-personalizado-praia-grande-site-site.html,404,MANTER_404,5,
https://praia.digital/outreach/personalizados/email-personalizado-praia-grande-site-tech.html,404,MANTER_404,5,
https://praia.digital/outreach/personalizados/email-personalizado-praia-grande-site-view.html,404,MANTER_404,5,
https://praia.digital/outreach/personalizados/email-personalizado-praia-grande-smart.html,404,MANTER_404,5,
https://praia.digital/outreach/personalizados/email-personalizado-praia-grande-sul.html,404,MANTER_404,5,
https://praia.digital/outreach/personalizados/email-personalizado-praia-grande-vision.html,404,MANTER_404,5,
https://praia.digital/outreach/personalizados/email-personalizado-prime-imóveis-blue.html,404,MANTER_404,5,
https://praia.digital/outreach/personalizados/email-personalizado-prime-imóveis-centro.html,404,MANTER_404,5,
https://praia.digital/outreach/personalizados/email-personalizado-prime-imóveis-digital.html,404,MANTER_404,5,
https://praia.digital/outreach/personalizados/email-personalizado-prime-imóveis-litoral.html,404,MANTER_404,5,
https://praia.digital/outreach/personalizados/email-personalizado-prime-imóveis-praia.html,404,MANTER_404,5,
https://praia.digital/outreach/personalizados/email-personalizado-prime-imóveis-prime.html,404,MANTER_404,5,
https://praia.digital/outreach/personalizados/email-personalizado-prime-imóveis-site.html,404,MANTER_404,5,
https://praia.digital/outreach/personalizados/email-personalizado-prime-imóveis-view.html,404,MANTER_404,5,
https://praia.digital/outreach/personalizados/email-personalizado-realize-ii-blue.html,404,MANTER_404,5,
https://praia.digital/outreach/personalizados/email-personalizado-realize-ii-centro.html,404,MANTER_404,5,
https://praia.digital/outreach/personalizados/email-personalizado-realize-ii-imóveis.html,404,MANTER_404,5,
https://praia.digital/outreach/personalizados/email-personalizado-realize-ii-litoral.html,404,MANTER_404,5,
https://praia.digital/outreach/personalizados/email-personalizado-realize-ii-praia.html,404,MANTER_404,5,
https://praia.digital/outreach/personalizados/email-personalizado-realize-ii-prime.html,404,MANTER_404,5,
https://praia.digital/outreach/personalizados/email-personalizado-realize-ii-site.html,404,MANTER_404,5,
https://praia.digital/outreach/personalizados/email-personalizado-realize-ii-tech.html,404,MANTER_404,5,
https://praia.digital/outreach/personalizados/email-personalizado-realize-ii-view.html,404,MANTER_404,5,
https://praia.digital/outreach/personalizados/email-personalizado-recife-imóveis-blue.html,404,MANTER_404,5,
https://praia.digital/outreach/personalizados/email-personalizado-recife-imóveis-praia.html,404,MANTER_404,5,
https://praia.digital/outreach/personalizados/email-personalizado-recife-imóveis-prime.html,404,MANTER_404,5,
https://praia.digital/outreach/personalizados/email-personalizado-região-sul-blue.html,404,MANTER_404,5,
https://praia.digital/outreach/personalizados/email-personalizado-região-sul-centro.html,404,MANTER_404,5,
https://praia.digital/outreach/personalizados/email-personalizado-região-sul-digital.html,404,MANTER_404,5,
https://praia.digital/outreach/personalizados/email-personalizado-região-sul-imóveis.html,404,MANTER_404,5,
https://praia.digital/outreach/personalizados/email-personalizado-região-sul-litoral.html,404,MANTER_404,5,
https://praia.digital/outreach/personalizados/email-personalizado-região-sul-praia.html,404,MANTER_404,5,
https://praia.digital/outreach/personalizados/email-personalizado-região-sul-prime.html,404,MANTER_404,5,
https://praia.digital/outreach/personalizados/email-personalizado-região-sul-site.html,404,MANTER_404,5,
https://praia.digital/outreach/personalizados/email-personalizado-região-sul-view.html,404,MANTER_404,5,
https://praia.digital/outreach/personalizados/email-personalizado-rio-preto-sol.html,404,MANTER_404,5,
https://praia.digital/outreach/personalizados/email-personalizado-riviera-blue-blue.html,404,MANTER_404,5,
https://praia.digital/outreach/personalizados/email-personalizado-riviera-blue-centro.html,404,MANTER_404,5,
https://praia.digital/outreach/personalizados/email-personalizado-riviera-blue-digital.html,404,MANTER_404,5,
https://praia.digital/outreach/personalizados/email-personalizado-riviera-blue-praia.html,404,MANTER_404,5,
https://praia.digital/outreach/personalizados/email-personalizado-riviera-blue-prime.html,404,MANTER_404,5,
https://praia.digital/outreach/personalizados/email-personalizado-riviera-blue-site.html,404,MANTER_404,5,
https://praia.digital/outreach/personalizados/email-personalizado-riviera-blue-tech.html,404,MANTER_404,5,
https://praia.digital/outreach/personalizados/email-personalizado-riviera-blue-view.html,404,MANTER_404,5,
https://praia.digital/outreach/personalizados/email-personalizado-riviera-blue.html,404,MANTER_404,5,
https://praia.digital/outreach/personalizados/email-personalizado-riviera-business.html,404,MANTER_404,5,
https://praia.digital/outreach/personalizados/email-personalizado-riviera-digital.html,404,MANTER_404,5,
https://praia.digital/outreach/personalizados/email-personalizado-riviera-elite.html,404,MANTER_404,5,
https://praia.digital/outreach/personalizados/email-personalizado-riviera-exclusive.html,404,MANTER_404,5,
https://praia.digital/outreach/personalizados/email-personalizado-riviera-executive.html,404,MANTER_404,5,
https://praia.digital/outreach/personalizados/email-personalizado-riviera-imóveis.html,404,MANTER_404,5,
https://praia.digital/outreach/personalizados/email-personalizado-riviera-launch.html,404,MANTER_404,5,
https://praia.digital/outreach/personalizados/email-personalizado-riviera-norte.html,404,MANTER_404,5,
https://praia.digital/outreach/personalizados/email-personalizado-riviera-platinum.html,404,MANTER_404,5,
https://praia.digital/outreach/personalizados/email-personalizado-santos-bay-homes.html,404,MANTER_404,5,
https://praia.digital/outreach/personalizados/email-personalizado-santos-connect.html,404,MANTER_404,5,
https://praia.digital/outreach/personalizados/email-personalizado-santos-elite.html,404,MANTER_404,5,
https://praia.digital/outreach/personalizados/email-personalizado-santos-executive.html,404,MANTER_404,5,
https://praia.digital/outreach/personalizados/email-personalizado-santos-launch.html,404,MANTER_404,5,
https://praia.digital/outreach/personalizados/email-personalizado-santos-luxo.html,404,MANTER_404,5,
https://praia.digital/outreach/personalizados/email-personalizado-santos-ocean-view.html,404,MANTER_404,5,
https://praia.digital/outreach/personalizados/email-personalizado-santos-platinum.html,404,MANTER_404,5,
https://praia.digital/outreach/personalizados/email-personalizado-santos-premium-digital.html,404,MANTER_404,5,
https://praia.digital/outreach/personalizados/email-personalizado-santos-prime.html,404,MANTER_404,5,
https://praia.digital/outreach/personalizados/email-personalizado-santos-smart-home.html,404,MANTER_404,5,
https://praia.digital/outreach/personalizados/email-personalizado-santos-smart.html,404,MANTER_404,5,
https://praia.digital/outreach/personalizados/email-personalizado-santos-tower-blue.html,404,MANTER_404,5,
https://praia.digital/outreach/personalizados/email-personalizado-santos-tower-centro.html,404,MANTER_404,5,
https://praia.digital/outreach/personalizados/email-personalizado-santos-tower-digital.html,404,MANTER_404,5,
https://praia.digital/outreach/personalizados/email-personalizado-santos-tower-imóveis.html,404,MANTER_404,5,
https://praia.digital/outreach/personalizados/email-personalizado-santos-tower-litoral.html,404,MANTER_404,5,
https://praia.digital/outreach/personalizados/email-personalizado-santos-tower-prime.html,404,MANTER_404,5,
https://praia.digital/outreach/personalizados/email-personalizado-santos-tower-site.html,404,MANTER_404,5,
https://praia.digital/outreach/personalizados/email-personalizado-santos-vision.html,404,MANTER_404,5,
https://praia.digital/outreach/personalizados/email-personalizado-sol--mar-blue.html,404,MANTER_404,5,
https://praia.digital/outreach/personalizados/email-personalizado-sol--mar-centro.html,404,MANTER_404,5,
https://praia.digital/outreach/personalizados/email-personalizado-sol--mar-digital.html,404,MANTER_404,5,
https://praia.digital/outreach/personalizados/email-personalizado-sol--mar-imóveis.html,404,MANTER_404,5,
https://praia.digital/outreach/personalizados/email-personalizado-sol--mar-prime.html,404,MANTER_404,5,
https://praia.digital/outreach/personalizados/email-personalizado-sol--mar-view.html,404,MANTER_404,5,
https://praia.digital/outreach/personalizados/email-personalizado-sul-imóveis-blue.html,404,MANTER_404,5,
https://praia.digital/outreach/personalizados/email-personalizado-sul-imóveis-digital.html,404,MANTER_404,5,
https://praia.digital/outreach/personalizados/email-personalizado-sul-imóveis-imóveis.html,404,MANTER_404,5,
https://praia.digital/outreach/personalizados/email-personalizado-sul-imóveis-site.html,404,MANTER_404,5,
https://praia.digital/outreach/personalizados/email-personalizado-são-vicente-bay.html,404,MANTER_404,5,
https://praia.digital/outreach/personalizados/email-personalizado-são-vicente-conectada.html,404,MANTER_404,5,
https://praia.digital/outreach/personalizados/email-personalizado-são-vicente-connect.html,404,MANTER_404,5,
https://praia.digital/outreach/personalizados/email-personalizado-são-vicente-elite.html,404,MANTER_404,5,
https://praia.digital/outreach/personalizados/email-personalizado-são-vicente-executive.html,404,MANTER_404,5,
https://praia.digital/outreach/personalizados/email-personalizado-são-vicente-green.html,404,MANTER_404,5,
https://praia.digital/outreach/personalizados/email-personalizado-são-vicente-launch.html,404,MANTER_404,5,
https://praia.digital/outreach/personalizados/email-personalizado-são-vicente-norte.html,404,MANTER_404,5,
https://praia.digital/outreach/personalizados/email-personalizado-são-vicente-platinum.html,404,MANTER_404,5,
https://praia.digital/outreach/personalizados/email-personalizado-são-vicente-premium.html,404,MANTER_404,5,
https://praia.digital/outreach/personalizados/email-personalizado-são-vicente-prime.html,404,MANTER_404,5,
https://praia.digital/outreach/personalizados/email-personalizado-são-vicente-smart.html,404,MANTER_404,5,
https://praia.digital/outreach/personalizados/email-personalizado-são-vicente-sul.html,404,MANTER_404,5,
https://praia.digital/outreach/personalizados/email-personalizado-são-vicente-vision.html,404,MANTER_404,5,
https://praia.digital/outreach/personalizados/email-personalizado-tombo-beach.html,404,MANTER_404,5,
https://praia.digital/outreach/personalizados/email-personalizado-tombo-digital.html,404,MANTER_404,5,
https://praia.digital/outreach/personalizados/email-personalizado-tombo-elite.html,404,MANTER_404,5,
https://praia.digital/outreach/personalizados/email-personalizado-tombo-exclusive.html,404,MANTER_404,5,
https://praia.digital/outreach/personalizados/email-personalizado-tombo-executive.html,404,MANTER_404,5,
https://praia.digital/outreach/personalizados/email-personalizado-tombo-imóveis.html,404,MANTER_404,5,
https://praia.digital/outreach/personalizados/email-personalizado-tombo-launch.html,404,MANTER_404,5,
https://praia.digital/outreach/personalizados/email-personalizado-tombo-norte.html,404,MANTER_404,5,
https://praia.digital/outreach/personalizados/email-personalizado-tombo-platinum.html,404,MANTER_404,5,
https://praia.digital/outreach/personalizados/email-personalizado-tombo-surf.html,404,MANTER_404,5,
https://praia.digital/outreach/personalizados/email-personalizado-vila-são-paulo.html,404,MANTER_404,5,
https://praia.digital/outreach/personalizados/email-personalizado-vila-tupi-imóveis.html,404,MANTER_404,5,
https://praia.digital/outreach/personalizados/email-personalizado-vista-mar-centro.html,404,MANTER_404,5,
https://praia.digital/outreach/personalizados/email-personalizado-vista-mar-digital.html,404,MANTER_404,5,
https://praia.digital/outreach/personalizados/email-personalizado-vista-mar-litoral.html,404,MANTER_404,5,
https://praia.digital/outreach/personalizados/email-personalizado-vista-mar-prop.html,404,MANTER_404,5,
https://praia.digital/outreach/por-lead/envio-auto-lead-1-alpha-imóveis-praia.html,404,MANTER_404,5,
https://praia.digital/outreach/por-lead/envio-auto-lead-10-região-sul-praia.html,404,MANTER_404,5,
https://praia.digital/outreach/por-lead/envio-auto-lead-11-imobiliária-litoral-litoral.html,404,MANTER_404,5,
https://praia.digital/outreach/por-lead/envio-auto-lead-12-norte-sul-site.html,404,MANTER_404,5,
https://praia.digital/outreach/por-lead/envio-auto-lead-129-riviera-business.html,404,MANTER_404,5,
https://praia.digital/outreach/por-lead/envio-auto-lead-13-mar-&-sol-praia.html,404,MANTER_404,5,
https://praia.digital/outreach/por-lead/envio-auto-lead-14-sol-&-mar-centro.html,404,MANTER_404,5,
https://praia.digital/outreach/por-lead/envio-auto-lead-14-são-vicente-realty.html,404,MANTER_404,5,
https://praia.digital/outreach/por-lead/envio-auto-lead-15-prime-imóveis-digital.html,404,MANTER_404,5,
https://praia.digital/outreach/por-lead/envio-auto-lead-16-atlântico-digital.html,404,MANTER_404,5,
https://praia.digital/outreach/por-lead/envio-auto-lead-17-região-sul-centro.html,404,MANTER_404,5,
https://praia.digital/outreach/por-lead/envio-auto-lead-176-santos-launch.html,404,MANTER_404,5,
https://praia.digital/outreach/por-lead/envio-auto-lead-18-mar-&-sol-litoral.html,404,MANTER_404,5,
https://praia.digital/outreach/por-lead/envio-auto-lead-19-litoral-norte-imóveis.html,404,MANTER_404,5,
https://praia.digital/outreach/por-lead/envio-auto-lead-2-região-sul-digital.html,404,MANTER_404,5,
https://praia.digital/outreach/por-lead/envio-auto-lead-20-costa-azul-imóveis.html,404,MANTER_404,5,
https://praia.digital/outreach/por-lead/envio-auto-lead-201-santos-elite.html,404,MANTER_404,5,
https://praia.digital/outreach/por-lead/envio-auto-lead-21-litoral-norte-premium.html,404,MANTER_404,5,
https://praia.digital/outreach/por-lead/envio-auto-lead-216-santos-prime.html,404,MANTER_404,5,
https://praia.digital/outreach/por-lead/envio-auto-lead-22-maresias-imóveis.html,404,MANTER_404,5,
https://praia.digital/outreach/por-lead/envio-auto-lead-23-enseada-digital.html,404,MANTER_404,5,
https://praia.digital/outreach/por-lead/envio-auto-lead-24-praia-grande-imóveis.html,404,MANTER_404,5,
https://praia.digital/outreach/por-lead/envio-auto-lead-25-são-vicente-premium.html,404,MANTER_404,5,
https://praia.digital/outreach/por-lead/envio-auto-lead-26-mongaguá-atlântica.html,404,MANTER_404,5,
https://praia.digital/outreach/por-lead/envio-auto-lead-27-itanhaém-premium.html,404,MANTER_404,5,
https://praia.digital/outreach/por-lead/envio-auto-lead-28-itanhaém-mar.html,404,MANTER_404,5,
https://praia.digital/outreach/por-lead/envio-auto-lead-29-riviera-imóveis.html,404,MANTER_404,5,
https://praia.digital/outreach/por-lead/envio-auto-lead-3-ocean-blue-digital.html,404,MANTER_404,5,
https://praia.digital/outreach/por-lead/envio-auto-lead-3-ocean-blue-imóveis.html,404,MANTER_404,5,
https://praia.digital/outreach/por-lead/envio-auto-lead-30-tombo-imóveis.html,404,MANTER_404,5,
https://praia.digital/outreach/por-lead/envio-auto-lead-31-gonzaga-premium.html,404,MANTER_404,5,
https://praia.digital/outreach/por-lead/envio-auto-lead-32-boqueirão-imóveis.html,404,MANTER_404,5,
https://praia.digital/outreach/por-lead/envio-auto-lead-33-catiapoã-digital.html,404,MANTER_404,5,
https://praia.digital/outreach/por-lead/envio-auto-lead-34-caiçara-imóveis.html,404,MANTER_404,5,
https://praia.digital/outreach/por-lead/envio-auto-lead-34-costa-azul-imóveis.html,404,MANTER_404,5,
https://praia.digital/outreach/por-lead/envio-auto-lead-35-barra-de-peruíbe.html,404,MANTER_404,5,
https://praia.digital/outreach/por-lead/envio-auto-lead-36-mongaguá-litoral.html,404,MANTER_404,5,
https://praia.digital/outreach/por-lead/envio-auto-lead-37-josé-menino-premium.html,404,MANTER_404,5,
https://praia.digital/outreach/por-lead/envio-auto-lead-38-sul-imóveis-digital.html,404,MANTER_404,5,
https://praia.digital/outreach/por-lead/envio-auto-lead-39-ponta-da-praia.html,404,MANTER_404,5,
https://praia.digital/outreach/por-lead/envio-auto-lead-39-são-josé-imóveis.html,404,MANTER_404,5,
https://praia.digital/outreach/por-lead/envio-auto-lead-4-prime-imóveis-digital.html,404,MANTER_404,5,
https://praia.digital/outreach/por-lead/envio-auto-lead-40-peruíbe-atlântica.html,404,MANTER_404,5,
https://praia.digital/outreach/por-lead/envio-auto-lead-41-cibratel-imóveis.html,404,MANTER_404,5,
https://praia.digital/outreach/por-lead/envio-auto-lead-42-bertioga-premier.html,404,MANTER_404,5,
https://praia.digital/outreach/por-lead/envio-auto-lead-43-guarujá-prime.html,404,MANTER_404,5,
https://praia.digital/outreach/por-lead/envio-auto-lead-44-santos-digital.html,404,MANTER_404,5,
https://praia.digital/outreach/por-lead/envio-auto-lead-45-litoral-premium.html,404,MANTER_404,5,
https://praia.digital/outreach/por-lead/envio-auto-lead-46-abc-imóveis-litoral.html,404,MANTER_404,5,
https://praia.digital/outreach/por-lead/envio-auto-lead-47-tropical-realty.html,404,MANTER_404,5,
https://praia.digital/outreach/por-lead/envio-auto-lead-48-norte-praia.html,404,MANTER_404,5,
https://praia.digital/outreach/por-lead/envio-auto-lead-49-costa-norte.html,404,MANTER_404,5,
https://praia.digital/outreach/por-lead/envio-auto-lead-5-beta-imóveis-praia.html,404,MANTER_404,5,
https://praia.digital/outreach/por-lead/envio-auto-lead-50-costa-azul-premium.html,404,MANTER_404,5,
https://praia.digital/outreach/por-lead/envio-auto-lead-51-praia-grande-digital.html,404,MANTER_404,5,
https://praia.digital/outreach/por-lead/envio-auto-lead-52-santos-blue.html,404,MANTER_404,5,
https://praia.digital/outreach/por-lead/envio-auto-lead-53-guarujá-litoral.html,404,MANTER_404,5,
https://praia.digital/outreach/por-lead/envio-auto-lead-54-bertioga-imóveis.html,404,MANTER_404,5,
https://praia.digital/outreach/por-lead/envio-auto-lead-55-santos-premium.html,404,MANTER_404,5,
https://praia.digital/outreach/por-lead/envio-auto-lead-56-guarujá-blue.html,404,MANTER_404,5,
https://praia.digital/outreach/por-lead/envio-auto-lead-57-bertioga-digital.html,404,MANTER_404,5,
https://praia.digital/outreach/por-lead/envio-auto-lead-58-itanhaém-blue.html,404,MANTER_404,5,
https://praia.digital/outreach/por-lead/envio-auto-lead-59-peruíbe-premium.html,404,MANTER_404,5,
https://praia.digital/outreach/por-lead/envio-auto-lead-6-beta-imóveis-centro.html,404,MANTER_404,5,
https://praia.digital/outreach/por-lead/envio-auto-lead-60-litoral-tech-imóveis.html,404,MANTER_404,5,
https://praia.digital/outreach/por-lead/envio-auto-lead-65-mar-aberto-imóveis.html,404,MANTER_404,5,
https://praia.digital/outreach/por-lead/envio-auto-lead-66-santos-ocean-view.html,404,MANTER_404,5,
https://praia.digital/outreach/por-lead/envio-auto-lead-7-alpha-digital-imóveis.html,404,MANTER_404,5,
https://praia.digital/outreach/por-lead/envio-auto-lead-70-vila-nova-imóveis.html,404,MANTER_404,5,
https://praia.digital/outreach/por-lead/envio-auto-lead-75-enseada-blue.html,404,MANTER_404,5,
https://praia.digital/outreach/por-lead/envio-auto-lead-8-ocean-blue-digital.html,404,MANTER_404,5,
https://praia.digital/outreach/por-lead/envio-auto-lead-80-maresias-premium.html,404,MANTER_404,5,
https://praia.digital/outreach/por-lead/envio-auto-lead-9-ocean-blue-centro.html,404,MANTER_404,5,
https://praia.digital/outreach/por-lead/followup-72h-lead-1-alpha-imóveis-praia.html,404,MANTER_404,5,
https://praia.digital/outreach/por-lead/followup-72h-lead-10-região-sul-praia.html,404,MANTER_404,5,
https://praia.digital/outreach/por-lead/followup-72h-lead-11-imobiliária-litoral-litoral.html,404,MANTER_404,5,
https://praia.digital/outreach/por-lead/followup-72h-lead-12-norte-sul-site.html,404,MANTER_404,5,
https://praia.digital/outreach/por-lead/followup-72h-lead-121-santos-smart-home.html,404,MANTER_404,5,
https://praia.digital/outreach/por-lead/followup-72h-lead-129-riviera-business.html,404,MANTER_404,5,
https://praia.digital/outreach/por-lead/followup-72h-lead-13-mar-&-sol-praia.html,404,MANTER_404,5,
https://praia.digital/outreach/por-lead/followup-72h-lead-14-sol-&-mar-centro.html,404,MANTER_404,5,
https://praia.digital/outreach/por-lead/followup-72h-lead-14-são-vicente-realty.html,404,MANTER_404,5,
https://praia.digital/outreach/por-lead/followup-72h-lead-15-prime-imóveis-digital.html,404,MANTER_404,5,
https://praia.digital/outreach/por-lead/followup-72h-lead-16-atlântico-digital.html,404,MANTER_404,5,
https://praia.digital/outreach/por-lead/followup-72h-lead-17-região-sul-centro.html,404,MANTER_404,5,
https://praia.digital/outreach/por-lead/followup-72h-lead-176-santos-launch.html,404,MANTER_404,5,
https://praia.digital/outreach/por-lead/followup-72h-lead-18-mar-&-sol-litoral.html,404,MANTER_404,5,
https://praia.digital/outreach/por-lead/followup-72h-lead-19-litoral-norte-imóveis.html,404,MANTER_404,5,
https://praia.digital/outreach/por-lead/followup-72h-lead-2-região-sul-digital.html,404,MANTER_404,5,
https://praia.digital/outreach/por-lead/followup-72h-lead-20-costa-azul-imóveis.html,404,MANTER_404,5,
https://praia.digital/outreach/por-lead/followup-72h-lead-201-santos-elite.html,404,MANTER_404,5,
https://praia.digital/outreach/por-lead/followup-72h-lead-21-litoral-norte-premium.html,404,MANTER_404,5,
https://praia.digital/outreach/por-lead/followup-72h-lead-216-santos-prime.html,404,MANTER_404,5,
https://praia.digital/outreach/por-lead/followup-72h-lead-22-maresias-imóveis.html,404,MANTER_404,5,
https://praia.digital/outreach/por-lead/followup-72h-lead-23-enseada-digital.html,404,MANTER_404,5,
https://praia.digital/outreach/por-lead/followup-72h-lead-24-praia-grande-imóveis.html,404,MANTER_404,5,
https://praia.digital/outreach/por-lead/followup-72h-lead-25-são-vicente-premium.html,404,MANTER_404,5,
https://praia.digital/outreach/por-lead/followup-72h-lead-26-mongaguá-atlântica.html,404,MANTER_404,5,
https://praia.digital/outreach/por-lead/followup-72h-lead-27-itanhaém-premium.html,404,MANTER_404,5,
https://praia.digital/outreach/por-lead/followup-72h-lead-28-itanhaém-mar.html,404,MANTER_404,5,
https://praia.digital/outreach/por-lead/followup-72h-lead-29-riviera-imóveis.html,404,MANTER_404,5,
https://praia.digital/outreach/por-lead/followup-72h-lead-3-ocean-blue-digital.html,404,MANTER_404,5,
https://praia.digital/outreach/por-lead/followup-72h-lead-3-ocean-blue-imóveis.html,404,MANTER_404,5,
https://praia.digital/outreach/por-lead/followup-72h-lead-30-tombo-imóveis.html,404,MANTER_404,5,
https://praia.digital/outreach/por-lead/followup-72h-lead-31-gonzaga-premium.html,404,MANTER_404,5,
https://praia.digital/outreach/por-lead/followup-72h-lead-32-boqueirão-imóveis.html,404,MANTER_404,5,
https://praia.digital/outreach/por-lead/followup-72h-lead-33-catiapoã-digital.html,404,MANTER_404,5,
https://praia.digital/outreach/por-lead/followup-72h-lead-34-caiçara-imóveis.html,404,MANTER_404,5,
https://praia.digital/outreach/por-lead/followup-72h-lead-34-costa-azul-imóveis.html,404,MANTER_404,5,
https://praia.digital/outreach/por-lead/followup-72h-lead-35-barra-de-peruíbe.html,404,MANTER_404,5,
https://praia.digital/outreach/por-lead/followup-72h-lead-36-mongaguá-litoral.html,404,MANTER_404,5,
https://praia.digital/outreach/por-lead/followup-72h-lead-37-josé-menino-premium.html,404,MANTER_404,5,
https://praia.digital/outreach/por-lead/followup-72h-lead-38-sul-imóveis-digital.html,404,MANTER_404,5,
https://praia.digital/outreach/por-lead/followup-72h-lead-39-ponta-da-praia.html,404,MANTER_404,5,
https://praia.digital/outreach/por-lead/followup-72h-lead-39-são-josé-imóveis.html,404,MANTER_404,5,
https://praia.digital/outreach/por-lead/followup-72h-lead-4-prime-imóveis-digital.html,404,MANTER_404,5,
https://praia.digital/outreach/por-lead/followup-72h-lead-40-peruíbe-atlântica.html,404,MANTER_404,5,
https://praia.digital/outreach/por-lead/followup-72h-lead-41-cibratel-imóveis.html,404,MANTER_404,5,
https://praia.digital/outreach/por-lead/followup-72h-lead-42-bertioga-premier.html,404,MANTER_404,5,
https://praia.digital/outreach/por-lead/followup-72h-lead-43-guarujá-prime.html,404,MANTER_404,5,
https://praia.digital/outreach/por-lead/followup-72h-lead-44-santos-digital.html,404,MANTER_404,5,
https://praia.digital/outreach/por-lead/followup-72h-lead-45-litoral-premium.html,404,MANTER_404,5,
https://praia.digital/outreach/por-lead/followup-72h-lead-46-abc-imóveis-litoral.html,404,MANTER_404,5,
https://praia.digital/outreach/por-lead/followup-72h-lead-47-tropical-realty.html,404,MANTER_404,5,
https://praia.digital/outreach/por-lead/followup-72h-lead-48-norte-praia.html,404,MANTER_404,5,
https://praia.digital/outreach/por-lead/followup-72h-lead-49-costa-norte.html,404,MANTER_404,5,
https://praia.digital/outreach/por-lead/followup-72h-lead-5-beta-imóveis-praia.html,404,MANTER_404,5,
https://praia.digital/outreach/por-lead/followup-72h-lead-50-costa-azul-premium.html,404,MANTER_404,5,
https://praia.digital/outreach/por-lead/followup-72h-lead-51-praia-grande-digital.html,404,MANTER_404,5,
https://praia.digital/outreach/por-lead/followup-72h-lead-52-santos-blue.html,404,MANTER_404,5,
https://praia.digital/outreach/por-lead/followup-72h-lead-53-guarujá-litoral.html,404,MANTER_404,5,
https://praia.digital/outreach/por-lead/followup-72h-lead-54-bertioga-imóveis.html,404,MANTER_404,5,
https://praia.digital/outreach/por-lead/followup-72h-lead-55-santos-premium.html,404,MANTER_404,5,
https://praia.digital/outreach/por-lead/followup-72h-lead-56-guarujá-blue.html,404,MANTER_404,5,
https://praia.digital/outreach/por-lead/followup-72h-lead-57-bertioga-digital.html,404,MANTER_404,5,
https://praia.digital/outreach/por-lead/followup-72h-lead-58-itanhaém-blue.html,404,MANTER_404,5,
https://praia.digital/outreach/por-lead/followup-72h-lead-59-peruíbe-premium.html,404,MANTER_404,5,
https://praia.digital/outreach/por-lead/followup-72h-lead-6-beta-imóveis-centro.html,404,MANTER_404,5,
https://praia.digital/outreach/por-lead/followup-72h-lead-60-litoral-tech-imóveis.html,404,MANTER_404,5,
https://praia.digital/outreach/por-lead/followup-72h-lead-65-mar-aberto-imóveis.html,404,MANTER_404,5,
https://praia.digital/outreach/por-lead/followup-72h-lead-66-santos-ocean-view.html,404,MANTER_404,5,
https://praia.digital/outreach/por-lead/followup-72h-lead-7-alpha-digital-imóveis.html,404,MANTER_404,5,
https://praia.digital/outreach/por-lead/followup-72h-lead-70-vila-nova-imóveis.html,404,MANTER_404,5,
https://praia.digital/outreach/por-lead/followup-72h-lead-75-enseada-blue.html,404,MANTER_404,5,
https://praia.digital/outreach/por-lead/followup-72h-lead-8-ocean-blue-digital.html,404,MANTER_404,5,
https://praia.digital/outreach/por-lead/followup-72h-lead-80-maresias-premium.html,404,MANTER_404,5,
https://praia.digital/outreach/por-lead/followup-72h-lead-9-ocean-blue-centro.html,404,MANTER_404,5,
https://praia.digital/outreach/por-lead/followup-72h-lead-91-santos-tower-imóveis.html,404,MANTER_404,5,
https://praia.digital/outreach/por-lead/followup-7d-lead-1-alpha-imóveis-praia.html,404,MANTER_404,5,
https://praia.digital/outreach/por-lead/followup-7d-lead-10-região-sul-praia.html,404,MANTER_404,5,
https://praia.digital/outreach/por-lead/followup-7d-lead-11-imobiliária-litoral-litoral.html,404,MANTER_404,5,
https://praia.digital/outreach/por-lead/followup-7d-lead-12-norte-sul-site.html,404,MANTER_404,5,
https://praia.digital/outreach/por-lead/followup-7d-lead-121-santos-smart-home.html,404,MANTER_404,5,
https://praia.digital/outreach/por-lead/followup-7d-lead-129-riviera-business.html,404,MANTER_404,5,
https://praia.digital/outreach/por-lead/followup-7d-lead-13-mar-&-sol-praia.html,404,MANTER_404,5,
https://praia.digital/outreach/por-lead/followup-7d-lead-14-sol-&-mar-centro.html,404,MANTER_404,5,
https://praia.digital/outreach/por-lead/followup-7d-lead-14-são-vicente-realty.html,404,MANTER_404,5,
https://praia.digital/outreach/por-lead/followup-7d-lead-15-prime-imóveis-digital.html,404,MANTER_404,5,
https://praia.digital/outreach/por-lead/followup-7d-lead-16-atlântico-digital.html,404,MANTER_404,5,
https://praia.digital/outreach/por-lead/followup-7d-lead-17-região-sul-centro.html,404,MANTER_404,5,
https://praia.digital/outreach/por-lead/followup-7d-lead-176-santos-launch.html,404,MANTER_404,5,
https://praia.digital/outreach/por-lead/followup-7d-lead-18-mar-&-sol-litoral.html,404,MANTER_404,5,
https://praia.digital/outreach/por-lead/followup-7d-lead-19-litoral-norte-imóveis.html,404,MANTER_404,5,
https://praia.digital/outreach/por-lead/followup-7d-lead-2-região-sul-digital.html,404,MANTER_404,5,
https://praia.digital/outreach/por-lead/followup-7d-lead-20-costa-azul-imóveis.html,404,MANTER_404,5,
https://praia.digital/outreach/por-lead/followup-7d-lead-201-santos-elite.html,404,MANTER_404,5,
https://praia.digital/outreach/por-lead/followup-7d-lead-21-litoral-norte-premium.html,404,MANTER_404,5,
https://praia.digital/outreach/por-lead/followup-7d-lead-216-santos-prime.html,404,MANTER_404,5,
https://praia.digital/outreach/por-lead/followup-7d-lead-22-maresias-imóveis.html,404,MANTER_404,5,
https://praia.digital/outreach/por-lead/followup-7d-lead-23-enseada-digital.html,404,MANTER_404,5,
https://praia.digital/outreach/por-lead/followup-7d-lead-24-praia-grande-imóveis.html,404,MANTER_404,5,
https://praia.digital/outreach/por-lead/followup-7d-lead-25-são-vicente-premium.html,404,MANTER_404,5,
https://praia.digital/outreach/por-lead/followup-7d-lead-26-mongaguá-atlântica.html,404,MANTER_404,5,
https://praia.digital/outreach/por-lead/followup-7d-lead-27-itanhaém-premium.html,404,MANTER_404,5,
https://praia.digital/outreach/por-lead/followup-7d-lead-28-itanhaém-mar.html,404,MANTER_404,5,
https://praia.digital/outreach/por-lead/followup-7d-lead-29-riviera-imóveis.html,404,MANTER_404,5,
https://praia.digital/outreach/por-lead/followup-7d-lead-3-ocean-blue-digital.html,404,MANTER_404,5,
https://praia.digital/outreach/por-lead/followup-7d-lead-3-ocean-blue-imóveis.html,404,MANTER_404,5,
https://praia.digital/outreach/por-lead/followup-7d-lead-30-tombo-imóveis.html,404,MANTER_404,5,
https://praia.digital/outreach/por-lead/followup-7d-lead-31-gonzaga-premium.html,404,MANTER_404,5,
https://praia.digital/outreach/por-lead/followup-7d-lead-32-boqueirão-imóveis.html,404,MANTER_404,5,
https://praia.digital/outreach/por-lead/followup-7d-lead-33-catiapoã-digital.html,404,MANTER_404,5,
https://praia.digital/outreach/por-lead/followup-7d-lead-34-caiçara-imóveis.html,404,MANTER_404,5,
https://praia.digital/outreach/por-lead/followup-7d-lead-34-costa-azul-imóveis.html,404,MANTER_404,5,
https://praia.digital/outreach/por-lead/followup-7d-lead-35-barra-de-peruíbe.html,404,MANTER_404,5,
https://praia.digital/outreach/por-lead/followup-7d-lead-36-mongaguá-litoral.html,404,MANTER_404,5,
https://praia.digital/outreach/por-lead/followup-7d-lead-37-josé-menino-premium.html,404,MANTER_404,5,
https://praia.digital/outreach/por-lead/followup-7d-lead-38-sul-imóveis-digital.html,404,MANTER_404,5,
https://praia.digital/outreach/por-lead/followup-7d-lead-39-ponta-da-praia.html,404,MANTER_404,5,
https://praia.digital/outreach/por-lead/followup-7d-lead-39-são-josé-imóveis.html,404,MANTER_404,5,
https://praia.digital/outreach/por-lead/followup-7d-lead-4-prime-imóveis-digital.html,404,MANTER_404,5,
https://praia.digital/outreach/por-lead/followup-7d-lead-40-peruíbe-atlântica.html,404,MANTER_404,5,
https://praia.digital/outreach/por-lead/followup-7d-lead-41-cibratel-imóveis.html,404,MANTER_404,5,
https://praia.digital/outreach/por-lead/followup-7d-lead-42-bertioga-premier.html,404,MANTER_404,5,
https://praia.digital/outreach/por-lead/followup-7d-lead-43-guarujá-prime.html,404,MANTER_404,5,
https://praia.digital/outreach/por-lead/followup-7d-lead-44-santos-digital.html,404,MANTER_404,5,
https://praia.digital/outreach/por-lead/followup-7d-lead-45-litoral-premium.html,404,MANTER_404,5,
https://praia.digital/outreach/por-lead/followup-7d-lead-46-abc-imóveis-litoral.html,404,MANTER_404,5,
https://praia.digital/outreach/por-lead/followup-7d-lead-47-tropical-realty.html,404,MANTER_404,5,
https://praia.digital/outreach/por-lead/followup-7d-lead-48-norte-praia.html,404,MANTER_404,5,
https://praia.digital/outreach/por-lead/followup-7d-lead-49-costa-norte.html,404,MANTER_404,5,
https://praia.digital/outreach/por-lead/followup-7d-lead-5-beta-imóveis-praia.html,404,MANTER_404,5,
https://praia.digital/outreach/por-lead/followup-7d-lead-50-costa-azul-premium.html,404,MANTER_404,5,
https://praia.digital/outreach/por-lead/followup-7d-lead-51-praia-grande-digital.html,404,MANTER_404,5,
https://praia.digital/outreach/por-lead/followup-7d-lead-52-santos-blue.html,404,MANTER_404,5,
https://praia.digital/outreach/por-lead/followup-7d-lead-53-guarujá-litoral.html,404,MANTER_404,5,
https://praia.digital/outreach/por-lead/followup-7d-lead-54-bertioga-imóveis.html,404,MANTER_404,5,
https://praia.digital/outreach/por-lead/followup-7d-lead-55-santos-premium.html,404,MANTER_404,5,
https://praia.digital/outreach/por-lead/followup-7d-lead-56-guarujá-blue.html,404,MANTER_404,5,
https://praia.digital/outreach/por-lead/followup-7d-lead-57-bertioga-digital.html,404,MANTER_404,5,
https://praia.digital/outreach/por-lead/followup-7d-lead-58-itanhaém-blue.html,404,MANTER_404,5,
https://praia.digital/outreach/por-lead/followup-7d-lead-59-peruíbe-premium.html,404,MANTER_404,5,
https://praia.digital/outreach/por-lead/followup-7d-lead-6-beta-imóveis-centro.html,404,MANTER_404,5,
https://praia.digital/outreach/por-lead/followup-7d-lead-60-litoral-tech-imóveis.html,404,MANTER_404,5,
https://praia.digital/outreach/por-lead/followup-7d-lead-65-mar-aberto-imóveis.html,404,MANTER_404,5,
https://praia.digital/outreach/por-lead/followup-7d-lead-66-santos-ocean-view.html,404,MANTER_404,5,
https://praia.digital/outreach/por-lead/followup-7d-lead-7-alpha-digital-imóveis.html,404,MANTER_404,5,
https://praia.digital/outreach/por-lead/followup-7d-lead-70-vila-nova-imóveis.html,404,MANTER_404,5,
https://praia.digital/outreach/por-lead/followup-7d-lead-75-enseada-blue.html,404,MANTER_404,5,
https://praia.digital/outreach/por-lead/followup-7d-lead-8-ocean-blue-digital.html,404,MANTER_404,5,
https://praia.digital/outreach/por-lead/followup-7d-lead-80-maresias-premium.html,404,MANTER_404,5,
https://praia.digital/outreach/por-lead/followup-7d-lead-9-ocean-blue-centro.html,404,MANTER_404,5,
https://praia.digital/outreach/por-lead/followup-7d-lead-91-santos-tower-imóveis.html,404,MANTER_404,5,
https://praia.digital/outreach/por-lead/lead-001-porto-da-lua-prime.html,404,MANTER_404,5,
https://praia.digital/outreach/por-lead/lead-001.html,404,MANTER_404,5,
https://praia.digital/outreach/por-lead/lead-002-praia-grande-site-view.html,404,MANTER_404,5,
https://praia.digital/outreach/por-lead/lead-002.html,404,MANTER_404,5,
https://praia.digital/outreach/por-lead/lead-003-porto-da-lua-blue.html,404,MANTER_404,5,
https://praia.digital/outreach/por-lead/lead-003.html,404,MANTER_404,5,
https://praia.digital/outreach/por-lead/lead-004-prime-imóveis-centro.html,404,MANTER_404,5,
https://praia.digital/outreach/por-lead/lead-004.html,404,MANTER_404,5,
https://praia.digital/outreach/por-lead/lead-005-costa-verde-imóveis.html,404,MANTER_404,5,
https://praia.digital/outreach/por-lead/lead-005.html,404,MANTER_404,5,
https://praia.digital/outreach/por-lead/lead-006.html,404,MANTER_404,5,
https://praia.digital/outreach/por-lead/lead-007.html,404,MANTER_404,5,
https://praia.digital/outreach/por-lead/lead-008.html,404,MANTER_404,5,
https://praia.digital/outreach/por-lead/lead-009.html,404,MANTER_404,5,
https://praia.digital/outreach/por-lead/lead-01.html,404,MANTER_404,5,
https://praia.digital/outreach/por-lead/lead-010.html,404,MANTER_404,5,
https://praia.digital/outreach/por-lead/lead-011.html,404,MANTER_404,5,
https://praia.digital/outreach/por-lead/lead-012.html,404,MANTER_404,5,
https://praia.digital/outreach/por-lead/lead-013.html,404,MANTER_404,5,
https://praia.digital/outreach/por-lead/lead-014.html,404,MANTER_404,5,
https://praia.digital/outreach/por-lead/lead-015.html,404,MANTER_404,5,
https://praia.digital/outreach/por-lead/lead-016.html,404,MANTER_404,5,
https://praia.digital/outreach/por-lead/lead-017.html,404,MANTER_404,5,
https://praia.digital/outreach/por-lead/lead-018.html,404,MANTER_404,5,
https://praia.digital/outreach/por-lead/lead-019.html,404,MANTER_404,5,
https://praia.digital/outreach/por-lead/lead-02.html,404,MANTER_404,5,
https://praia.digital/outreach/por-lead/lead-020.html,404,MANTER_404,5,
https://praia.digital/outreach/por-lead/lead-03.html,404,MANTER_404,5,
https://praia.digital/outreach/por-lead/lead-04.html,404,MANTER_404,5,
https://praia.digital/outreach/por-lead/lead-05.html,404,MANTER_404,5,
https://praia.digital/outreach/por-lead/lead-06.html,404,MANTER_404,5,
https://praia.digital/outreach/por-lead/lead-07.html,404,MANTER_404,5,
https://praia.digital/outreach/por-lead/lead-08.html,404,MANTER_404,5,
https://praia.digital/outreach/por-lead/lead-09.html,404,MANTER_404,5,
https://praia.digital/outreach/por-lead/lead-10.html,404,MANTER_404,5,
https://praia.digital/outreach/por-lead/lead-100.html,404,MANTER_404,5,
https://praia.digital/outreach/por-lead/lead-101.html,404,MANTER_404,5,
https://praia.digital/outreach/por-lead/lead-102.html,404,MANTER_404,5,
https://praia.digital/outreach/por-lead/lead-103.html,404,MANTER_404,5,
https://praia.digital/outreach/por-lead/lead-104.html,404,MANTER_404,5,
https://praia.digital/outreach/por-lead/lead-105.html,404,MANTER_404,5,
https://praia.digital/outreach/por-lead/lead-106.html,404,MANTER_404,5,
https://praia.digital/outreach/por-lead/lead-107.html,404,MANTER_404,5,
https://praia.digital/outreach/por-lead/lead-108.html,404,MANTER_404,5,
https://praia.digital/outreach/por-lead/lead-109.html,404,MANTER_404,5,
https://praia.digital/outreach/por-lead/lead-11.html,404,MANTER_404,5,
https://praia.digital/outreach/por-lead/lead-110.html,404,MANTER_404,5,
https://praia.digital/outreach/por-lead/lead-111.html,404,MANTER_404,5,
https://praia.digital/outreach/por-lead/lead-112.html,404,MANTER_404,5,
https://praia.digital/outreach/por-lead/lead-113.html,404,MANTER_404,5,
https://praia.digital/outreach/por-lead/lead-114.html,404,MANTER_404,5,
https://praia.digital/outreach/por-lead/lead-115.html,404,MANTER_404,5,
https://praia.digital/outreach/por-lead/lead-116.html,404,MANTER_404,5,
https://praia.digital/outreach/por-lead/lead-117.html,404,MANTER_404,5,
https://praia.digital/outreach/por-lead/lead-118.html,404,MANTER_404,5,
https://praia.digital/outreach/por-lead/lead-119.html,404,MANTER_404,5,
https://praia.digital/outreach/por-lead/lead-12.html,404,MANTER_404,5,
https://praia.digital/outreach/por-lead/lead-120.html,404,MANTER_404,5,
https://praia.digital/outreach/por-lead/lead-121.html,404,MANTER_404,5,
https://praia.digital/outreach/por-lead/lead-122.html,404,MANTER_404,5,
https://praia.digital/outreach/por-lead/lead-123.html,404,MANTER_404,5,
https://praia.digital/outreach/por-lead/lead-124.html,404,MANTER_404,5,
https://praia.digital/outreach/por-lead/lead-125.html,404,MANTER_404,5,
https://praia.digital/outreach/por-lead/lead-126.html,404,MANTER_404,5,
https://praia.digital/outreach/por-lead/lead-127.html,404,MANTER_404,5,
https://praia.digital/outreach/por-lead/lead-128.html,404,MANTER_404,5,
https://praia.digital/outreach/por-lead/lead-129.html,404,MANTER_404,5,
https://praia.digital/outreach/por-lead/lead-13.html,404,MANTER_404,5,
https://praia.digital/outreach/por-lead/lead-130.html,404,MANTER_404,5,
https://praia.digital/outreach/por-lead/lead-131.html,404,MANTER_404,5,
https://praia.digital/outreach/por-lead/lead-132.html,404,MANTER_404,5,
https://praia.digital/outreach/por-lead/lead-133.html,404,MANTER_404,5,
https://praia.digital/outreach/por-lead/lead-134.html,404,MANTER_404,5,
https://praia.digital/outreach/por-lead/lead-135.html,404,MANTER_404,5,
https://praia.digital/outreach/por-lead/lead-136.html,404,MANTER_404,5,
https://praia.digital/outreach/por-lead/lead-137.html,404,MANTER_404,5,
https://praia.digital/outreach/por-lead/lead-138.html,404,MANTER_404,5,
https://praia.digital/outreach/por-lead/lead-139.html,404,MANTER_404,5,
https://praia.digital/outreach/por-lead/lead-14.html,404,MANTER_404,5,
https://praia.digital/outreach/por-lead/lead-140.html,404,MANTER_404,5,
https://praia.digital/outreach/por-lead/lead-141.html,404,MANTER_404,5,
https://praia.digital/outreach/por-lead/lead-142.html,404,MANTER_404,5,
https://praia.digital/outreach/por-lead/lead-143.html,404,MANTER_404,5,
https://praia.digital/outreach/por-lead/lead-144.html,404,MANTER_404,5,
https://praia.digital/outreach/por-lead/lead-145.html,404,MANTER_404,5,
https://praia.digital/outreach/por-lead/lead-146.html,404,MANTER_404,5,
https://praia.digital/outreach/por-lead/lead-147.html,404,MANTER_404,5,
https://praia.digital/outreach/por-lead/lead-148.html,404,MANTER_404,5,
https://praia.digital/outreach/por-lead/lead-149.html,404,MANTER_404,5,
https://praia.digital/outreach/por-lead/lead-15.html,404,MANTER_404,5,
https://praia.digital/outreach/por-lead/lead-150.html,404,MANTER_404,5,
https://praia.digital/outreach/por-lead/lead-151.html,404,MANTER_404,5,
https://praia.digital/outreach/por-lead/lead-152.html,404,MANTER_404,5,
https://praia.digital/outreach/por-lead/lead-153.html,404,MANTER_404,5,
https://praia.digital/outreach/por-lead/lead-154.html,404,MANTER_404,5,
https://praia.digital/outreach/por-lead/lead-155.html,404,MANTER_404,5,
https://praia.digital/outreach/por-lead/lead-156.html,404,MANTER_404,5,
https://praia.digital/outreach/por-lead/lead-157.html,404,MANTER_404,5,
https://praia.digital/outreach/por-lead/lead-158.html,404,MANTER_404,5,
https://praia.digital/outreach/por-lead/lead-159.html,404,MANTER_404,5,
https://praia.digital/outreach/por-lead/lead-16.html,404,MANTER_404,5,
https://praia.digital/outreach/por-lead/lead-160.html,404,MANTER_404,5,
https://praia.digital/outreach/por-lead/lead-17.html,404,MANTER_404,5,
https://praia.digital/outreach/por-lead/lead-176.html,404,MANTER_404,5,
https://praia.digital/outreach/por-lead/lead-177.html,404,MANTER_404,5,
https://praia.digital/outreach/por-lead/lead-178.html,404,MANTER_404,5,
https://praia.digital/outreach/por-lead/lead-179.html,404,MANTER_404,5,
https://praia.digital/outreach/por-lead/lead-18.html,404,MANTER_404,5,
https://praia.digital/outreach/por-lead/lead-180.html,404,MANTER_404,5,
https://praia.digital/outreach/por-lead/lead-181.html,404,MANTER_404,5,
https://praia.digital/outreach/por-lead/lead-182.html,404,MANTER_404,5,
https://praia.digital/outreach/por-lead/lead-183.html,404,MANTER_404,5,
https://praia.digital/outreach/por-lead/lead-184.html,404,MANTER_404,5,
https://praia.digital/outreach/por-lead/lead-185.html,404,MANTER_404,5,
https://praia.digital/outreach/por-lead/lead-186.html,404,MANTER_404,5,
https://praia.digital/outreach/por-lead/lead-187.html,404,MANTER_404,5,
https://praia.digital/outreach/por-lead/lead-188.html,404,MANTER_404,5,
https://praia.digital/outreach/por-lead/lead-189.html,404,MANTER_404,5,
https://praia.digital/outreach/por-lead/lead-19.html,404,MANTER_404,5,
https://praia.digital/outreach/por-lead/lead-190.html,404,MANTER_404,5,
https://praia.digital/outreach/por-lead/lead-191.html,404,MANTER_404,5,
https://praia.digital/outreach/por-lead/lead-192.html,404,MANTER_404,5,
https://praia.digital/outreach/por-lead/lead-193.html,404,MANTER_404,5,
https://praia.digital/outreach/por-lead/lead-194.html,404,MANTER_404,5,
https://praia.digital/outreach/por-lead/lead-195.html,404,MANTER_404,5,
https://praia.digital/outreach/por-lead/lead-196.html,404,MANTER_404,5,
https://praia.digital/outreach/por-lead/lead-197.html,404,MANTER_404,5,
https://praia.digital/outreach/por-lead/lead-198.html,404,MANTER_404,5,
https://praia.digital/outreach/por-lead/lead-199.html,404,MANTER_404,5,
https://praia.digital/outreach/por-lead/lead-20.html,404,MANTER_404,5,
https://praia.digital/outreach/por-lead/lead-200.html,404,MANTER_404,5,
https://praia.digital/outreach/por-lead/lead-201.html,404,MANTER_404,5,
https://praia.digital/outreach/por-lead/lead-202.html,404,MANTER_404,5,
https://praia.digital/outreach/por-lead/lead-203.html,404,MANTER_404,5,
https://praia.digital/outreach/por-lead/lead-204.html,404,MANTER_404,5,
https://praia.digital/outreach/por-lead/lead-205.html,404,MANTER_404,5,
https://praia.digital/outreach/por-lead/lead-206.html,404,MANTER_404,5,
https://praia.digital/outreach/por-lead/lead-207.html,404,MANTER_404,5,
https://praia.digital/outreach/por-lead/lead-208.html,404,MANTER_404,5,
https://praia.digital/outreach/por-lead/lead-209.html,404,MANTER_404,5,
https://praia.digital/outreach/por-lead/lead-21.html,404,MANTER_404,5,
https://praia.digital/outreach/por-lead/lead-210.html,404,MANTER_404,5,
https://praia.digital/outreach/por-lead/lead-211.html,404,MANTER_404,5,
https://praia.digital/outreach/por-lead/lead-212.html,404,MANTER_404,5,
https://praia.digital/outreach/por-lead/lead-213.html,404,MANTER_404,5,
https://praia.digital/outreach/por-lead/lead-214.html,404,MANTER_404,5,
https://praia.digital/outreach/por-lead/lead-215.html,404,MANTER_404,5,
https://praia.digital/outreach/por-lead/lead-216.html,404,MANTER_404,5,
https://praia.digital/outreach/por-lead/lead-217.html,404,MANTER_404,5,
https://praia.digital/outreach/por-lead/lead-218.html,404,MANTER_404,5,
https://praia.digital/outreach/por-lead/lead-219.html,404,MANTER_404,5,
https://praia.digital/outreach/por-lead/lead-22.html,404,MANTER_404,5,
https://praia.digital/outreach/por-lead/lead-220.html,404,MANTER_404,5,
https://praia.digital/outreach/por-lead/lead-23.html,404,MANTER_404,5,
https://praia.digital/outreach/por-lead/lead-24.html,404,MANTER_404,5,
https://praia.digital/outreach/por-lead/lead-25.html,404,MANTER_404,5,
https://praia.digital/outreach/por-lead/lead-26.html,404,MANTER_404,5,
https://praia.digital/outreach/por-lead/lead-27.html,404,MANTER_404,5,
https://praia.digital/outreach/por-lead/lead-28.html,404,MANTER_404,5,
https://praia.digital/outreach/por-lead/lead-29.html,404,MANTER_404,5,
https://praia.digital/outreach/por-lead/lead-30.html,404,MANTER_404,5,
https://praia.digital/outreach/por-lead/lead-31.html,404,MANTER_404,5,
https://praia.digital/outreach/por-lead/lead-32.html,404,MANTER_404,5,
https://praia.digital/outreach/por-lead/lead-33.html,404,MANTER_404,5,
https://praia.digital/outreach/por-lead/lead-34.html,404,MANTER_404,5,
https://praia.digital/outreach/por-lead/lead-35.html,404,MANTER_404,5,
https://praia.digital/outreach/por-lead/lead-36.html,404,MANTER_404,5,
https://praia.digital/outreach/por-lead/lead-37.html,404,MANTER_404,5,
https://praia.digital/outreach/por-lead/lead-38.html,404,MANTER_404,5,
https://praia.digital/outreach/por-lead/lead-39.html,404,MANTER_404,5,
https://praia.digital/outreach/por-lead/lead-40.html,404,MANTER_404,5,
https://praia.digital/outreach/por-lead/lead-41.html,404,MANTER_404,5,
https://praia.digital/outreach/por-lead/lead-42.html,404,MANTER_404,5,
https://praia.digital/outreach/por-lead/lead-43.html,404,MANTER_404,5,
https://praia.digital/outreach/por-lead/lead-44.html,404,MANTER_404,5,
https://praia.digital/outreach/por-lead/lead-45.html,404,MANTER_404,5,
https://praia.digital/outreach/por-lead/lead-46.html,404,MANTER_404,5,
https://praia.digital/outreach/por-lead/lead-47.html,404,MANTER_404,5,
https://praia.digital/outreach/por-lead/lead-48.html,404,MANTER_404,5,
https://praia.digital/outreach/por-lead/lead-49.html,404,MANTER_404,5,
https://praia.digital/outreach/por-lead/lead-50.html,404,MANTER_404,5,
https://praia.digital/outreach/por-lead/lead-51.html,404,MANTER_404,5,
https://praia.digital/outreach/por-lead/lead-52.html,404,MANTER_404,5,
https://praia.digital/outreach/por-lead/lead-53.html,404,MANTER_404,5,
https://praia.digital/outreach/por-lead/lead-54.html,404,MANTER_404,5,
https://praia.digital/outreach/por-lead/lead-55.html,404,MANTER_404,5,
https://praia.digital/outreach/por-lead/lead-56.html,404,MANTER_404,5,
https://praia.digital/outreach/por-lead/lead-57.html,404,MANTER_404,5,
https://praia.digital/outreach/por-lead/lead-58.html,404,MANTER_404,5,
https://praia.digital/outreach/por-lead/lead-59.html,404,MANTER_404,5,
https://praia.digital/outreach/por-lead/lead-60.html,404,MANTER_404,5,
https://praia.digital/outreach/por-lead/lead-61.html,404,MANTER_404,5,
https://praia.digital/outreach/por-lead/lead-62.html,404,MANTER_404,5,
https://praia.digital/outreach/por-lead/lead-63.html,404,MANTER_404,5,
https://praia.digital/outreach/por-lead/lead-64.html,404,MANTER_404,5,
https://praia.digital/outreach/por-lead/lead-65.html,404,MANTER_404,5,
https://praia.digital/outreach/por-lead/lead-66.html,404,MANTER_404,5,
https://praia.digital/outreach/por-lead/lead-67.html,404,MANTER_404,5,
https://praia.digital/outreach/por-lead/lead-68.html,404,MANTER_404,5,
https://praia.digital/outreach/por-lead/lead-69.html,404,MANTER_404,5,
https://praia.digital/outreach/por-lead/lead-70.html,404,MANTER_404,5,
https://praia.digital/outreach/por-lead/lead-71.html,404,MANTER_404,5,
https://praia.digital/outreach/por-lead/lead-72.html,404,MANTER_404,5,
https://praia.digital/outreach/por-lead/lead-73.html,404,MANTER_404,5,
https://praia.digital/outreach/por-lead/lead-74.html,404,MANTER_404,5,
https://praia.digital/outreach/por-lead/lead-75.html,404,MANTER_404,5,
https://praia.digital/outreach/por-lead/lead-76.html,404,MANTER_404,5,
https://praia.digital/outreach/por-lead/lead-77.html,404,MANTER_404,5,
https://praia.digital/outreach/por-lead/lead-78.html,404,MANTER_404,5,
https://praia.digital/outreach/por-lead/lead-79.html,404,MANTER_404,5,
https://praia.digital/outreach/por-lead/lead-80.html,404,MANTER_404,5,
https://praia.digital/outreach/por-lead/lead-81.html,404,MANTER_404,5,
https://praia.digital/outreach/por-lead/lead-82.html,404,MANTER_404,5,
https://praia.digital/outreach/por-lead/lead-83.html,404,MANTER_404,5,
https://praia.digital/outreach/por-lead/lead-84.html,404,MANTER_404,5,
https://praia.digital/outreach/por-lead/lead-85.html,404,MANTER_404,5,
https://praia.digital/outreach/por-lead/lead-86.html,404,MANTER_404,5,
https://praia.digital/outreach/por-lead/lead-87.html,404,MANTER_404,5,
https://praia.digital/outreach/por-lead/lead-88.html,404,MANTER_404,5,
https://praia.digital/outreach/por-lead/lead-89.html,404,MANTER_404,5,
https://praia.digital/outreach/por-lead/lead-90.html,404,MANTER_404,5,
https://praia.digital/outreach/por-lead/lead-91.html,404,MANTER_404,5,
https://praia.digital/outreach/por-lead/lead-92.html,404,MANTER_404,5,
https://praia.digital/outreach/por-lead/lead-93.html,404,MANTER_404,5,
https://praia.digital/outreach/por-lead/lead-94.html,404,MANTER_404,5,
https://praia.digital/outreach/por-lead/lead-95.html,404,MANTER_404,5,
https://praia.digital/outreach/por-lead/lead-96.html,404,MANTER_404,5,
https://praia.digital/outreach/por-lead/lead-97.html,404,MANTER_404,5,
https://praia.digital/outreach/por-lead/lead-98.html,404,MANTER_404,5,
https://praia.digital/outreach/por-lead/lead-99.html,404,MANTER_404,5,
https://praia.digital/outreach/proposta-comercial-lead-631.html,404,MANTER_404,5,
https://praia.digital/outreach/proposta-comercial-lead-654.html,404,MANTER_404,5,
https://praia.digital/outreach/proposta-comercial-lead-655.html,404,MANTER_404,5,
https://praia.digital/outreach/proposta-comercial-padrao-2026.html,404,MANTER_404,5,
https://praia.digital/outreach/proposta-comercial-padrao-parcerias-praia-digital-2026.html,404,MANTER_404,5,
https://praia.digital/outreach/proposta-comercial-por-perfil-praia-digital-2026.html,404,MANTER_404,5,
https://praia.digital/outreach/proposta-comercial-pos-demo.html,404,MANTER_404,5,
https://praia.digital/outreach/proposta-rapida-whatsapp-2026.html,404,MANTER_404,5,
https://praia.digital/outreach/prospeccao-consorcio-parceiros.html,404,MANTER_404,5,
https://praia.digital/outreach/prospeccao-investidores-2026.html,404,MANTER_404,5,
https://praia.digital/outreach/prospeccao-lead-10-peruíbe.html,404,MANTER_404,5,
https://praia.digital/outreach/prospeccao-lead-101-santos.html,404,MANTER_404,5,
https://praia.digital/outreach/prospeccao-lead-106-peruíbe.html,404,MANTER_404,5,
https://praia.digital/outreach/prospeccao-lead-109-bertioga.html,404,MANTER_404,5,
https://praia.digital/outreach/prospeccao-lead-111-santos.html,404,MANTER_404,5,
https://praia.digital/outreach/prospeccao-lead-112-santos.html,404,MANTER_404,5,
https://praia.digital/outreach/prospeccao-lead-114-praia-grande.html,404,MANTER_404,5,
https://praia.digital/outreach/prospeccao-lead-121-santos.html,404,MANTER_404,5,
https://praia.digital/outreach/prospeccao-lead-126-peruíbe.html,404,MANTER_404,5,
https://praia.digital/outreach/prospeccao-lead-129-bertioga.html,404,MANTER_404,5,
https://praia.digital/outreach/prospeccao-lead-134-praia-grande.html,404,MANTER_404,5,
https://praia.digital/outreach/prospeccao-lead-141-santos.html,404,MANTER_404,5,
https://praia.digital/outreach/prospeccao-lead-149-bertioga.html,404,MANTER_404,5,
https://praia.digital/outreach/prospeccao-lead-15-guarujá.html,404,MANTER_404,5,
https://praia.digital/outreach/prospeccao-lead-154-praia-grande.html,404,MANTER_404,5,
https://praia.digital/outreach/prospeccao-lead-161-santos.html,404,MANTER_404,5,
https://praia.digital/outreach/prospeccao-lead-169-bertioga.html,404,MANTER_404,5,
https://praia.digital/outreach/prospeccao-lead-174-praia-grande.html,404,MANTER_404,5,
https://praia.digital/outreach/prospeccao-lead-176-santos.html,404,MANTER_404,5,
https://praia.digital/outreach/prospeccao-lead-184-bertioga.html,404,MANTER_404,5,
https://praia.digital/outreach/prospeccao-lead-186-santos.html,404,MANTER_404,5,
https://praia.digital/outreach/prospeccao-lead-19-santos.html,404,MANTER_404,5,
https://praia.digital/outreach/prospeccao-lead-194-bertioga.html,404,MANTER_404,5,
https://praia.digital/outreach/prospeccao-lead-199-praia-grande.html,404,MANTER_404,5,
https://praia.digital/outreach/prospeccao-lead-201-santos.html,404,MANTER_404,5,
https://praia.digital/outreach/prospeccao-lead-209-bertioga.html,404,MANTER_404,5,
https://praia.digital/outreach/prospeccao-lead-21-santos.html,404,MANTER_404,5,
https://praia.digital/outreach/prospeccao-lead-212-santos.html,404,MANTER_404,5,
https://praia.digital/outreach/prospeccao-lead-214-praia-grande.html,404,MANTER_404,5,
https://praia.digital/outreach/prospeccao-lead-216-santos.html,404,MANTER_404,5,
https://praia.digital/outreach/prospeccao-lead-24-praia-grande.html,404,MANTER_404,5,
https://praia.digital/outreach/prospeccao-lead-29-bertioga.html,404,MANTER_404,5,
https://praia.digital/outreach/prospeccao-lead-32-santos.html,404,MANTER_404,5,
https://praia.digital/outreach/prospeccao-lead-34-praia-grande.html,404,MANTER_404,5,
https://praia.digital/outreach/prospeccao-lead-41-itanhaém.html,404,MANTER_404,5,
https://praia.digital/outreach/prospeccao-lead-51-santos.html,404,MANTER_404,5,
https://praia.digital/outreach/prospeccao-lead-54-praia-grande.html,404,MANTER_404,5,
https://praia.digital/outreach/prospeccao-lead-59-bertioga.html,404,MANTER_404,5,
https://praia.digital/outreach/prospeccao-lead-6-santos.html,404,MANTER_404,5,
https://praia.digital/outreach/prospeccao-lead-62-santos.html,404,MANTER_404,5,
https://praia.digital/outreach/prospeccao-lead-64-praia-grande.html,404,MANTER_404,5,
https://praia.digital/outreach/prospeccao-lead-66-santos.html,404,MANTER_404,5,
https://praia.digital/outreach/prospeccao-lead-74-bertioga.html,404,MANTER_404,5,
https://praia.digital/outreach/prospeccao-lead-76-santos.html,404,MANTER_404,5,
https://praia.digital/outreach/prospeccao-lead-8-guarujá.html,404,MANTER_404,5,
https://praia.digital/outreach/prospeccao-lead-84-bertioga.html,404,MANTER_404,5,
https://praia.digital/outreach/prospeccao-lead-87-santos.html,404,MANTER_404,5,
https://praia.digital/outreach/prospeccao-lead-89-praia-grande.html,404,MANTER_404,5,
https://praia.digital/outreach/prospeccao-lead-91-santos.html,404,MANTER_404,5,
https://praia.digital/outreach/prospeccao-lead-99-bertioga.html,404,MANTER_404,5,
https://praia.digital/outreach/prospeccao-lead-alpha-imoveis.html,404,MANTER_404,5,
https://praia.digital/outreach/prospeccao-lead-barra-norte.html,404,MANTER_404,5,
https://praia.digital/outreach/prospeccao-personalizada-indice.html,404,MANTER_404,5,
https://praia.digital/outreach/prospeccao-por-estado-2026.html,404,MANTER_404,5,
https://praia.digital/outreach/prospeccao-whatsapp-2026.html,404,MANTER_404,5,
https://praia.digital/outreach/reativacao-3dias-10.html,404,MANTER_404,5,
https://praia.digital/outreach/reativacao-3dias-101.html,404,MANTER_404,5,
https://praia.digital/outreach/reativacao-3dias-109.html,404,MANTER_404,5,
https://praia.digital/outreach/reativacao-3dias-114.html,404,MANTER_404,5,
https://praia.digital/outreach/reativacao-3dias-121.html,404,MANTER_404,5,
https://praia.digital/outreach/reativacao-3dias-129.html,404,MANTER_404,5,
https://praia.digital/outreach/reativacao-3dias-134.html,404,MANTER_404,5,
https://praia.digital/outreach/reativacao-3dias-141.html,404,MANTER_404,5,
https://praia.digital/outreach/reativacao-3dias-149.html,404,MANTER_404,5,
https://praia.digital/outreach/reativacao-3dias-15.html,404,MANTER_404,5,
https://praia.digital/outreach/reativacao-3dias-154.html,404,MANTER_404,5,
https://praia.digital/outreach/reativacao-3dias-161.html,404,MANTER_404,5,
https://praia.digital/outreach/reativacao-3dias-169.html,404,MANTER_404,5,
https://praia.digital/outreach/reativacao-3dias-174.html,404,MANTER_404,5,
https://praia.digital/outreach/reativacao-3dias-176.html,404,MANTER_404,5,
https://praia.digital/outreach/reativacao-3dias-184.html,404,MANTER_404,5,
https://praia.digital/outreach/reativacao-3dias-186.html,404,MANTER_404,5,
https://praia.digital/outreach/reativacao-3dias-194.html,404,MANTER_404,5,
https://praia.digital/outreach/reativacao-3dias-199.html,404,MANTER_404,5,
https://praia.digital/outreach/reativacao-3dias-201.html,404,MANTER_404,5,
https://praia.digital/outreach/reativacao-3dias-209.html,404,MANTER_404,5,
https://praia.digital/outreach/reativacao-3dias-21.html,404,MANTER_404,5,
https://praia.digital/outreach/reativacao-3dias-212.html,404,MANTER_404,5,
https://praia.digital/outreach/reativacao-3dias-214.html,404,MANTER_404,5,
https://praia.digital/outreach/reativacao-3dias-216.html,404,MANTER_404,5,
https://praia.digital/outreach/reativacao-3dias-24.html,404,MANTER_404,5,
https://praia.digital/outreach/reativacao-3dias-34.html,404,MANTER_404,5,
https://praia.digital/outreach/reativacao-3dias-41.html,404,MANTER_404,5,
https://praia.digital/outreach/reativacao-3dias-51.html,404,MANTER_404,5,
https://praia.digital/outreach/reativacao-3dias-54.html,404,MANTER_404,5,
https://praia.digital/outreach/reativacao-3dias-59.html,404,MANTER_404,5,
https://praia.digital/outreach/reativacao-3dias-6.html,404,MANTER_404,5,
https://praia.digital/outreach/reativacao-3dias-64.html,404,MANTER_404,5,
https://praia.digital/outreach/reativacao-3dias-66.html,404,MANTER_404,5,
https://praia.digital/outreach/reativacao-3dias-74.html,404,MANTER_404,5,
https://praia.digital/outreach/reativacao-3dias-76.html,404,MANTER_404,5,
https://praia.digital/outreach/reativacao-3dias-8.html,404,MANTER_404,5,
https://praia.digital/outreach/reativacao-3dias-89.html,404,MANTER_404,5,
https://praia.digital/outreach/reativacao-3dias-91.html,404,MANTER_404,5,
https://praia.digital/outreach/reativacao-3dias-99.html,404,MANTER_404,5,
https://praia.digital/outreach/reativacao-7dias-10.html,404,MANTER_404,5,
https://praia.digital/outreach/reativacao-7dias-101.html,404,MANTER_404,5,
https://praia.digital/outreach/reativacao-7dias-109.html,404,MANTER_404,5,
https://praia.digital/outreach/reativacao-7dias-114.html,404,MANTER_404,5,
https://praia.digital/outreach/reativacao-7dias-121.html,404,MANTER_404,5,
https://praia.digital/outreach/reativacao-7dias-129.html,404,MANTER_404,5,
https://praia.digital/outreach/reativacao-7dias-134.html,404,MANTER_404,5,
https://praia.digital/outreach/reativacao-7dias-141.html,404,MANTER_404,5,
https://praia.digital/outreach/reativacao-7dias-149.html,404,MANTER_404,5,
https://praia.digital/outreach/reativacao-7dias-15.html,404,MANTER_404,5,
https://praia.digital/outreach/reativacao-7dias-154.html,404,MANTER_404,5,
https://praia.digital/outreach/reativacao-7dias-161.html,404,MANTER_404,5,
https://praia.digital/outreach/reativacao-7dias-169.html,404,MANTER_404,5,
https://praia.digital/outreach/reativacao-7dias-174.html,404,MANTER_404,5,
https://praia.digital/outreach/reativacao-7dias-176.html,404,MANTER_404,5,
https://praia.digital/outreach/reativacao-7dias-184.html,404,MANTER_404,5,
https://praia.digital/outreach/reativacao-7dias-186.html,404,MANTER_404,5,
https://praia.digital/outreach/reativacao-7dias-194.html,404,MANTER_404,5,
https://praia.digital/outreach/reativacao-7dias-199.html,404,MANTER_404,5,
https://praia.digital/outreach/reativacao-7dias-201.html,404,MANTER_404,5,
https://praia.digital/outreach/reativacao-7dias-209.html,404,MANTER_404,5,
https://praia.digital/outreach/reativacao-7dias-21.html,404,MANTER_404,5,
https://praia.digital/outreach/reativacao-7dias-212.html,404,MANTER_404,5,
https://praia.digital/outreach/reativacao-7dias-214.html,404,MANTER_404,5,
https://praia.digital/outreach/reativacao-7dias-216.html,404,MANTER_404,5,
https://praia.digital/outreach/reativacao-7dias-24.html,404,MANTER_404,5,
https://praia.digital/outreach/reativacao-7dias-34.html,404,MANTER_404,5,
https://praia.digital/outreach/reativacao-7dias-41.html,404,MANTER_404,5,
https://praia.digital/outreach/reativacao-7dias-51.html,404,MANTER_404,5,
https://praia.digital/outreach/reativacao-7dias-54.html,404,MANTER_404,5,
https://praia.digital/outreach/reativacao-7dias-59.html,404,MANTER_404,5,
https://praia.digital/outreach/reativacao-7dias-6.html,404,MANTER_404,5,
https://praia.digital/outreach/reativacao-7dias-64.html,404,MANTER_404,5,
https://praia.digital/outreach/reativacao-7dias-66.html,404,MANTER_404,5,
https://praia.digital/outreach/reativacao-7dias-74.html,404,MANTER_404,5,
https://praia.digital/outreach/reativacao-7dias-76.html,404,MANTER_404,5,
https://praia.digital/outreach/reativacao-7dias-8.html,404,MANTER_404,5,
https://praia.digital/outreach/reativacao-7dias-89.html,404,MANTER_404,5,
https://praia.digital/outreach/reativacao-7dias-91.html,404,MANTER_404,5,
https://praia.digital/outreach/reativacao-7dias-99.html,404,MANTER_404,5,
https://praia.digital/outreach/reativacao-inicial-10.html,404,MANTER_404,5,
https://praia.digital/outreach/reativacao-inicial-101.html,404,MANTER_404,5,
https://praia.digital/outreach/reativacao-inicial-109.html,404,MANTER_404,5,
https://praia.digital/outreach/reativacao-inicial-114.html,404,MANTER_404,5,
https://praia.digital/outreach/reativacao-inicial-121.html,404,MANTER_404,5,
https://praia.digital/outreach/reativacao-inicial-129.html,404,MANTER_404,5,
https://praia.digital/outreach/reativacao-inicial-134.html,404,MANTER_404,5,
https://praia.digital/outreach/reativacao-inicial-141.html,404,MANTER_404,5,
https://praia.digital/outreach/reativacao-inicial-149.html,404,MANTER_404,5,
https://praia.digital/outreach/reativacao-inicial-15.html,404,MANTER_404,5,
https://praia.digital/outreach/reativacao-inicial-154.html,404,MANTER_404,5,
https://praia.digital/outreach/reativacao-inicial-161.html,404,MANTER_404,5,
https://praia.digital/outreach/reativacao-inicial-169.html,404,MANTER_404,5,
https://praia.digital/outreach/reativacao-inicial-174.html,404,MANTER_404,5,
https://praia.digital/outreach/reativacao-inicial-176.html,404,MANTER_404,5,
https://praia.digital/outreach/reativacao-inicial-184.html,404,MANTER_404,5,
https://praia.digital/outreach/reativacao-inicial-186.html,404,MANTER_404,5,
https://praia.digital/outreach/reativacao-inicial-194.html,404,MANTER_404,5,
https://praia.digital/outreach/reativacao-inicial-199.html,404,MANTER_404,5,
https://praia.digital/outreach/reativacao-inicial-201.html,404,MANTER_404,5,
https://praia.digital/outreach/reativacao-inicial-209.html,404,MANTER_404,5,
https://praia.digital/outreach/reativacao-inicial-21.html,404,MANTER_404,5,
https://praia.digital/outreach/reativacao-inicial-212.html,404,MANTER_404,5,
https://praia.digital/outreach/reativacao-inicial-214.html,404,MANTER_404,5,
https://praia.digital/outreach/reativacao-inicial-216.html,404,MANTER_404,5,
https://praia.digital/outreach/reativacao-inicial-24.html,404,MANTER_404,5,
https://praia.digital/outreach/reativacao-inicial-34.html,404,MANTER_404,5,
https://praia.digital/outreach/reativacao-inicial-41.html,404,MANTER_404,5,
https://praia.digital/outreach/reativacao-inicial-51.html,404,MANTER_404,5,
https://praia.digital/outreach/reativacao-inicial-54.html,404,MANTER_404,5,
https://praia.digital/outreach/reativacao-inicial-59.html,404,MANTER_404,5,
https://praia.digital/outreach/reativacao-inicial-6.html,404,MANTER_404,5,
https://praia.digital/outreach/reativacao-inicial-64.html,404,MANTER_404,5,
https://praia.digital/outreach/reativacao-inicial-66.html,404,MANTER_404,5,
https://praia.digital/outreach/reativacao-inicial-74.html,404,MANTER_404,5,
https://praia.digital/outreach/reativacao-inicial-76.html,404,MANTER_404,5,
https://praia.digital/outreach/reativacao-inicial-8.html,404,MANTER_404,5,
https://praia.digital/outreach/reativacao-inicial-89.html,404,MANTER_404,5,
https://praia.digital/outreach/reativacao-inicial-91.html,404,MANTER_404,5,
https://praia.digital/outreach/reativacao-inicial-99.html,404,MANTER_404,5,
https://praia.digital/outreach/resposta-automatica-leads.html,404,MANTER_404,5,
https://praia.digital/outreach/resposta-interesse-auto.html,404,MANTER_404,5,
https://praia.digital/outreach/respostas-automaticas-lote-42-2026-07-12.html,404,MANTER_404,5,
https://praia.digital/outreach/roteiro-envio-top5-hoje.html,404,MANTER_404,5,
https://praia.digital/outreach/roteiro-followup-telefonico.html,404,MANTER_404,5,
https://praia.digital/outreach/roteiro-reels-shorts-assinatura-digital-imoveis-2026.html,404,MANTER_404,5,
https://praia.digital/outreach/roteiro-reels-shorts-automacao-imobiliarias-2026.html,404,MANTER_404,5,
https://praia.digital/outreach/roteiro-reels-shorts-avaliacao-preco-imoveis-2026.html,404,MANTER_404,5,
https://praia.digital/outreach/roteiro-reels-shorts-avaliacao-preco-imoveis-ia-2026.html,404,MANTER_404,5,
https://praia.digital/outreach/roteiro-reels-shorts-captacao-2026.html,404,MANTER_404,5,
https://praia.digital/outreach/roteiro-reels-shorts-consultoria-transformacao-digital-2026.html,404,MANTER_404,5,
https://praia.digital/outreach/roteiro-reels-shorts-crm-imobiliario-2026.html,404,MANTER_404,5,
https://praia.digital/outreach/roteiro-reels-shorts-descricao-imoveis-ia-2026.html,404,MANTER_404,5,
https://praia.digital/outreach/roteiro-reels-shorts-fotografia-tour-virtual-2026.html,404,MANTER_404,5,
https://praia.digital/outreach/roteiro-reels-shorts-integracao-portais-2026.html,404,MANTER_404,5,
https://praia.digital/outreach/roteiro-reels-shorts-prospeccao-360-2026.html,404,MANTER_404,5,
https://praia.digital/outreach/roteiro-reels-shorts-seo-local-imobiliarias-2026.html,404,MANTER_404,5,
https://praia.digital/outreach/roteiro-reels-shorts-solucao-proptech-unificada-2026.html,404,MANTER_404,5,
https://praia.digital/outreach/script-objecoes-comerciais.html,404,MANTER_404,5,
https://praia.digital/outreach/sequencia-conversao-7dias.html,404,MANTER_404,5,
https://praia.digital/outreach/template-assinatura-digital-imoveis-2026.html,404,MANTER_404,5,
https://praia.digital/outreach/template-automacao-imobiliarias-2026.html,404,MANTER_404,5,
https://praia.digital/outreach/template-avaliacao-imovel-responder.html,404,MANTER_404,5,
https://praia.digital/outreach/template-avaliacao-preco-imoveis-2026.html,404,MANTER_404,5,
https://praia.digital/outreach/template-avaliacao-preco-imoveis-ia-2026.html,404,MANTER_404,5,
https://praia.digital/outreach/template-briefing-anuncio-imobiliaria-litoral.html,404,MANTER_404,5,
https://praia.digital/outreach/template-captacao-imoveis-2026.html,404,MANTER_404,5,
https://praia.digital/outreach/template-consultoria-transformacao-digital-2026.html,404,MANTER_404,5,
https://praia.digital/outreach/template-convite-demo-15min-parcerias-2026.html,404,MANTER_404,5,
https://praia.digital/outreach/template-crm-imobiliario-2026.html,404,MANTER_404,5,
https://praia.digital/outreach/template-descricao-imoveis-ia-2026.html,404,MANTER_404,5,
https://praia.digital/outreach/template-email-agente-internacional-imoveis-litoral.html,404,MANTER_404,5,
https://praia.digital/outreach/template-email-apresentacao-cases-sucesso.html,404,MANTER_404,5,
https://praia.digital/outreach/template-email-html-padrao.html,404,MANTER_404,5,
https://praia.digital/outreach/template-email-introducao-proprietario-luxo.html,404,MANTER_404,5,
https://praia.digital/outreach/template-email-pos-venda-imovel-litoral.html,404,MANTER_404,5,
https://praia.digital/outreach/template-fotografia-tour-virtual-2026.html,404,MANTER_404,5,
https://praia.digital/outreach/template-gestao-anuncios-imobiliarios-2026.html,404,MANTER_404,5,
https://praia.digital/outreach/template-integracao-portais-2026.html,404,MANTER_404,5,
https://praia.digital/outreach/template-negociacao-avancada-parcerias-litoral-2026.html,404,MANTER_404,5,
https://praia.digital/outreach/template-objecao-ja-tenho-corretor.html,404,MANTER_404,5,
https://praia.digital/outreach/template-objecao-ja-tenho-ferramentas-imobiliaria.html,404,MANTER_404,5,
https://praia.digital/outreach/template-primeiro-contato-proprietario.html,404,MANTER_404,5,
https://praia.digital/outreach/template-programa-indicacao-imobiliaria.html,404,MANTER_404,5,
https://praia.digital/outreach/template-proposta-parceria-construtora.html,404,MANTER_404,5,
https://praia.digital/outreach/template-prospeccao-360-2026.html,404,MANTER_404,5,
https://praia.digital/outreach/template-seo-local-imobiliarias-2026.html,404,MANTER_404,5,
https://praia.digital/outreach/template-solucao-proptech-unificada-2026.html,404,MANTER_404,5,
https://praia.digital/outreach/template-visita-agendada.html,404,MANTER_404,5,
https://praia.digital/outreach/templates-email-personalizaveis-lote-a.html,404,MANTER_404,5,
https://praia.digital/outreach/textos-email-captacao-mini-site.html,404,MANTER_404,5,
https://praia.digital/outreach/top10-sequencias.html,404,MANTER_404,5,
https://praia.digital/outreach/whatsapp-50-mensagens-prontas.html,404,MANTER_404,5,
https://praia.digital/outreach/whatsapp-outreach-templates.html,404,MANTER_404,5,
https://praia.digital/outreach/whatsapp-rastrear-envios-2026-07-11.html,404,MANTER_404,5,
https://praia.digital/outreach/whatsapp-top20-mensagens-prontas.html,404,MANTER_404,5,
https://praia.digital/outreach/whatsapp-top5-leads-litoral-2026.html,404,MANTER_404,5,
https://www.praia.digital/blog/marina-usucapiao-averbacao-imoveis-litoral-sp-2026.html,"HTTPSConnectionPool(host='www.praia.digital', port=443): Max retries exceeded with url: /blog/marina-usucapiao-averbacao-imoveis-litoral-sp-2026.html (Caused by NameResolutionError(""HTTPSConnection(host='www.praia.digital', port=443): Failed to resolve 'www.praia.digital' ([Errno 11001] getaddrinfo failed)""))",MANTER_404,5,/blog/marina-usucapiao-averbacao-imoveis-litoral-sp-2026.html
https://www.praia.digital/blog/primeiro-imovel-litoral-sp-guia-comprar-2026.html,"HTTPSConnectionPool(host='www.praia.digital', port=443): Max retries exceeded with url: /blog/primeiro-imovel-litoral-sp-guia-comprar-2026.html (Caused by NameResolutionError(""HTTPSConnection(host='www.praia.digital', port=443): Failed to resolve 'www.praia.digital' ([Errno 11001] getaddrinfo failed)""))",MANTER_404,5,/blog/primeiro-imovel-litoral-sp-guia-comprar-2026.html
